,Date,portfolio_return,rf_rate,running_peak,drawdown,Rebalanced,turnover,past_value,growth,value,cost,portfolio_value,cummulative_cost,gross_value
0,2022-01-03,-0.0048785764133638,3.174603174603174e-06,0.995121423586636,0.0,1.0,,1.0,0.9951214235866362,0.9951214235866362,0.0,0.9951214235866362,0.0,0.995121423586636
1,2022-01-04,-0.0012280064136818,3.174603174603174e-06,0.995121423586636,-0.0012280064136819,0.0,,0.9951214235866362,0.9987719935863182,0.9938994080960797,0.0,0.9938994080960797,0.0,0.9938994080960796
2,2022-01-05,-0.014305758868722,3.571428571428572e-06,0.995121423586636,-0.0155161977187604,0.0,,0.9938994080960797,0.985694241131278,0.9796809228240917,0.0,0.9796809228240917,0.0,0.9796809228240916
3,2022-01-06,-0.0011522479075436,3.968253968253968e-06,0.995121423586636,-0.0166505671199496,0.0,,0.9796809228240917,0.9988477520924564,0.9785520875307072,0.0,0.9785520875307072,0.0,0.978552087530707
4,2022-01-07,-0.0042266945886458,3.968253968253968e-06,0.995121423586636,-0.0208068848466517,0.0,,0.9785520875307072,0.9957733054113542,0.9744160467176332,0.0,0.9744160467176332,0.0,0.9744160467176328
5,2022-01-10,-0.0027792020774851,5.158730158730158e-06,0.995121423586636,-0.0235282603865449,0.0,,0.9744160467176332,0.997220797922515,0.9717079476162608,0.0,0.9717079476162608,0.0,0.9717079476162604
6,2022-01-11,0.0062437828300325,4.365079365079366e-06,0.995121423586636,-0.0174313829047344,0.0,,0.9717079476162608,1.0062437828300326,0.9777750810153933,0.0,0.9777750810153933,0.0,0.977775081015393
7,2022-01-12,0.0019122896034794,4.7619047619047615e-06,0.995121423586636,-0.0155524271535578,0.0,,0.9777750810153933,1.0019122896034793,0.9796448701373602,0.0,0.9796448701373602,0.0,0.97964487013736
8,2022-01-13,-0.0053493596163888,4.7619047619047615e-06,0.995121423586636,-0.0208185912441946,0.0,,0.9796448701373602,0.9946506403836112,0.974404397430645,0.0,0.974404397430645,0.0,0.9744043974306448
9,2022-01-14,-0.0049665362958561,5.158730158730158e-06,0.995121423586636,-0.0256817312510079,0.0,,0.974404397430645,0.9950334637041439,0.969564982623964,0.0,0.969564982623964,0.0,0.9695649826239636
10,2022-01-18,-0.0131392969957822,6.349206349206349e-06,0.995121423586636,-0.0384835883525171,0.0,,0.969564982623964,0.9868607030042178,0.9568255803605573,0.0,0.9568255803605573,0.0,0.9568255803605572
11,2022-01-19,-0.0035359344291632,6.746031746031747e-06,0.995121423586636,-0.0418834473366671,0.0,,0.9568255803605573,0.9964640655708368,0.9534423078482563,0.0,0.9534423078482563,0.0,0.953442307848256
12,2022-01-20,-0.0060192380966356,6.746031746031747e-06,0.995121423586636,-0.0476505789914755,0.0,,0.9534423078482563,0.9939807619033644,0.9477033115859119,0.0,0.9477033115859119,0.0,0.9477033115859116
13,2022-01-21,-0.0067242074796264,6.746031746031747e-06,0.995121423586636,-0.0540543740914389,0.0,,0.9477033115859119,0.9932757925203736,0.9413307578896792,0.0,0.9413307578896792,0.0,0.9413307578896788
14,2022-01-24,-0.0007346223809756,7.5396825396825394e-06,0.995121423586636,-0.0547492869194173,0.0,,0.9413307578896792,0.9992653776190245,0.9406392352470329,0.0,0.9406392352470329,0.0,0.9406392352470324
15,2022-01-25,-0.0080324026281059,7.5396825396825394e-06,0.995121423586636,-0.0623419212313849,0.0,,0.9406392352470329,0.9919675973718941,0.9330836421817351,0.0,0.9330836421817351,0.0,0.9330836421817345
16,2022-01-26,-0.0079497853911944,7.5396825396825394e-06,0.995121423586636,-0.0697961017279151,0.0,,0.9330836421817351,0.9920502146088056,0.9256658274743563,0.0,0.9256658274743563,0.0,0.9256658274743556
17,2022-01-27,-0.0014346515357448,7.936507936507936e-06,0.995121423586636,-0.071130620179127,0.0,,0.9256658274743563,0.9985653484642552,0.9243378195733837,0.0,0.9243378195733837,0.0,0.9243378195733828
18,2022-01-28,0.0157577358603081,7.5396825396825394e-06,0.995121423586636,-0.0564937418431814,0.0,,0.9243378195733837,1.015757735860308,0.9389032907799141,0.0,0.9389032907799141,0.0,0.9389032907799136
19,2022-01-31,0.010329525890486,8.730158730158731e-06,0.995121423586636,-0.0467477695217148,0.0,,0.9389032907799141,1.010329525890486,0.9486017166306878,0.0,0.9486017166306878,0.0,0.9486017166306872
20,2022-02-01,0.0021924396665739,7.5396825396825394e-06,0.995121423586636,-0.0446578215193641,0.0,,0.9486017166306878,1.002192439666574,0.9506814686620091,0.0,0.9506814686620091,0.0,0.9506814686620084
21,2022-02-02,0.0077618330025725,7.5396825396825394e-06,0.995121423586636,-0.0372426150696836,0.0,,0.9506814686620091,1.0077618330025726,0.9580604994604041,0.0,0.9580604994604041,0.0,0.9580604994604036
22,2022-02-03,-0.0145791756360158,7.936507936507936e-06,0.995121423586636,-0.051278824079454,0.0,,0.9580604994604041,0.9854208243639841,0.9440927671688417,0.0,0.9440927671688417,0.0,0.9440927671688412
23,2022-02-04,-0.0034945939832492,9.126984126984127e-06,0.995121423586636,-0.0545942193926071,0.0,,0.9440927671688417,0.9965054060167507,0.9407935462650644,0.0,0.9407935462650644,0.0,0.9407935462650638
24,2022-02-07,-0.0011312998463994,1.0714285714285714e-05,0.995121423586636,-0.0556637568069932,0.0,,0.9407935462650644,0.9988687001536006,0.9397292266706813,0.0,0.9397292266706813,0.0,0.9397292266706808
25,2022-02-08,0.0010730824091977,9.92063492063492e-06,0.995121423586636,-0.0546504061960548,0.0,,0.9397292266706813,1.0010730824091978,0.9407376335732306,0.0,0.9407376335732306,0.0,0.94073763357323
26,2022-02-09,0.0121900510424547,1.0317460317460317e-05,0.995121423586636,-0.0431265463946208,0.0,,0.9407376335732306,1.0121900510424546,0.9522052733440463,0.0,0.9522052733440463,0.0,0.952205273344046
27,2022-02-10,-0.0171483728642704,1.5873015873015872e-05,0.995121423586636,-0.0595353691609681,0.0,,0.9522052733440463,0.9828516271357296,0.935876502273418,0.0,0.935876502273418,0.0,0.9358765022734176
28,2022-02-11,-0.00751595939004,1.4285714285714284e-05,0.995121423586636,-0.0666038631341232,0.0,,0.935876502273418,0.99248404060996,0.9288424924882384,0.0,0.9288424924882384,0.0,0.928842492488238
29,2022-02-14,-0.0065002734679264,1.7063492063492063e-05,0.995121423586636,-0.0726711932776575,0.0,,0.9288424924882384,0.9934997265320736,0.9228047622784344,0.0,0.9228047622784344,0.0,0.922804762278434
30,2022-02-15,0.0077577592517553,1.5873015873015872e-05,0.995121423586636,-0.0654771996478882,0.0,,0.9228047622784344,1.0077577592517553,0.9299636594605638,0.0,0.9299636594605638,0.0,0.9299636594605633
31,2022-02-16,0.0021651067503751,1.507936507936508e-05,0.995121423586636,-0.0634538580244663,0.0,,0.9299636594605638,1.0021651067503752,0.9319771300572655,0.0,0.9319771300572655,0.0,0.9319771300572648
32,2022-02-17,-0.0102129373689535,1.4285714285714284e-05,0.995121423586636,-0.0730187451155975,0.0,,0.9319771300572655,0.9897870626310465,0.9224589059986936,0.0,0.9224589059986936,0.0,0.922458905998693
33,2022-02-18,-0.0018693075760178,1.3888888888888888e-05,0.995121423586636,-0.0747515581981795,0.0,,0.9224589059986936,0.9981306924239822,0.9207345465771452,0.0,0.9207345465771452,0.0,0.9207345465771444
34,2022-02-22,-0.005952986099459,1.4682539682539685e-05,0.995121423586636,-0.0802595493107719,0.0,,0.9207345465771452,0.994047013900541,0.9152534266200797,0.0,0.9152534266200797,0.0,0.9152534266200788
35,2022-02-23,-0.0131569985889541,1.3492063492063494e-05,0.995121423586636,-0.0923605731226941,0.0,,0.9152534266200797,0.9868430014110459,0.9032114385775039,0.0,0.9032114385775039,0.0,0.9032114385775032
36,2022-02-24,0.0073110221326476,1.26984126984127e-05,0.995121423586636,-0.0857248011843305,0.0,,0.9032114385775039,1.0073110221326476,0.9098148373954045,0.0,0.9098148373954045,0.0,0.9098148373954036
37,2022-02-25,0.0163090781677128,1.3095238095238093e-05,0.995121423586636,-0.0708138155000447,0.0,,0.9098148373954045,1.0163090781677129,0.9246530786966312,0.0,0.9246530786966312,0.0,0.9246530786966304
38,2022-02-28,-0.0020994448447936,1.3888888888888888e-05,0.995121423586636,-0.0727645906449466,0.0,,0.9246530786966312,0.9979005551552064,0.9227118205573389,0.0,0.9227118205573389,0.0,0.922711820557338
39,2022-03-01,-0.0057496812062952,1.26984126984127e-05,0.995121423586636,-0.0780958986519269,0.0,,0.9227118205573389,0.9942503187937048,0.917406521743854,0.0,0.917406521743854,0.0,0.917406521743853
40,2022-03-02,0.0044567201496853,1.3492063492063494e-05,0.995121423586636,-0.0739872300673712,0.0,,0.917406521743854,1.0044567201496852,0.9214951458747624,0.0,0.9214951458747624,0.0,0.9214951458747616
41,2022-03-03,-0.0008769434308838,1.507936507936508e-05,0.995121423586636,-0.0747992908828781,0.0,,0.9214951458747624,0.9991230565691162,0.9206870467599962,0.0,0.9206870467599962,0.0,0.9206870467599956
42,2022-03-04,-0.0018702025918054,1.3492063492063494e-05,0.995121423586636,-0.0765296036470093,0.0,,0.9206870467599962,0.9981297974081946,0.9189651754589041,0.0,0.9189651754589041,0.0,0.9189651754589032
43,2022-03-07,-0.0198148020971033,1.507936507936508e-05,0.995121423586636,-0.0948279867932773,0.0,,0.9189651754589041,0.9801851979028967,0.9007560623730562,0.0,0.9007560623730562,0.0,0.9007560623730552
44,2022-03-08,-0.0060198331167257,1.4285714285714284e-05,0.995121423586636,-0.1002769712547124,0.0,,0.9007560623730562,0.9939801668832743,0.8953336611986914,0.0,0.8953336611986914,0.0,0.8953336611986905
45,2022-03-09,0.0163703229370725,1.507936507936508e-05,0.995121423586636,-0.0855482147202311,0.0,,0.8953336611986914,1.0163703229370724,0.9099905623689454,0.0,0.9099905623689454,0.0,0.9099905623689444
46,2022-03-10,-0.006195642757899,1.5476190476190476e-05,0.995121423586636,-0.0912138313011475,0.0,,0.9099905623689454,0.993804357242101,0.9043525859314478,0.0,0.9043525859314478,0.0,0.9043525859314469
47,2022-03-11,-0.0070703891433257,1.5873015873015872e-05,0.995121423586636,-0.0976393031619204,0.0,,0.9043525859314478,0.9929296108566743,0.8979584612261396,0.0,0.8979584612261396,0.0,0.8979584612261386
48,2022-03-14,-0.0074598919045763,1.785714285714286e-05,0.995121423586636,-0.1043708164192708,0.0,,0.8979584612261396,0.9925401080954237,0.8912597881705929,0.0,0.8912597881705929,0.0,0.8912597881705919
49,2022-03-15,0.0111629617043513,1.825396825396825e-05,0.995121423586636,-0.0943729421416595,0.0,,0.8912597881705929,1.0111629617043514,0.9012088870545696,0.0,0.9012088870545696,0.0,0.9012088870545686
50,2022-03-16,0.0164999868639028,1.7460317460317463e-05,0.995121423586636,-0.0794301075834019,0.0,,0.9012088870545696,1.0164999868639029,0.9160788218526025,0.0,0.9160788218526025,0.0,0.9160788218526016
51,2022-03-17,0.0076459926819279,1.5873015873015872e-05,0.995121423586636,-0.0723914369227815,0.0,,0.9160788218526025,1.007645992681928,0.9230831538205566,0.0,0.9230831538205566,0.0,0.9230831538205556
52,2022-03-18,0.0080090177287149,1.6666666666666664e-05,0.995121423586636,-0.0649622034957883,0.0,,0.9230831538205566,1.0080090177287149,0.9304761431645835,0.0,0.9304761431645835,0.0,0.9304761431645824
53,2022-03-21,-0.0073624585363879,2.1428571428571428e-05,0.995121423586636,-0.0718463805025061,0.0,,0.9304761431645835,0.992637541463612,0.9236255511414361,0.0,0.9236255511414361,0.0,0.9236255511414352
54,2022-03-22,0.0034562082039881,2.023809523809524e-05,0.995121423586636,-0.0686384883482376,0.0,,0.9236255511414361,1.0034562082039882,0.9268177933487042,0.0,0.9268177933487042,0.0,0.9268177933487032
55,2022-03-23,-0.0049231273798697,1.984126984126984e-05,0.995121423586636,-0.0732236997068073,0.0,,0.9268177933487042,0.9950768726201303,0.9222549512941188,0.0,0.9222549512941188,0.0,0.9222549512941176
56,2022-03-24,0.0064873043321263,2.063492063492064e-05,0.995121423586636,-0.0672114197990032,0.0,,0.9222549512941188,1.0064873043321263,0.9282378998349741,0.0,0.9282378998349741,0.0,0.928237899834973
57,2022-03-25,0.000354395568313,2.1825396825396827e-05,0.995121423586636,-0.0668808436600071,0.0,,0.9282378998349741,1.000354395568313,0.9285668632330157,0.0,0.9285668632330157,0.0,0.9285668632330146
58,2022-03-28,0.0061637608665668,2.341269841269841e-05,0.995121423586636,-0.0611293203203148,0.0,,0.9285668632330157,1.0061637608665668,0.9342903273266021,0.0,0.9342903273266021,0.0,0.934290327326601
59,2022-03-29,0.0148978898351695,2.1825396825396827e-05,0.995121423586636,-0.0471421283649762,0.0,,0.9342903273266021,1.0148978898351695,0.9482092816971782,0.0,0.9482092816971782,0.0,0.9482092816971772
60,2022-03-30,-0.0021049023758397,2.1825396825396827e-05,0.995121423586636,-0.0491478011628182,0.0,,0.9482092816971782,0.9978950976241603,0.9462133937273406,0.0,0.9462133937273406,0.0,0.9462133937273396
61,2022-03-31,-0.0088232526215135,2.063492063492064e-05,0.995121423586636,-0.0575374103188803,0.0,,0.9462133937273406,0.9911767473784865,0.9378647139206246,0.0,0.9378647139206246,0.0,0.9378647139206236
62,2022-04-01,0.0060143267713959,2.1031746031746032e-05,0.995121423586636,-0.0518691323347221,0.0,,0.9378647139206246,1.006014326771396,0.943505338777505,0.0,0.943505338777505,0.0,0.943505338777504
63,2022-04-04,0.0019930943476087,2.6190476190476185e-05,0.995121423586636,-0.0499794180615851,0.0,,0.943505338777505,1.0019930943476087,0.9453858339351611,0.0,0.9453858339351611,0.0,0.94538583393516
64,2022-04-05,-0.0117424394777373,2.57936507936508e-05,0.995121423586636,-0.0611349772476016,0.0,,0.9453858339351611,0.9882575605222627,0.9342846979970671,0.0,0.9342846979970671,0.0,0.934284697997066
65,2022-04-06,-0.0039447760601302,2.6587301587301588e-05,0.995121423586636,-0.064838589513049,0.0,,0.9342846979970671,0.9960552239398698,0.9305991540870623,0.0,0.9305991540870623,0.0,0.9305991540870612
66,2022-04-07,-0.0004418966413034,2.6984126984126987e-05,0.995121423586636,-0.0652518341994198,0.0,,0.9305991540870623,0.9995581033586965,0.9301879254464713,0.0,0.9301879254464713,0.0,0.9301879254464704
67,2022-04-08,-0.0030736375761724,2.7777777777777776e-05,0.995121423586636,-0.0681249112860827,0.0,,0.9301879254464713,0.9969263624238276,0.9273288648859171,0.0,0.9273288648859171,0.0,0.927328864885916
68,2022-04-11,-0.0126353390541638,3.0555555555555554e-05,0.995121423586636,-0.0798994689881121,0.0,,0.9273288648859171,0.9873646609458362,0.9156117502633707,0.0,0.9156117502633707,0.0,0.9156117502633696
69,2022-04-12,-0.0028255429113952,2.936507936507937e-05,0.995121423586636,-0.0824992525212838,0.0,,0.9156117502633707,0.9971744570886047,0.9130246499728238,0.0,0.9130246499728238,0.0,0.9130246499728228
70,2022-04-13,0.0076563278580977,2.976190476190476e-05,0.995121423586636,-0.0754745659885371,0.0,,0.9130246499728238,1.0076563278580977,0.9200150660355406,0.0,0.9200150660355406,0.0,0.9200150660355396
71,2022-04-14,-0.0100991199301733,3.134920634920635e-05,0.995121423586636,-0.0848114592251145,0.0,,0.9200150660355406,0.9899008800698267,0.9107237235460813,0.0,0.9107237235460813,0.0,0.9107237235460802
72,2022-04-18,-0.0037836448629934,3.214285714285715e-05,0.995121423586636,-0.0882742076460878,0.0,,0.9107237235460813,0.9962163551370066,0.9072778684078799,0.0,0.9072778684078799,0.0,0.9072778684078788
73,2022-04-19,0.0083574565544948,3.214285714285715e-05,0.995121423586636,-0.0806544989468777,0.0,,0.9072778684078799,1.0083574565544948,0.9148604037759535,0.0,0.9148604037759535,0.0,0.9148604037759523
74,2022-04-20,0.0070853119057854,3.2539682539682536e-05,0.995121423586636,-0.0741406493227357,0.0,,0.9148604037759535,1.0070853119057854,0.9213424750869589,0.0,0.9213424750869589,0.0,0.9213424750869578
75,2022-04-21,-0.0100932066915394,3.2936507936507936e-05,0.995121423586636,-0.0834855391164158,0.0,,0.9213424750869589,0.9899067933084607,0.9120431750522118,0.0,0.9120431750522118,0.0,0.9120431750522106
76,2022-04-22,-0.0165893243742602,3.2936507936507936e-05,0.995121423586636,-0.0986898948017138,0.0,,0.9120431750522118,0.9834106756257398,0.8969129949779404,0.0,0.8969129949779404,0.0,0.8969129949779393
77,2022-04-25,0.0039380126062693,3.611111111111112e-05,0.995121423586636,-0.0951405242452849,0.0,,0.8969129949779404,1.0039380126062694,0.9004450496588904,0.0,0.9004450496588904,0.0,0.9004450496588893
78,2022-04-26,-0.0151966693705056,3.2936507936507936e-05,0.995121423586636,-0.1088913745250984,0.0,,0.9004450496588904,0.9848033306294944,0.8867612839529158,0.0,0.8867612839529158,0.0,0.8867612839529146
79,2022-04-27,-0.0023422003078172,3.2539682539682536e-05,0.995121423586636,-0.1109785294219841,0.0,,0.8867612839529158,0.9976577996921828,0.8846843114006809,0.0,0.8846843114006809,0.0,0.8846843114006798
80,2022-04-28,0.0145602336882869,3.2539682539682536e-05,0.995121423586636,-0.0980341690564637,0.0,,0.8846843114006809,1.0145602336882868,0.897565521715036,0.0,0.897565521715036,0.0,0.8975655217150349
81,2022-04-29,-0.0260946105818581,3.3730158730158734e-05,0.995121423586636,-0.1215706161730774,0.0,,0.897565521715036,0.9739053894181419,0.8741438989541798,0.0,0.8741438989541798,0.0,0.8741438989541788
82,2022-05-02,-0.0056806806590078,3.571428571428572e-05,0.995121423586636,-0.1265606929840872,0.0,,0.8741438989541798,0.9943193193409922,0.869178166614201,0.0,0.869178166614201,0.0,0.8691781666142001
83,2022-05-03,0.0057358664399028,3.611111111111112e-05,0.995121423586636,-0.1215507617756826,0.0,,0.869178166614201,1.0057358664399028,0.8741636564903796,0.0,0.8741636564903796,0.0,0.8741636564903787
84,2022-05-04,0.0173365583041202,3.531746031746032e-05,0.995121423586636,-0.1063214753399967,0.0,,0.8741636564903796,1.0173365583041203,0.8893186456884681,0.0,0.8893186456884681,0.0,0.8893186456884672
85,2022-05-05,-0.0281711289552793,3.3730158730158734e-05,0.995121423586636,-0.1314974083027574,0.0,,0.8893186456884681,0.9718288710447207,0.8642655354384439,0.0,0.8642655354384439,0.0,0.864265535438443
86,2022-05-06,-0.0089691817257464,3.3730158730158734e-05,0.995121423586636,-0.1392871658769718,0.0,,0.8642655354384439,0.9910308182742535,0.8565137807917969,0.0,0.8565137807917969,0.0,0.856513780791796
87,2022-05-09,-0.0202581429713212,3.650793650793651e-05,0.995121423586636,-0.1567236095278873,0.0,,0.8565137807917969,0.9797418570286788,0.8391624021636097,0.0,0.8391624021636097,0.0,0.8391624021636088
88,2022-05-10,0.0011932259708385,3.531746031746032e-05,0.995121423586636,-0.1557173902381811,0.0,,0.8391624021636097,1.0011932259708385,0.8401637125356225,0.0,0.8401637125356225,0.0,0.8401637125356216
89,2022-05-11,-0.003517102028652,3.611111111111112e-05,0.995121423586636,-0.15868681831773,0.0,,0.8401637125356225,0.996482897971348,0.8372087710378637,0.0,0.8372087710378637,0.0,0.8372087710378627
90,2022-05-12,0.0012100887585559,3.809523809523809e-05,0.995121423586636,-0.1576687546941514,0.0,,0.8372087710378637,1.001210088758556,0.8382218679602611,0.0,0.8382218679602611,0.0,0.8382218679602601
91,2022-05-13,0.0143588846950861,4.0873015873015874e-05,0.995121423586636,-0.1455738174677363,0.0,,0.8382218679602611,1.0143588846950862,0.8502577991112023,0.0,0.8502577991112023,0.0,0.8502577991112013
92,2022-05-16,-0.001967622716198,4.246031746031746e-05,0.995121423586636,-0.1472550058338012,0.0,,0.8502577991112023,0.998032377283802,0.8485848125510466,0.0,0.8485848125510466,0.0,0.8485848125510455
93,2022-05-17,0.0089128537875776,4.206349206349207e-05,0.995121423586636,-0.1396546143827092,0.0,,0.8485848125510466,1.0089128537875776,0.8561481249116729,0.0,0.8561481249116729,0.0,0.8561481249116718
94,2022-05-18,-0.0205178883975871,4.0873015873015874e-05,0.995121423586636,-0.1573070849881839,0.0,,0.8561481249116729,0.9794821116024129,0.8385817732329318,0.0,0.8385817732329318,0.0,0.8385817732329306
95,2022-05-19,-0.0007181906179433,4.166666666666667e-05,0.995121423586636,-0.1579122991335526,0.0,,0.8385817732329318,0.9992818093820567,0.8379795116710177,0.0,0.8379795116710177,0.0,0.8379795116710165
96,2022-05-20,0.0052923776431624,4.0873015873015874e-05,0.995121423586636,-0.153455653011905,0.0,,0.8379795116710177,1.0052923776431624,0.8424144157040135,0.0,0.8424144157040135,0.0,0.8424144157040123
97,2022-05-23,0.0079765258788606,4.246031746031746e-05,0.995121423586636,-0.1467031701205512,0.0,,0.8424144157040135,1.0079765258788607,0.8491339560916019,0.0,0.8491339560916019,0.0,0.8491339560916007
98,2022-05-24,0.0032257589740122,4.206349206349207e-05,0.995121423586636,-0.1439506402140714,0.0,,0.8491339560916019,1.0032257589740121,0.8518730575706028,0.0,0.8518730575706028,0.0,0.8518730575706017
99,2022-05-25,0.005572415287502,4.206349206349207e-05,0.995121423586636,-0.1391803776747439,0.0,,0.8518730575706028,1.005572415287502,0.8566200480196204,0.0,0.8566200480196204,0.0,0.8566200480196193
100,2022-05-26,0.008600967986429,4.246031746031746e-05,0.995121423586636,-0.1317764956610344,0.0,,0.8566200480196204,1.008600967986429,0.8639878096291704,0.0,0.8639878096291704,0.0,0.8639878096291693
101,2022-05-27,0.0158813557626399,4.2857142857142856e-05,0.995121423586636,-0.1179879293071415,0.0,,0.8639878096291704,1.0158813557626398,0.8777091074084752,0.0,0.8777091074084752,0.0,0.8777091074084741
102,2022-05-31,-0.009763488125399,4.603174603174603e-05,0.995121423586636,-0.1265994436858099,0.0,,0.8777091074084752,0.990236511874601,0.869139604960738,0.0,0.869139604960738,0.0,0.8691396049607368
103,2022-06-01,-0.0069494801762915,4.563492063492063e-05,0.995121423586636,-0.1326691235378774,0.0,,0.869139604960738,0.9930505198237085,0.8630995365056335,0.0,0.8630995365056335,0.0,0.8630995365056323
104,2022-06-02,0.0126446106225391,4.642857142857143e-05,0.995121423586636,-0.1217020623241083,0.0,,0.8630995365056335,1.012644610622539,0.8740130940732412,0.0,0.8740130940732412,0.0,0.87401309407324
105,2022-06-03,-0.0105334709940288,4.801587301587301e-05,0.995121423586636,-0.1309535881747325,0.0,,0.8740130940732412,0.9894665290059712,0.8648067024984194,0.0,0.8648067024984194,0.0,0.8648067024984182
106,2022-06-06,-0.0028023554901352,5e-05,0.995121423586636,-0.1333889651580935,0.0,,0.8648067024984194,0.9971976445098648,0.8623832066877672,0.0,0.8623832066877672,0.0,0.8623832066877659
107,2022-06-07,0.0082649598583502,5e-05,0.995121423586636,-0.1262264597423218,0.0,,0.8623832066877672,1.0082649598583502,0.869510769273557,0.0,0.869510769273557,0.0,0.8695107692735556
108,2022-06-08,-0.0118939958443768,5.07936507936508e-05,0.995121423586636,-0.1366191185990731,0.0,,0.869510769273557,0.9881060041556232,0.8591688117971764,0.0,0.8591688117971764,0.0,0.859168811797175
109,2022-06-09,-0.0155080631793154,5.158730158730159e-05,0.995121423586636,-0.1500084838556519,0.0,,0.8591688117971764,0.9844919368206846,0.8458447675821285,0.0,0.8458447675821285,0.0,0.8458447675821269
110,2022-06-10,-0.0189208239704745,5.515873015873015e-05,0.995121423586636,-0.1660910237090157,0.0,,0.8458447675821285,0.9810791760295255,0.8298406876283602,0.0,0.8298406876283602,0.0,0.8298406876283586
111,2022-06-13,-0.033977597794224,6.865079365079365e-05,0.995121423586636,-0.1944252475024239,0.0,,0.8298406876283602,0.966022402205776,0.8016446945108414,0.0,0.8016446945108414,0.0,0.80164469451084
112,2022-06-14,-0.0067158061716077,7.261904761904762e-05,0.995121423586636,-0.1998353313969385,0.0,,0.8016446945108414,0.9932841938283923,0.7962610041240089,0.0,0.7962610041240089,0.0,0.7962610041240075
113,2022-06-15,0.0159833731651051,6.904761904761904e-05,0.995121423586636,-0.1870460009051231,0.0,,0.7962610041240089,1.0159833731651051,0.8089879408897442,0.0,0.8089879408897442,0.0,0.8089879408897428
114,2022-06-16,-0.0174679843300035,6.30952380952381e-05,0.995121423586636,-0.2012466686223261,0.0,,0.8089879408897442,0.9825320156699965,0.7948565522151204,0.0,0.7948565522151204,0.0,0.794856552215119
115,2022-06-17,0.0023797408874227,6.468253968253968e-05,0.995121423586636,-0.1993458426606814,0.0,,0.7948565522151204,1.0023797408874227,0.7967481048520625,0.0,0.7967481048520625,0.0,0.7967481048520613
116,2022-06-21,0.0107274168347579,6.746031746031747e-05,0.995121423586636,-0.1907568917744206,0.0,,0.7967481048520625,1.010727416834758,0.805295153885114,0.0,0.805295153885114,0.0,0.8052951538851127
117,2022-06-22,0.0064370134794665,6.388888888888888e-05,0.995121423586636,-0.185547782978607,0.0,,0.805295153885114,1.0064370134794665,0.8104788496456214,0.0,0.8104788496456214,0.0,0.8104788496456204
118,2022-06-23,0.0098985849814554,6.547619047619048e-05,0.995121423586636,-0.177485858495086,0.0,,0.8104788496456214,1.0098985849814555,0.8185014434145109,0.0,0.8185014434145109,0.0,0.8185014434145099
119,2022-06-24,0.0169308731567914,6.865079365079365e-05,0.995121423586636,-0.1635599758955991,0.0,,0.8185014434145109,1.0169308731567914,0.8323593875316126,0.0,0.8323593875316126,0.0,0.8323593875316116
120,2022-06-27,-0.0041309328194061,7.103174603174604e-05,0.995121423586636,-0.1670152534426369,0.0,,0.8323593875316126,0.9958690671805939,0.8289209668201175,0.0,0.8289209668201175,0.0,0.8289209668201165
121,2022-06-28,-0.0105270706370365,7.103174603174604e-05,0.995121423586636,-0.1757841427092202,0.0,,0.8289209668201175,0.9894729293629635,0.8201948572498815,0.0,0.8201948572498815,0.0,0.8201948572498805
122,2022-06-29,0.0021550204840271,7.063492063492064e-05,0.995121423586636,-0.1740079406534986,0.0,,0.8201948572498815,1.002155020484027,0.8219623939681486,0.0,0.8219623939681486,0.0,0.8219623939681476
123,2022-06-30,-0.0016168510450572,6.825396825396825e-05,0.995121423586636,-0.175343446777862,0.0,,0.8219623939681486,0.9983831489549428,0.8206334032124636,0.0,0.8206334032124636,0.0,0.8206334032124625
124,2022-07-01,0.0098467961309046,6.865079365079365e-05,0.995121423586636,-0.1672232218202691,0.0,,0.8206334032124636,1.0098467961309046,0.8287140130321071,0.0,0.8287140130321071,0.0,0.828714013032106
125,2022-07-05,-0.0011801582536888,7.53968253968254e-05,0.995121423586636,-0.1682060302085184,0.0,,0.8287140130321071,0.9988198417463112,0.8277359993496798,0.0,0.8277359993496798,0.0,0.8277359993496786
126,2022-07-06,-0.0016271045490592,7.53968253968254e-05,0.995121423586636,-0.1695594459606462,0.0,,0.8277359993496798,0.9983728954509408,0.8263891863397178,0.0,0.8263891863397178,0.0,0.8263891863397166
127,2022-07-07,0.005877478844148,7.738095238095238e-05,0.995121423586636,-0.1646785491729573,0.0,,0.8263891863397178,1.005877478844148,0.8312462712994622,0.0,0.8312462712994622,0.0,0.8312462712994609
128,2022-07-08,-0.0032204290558137,7.857142857142857e-05,0.995121423586636,-0.1673686426441453,0.0,,0.8312462712994622,0.9967795709441863,0.8285693016548326,0.0,0.8285693016548326,0.0,0.8285693016548313
129,2022-07-11,-0.0034217057110494,8.650793650793651e-05,0.995121423586636,-0.1702176621148086,0.0,,0.8285693016548326,0.9965782942889506,0.82573418134336,0.0,0.82573418134336,0.0,0.8257341813433587
130,2022-07-12,-0.0031815599574805,8.80952380952381e-05,0.995121423586636,-0.1728576643744487,0.0,,0.82573418134336,0.9968184400425195,0.823107058536475,0.0,0.823107058536475,0.0,0.8231070585364738
131,2022-07-13,-6.234388200344605e-05,9.484126984126983e-05,0.995121423586636,-0.1729092316386209,0.0,,0.823107058536475,0.9999376561179966,0.8230557428471414,0.0,0.8230557428471414,0.0,0.8230557428471402
132,2022-07-14,-0.0057942472575855,9.523809523809524e-05,0.995121423586636,-0.1777016000549731,0.0,,0.8230557428471414,0.9942057527424145,0.8182867543663094,0.0,0.8182867543663094,0.0,0.8182867543663082
133,2022-07-15,0.0129338244006471,9.404761904761906e-05,0.995121423586636,-0.1670661369451511,0.0,,0.8182867543663094,1.0129338244006472,0.8288703315566587,0.0,0.8288703315566587,0.0,0.8288703315566575
134,2022-07-18,-0.0064261098865833,9.92063492063492e-05,0.995121423586636,-0.172418661477398,0.0,,0.8288703315566587,0.9935738901134167,0.8235439197243468,0.0,0.8235439197243468,0.0,0.8235439197243455
135,2022-07-19,0.0168417153262202,0.0001,0.995121423586636,-0.1584807721647081,0.0,,0.8235439197243468,1.0168417153262201,0.8374138119789838,0.0,0.8374138119789838,0.0,0.8374138119789825
136,2022-07-20,0.0008480413206232,9.96031746031746e-05,0.995121423586636,-0.1577671290874047,0.0,,0.8374138119789838,1.000848041320623,0.8381239734940025,0.0,0.8381239734940025,0.0,0.8381239734940014
137,2022-07-21,0.0104390880187938,9.84126984126984e-05,0.995121423586636,-0.1489749860156266,0.0,,0.8381239734940025,1.010439088018794,0.8468732234239676,0.0,0.8468732234239676,0.0,0.8468732234239665
138,2022-07-22,0.0007890343133366,9.88095238095238e-05,0.995121423586636,-0.148303498078085,0.0,,0.8468732234239676,1.0007890343133365,0.8475414354562951,0.0,0.8475414354562951,0.0,0.8475414354562941
139,2022-07-25,-0.0008895975186513,0.0001039682539681,0.995121423586636,-0.1490611651728389,0.0,,0.8475414354562951,0.9991104024813487,0.8467874646983591,0.0,0.8467874646983591,0.0,0.846787464698358
140,2022-07-26,-0.0055595917263939,0.0001011904761904,0.995121423586636,-0.1537920376786112,0.0,,0.8467874646983591,0.9944404082736061,0.8420796721156081,0.0,0.8420796721156081,0.0,0.8420796721156069
141,2022-07-27,0.0132158548899695,9.682539682539682e-05,0.995121423586636,-0.142608676041835,0.0,,0.8420796721156081,1.0132158548899695,0.853208474868081,0.0,0.853208474868081,0.0,0.8532084748680798
142,2022-07-28,0.0131769319687625,9.603174603174604e-05,0.995121423586636,-0.131310888895431,0.0,,0.853208474868081,1.0131769319687625,0.8644511448965894,0.0,0.8644511448965894,0.0,0.8644511448965881
143,2022-07-29,0.0069680476984235,9.563492063492065e-05,0.995121423586636,-0.1252578217341533,0.0,,0.8644511448965894,1.0069680476984235,0.8704746817071857,0.0,0.8704746817071857,0.0,0.8704746817071843
144,2022-08-01,0.002036078796674,0.0001015873015873,0.995121423586636,-0.1234767777324298,0.0,,0.8704746817071857,1.002036078796674,0.8722470367496512,0.0,0.8722470367496512,0.0,0.8722470367496499
145,2022-08-02,-0.0115525224064602,0.0001015873015873,0.995121423586636,-0.1336028318974587,0.0,,0.8722470367496512,0.9884474775935398,0.8621703833136324,0.0,0.8621703833136324,0.0,0.862170383313631
146,2022-08-03,0.0104095435909966,0.0001,0.995121423586636,-0.1245840328089792,0.0,,0.8621703833136324,1.0104095435909966,0.8711451835016019,0.0,0.8711451835016019,0.0,0.8711451835016005
147,2022-08-04,0.0010506126002257,9.92063492063492e-05,0.995121423586636,-0.1236643097634097,0.0,,0.8711451835016019,1.0010506126002257,0.8720604196080145,0.0,0.8720604196080145,0.0,0.8720604196080132
148,2022-08-05,-0.0063660735072478,0.0001023809523808,0.995121423586636,-0.1292431271844805,0.0,,0.8720604196080145,0.9936339264927522,0.8665088188740285,0.0,0.8665088188740285,0.0,0.8665088188740272
149,2022-08-08,0.0048556344843238,0.0001051587301587,0.995121423586636,-0.1250150500853756,0.0,,0.8665088188740285,1.0048556344843238,0.8707162689759239,0.0,0.8707162689759239,0.0,0.8707162689759226
150,2022-08-09,-0.0026231669542912,0.0001059523809523,0.995121423586636,-0.1273102816914938,0.0,,0.8707162689759239,0.9973768330457088,0.8684322348325826,0.0,0.8684322348325826,0.0,0.8684322348325811
151,2022-08-10,0.012496212839081,0.0001051587301587,0.995121423586636,-0.1164049652290331,0.0,,0.8684322348325826,1.012496212839081,0.8792843488753694,0.0,0.8792843488753694,0.0,0.8792843488753679
152,2022-08-11,-0.0057691321836428,0.0001039682539681,0.995121423586636,-0.1215025417814372,0.0,,0.8792843488753694,0.9942308678163572,0.8742116412396991,0.0,0.8742116412396991,0.0,0.8742116412396975
153,2022-08-12,0.0123943127518385,0.000104365079365,0.995121423586636,-0.1106141695325813,0.0,,0.8742116412396991,1.0123943127518384,0.8850468937325219,0.0,0.8850468937325219,0.0,0.8850468937325203
154,2022-08-15,0.0020436070911552,0.0001079365079365,0.995121423586636,-0.1087966143426651,0.0,,0.8850468937325219,1.0020436070911551,0.8868555818405585,0.0,0.8868555818405585,0.0,0.8868555818405569
155,2022-08-16,0.0009159529321233,0.0001071428571427,0.995121423586636,-0.1079803139884542,0.0,,0.8868555818405585,1.0009159529321232,0.8876678998111152,0.0,0.8876678998111152,0.0,0.8876678998111136
156,2022-08-17,-0.0075903941898934,0.0001063492063492,0.995121423586636,-0.1147510950304269,0.0,,0.8876678998111152,0.9924096058101066,0.880930150541834,0.0,0.880930150541834,0.0,0.8809301505418323
157,2022-08-18,0.0002397312174207,0.0001075396825396,0.995121423586636,-0.1145388732327182,0.0,,0.880930150541834,1.0002397312174207,0.881141336999286,0.0,0.881141336999286,0.0,0.8811413369992843
158,2022-08-19,-0.0117979078601423,0.00010873015873,0.995121423586636,-0.1249854620200564,0.0,,0.881141336999286,0.9882020921398577,0.8707457126936058,0.0,0.8707457126936058,0.0,0.8707457126936041
159,2022-08-22,-0.0145754641300284,0.0001119047619046,0.995121423586636,-0.1377392050316365,0.0,,0.8707457126936058,0.9854245358699716,0.8580541897918641,0.0,0.8580541897918641,0.0,0.8580541897918624
160,2022-08-23,-0.0043435251799639,0.0001111111111111,0.995121423586636,-0.1414844565062774,0.0,,0.8580541897918641,0.995656474820036,0.8543272098127296,0.0,0.8543272098127296,0.0,0.8543272098127279
161,2022-08-24,0.0005299644275992,0.0001119047619046,0.995121423586636,-0.1410294738076846,0.0,,0.8543272098127296,1.0005299644275991,0.8547799728434603,0.0,0.8547799728434603,0.0,0.8547799728434589
162,2022-08-25,0.0119121503628354,0.0001142857142857,0.995121423586636,-0.1307972877424378,0.0,,0.8547799728434603,1.0119121503628354,0.864962240407112,0.0,0.864962240407112,0.0,0.8649622404071106
163,2022-08-26,-0.0197876809871168,0.0001146825396825,0.995121423586636,-0.147996793725727,0.0,,0.864962240407112,0.9802123190128832,0.8478466435280342,0.0,0.8478466435280342,0.0,0.8478466435280329
164,2022-08-29,-0.0064788052569223,0.0001178571428571,0.995121423586636,-0.1535167565774515,0.0,,0.8478466435280342,0.9935211947430777,0.8423536102368808,0.0,0.8423536102368808,0.0,0.8423536102368795
165,2022-08-30,-0.0066014425495988,0.0001178571428571,0.995121423586636,-0.1591047670781036,0.0,,0.8423536102368808,0.9933985574504012,0.8367928612724549,0.0,0.8367928612724549,0.0,0.8367928612724536
166,2022-08-31,-0.0067613155297593,0.0001174603174603,0.995121423586636,-0.1647903250753589,0.0,,0.8367928612724549,0.9932386844702407,0.8311350407043417,0.0,0.8311350407043417,0.0,0.8311350407043404
167,2022-09-01,-0.0030755930205142,0.0001178571428571,0.995121423586636,-0.1673590901222232,0.0,,0.8311350407043417,0.9969244069794858,0.8285788075740467,0.0,0.8285788075740467,0.0,0.8285788075740452
168,2022-09-02,-0.0064993782644811,0.0001166666666666,0.995121423586636,-0.1727707383540005,0.0,,0.8285788075740467,0.9935006217355189,0.8231935604816902,0.0,0.8231935604816902,0.0,0.8231935604816888
169,2022-09-06,-0.0054261157719926,0.0001206349206349,0.995121423586636,-0.1772593800976719,0.0,,0.8231935604816902,0.9945738842280074,0.8187268169197578,0.0,0.8187268169197578,0.0,0.8187268169197562
170,2022-09-07,0.0152702922390067,0.0001218253968253,0.995121423586636,-0.1646958903948617,0.0,,0.8187268169197578,1.0152702922390067,0.8312290146780342,0.0,0.8312290146780342,0.0,0.8312290146780327
171,2022-09-08,0.0007550373750113,0.0001214285714285,0.995121423586636,-0.1640652045726094,0.0,,0.8312290146780342,1.0007550373750114,0.83185662365131,0.0,0.83185662365131,0.0,0.8318566236513084
172,2022-09-09,0.011605376058162,0.0001222222222222,0.995121423586636,-0.1543638669115717,0.0,,0.83185662365131,1.011605376058162,0.8415106325952564,0.0,0.8415106325952564,0.0,0.8415106325952548
173,2022-09-12,0.0054756868591498,0.0001257936507936,0.995121423586636,-0.149733428249997,0.0,,0.8415106325952564,1.00547568685915,0.8461184813079932,0.0,0.8461184813079932,0.0,0.8461184813079916
174,2022-09-13,-0.0278822465687036,0.0001301587301587,0.995121423586636,-0.173440770452657,0.0,,0.8461184813079932,0.9721177534312964,0.8225267971858267,0.0,0.8225267971858267,0.0,0.8225267971858251
175,2022-09-14,0.0005198679594365,0.0001285714285714,0.995121423586636,-0.1730110687926388,0.0,,0.8225267971858267,1.0005198679594365,0.8229544025134615,0.0,0.8229544025134615,0.0,0.82295440251346
176,2022-09-15,-0.0096224218684348,0.0001277777777777,0.995121423586636,-0.1809687051692421,0.0,,0.8229544025134615,0.9903775781315652,0.8150355880739913,0.0,0.8150355880739913,0.0,0.8150355880739897
177,2022-09-16,-0.004506163118869,0.0001269841269841,0.995121423586636,-0.184659393783208,0.0,,0.8150355880739913,0.995493836881131,0.8113629047664467,0.0,0.8113629047664467,0.0,0.8113629047664449
178,2022-09-19,0.0030621076526799,0.0001337301587301,0.995121423586636,-0.1821627330733708,0.0,,0.8113629047664467,1.00306210765268,0.8138473853262327,0.0,0.8138473853262327,0.0,0.8138473853262309
179,2022-09-20,-0.0130017848203115,0.0001329365079365,0.995121423586636,-0.1927960772359825,0.0,,0.8138473853262327,0.9869982151796886,0.803265916745648,0.0,0.803265916745648,0.0,0.8032659167456461
180,2022-09-21,-0.0076038487899343,0.0001313492063492,0.995121423586636,-0.198933933807322,0.0,,0.803265916745648,0.9923961512100657,0.7971580041766061,0.0,0.7971580041766061,0.0,0.7971580041766042
181,2022-09-22,-0.010644076845319,0.0001305555555555,0.995121423586636,-0.2074605425740542,0.0,,0.7971580041766061,0.989355923154681,0.7886729931222892,0.0,0.7886729931222892,0.0,0.7886729931222873
182,2022-09-23,-0.0121422790915629,0.0001285714285714,0.995121423586636,-0.217083777857196,0.0,,0.7886729931222892,0.9878577209084372,0.7790967055278202,0.0,0.7790967055278202,0.0,0.7790967055278182
183,2022-09-26,-0.0150732490569159,0.0001345238095238,0.995121423586636,-0.2288848690642541,0.0,,0.7790967055278202,0.9849267509430841,0.7673531868459768,0.0,0.7673531868459768,0.0,0.7673531868459748
184,2022-09-27,-0.0089564789457001,0.0001329365079365,0.995121423586636,-0.235791345499191,0.0,,0.7673531868459768,0.9910435210542999,0.7604804041840749,0.0,0.7604804041840749,0.0,0.7604804041840728
185,2022-09-28,0.0220022814916455,0.0001349206349206,0.995121423586636,-0.2189770115645124,0.0,,0.7604804041840749,1.0220022814916454,0.7772127081058132,0.0,0.7772127081058132,0.0,0.7772127081058112
186,2022-09-29,-0.0158127477511219,0.0001333333333333,0.995121423586636,-0.2313271310684702,0.0,,0.7772127081058132,0.9841872522488782,0.7649228396035697,0.0,0.7649228396035697,0.0,0.7649228396035677
187,2022-09-30,-0.0068801341330327,0.0001321428571428,0.995121423586636,-0.2366157035111423,0.0,,0.7649228396035697,0.9931198658669673,0.7596600678656769,0.0,0.7596600678656769,0.0,0.7596600678656747
188,2022-10-03,0.0194726397035504,0.0001373015873015,0.995121423586636,-0.2217505961502665,0.0,,0.7596600678656769,1.0194726397035505,0.7744526546643999,0.0,0.7744526546643999,0.0,0.7744526546643977
189,2022-10-04,0.01988570066332,0.0001369047619047,0.995121423586636,-0.2062745614639034,0.0,,0.7744526546643999,1.01988570066332,0.7898531883329697,0.0,0.7898531883329697,0.0,0.7898531883329675
190,2022-10-05,-0.0077446275300142,0.0001373015873015,0.995121423586636,-0.2124216693464626,0.0,,0.7898531883329697,0.9922553724699859,0.7837360695859368,0.0,0.7837360695859368,0.0,0.7837360695859344
191,2022-10-06,-0.0128788074689228,0.0001373015873015,0.995121423586636,-0.2225647390336452,0.0,,0.7837360695859368,0.9871211925310772,0.7736424836392892,0.0,0.7736424836392892,0.0,0.7736424836392869
192,2022-10-07,-0.0190389383274651,0.0001369047619047,0.995121423586636,-0.2373662810207805,0.0,,0.7736424836392892,0.9809610616725349,0.7589131521057739,0.0,0.7589131521057739,0.0,0.7589131521057715
193,2022-10-10,-0.0073825820736615,0.0001369047619047,0.995121423586636,-0.2429964870432863,0.0,,0.7589131521057739,0.9926174179263385,0.7533104134735719,0.0,0.7533104134735719,0.0,0.7533104134735694
194,2022-10-11,-0.0013792042404864,0.0001456349206349,0.995121423586636,-0.2440405494984193,0.0,,0.7533104134735719,0.9986207957595136,0.7522714445569065,0.0,0.7522714445569065,0.0,0.7522714445569041
195,2022-10-12,-0.0029615886423897,0.0001468253968253,0.995121423586636,-0.2462793904211321,0.0,,0.7522714445569065,0.9970384113576103,0.7500435259907127,0.0,0.7500435259907127,0.0,0.7500435259907102
196,2022-10-13,0.0132809731571436,0.0001503968253968,0.995121423586636,-0.2362692472373291,0.0,,0.7500435259907127,1.0132809731571435,0.7600048339260845,0.0,0.7600048339260845,0.0,0.7600048339260823
197,2022-10-14,-0.0169044187295668,0.0001511904761904,0.995121423586636,-0.2491796716786765,0.0,,0.7600048339260845,0.9830955812704332,0.7471573939769031,0.0,0.7471573939769031,0.0,0.747157393976901
198,2022-10-17,0.0186460667686754,0.0001575396825396,0.995121423586636,-0.2351798257055183,0.0,,0.7471573939769031,1.0186460667686754,0.761088940631706,0.0,0.761088940631706,0.0,0.7610889406317037
199,2022-10-18,0.0077582936923279,0.0001603174603174,0.995121423586636,-0.2292461261715243,0.0,,0.761088940631706,1.007758293692328,0.7669936921591095,0.0,0.7669936921591095,0.0,0.7669936921591073
200,2022-10-19,-0.0125830596053148,0.0001615079365079,0.995121423586636,-0.2389445681069353,0.0,,0.7669936921591095,0.9874169403946852,0.7573425648137709,0.0,0.7573425648137709,0.0,0.7573425648137687
201,2022-10-20,-0.007598431689268,0.0001623015873015,0.995121423586636,-0.2447273958179211,0.0,,0.7573425648137709,0.992401568310732,0.7515879490696585,0.0,0.7515879490696585,0.0,0.7515879490696563
202,2022-10-21,0.0101931363471961,0.0001623015873015,0.995121423586636,-0.2370287991841912,0.0,,0.7515879490696585,1.010193136347196,0.759248987511435,0.0,0.759248987511435,0.0,0.7592489875114328
203,2022-10-24,0.0035628336951151,0.0001650793650793,0.995121423586636,-0.2343104596815222,0.0,,0.759248987511435,1.003562833695115,0.7619540653871227,0.0,0.7619540653871227,0.0,0.7619540653871206
204,2022-10-25,0.0213347567480502,0.0001642857142857,0.995121423586636,-0.2179746595943011,0.0,,0.7619540653871227,1.0213347567480502,0.7782101700253449,0.0,0.7782101700253449,0.0,0.7782101700253428
205,2022-10-26,0.0018541203928531,0.0001630952380952,0.995121423586636,-0.2165246904629268,0.0,,0.7782101700253449,1.001854120392853,0.7796530653715145,0.0,0.7796530653715145,0.0,0.7796530653715126
206,2022-10-27,-0.0010622590176595,0.0001638888888888,0.995121423586636,-0.2173569441755962,0.0,,0.7796530653715145,0.9989377409823404,0.7788248718721776,0.0,0.7788248718721776,0.0,0.7788248718721758
207,2022-10-28,0.0136693648166691,0.000165873015873,0.995121423586636,-0.2066587107242996,0.0,,0.7788248718721776,1.013669364816669,0.7894709131740939,0.0,0.7894709131740939,0.0,0.7894709131740922
208,2022-10-31,-0.0062332256837397,0.0001674603174603,0.995121423586636,-0.2116037860245841,0.0,,0.7894709131740939,0.9937667743162603,0.7845499628015317,0.0,0.7845499628015317,0.0,0.78454996280153
209,2022-11-01,0.0014614258831489,0.0001678571428571,0.995121423586636,-0.2104516033913038,0.0,,0.7845499628015317,1.001461425883149,0.7856965244237933,0.0,0.7856965244237933,0.0,0.7856965244237917
210,2022-11-02,-0.0171000821408579,0.0001674603174603,0.995121423586636,-0.2239529458274953,0.0,,0.7856965244237933,0.9828999178591421,0.7722610493183599,0.0,0.7722610493183599,0.0,0.7722610493183582
211,2022-11-03,-0.0068101555701768,0.0001686507936507,0.995121423586636,-0.2292379469961876,0.0,,0.7722610493183599,0.9931898444298232,0.7670018314317139,0.0,0.7670018314317139,0.0,0.7670018314317121
212,2022-11-04,0.0105100968011142,0.0001670634920634,0.995121423586636,-0.2211371632084919,0.0,,0.7670018314317139,1.0105100968011143,0.7750630949266931,0.0,0.7750630949266931,0.0,0.7750630949266913
213,2022-11-07,0.0021960061968824,0.000170238095238,0.995121423586636,-0.2194267755923763,0.0,,0.7750630949266931,1.0021960061968824,0.776765138286127,0.0,0.776765138286127,0.0,0.7767651382861253
214,2022-11-08,0.0070577842338829,0.0001698412698412,0.995121423586636,-0.2139176581957609,0.0,,0.776765138286127,1.0070577842338828,0.7822473790325527,0.0,0.7822473790325527,0.0,0.782247379032551
215,2022-11-09,-0.0099999508678471,0.000170238095238,0.995121423586636,-0.2217784429918856,0.0,,0.7822473790325527,0.9900000491321529,0.774424943675725,0.0,0.774424943675725,0.0,0.7744249436757232
216,2022-11-10,0.0488299619469142,0.0001698412698412,0.995121423586636,-0.183777913976911,0.0,,0.774424943675725,1.0488299619469141,0.8122400842061518,0.0,0.8122400842061518,0.0,0.8122400842061501
217,2022-11-11,0.0045760830694719,0.0001698412698412,0.995121423586636,-0.1800428139081317,0.0,,0.8122400842061518,1.0045760830694719,0.815956962303834,0.0,0.815956962303834,0.0,0.8159569623038323
218,2022-11-14,-0.0085422674690913,0.0001722222222222,0.995121423586636,-0.1870471075049319,0.0,,0.815956962303834,0.9914577325309087,0.8089868396885674,0.0,0.8089868396885674,0.0,0.8089868396885657
219,2022-11-15,0.009501885336299,0.0001710317460317,0.995121423586636,-0.1793225223366311,0.0,,0.8089868396885674,1.009501885336299,0.8166737398778631,0.0,0.8166737398778631,0.0,0.8166737398778614
220,2022-11-16,-7.533666628394063e-05,0.0001714285714285,0.995121423586636,-0.1793843494418925,0.0,,0.8166737398778631,0.9999246633337161,0.8166122144008591,0.0,0.8166122144008591,0.0,0.8166122144008574
221,2022-11-17,-0.0040687142509165,0.0001714285714285,0.995121423586636,-0.1827232000338435,0.0,,0.8166122144008591,0.9959312857490835,0.8132896526466539,0.0,0.8132896526466539,0.0,0.8132896526466521
222,2022-11-18,0.0032779786882182,0.0001722222222222,0.995121423586636,-0.1800441841011791,0.0,,0.8132896526466539,1.0032779786882182,0.815955598795378,0.0,0.815955598795378,0.0,0.8159555987953763
223,2022-11-21,-0.0005349698078338,0.000175,0.995121423586636,-0.1804828357064428,0.0,,0.815955598795378,0.9994650301921661,0.8155190871854895,0.0,0.8155190871854895,0.0,0.8155190871854877
224,2022-11-22,0.0107193797969517,0.0001746031746031,0.995121423586636,-0.1716981199722593,0.0,,0.8155190871854895,1.0107193797969516,0.8242609460126941,0.0,0.8242609460126941,0.0,0.8242609460126924
225,2022-11-23,0.0075934877831307,0.0001746031746031,0.995121423586636,-0.1654084197655244,0.0,,0.8242609460126941,1.0075934877831307,0.8305199614363532,0.0,0.8305199614363532,0.0,0.8305199614363515
226,2022-11-25,0.0012158190850921,0.000175,0.995121423586636,-0.1643937073940181,0.0,,0.8305199614363532,1.0012158190850922,0.8315297234560175,0.0,0.8315297234560175,0.0,0.8315297234560158
227,2022-11-28,-0.0112147052316534,0.000175,0.995121423586636,-0.173764785655309,0.0,,0.8315297234560175,0.9887852947683466,0.8222043627161,0.0,0.8222043627161,0.0,0.8222043627160983
228,2022-11-29,-0.0001914043962897,0.0001738095238095,0.995121423586636,-0.173922930707704,0.0,,0.8222043627161,0.9998085956037103,0.8220469891864275,0.0,0.8220469891864275,0.0,0.8220469891864258
229,2022-11-30,0.0206064238694559,0.0001734126984126,0.995121423586636,-0.1569004364690291,0.0,,0.8220469891864275,1.0206064238694559,0.8389864378862131,0.0,0.8389864378862131,0.0,0.8389864378862113
230,2022-12-01,0.0073069533380971,0.0001718253968253,0.995121423586636,-0.1507399472989381,0.0,,0.8389864378862131,1.0073069533380972,0.845116872639144,0.0,0.845116872639144,0.0,0.8451168726391423
231,2022-12-02,0.0018438229831834,0.0001722222222222,0.995121423586636,-0.1491740620950684,0.0,,0.845116872639144,1.0018438229831834,0.8466751185523922,0.0,0.8466751185523922,0.0,0.8466751185523904
232,2022-12-05,-0.0144740323175853,0.0001730158730158,0.995121423586636,-0.1614889442169442,0.0,,0.8466751185523922,0.9855259676824147,0.8344203155239696,0.0,0.8344203155239696,0.0,0.8344203155239677
233,2022-12-06,-0.0049133715481273,0.0001734126984126,0.995121423586636,-0.1656088605812189,0.0,,0.8344203155239696,0.9950866284518727,0.8303204984864947,0.0,0.8303204984864947,0.0,0.8303204984864928
234,2022-12-07,0.0048090052513263,0.000170238095238,0.995121423586636,-0.1615962692100938,0.0,,0.8303204984864947,1.0048090052513263,0.8343135141240001,0.0,0.8343135141240001,0.0,0.8343135141239982
235,2022-12-08,0.0041217138175255,0.0001698412698412,0.995121423586636,-0.1581406089682321,0.0,,0.8343135141240001,1.0041217138175256,0.8377523156633133,0.0,0.8377523156633133,0.0,0.8377523156633114
236,2022-12-09,-0.0082784180887874,0.0001710317460317,0.995121423586636,-0.1651098729791651,0.0,,0.8377523156633133,0.9917215819112126,0.8308170517394027,0.0,0.8308170517394027,0.0,0.8308170517394007
237,2022-12-12,0.0079332796007284,0.0001738095238095,0.995121423586636,-0.158486456165621,0.0,,0.8308170517394027,1.0079332796007283,0.8374081557079042,0.0,0.8374081557079042,0.0,0.8374081557079023
238,2022-12-13,0.0095353129656914,0.000172619047619,0.995121423586636,-0.1504623611602921,0.0,,0.8374081557079042,1.0095353129656914,0.8453931045526015,0.0,0.8453931045526015,0.0,0.8453931045525996
239,2022-12-14,-0.0022765439129563,0.0001718253968253,0.995121423586636,-0.1523963709008199,0.0,,0.8453931045526015,0.9977234560870437,0.8434685300263771,0.0,0.8434685300263771,0.0,0.8434685300263752
240,2022-12-15,-0.014605360065299,0.0001722222222222,0.995121423586636,-0.1647759270964676,0.0,,0.8434685300263771,0.985394639934701,0.8311493684415934,0.0,0.8311493684415934,0.0,0.8311493684415915
241,2022-12-16,-0.0115749389403792,0.0001710317460317,0.995121423586636,-0.1744435947418608,0.0,,0.8311493684415934,0.9884250610596208,0.8215288652515472,0.0,0.8215288652515472,0.0,0.8215288652515453
242,2022-12-19,-0.0090823708102859,0.0001734126984126,0.995121423586636,-0.181941604139222,0.0,,0.8215288652515472,0.9909176291897142,0.8140674354659794,0.0,0.8140674354659794,0.0,0.8140674354659774
243,2022-12-20,-0.0031338377308412,0.000172619047619,0.995121423586636,-0.184505266406202,0.0,,0.8140674354659794,0.9968661622691588,0.811516280221267,0.0,0.811516280221267,0.0,0.8115162802212649
244,2022-12-21,0.0092954403502419,0.0001718253968253,0.995121423586636,-0.1769248837541445,0.0,,0.811516280221267,1.0092954403502419,0.819059681397314,0.0,0.819059681397314,0.0,0.8190596813973118
245,2022-12-22,-0.0071582020852805,0.000172619047619,0.995121423586636,-0.1828166217675979,0.0,,0.819059681397314,0.9928417979147195,0.8131966866779665,0.0,0.8131966866779665,0.0,0.8131966866779644
246,2022-12-23,0.0012043055221205,0.0001722222222222,0.995121423586636,-0.1818324833126076,0.0,,0.8131966866779665,1.0012043055221205,0.8141760239383029,0.0,0.8141760239383029,0.0,0.8141760239383008
247,2022-12-27,-0.0050659049010472,0.0001769841269841,0.995121423586636,-0.185977242145272,0.0,,0.8141760239383029,0.9949340950989528,0.8100514856283187,0.0,0.8100514856283187,0.0,0.8100514856283165
248,2022-12-28,-0.0100572020475558,0.0001769841269841,0.995121423586636,-0.1941640334923257,0.0,,0.8100514856283187,0.9899427979524442,0.801904634168432,0.0,0.801904634168432,0.0,0.8019046341684297
249,2022-12-29,0.0142923554367764,0.0001765873015873,0.995121423586636,-0.1826467394352596,0.0,,0.801904634168432,1.0142923554367764,0.8133657402263654,0.0,0.8133657402263654,0.0,0.8133657402263631
250,2022-12-30,-0.0064996974169177,0.0001753968253968,0.995121423586636,-0.1879592883116617,0.0,,0.8133657402263654,0.9935003025830823,0.8080791090256068,0.0,0.8080791090256068,0.0,0.8080791090256043
251,2023-01-03,0.0035610127314011,0.0001797619047619,1.0035610127314012,0.0,1.0,0.5637533617985732,0.8080791090256068,1.0035610127314012,0.8109566890208263,0.0034288466978139812,0.8075278423230123,0.0034288466978139812,0.8109566890208239
252,2023-01-04,0.0098405679782846,0.0001805555555555,1.013436623097541,0.0,0.0,,0.8075278423230123,1.0098405679782847,0.8154743749497495,0.0,0.8154743749497495,0.0034288466978139812,0.818936963446578
253,2023-01-05,-0.0071507453822719,0.0001849206349206,1.013436623097541,-0.0071507453822717,0.0,,0.8154743749497495,0.9928492546177281,0.8096431253287165,0.0,0.8096431253287165,0.0034288466978139812,0.8130809537368405
254,2023-01-06,0.0200148993524783,0.0001853174603174,1.0263285833380231,0.0,0.0,,0.8096431253287165,1.0200148993524782,0.8258480509935967,0.0,0.8258480509935967,0.0034288466978139812,0.8293546871913005
255,2023-01-09,0.0012612739052818,0.0001865079365079,1.027623064798432,0.0,0.0,,0.8258480509935967,1.0012612739052817,0.8268896715900427,0.0,0.8268896715900427,0.0034288466978139812,0.8304007306164779
256,2023-01-10,0.0035328600992682,0.0001876984126984,1.0312535133211462,0.0,0.0,,0.8268896715900427,1.0035328600992681,0.8298109571173,0.0,0.8298109571173,0.0034288466978139812,0.833334420224076
257,2023-01-11,0.0074221495760984,0.0001873015873015,1.0389076311478929,0.0,0.0,,0.8298109571173,1.0074221495760984,0.83596993816091,0.0,0.83596993816091,0.0034288466978139812,0.8395195529378904
258,2023-01-12,0.0096854588098238,0.0001849206349206,1.0489699282165874,0.0,0.0,,0.83596993816091,1.0096854588098239,0.8440666905632185,0.0,0.8440666905632185,0.0034288466978139812,0.8476506849879121
259,2023-01-13,0.0027046894747935,0.0001853174603174,1.0518070661408097,0.0,0.0,,0.8440666905632185,1.0027046894747935,0.8463496288572087,0.0,0.8463496288572087,0.0034288466978139812,0.8499433168739003
260,2023-01-17,-0.0026652846973718,0.0001869047619047,1.0518070661408097,-0.0026652846973718,0.0,,0.8463496288572087,0.9973347153026282,0.8440938661427893,0.0,0.8440938661427893,0.0034288466978139812,0.8476779759578029
261,2023-01-18,-0.0043771546925799,0.0001861111111111,1.0518070661408097,-0.0070307730265315,0.0,,0.8440938661427893,0.9956228453074201,0.8403991367156244,0.0,0.8403991367156244,0.0034288466978139812,0.8439675583275426
262,2023-01-19,-0.0016823980350225,0.0001869047619047,1.0518070661408097,-0.0087013425028296,0.0,,0.8403991367156244,0.9983176019649775,0.8389852508593795,0.0,0.8389852508593795,0.0034288466978139812,0.8425476689657895
263,2023-01-20,0.0055172929192041,0.0001873015873015,1.0518070661408097,-0.0032320574390037,0.0,,0.8389852508593795,1.005517292919204,0.8436141782432626,0.0,0.8436141782432626,0.0034288466978139812,0.8471962512538664
264,2023-01-23,0.0046946817992705,0.0001876984126984,1.053329505203269,0.0,0.0,,0.8436141782432626,1.0046946817992706,0.8475746783714678,0.0,0.8475746783714678,0.0034288466978139812,0.8511735680750382
265,2023-01-24,0.0010859436854498,0.0001873015873015,1.0544733617281423,0.0,0.0,,0.8475746783714678,1.0010859436854498,0.8484950967413925,0.0,0.8484950967413925,0.0034288466978139812,0.8520978946365111
266,2023-01-25,0.0034572819220622,0.0001873015873015,1.0581189734189411,0.0,0.0,,0.8484950967413925,1.0034572819220622,0.8514285835003149,0.0,0.8514285835003149,0.0034288466978139812,0.8550438372834651
267,2023-01-26,0.0008760958889705,0.0001869047619047,1.0590459871015954,0.0,0.0,,0.8514285835003149,1.0008760958889704,0.8521745165820714,0.0,0.8521745165820714,0.0034288466978139812,0.8557929376741988
268,2023-01-27,-0.000586870144386,0.0001876984126984,1.0590459871015954,-0.0005868701443859,0.0,,0.8521745165820714,0.999413129855614,0.8516744008004828,0.0,0.8516744008004828,0.0034288466978139812,0.8552906983493014
269,2023-01-30,-0.0067431473168799,0.0001873015873015,1.0590459871015954,-0.0073260601094264,0.0,,0.8516744008004828,0.9932568526831201,0.8459314348498698,0.0,0.8459314348498698,0.0034288466978139812,0.8495233471715748
270,2023-01-31,0.0104485386491222,0.0001865079365079,1.0622717690758048,0.0,0.0,,0.8459314348498698,1.0104485386491222,0.854770182141406,0.0,0.854770182141406,0.0034288466978139812,0.8583996246978287
271,2023-02-01,0.0100347585026287,0.0001849206349206,1.0729314097426408,0.0,0.0,,0.854770182141406,1.0100347585026288,0.863347594494443,0.0,0.863347594494443,0.0034288466978139812,0.8670134576304186
272,2023-02-02,0.0019758951066852,0.0001849206349206,1.0750514096649602,0.0,0.0,,0.863347594494443,1.0019758951066853,0.8650534787817731,0.0,0.8650534787817731,0.0034288466978139812,0.8687265852787808
273,2023-02-03,-0.0118623628218739,0.0001865079365079,1.0750514096649602,-0.0118623628218739,0.0,,0.8650534787817731,0.9881376371781261,0.8547919005561395,0.0,0.8547919005561395,0.0034288466978139812,0.8584214353311963
274,2023-02-06,-0.0071964624632917,0.0001869047619047,1.0750514096649602,-0.018973458236392,0.0,,0.8547919005561395,0.9928035375367082,0.8486404227298614,0.0,0.8486404227298614,0.0034288466978139812,0.8522438376941504
275,2023-02-07,0.0038728454483977,0.0001869047619047,1.0750514096649602,-0.0151740940593653,0.0,,0.8486404227298614,1.0038728454483976,0.8519270759283569,0.0,0.8519270759283569,0.0034288466978139812,0.8555444463618892
276,2023-02-08,-0.0049176684777441,0.0001873015873015,1.0750514096649602,-0.0200171413730754,0.0,,0.8519270759283569,0.9950823315222559,0.8477375810017274,0.0,0.8477375810017274,0.0034288466978139812,0.8513371624067063
277,2023-02-09,-0.0064883039458091,0.0001892857142857,1.0750514096649602,-0.0263755680215298,0.0,,0.8477375810017274,0.9935116960541909,0.8422372019099031,0.0,0.8422372019099031,0.0034288466978139812,0.845813428136649
278,2023-02-10,8.937457252211503e-05,0.0001900793650793,1.0750514096649602,-0.0262885507541246,0.0,,0.8422372019099031,1.0000893745725221,0.842312476499786,0.0,0.842312476499786,0.0034288466978139812,0.8458890223502221
279,2023-02-13,0.0060085814202754,0.000190873015873,1.0750514096649602,-0.0204379262314763,0.0,,0.842312476499786,1.0060085814202755,0.8473735795961489,0.0,0.8473735795961489,0.0034288466978139812,0.8509716154135306
280,2023-02-14,-0.0014459758168767,0.0001904761904761,1.0750514096649602,-0.0218543493012752,0.0,,0.8473735795961489,0.9985540241831233,0.8461482978921927,0.0,0.8461482978921927,0.0034288466978139812,0.849741131036794
281,2023-02-15,-0.0008524786779877,0.0001900793650793,1.0750514096649602,-0.0226881976124623,0.0,,0.8461482978921927,0.9991475213220123,0.8454269745098241,0.0,0.8454269745098241,0.0034288466978139812,0.849016744840776
282,2023-02-16,-0.0061504247877412,0.0001920634920634,1.0750514096649602,-0.0286990803472187,0.0,,0.8454269745098241,0.9938495752122588,0.8402272394895738,0.0,0.8402272394895738,0.0034288466978139812,0.8437949312080999
283,2023-02-17,0.0020351288406715,0.0001920634920634,1.0750514096649602,-0.0267223578326627,0.0,,0.8402272394895738,1.0020351288406715,0.8419372101773768,0.0,0.8419372101773768,0.0034288466978139812,0.8455121626082139
284,2023-02-21,-0.0149773582889067,0.000192857142857,1.0750514096649602,-0.0412994857939854,0.0,,0.8419372101773768,0.9850226417110933,0.8293272149237877,0.0,0.8293272149237877,0.0034288466978139812,0.8328486240112023
285,2023-02-22,-0.0010966215136045,0.0001920634920634,1.0750514096649602,-0.0423508174029674,0.0,,0.8293272149237877,0.9989033784863955,0.8284177568580846,0.0,0.8284177568580846,0.0034288466978139812,0.8319353042925357
286,2023-02-23,0.0041650299744991,0.0001920634920634,1.0750514096649602,-0.0383621798523962,0.0,,0.8284177568580846,1.004165029974499,0.8318681416468058,0.0,0.8318681416468058,0.0034288466978139812,0.8354003397717581
287,2023-02-24,-0.0091673371652328,0.000192857142857,1.0750514096649602,-0.0471778379805288,0.0,,0.8318681416468058,0.9908326628347672,0.8242421259153139,0.0,0.8242421259153139,0.0034288466978139812,0.8277419431891203
288,2023-02-27,0.0033677282798669,0.0001940476190476,1.0750514096649602,-0.0439689918398119,0.0,,0.8242421259153139,1.003367728279867,0.8270179494322165,0.0,0.8270179494322165,0.0034288466978139812,0.8305295531396304
289,2023-02-28,-0.0017567786898712,0.0001936507936507,1.0750514096649602,-0.0456485267418038,0.0,,0.8270179494322165,0.9982432213101288,0.825565061922513,0.0,0.825565061922513,0.0034288466978139812,0.8290704965193664
290,2023-03-01,-0.0004468852942839,0.0001944444444444,1.0750514096649602,-0.0460750123807811,0.0,,0.825565061922513,0.9995531147057161,0.8251961290368652,0.0,0.8251961290368652,0.0034288466978139812,0.8286999971065472
291,2023-03-02,0.0022301826854807,0.0001948412698412,1.0750514096649602,-0.0439475853901453,0.0,,0.8251961290368652,1.0022301826854807,0.8270364671559689,0.0,0.8270364671559689,0.0034288466978139812,0.8305481494915521
292,2023-03-03,0.01178545121727,0.0001948412698412,1.0750514096649602,-0.0326800762966077,0.0,,0.8270364671559689,1.01178545121727,0.8367834650945388,0.0,0.8367834650945388,0.0034288466978139812,0.8403365341909785
293,2023-03-06,-0.0046472027752692,0.0001956349206349,1.0750514096649602,-0.0371754081306154,0.0,,0.8367834650945388,0.9953527972247308,0.8328947626532521,0.0,0.8328947626532521,0.0034288466978139812,0.836431319917126
294,2023-03-07,-0.0112218293607441,0.0002,1.0750514096649602,-0.0479800614049018,0.0,,0.8328947626532521,0.9887781706392559,0.8235481597512999,0.0,0.8235481597512999,0.0034288466978139812,0.8270450303730341
295,2023-03-08,0.0009076893537668,0.0002007936507936,1.0750514096649602,-0.0471159230420653,0.0,,0.8235481597512999,1.0009076893537667,0.8242956856482203,0.0,0.8242956856482203,0.0034288466978139812,0.8277957303421895
296,2023-03-09,-0.0077114831169889,0.0002003968253968,1.0750514096649602,-0.054464072513974,0.0,,0.8242956856482203,0.9922885168830111,0.8179391433849373,0.0,0.8179391433849373,0.0034288466978139812,0.8214121975433402
297,2023-03-10,-0.0021473491376292,0.0001988095238095,1.0750514096649602,-0.0564944682724586,0.0,,0.8179391433849373,0.9978526508623708,0.8161827424707566,0.0,0.8161827424707566,0.0034288466978139812,0.8196483387693073
298,2023-03-13,-0.0003420110476365,0.0001932539682539,1.0750514096649602,-0.0568171575878156,0.0,,0.8161827424707566,0.9996579889523635,0.8159035989559413,0.0,0.8159035989559413,0.0034288466978139812,0.8193680099822712
299,2023-03-14,0.0057643579174363,0.0001936507936507,1.0750514096649602,-0.0513803141025669,0.0,,0.8159035989559413,1.0057643579174362,0.8206067593264478,0.0,0.8206067593264478,0.0034288466978139812,0.8240911404579065
300,2023-03-15,-0.0052820156837528,0.000188492063492,1.0750514096649602,-0.0563909381613938,0.0,,0.8206067593264478,0.9947179843162473,0.816272301553492,0.0,0.816272301553492,0.0034288466978139812,0.8197382781291661
301,2023-03-16,0.007545444210707,0.0001880952380952,1.0750514096649602,-0.0492709886285731,0.0,,0.816272301553492,1.007545444210707,0.8224314386656092,0.0,0.8224314386656092,0.0034288466978139812,0.8259235675741707
302,2023-03-17,-0.0030054490845596,0.000179365079365,1.0750514096649602,-0.0521283562654635,0.0,,0.8224314386656092,0.9969945509154404,0.8199596628511586,0.0,0.8199596628511586,0.0034288466978139812,0.8234412963440888
303,2023-03-20,0.0061106470283495,0.000190873015873,1.0750514096649602,-0.0463362472224202,0.0,,0.8199596628511586,1.0061106470283494,0.8249701469283265,0.0,0.8249701469283265,0.0034288466978139812,0.8284730554546141
304,2023-03-21,0.0046678637553062,0.0001896825396825,1.0750514096649602,-0.0418846747560804,0.0,,0.8249701469283265,1.0046678637553061,0.8288209951763829,0.0,0.8288209951763829,0.0034288466978139812,0.8323402548024185
305,2023-03-22,-0.0043146788059737,0.0001900793650793,1.0750514096649602,-0.046018634643589,0.0,,0.8288209951763829,0.9956853211940263,0.8252448987945493,0.0,0.8252448987945493,0.0034288466978139812,0.8287489739456637
306,2023-03-23,0.0020357844078072,0.0001876984126984,1.0750514096649602,-0.0440765342546577,0.0,,0.8252448987945493,1.0020357844078072,0.8269249194921376,0.0,0.8269249194921376,0.0034288466978139812,0.8304361281848085
307,2023-03-24,0.0021478470080434,0.0001880952380952,1.0750514096649602,-0.0420233568988381,0.0,,0.8269249194921376,1.0021478470080434,0.8287010277063454,0.0,0.8287010277063454,0.0034288466978139812,0.8322197779381013
308,2023-03-27,-0.0005318619209412,0.0001948412698412,1.0750514096649602,-0.0425328681964548,0.0,,0.8287010277063454,0.9994681380790588,0.8282602731858635,0.0,0.8282602731858635,0.0034288466978139812,0.8317771519283619
309,2023-03-28,0.0005739268005684,0.0001904761904761,1.0750514096649602,-0.0419833521488494,0.0,,0.8282602731858635,1.0005739268005684,0.828735633954491,0.0,0.828735633954491,0.0034288466978139812,0.8322545311279541
310,2023-03-29,0.0073951848946861,0.0001904761904761,1.0750514096649602,-0.0348986419058025,0.0,,0.828735633954491,1.007395184894686,0.8348642871963994,0.0,0.8348642871963994,0.0034288466978139812,0.8384092072650857
311,2023-03-30,0.0045763162875709,0.0001972222222222,1.0750514096649602,-0.0304820328415992,0.0,,0.8348642871963994,1.004576316287571,0.8386848902318076,0.0,0.8386848902318076,0.0034288466978139812,0.8422460329759424
312,2023-03-31,0.0078953040307429,0.0001924603174603,1.0750514096649602,-0.0228273937276157,0.0,,0.8386848902318076,1.0078953040307428,0.8453065624261779,0.0,0.8453065624261779,0.0034288466978139812,0.8488958214749747
313,2023-04-03,0.0051114863592104,0.0001944444444444,1.0750514096649602,-0.0178325892800601,0.0,,0.8453065624261779,1.0051114863592103,0.8496273353893702,0.0,0.8496273353893702,0.0034288466978139812,0.8532349408868348
314,2023-04-04,-0.0008628950361127,0.0001936507936507,1.0750514096649602,-0.0186800966634019,0.0,,0.8496273353893702,0.9991371049638873,0.848894196179117,0.0,0.848894196179117,0.0034288466978139812,0.8524986886917056
315,2023-04-05,-0.001315658572456,0.000192857142857,1.0750514096649602,-0.0199711786065486,0.0,,0.848894196179117,0.998684341427544,0.8477773412528058,0.0,0.8477773412528058,0.0034288466978139812,0.8513770914839208
316,2023-04-06,2.414645470399913e-05,0.0001948412698412,1.0750514096649602,-0.0199475143850041,0.0,,0.8477773412528058,1.000024146454704,0.8477978120699754,0.0,0.8477978120699754,0.0034288466978139812,0.8513976492222963
317,2023-04-10,-0.0001770564007674,0.0002015873015873,1.0750514096649602,-0.0201210389506704,0.0,,0.8477978120699754,0.9998229435992326,0.8476477040407918,0.0,0.8476477040407918,0.0034288466978139812,0.8512469038189032
318,2023-04-11,0.0035456900850426,0.0002,1.0750514096649602,-0.0166466918339357,0.0,,0.8476477040407918,1.0035456900850426,0.8506532001006184,0.0,0.8506532001006184,0.0034288466978139812,0.8542651615256973
319,2023-04-12,-0.00050523300867,0.0001992063492062,1.0750514096649602,-0.0171435143844062,0.0,,0.8506532001006184,0.99949476699133,0.8502234220249968,0.0,0.8502234220249968,0.0034288466978139812,0.8538335585679376
320,2023-04-13,0.0077930062538855,0.0002023809523808,1.0750514096649602,-0.0094841076453318,0.0,,0.8502234220249968,1.0077930062538856,0.8568492184700376,0.0,0.8568492184700376,0.0034288466978139812,0.860487488829635
321,2023-04-14,-0.0066966657708134,0.0002039682539682,1.0750514096649602,-0.0161172615171099,0.0,,0.8568492184700376,0.9933033342291866,0.8511111856379611,0.0,0.8511111856379611,0.0034288466978139812,0.8547250917169764
322,2023-04-17,0.0004582359018732,0.000206746031746,1.0750514096649602,-0.0156664111231037,0.0,,0.8511111856379611,1.0004582359018732,0.8515011953397063,0.0,0.8515011953397063,0.0034288466978139812,0.855116757440233
323,2023-04-18,0.0013804072245866,0.0002063492063492,1.0750514096649602,-0.0143076299256146,0.0,,0.8515011953397063,1.0013804072245867,0.8526766137414974,0.0,0.8526766137414974,0.0034288466978139812,0.8562971667900686
324,2023-04-19,-0.0031778122347115,0.0002047619047619,1.0750514096649602,-0.0174399751988988,0.0,,0.8526766137414974,0.9968221877652885,0.8499669675660974,0.0,0.8499669675660974,0.0034288466978139812,0.8535760151768943
325,2023-04-20,-0.0005146653705137,0.0002031746031746,1.0750514096649602,-0.0179456648181151,0.0,,0.8499669675660974,0.9994853346294863,0.8495295190018105,0.0,0.8495295190018105,0.0034288466978139812,0.8531367091607815
326,2023-04-21,-0.0006040252499686,0.0002039682539682,1.0750514096649602,-0.018538850433406,0.0,,0.8495295190018105,0.9993959747500314,0.8490163817217398,0.0,0.8490163817217398,0.0034288466978139812,0.8526213930467733
327,2023-04-24,0.0022333569594766,0.0002063492063492,1.0750514096649602,-0.0163468973445656,0.0,,0.8490163817217398,1.0022333569594766,0.8509125383665677,0.0,0.8509125383665677,0.0034288466978139812,0.854525600968733
328,2023-04-25,-0.0066853625708189,0.0002031746031746,1.0750514096649602,-0.0229229749797282,0.0,,0.8509125383665677,0.9933146374291811,0.8452238795315313,0.0,0.8452238795315313,0.0034288466978139812,0.84881278750021
329,2023-04-26,-0.0060673046326735,0.0002047619047619,1.0750514096649602,-0.0288511989401126,0.0,,0.8452238795315313,0.9939326953673265,0.8400956487716035,0.0,0.8400956487716035,0.0034288466978139812,0.8436627817423374
330,2023-04-27,0.0063146781951926,0.0002055555555554,1.0750514096649602,-0.0227187067817723,0.0,,0.8400956487716035,1.0063146781951926,0.8454005824467777,0.0,0.8454005824467777,0.0034288466978139812,0.8489902407143013
331,2023-04-28,0.0057228715989689,0.0002023809523808,1.0750514096649602,-0.01712585142461,0.0,,0.8454005824467777,1.005722871598969,0.8502387014298143,0.0,0.8502387014298143,0.0034288466978139812,0.853848902850687
332,2023-05-01,-0.0048114349258089,0.0002091269841269,1.0750514096649602,-0.0218548864307404,0.0,,0.8502387014298143,0.9951885650741911,0.8461478332464805,0.0,0.8461478332464805,0.0034288466978139812,0.8497406644181477
333,2023-05-02,-0.0016033374727175,0.0002079365079365,1.0750514096649602,-0.0234231831450816,0.0,,0.8461478332464805,0.9983966625272825,0.8447911727179777,0.0,0.8447911727179777,0.0034288466978139812,0.8483782433687941
334,2023-05-03,0.0017037800055973,0.00020873015873,1.0750514096649602,-0.0217593110905943,0.0,,0.8447911727179777,1.0017037800055972,0.8462305110269596,0.0,0.8462305110269596,0.0034288466978139812,0.8498236932570296
335,2023-05-04,-0.0038163573470063,0.00020873015873,1.0750514096649602,-0.0254926271308544,0.0,,0.8462305110269596,0.9961836426529938,0.8430009929989409,0.0,0.8430009929989409,0.0034288466978139812,0.846580462361608
336,2023-05-05,0.0065311517237478,0.00020873015873,1.0750514096649602,-0.019127971622735,0.0,,0.8430009929989409,1.0065311517237479,0.8485067603874871,0.0,0.8485067603874871,0.0034288466978139812,0.8521096078076522
337,2023-05-08,-0.002377504047818,0.0002107142857142,1.0750514096649602,-0.0214599988405934,0.0,,0.8485067603874871,0.997622495952182,0.8464894321300649,0.0,0.8464894321300649,0.0034288466978139812,0.8500837137659049
338,2023-05-09,-0.0011619779050317,0.0002099206349206,1.0750514096649602,-0.0225970407011304,0.0,,0.8464894321300649,0.9988380220949683,0.8455058301130869,0.0,0.8455058301130869,0.0034288466978139812,0.8490959352730816
339,2023-05-10,0.0024809420045019,0.0002079365079365,1.0750514096649602,-0.0201721606440812,0.0,,0.8455058301130869,1.002480942004502,0.8476034810420657,0.0,0.8476034810420657,0.0034288466978139812,0.8512024930447525
340,2023-05-11,-0.0027629636695774,0.0002063492063492,1.0750514096649602,-0.0228793893666622,0.0,,0.8476034810420657,0.9972370363304226,0.8452615834177392,0.0,0.8452615834177392,0.0034288466978139812,0.848850651481016
341,2023-05-12,-0.0028034976645905,0.0002083333333333,1.0750514096649602,-0.025618744716596,0.0,,0.8452615834177392,0.9971965023354095,0.8428918945426594,0.0,0.8428918945426594,0.0034288466978139812,0.8464709006620028
342,2023-05-15,0.0034717543112404,0.000206746031746,1.0750514096649602,-0.0222359323927742,0.0,,0.8428918945426594,1.0034717543112404,0.8458182081114475,0.0,0.8458182081114475,0.0034288466978139812,0.8494096396607156
343,2023-05-16,-0.0096345688211518,0.0002075396825396,1.0750514096649602,-0.0316562675929854,0.0,,0.8458182081114475,0.9903654311788482,0.8376691143752145,0.0,0.8376691143752145,0.0034288466978139812,0.8412259440300546
344,2023-05-17,0.0059995012554326,0.00020873015873,1.0750514096649602,-0.0258466881547193,0.0,,0.8376691143752145,1.0059995012554326,0.8426947112785457,0.0,0.8426947112785457,0.0034288466978139812,0.8462728801373653
345,2023-05-18,-0.0010607146760261,0.0002107142857142,1.0750514096649602,-0.0268799868692931,0.0,,0.8426947112785457,0.9989392853239739,0.841800852630883,0.0,0.841800852630883,0.0034288466978139812,0.8453752260734807
346,2023-05-19,0.0008642087665239,0.0002099206349206,1.0750514096649602,-0.0260390080230656,0.0,,0.841800852630883,1.0008642087665238,0.8425283443073939,0.0,0.8425283443073939,0.0034288466978139812,0.8461058067548557
347,2023-05-22,0.0013621700679013,0.0002142857142857,1.0750514096649602,-0.024712307512491,0.0,,0.8425283443073939,1.0013621700679014,0.843676011199368,0.0,0.843676011199368,0.0034288466978139812,0.8472583467590947
348,2023-05-23,-0.0042316986725504,0.0002119047619047,1.0750514096649602,-0.0288394311461452,0.0,,0.843676011199368,0.9957683013274496,0.840105828542713,0.0,0.840105828542713,0.0034288466978139812,0.8436730047378069
349,2023-05-24,-0.0084813628452997,0.0002130952380952,1.0750514096649602,-0.0370761963116426,0.0,,0.840105828542713,0.9915186371547003,0.8329805861823911,0.0,0.8329805861823911,0.0034288466978139812,0.8365175078618413
350,2023-05-25,-0.0042133026582106,0.000213492063492,1.0750514096649602,-0.0411332857333771,0.0,,0.8329805861823911,0.9957866973417894,0.829470986864391,0.0,0.829470986864391,0.0034288466978139812,0.8329930064223273
351,2023-05-26,0.007187378414457,0.0002119047619047,1.0750514096649602,-0.0342415478089158,0.0,,0.829470986864391,1.007187378414457,0.8354327087307984,0.0,0.8354327087307984,0.0034288466978139812,0.8389800423760809
352,2023-05-30,0.0005887165726469,0.000220238095238,1.0750514096649602,-0.0336729898029369,0.0,,0.8354327087307984,1.0005887165726468,0.8359245418117595,0.0,0.8359245418117595,0.0034288466978139812,0.8394739638311478
353,2023-05-31,-0.0031755430444824,0.0002190476190476,1.0750514096649602,-0.0367416028188639,0.0,,0.8359245418117595,0.9968244569555176,0.833270027447297,0.0,0.833270027447297,0.0034288466978139812,0.8368081781242797
354,2023-06-01,0.007515049791859,0.0002182539682539,1.0750514096649602,-0.0295026680016213,0.0,,0.833270027447297,1.007515049791859,0.8395320931936271,0.0,0.8395320931936271,0.0034288466978139812,0.8430968332491184
355,2023-06-02,0.0077103283501699,0.0002182539682539,1.0750514096649602,-0.0220198149089501,0.0,,0.8395320931936271,1.0077103283501698,0.8460051612926553,0.0,0.8460051612926553,0.0034288466978139812,0.8495973866644575
356,2023-06-05,-0.0032903985162599,0.0002166666666666,1.0750514096649602,-0.0252377594589053,0.0,,0.8460051612926553,0.9967096014837401,0.8432214671651898,0.0,0.8432214671651898,0.0034288466978139812,0.8468018726839583
357,2023-06-06,0.0070820365578408,0.000215873015873,1.0750514096649602,-0.0183344576361905,0.0,,0.8432214671651898,1.0070820365578408,0.8491931924220097,0.0,0.8491931924220097,0.0034288466978139812,0.8527989545035541
358,2023-06-07,-0.0007609761976148,0.0002150793650793,1.0750514096649602,-0.0190814817479481,0.0,,0.8491931924220097,0.9992390238023852,0.8485469766154,0.0,0.8485469766154,0.0034288466978139812,0.8521499947978262
359,2023-06-08,0.0056147307618311,0.000213492063492,1.0750514096649602,-0.0135738883686684,0.0,,0.8485469766154,1.005614730761831,0.8533113394278612,0.0,0.8533113394278612,0.0034288466978139812,0.8569345875873117
360,2023-06-09,-0.002731827620456,0.0002130952380952,1.0750514096649602,-0.0162686344659619,0.0,,0.8533113394278612,0.997268172379544,0.8509802399419639,0.0,0.8509802399419639,0.0034288466978139812,0.8545935900120166
361,2023-06-12,0.0038048171793234,0.0002142857142857,1.0750514096649602,-0.0125257164665387,0.0,,0.8509802399419639,1.0038048171793235,0.8542180641781599,0.0,0.8542180641781599,0.0034288466978139812,0.857845162384634
362,2023-06-13,0.0026133918081091,0.0002126984126984,1.0750514096649602,-0.009945059263234,0.0,,0.8542180641781599,1.002613391808109,0.8564504706694219,0.0,0.8564504706694219,0.0034288466978139812,0.860087047904636
363,2023-06-14,-0.0009649528637563,0.0002126984126984,1.0750514096649602,-0.0109004156135741,0.0,,0.8564504706694219,0.9990350471362437,0.855624036335084,0.0,0.855624036335084,0.0034288466978139812,0.8592571044446807
364,2023-06-15,0.0093095456616534,0.0002115079365079,1.0750514096649602,-0.0016923478688062,0.0,,0.855624036335084,1.0093095456616534,0.8635895073705536,0.0,0.8635895073705536,0.0034288466978139812,0.8672563976936086
365,2023-06-16,-0.0026513995492349,0.0002119047619047,1.0750514096649602,-0.0043392603276646,0.0,,0.8635895073705536,0.9973486004507651,0.8612997865399874,0.0,0.8612997865399874,0.0034288466978139812,0.8649569544716926
366,2023-06-20,-0.0057455308722364,0.0002138888888888,1.0750514096649602,-0.0100598598457256,0.0,,0.8612997865399874,0.9942544691277636,0.8563511620261713,0.0,0.8563511620261713,0.0034288466978139812,0.85998731758662
367,2023-06-21,-0.0014088512505664,0.0002142857142857,1.0750514096649602,-0.0114545382501679,0.0,,0.8563511620261713,0.9985911487494336,0.8551446906206267,0.0,0.8551446906206267,0.0034288466978139812,0.8587757233787667
368,2023-06-22,-0.0051923765834692,0.0002142857142857,1.0750514096649602,-0.0165874385574525,0.0,,0.8551446906206267,0.9948076234165308,0.8507044573535701,0.0,0.8507044573535701,0.0034288466978139812,0.854316636422243
369,2023-06-23,-0.005300822218804,0.0002146825396825,1.0750514096649602,-0.0218003337133981,0.0,,0.8507044573535701,0.994699177781196,0.8461950242643947,0.0,0.8461950242643947,0.0034288466978139812,0.8497880558140021
370,2023-06-26,0.0014721736451259,0.0002182539682539,1.0750514096649602,-0.02036025394502,0.0,,0.8461950242643947,1.001472173645126,0.8474407702777536,0.0,0.8474407702777536,0.0034288466978139812,0.8510390913937143
371,2023-06-27,0.0049358638526357,0.000215873015873,1.0750514096649602,-0.0155248855338621,0.0,,0.8474407702777536,1.0049358638526358,0.8516236225430174,0.0,0.8516236225430174,0.0034288466978139812,0.8552397044821045
372,2023-06-28,0.0010978308406352,0.000215873015873,1.0750514096649602,-0.0144440983913632,0.0,,0.8516236225430174,1.0010978308406353,0.8525585612204587,0.0,0.8525585612204587,0.0034288466978139812,0.8561786130058208
373,2023-06-29,0.000425026404824,0.0002166666666666,1.0750514096649602,-0.0140252111097495,0.0,,0.8525585612204587,1.000425026404824,0.8529209211206361,0.0,0.8529209211206361,0.0034288466978139812,0.8565425115235938
374,2023-06-30,0.0072168280914523,0.0002154761904761,1.0750514096649602,-0.0069096005558224,0.0,,0.8529209211206361,1.0072168280914524,0.859076304783967,0.0,0.859076304783967,0.0034288466978139812,0.8627240315822805
375,2023-07-03,0.0005119192344373,0.000215873015873,1.0750514096649602,-0.0064012184788119,0.0,,0.859076304783967,1.0005119192344374,0.8595160824682353,0.0,0.8595160824682353,0.0034288466978139812,0.8631656766080589
376,2023-07-05,-0.0063529660157166,0.000215873015873,1.0750514096649602,-0.0127135177710735,0.0,,0.8595160824682353,0.9936470339842834,0.8540556060063528,0.0,0.8540556060063528,0.0034288466978139812,0.8576820143986348
377,2023-07-06,-0.0099897677489999,0.0002166666666666,1.0750514096649602,-0.0225762804302677,0.0,,0.8540556060063528,0.990010232251,0.8455237888576179,0.0,0.8455237888576179,0.0034288466978139812,0.849113970272298
378,2023-07-07,0.0033434271098366,0.0002166666666666,1.0750514096649602,-0.0193083354684607,0.0,,0.8455237888576179,1.0033434271098367,0.8483507360152963,0.0,0.8483507360152963,0.0034288466978139812,0.8519529209398474
379,2023-07-10,0.0056544400940539,0.0002174603174603,1.0750514096649602,-0.0137630732006291,0.0,,0.8483507360152963,1.005654440094054,0.8531476844308413,0.0,0.8531476844308413,0.0034288466978139812,0.8567702376942561
380,2023-07-11,0.006880249631455,0.0002178571428571,1.0750514096649602,-0.0069775169484904,0.0,,0.8531476844308413,1.006880249631455,0.8590175534722233,0.0,0.8590175534722233,0.0034288466978139812,0.8626650308063937
381,2023-07-12,0.0097728370070081,0.0002170634920634,1.0779832145326622,0.0,0.0,,0.8590175534722233,1.009772837007008,0.8674125920084662,0.0,0.8674125920084662,0.0034288466978139812,0.8710957155441104
382,2023-07-13,0.0068382111968685,0.0002170634920634,1.0853546914203158,0.0,0.0,,0.8674125920084662,1.0068382111968686,0.8733441425074433,0.0,0.8733441425074433,0.0034288466978139812,0.8770524520196883
383,2023-07-14,-0.006104920844397,0.0002178571428571,1.0853546914203158,-0.0061049208443971,0.0,,0.8733441425074433,0.993895079155603,0.8680124456475177,0.0,0.8680124456475177,0.0034288466978139812,0.8716981162237237
384,2023-07-17,0.0021335042099053,0.0002178571428571,1.0853546914203158,-0.0039844415088146,0.0,,0.8680124456475177,1.0021335042099053,0.8698643538545568,0.0,0.8698643538545568,0.0034288466978139812,0.8735578878244535
385,2023-07-18,0.0066602415715473,0.0002178571428571,1.0882300811420085,0.0,0.0,,0.8698643538545568,1.0066602415715473,0.8756578605857062,0.0,0.8756578605857062,0.0034288466978139812,0.8793759943840951
386,2023-07-19,0.0034753346984216,0.0002178571428571,1.0920120449028672,0.0,0.0,,0.8756578605857062,1.0034753346984215,0.8787010647325453,0.0,0.8787010647325453,0.0034288466978139812,0.882432120290337
387,2023-07-20,-0.0046043297754182,0.0002178571428571,1.0920120449028672,-0.0046043297754182,0.0,,0.8787010647325453,0.9953956702245818,0.8746552352565055,0.0,0.8746552352565055,0.0034288466978139812,0.8783691118040987
388,2023-07-21,0.0004095042218301,0.0002182539682539,1.0920120449028672,-0.0041967110460697,0.0,,0.8746552352565055,1.0004095042218302,0.8750134102679888,0.0,0.8750134102679888,0.0034288466978139812,0.8787288076637078
389,2023-07-24,-0.0002244533578125,0.0002186507936507,1.0920120449028672,-0.0044202224379963,0.0,,0.8750134102679888,0.9997755466421875,0.8748170105699232,0.0,0.8748170105699232,0.0034288466978139812,0.8785315740322209
390,2023-07-25,0.0007786258557767,0.0002186507936507,1.0920120449028672,-0.0036450382816981,0.0,,0.8748170105699232,1.0007786258557767,0.8754981657134262,0.0,0.8754981657134262,0.0034288466978139812,0.8792156214308786
391,2023-07-26,0.0036459070684785,0.0002186507936507,1.0920120449028672,-1.2420684055935992e-05,0.0,,0.8754981657134262,1.0036459070684784,0.8786901506642407,0.0,0.8786901506642407,0.0034288466978139812,0.8824211598797701
392,2023-07-27,-0.0090758326269339,0.0002186507936507,1.0920120449028672,-0.0090881405829401,0.0,,0.8786901506642407,0.9909241673730661,0.8707153059258768,0.0,0.8707153059258768,0.0034288466978139812,0.8744124531262364
393,2023-07-28,0.0068918981525226,0.0002190476190476,1.0920120449028672,-0.0022588769697109,0.0,,0.8707153059258768,1.0068918981525226,0.8767161871341604,0.0,0.8767161871341604,0.0034288466978139812,0.88043881469648
394,2023-07-31,0.0031433887118849,0.000220238095238,1.0929701885166765,0.0,0.0,,0.8767161871341604,1.0031433887118848,0.8794720469003247,0.0,0.8794720469003247,0.0034288466978139812,0.8832063761281024
395,2023-08-01,-0.007232874864485,0.0002198412698412,1.0929701885166765,-0.007232874864485,0.0,,0.8794720469003247,0.992767125135515,0.8731109356382821,0.0,0.8731109356382821,0.0034288466978139812,0.8768182549300525
396,2023-08-02,-0.008954763107248,0.0002194444444444,1.0929701885166765,-0.0161228692907373,0.0,,0.8731109356382821,0.991045236892752,0.8652924340432937,0.0,0.8652924340432937,0.0034288466978139812,0.8689665551690433
397,2023-08-03,-0.004114141801562,0.0002198412698412,1.0929701885166765,-0.0201706793217891,0.0,,0.8652924340432937,0.995885858198438,0.8617324982698209,0.0,0.8617324982698209,0.0034288466978139812,0.8653915035402631
398,2023-08-04,0.0027913122514407,0.0002198412698412,1.0929701885166765,-0.0174356697346592,0.0,,0.8617324982698209,1.0027913122514407,0.864137862749706,0.0,0.864137862749706,0.0034288466978139812,0.8678070814463876
399,2023-08-07,0.0029383500516144,0.0002206349206349,1.0929701885166765,-0.0145485517841096,0.0,,0.864137862749706,1.0029383500516145,0.8666770022833187,0.0,0.8666770022833187,0.0034288466978139812,0.870357002428947
400,2023-08-08,-0.0026479731594496,0.0002210317460317,1.0929701885166765,-0.0171580007689261,0.0,,0.8666770022833187,0.9973520268405504,0.8643820648433602,0.0,0.8643820648433602,0.0034288466978139812,0.8680523204473761
401,2023-08-09,-0.0025594186043914,0.000220238095238,1.0929701885166765,-0.0196735048669356,0.0,,0.8643820648433602,0.9974405813956086,0.8621697493052979,0.0,0.8621697493052979,0.0034288466978139812,0.865830611188838
402,2023-08-10,-0.0027559748590738,0.0002198412698412,1.0929701885166765,-0.0223752600412063,0.0,,0.8621697493052979,0.9972440251409262,0.8597936311519586,0.0,0.8597936311519586,0.0034288466978139812,0.863444403792185
403,2023-08-11,-0.0014979031895956,0.0002198412698412,1.0929701885166765,-0.0238396472574182,0.0,,0.8597936311519586,0.9985020968104044,0.8585057435294621,0.0,0.8585057435294621,0.0034288466978139812,0.8621510476657062
404,2023-08-14,-0.0009762859539075,0.0002206349206349,1.0929701885166765,-0.0247926588985621,0.0,,0.8585057435294621,0.9990237140460925,0.8576675964307053,0.0,0.8576675964307053,0.0034288466978139812,0.8613093417077234
405,2023-08-15,-0.0084646606533845,0.0002206349206349,1.0929701885166765,-0.0330474581076752,0.0,,0.8576675964307053,0.9915353393466155,0.8504077312735155,0.0,0.8504077312735155,0.0034288466978139812,0.8540186504125775
406,2023-08-16,-0.0068302478616343,0.0002206349206349,1.0929701885166765,-0.0396519836392373,0.0,,0.8504077312735155,0.9931697521383657,0.8445992356854674,0.0,0.8445992356854674,0.0034288466978139812,0.8481854913518012
407,2023-08-17,-0.0053581416467673,0.0002206349206349,1.0929701885166765,-0.0447976643410903,0.0,,0.8445992356854674,0.9946418583532327,0.8400737533459133,0.0,0.8400737533459133,0.0034288466978139812,0.8436407933464053
408,2023-08-18,0.0025014067446144,0.000220238095238,1.0929701885166765,-0.0424083147762018,0.0,,0.8400737533459133,1.0025014067446143,0.8421751194985062,0.0,0.8421751194985062,0.0034288466978139812,0.8457510821169137
409,2023-08-21,-0.0003020534372381,0.0002210317460317,1.0929701885166765,-0.0426975586361944,0.0,,0.8421751194985062,0.9996979465627619,0.8419207376089053,0.0,0.8419207376089053,0.0034288466978139812,0.8454956200955124
410,2023-08-22,-0.0007902879328486,0.0002210317460317,1.0929701885166765,-0.0434541032036909,0.0,,0.8419207376089053,0.9992097120671514,0.841255377809558,0.0,0.841255377809558,0.0034288466978139812,0.8448274351096745
411,2023-08-23,0.0102248192616311,0.0002210317460317,1.0929701885166765,-0.0336735942934935,0.0,,0.841255377809558,1.010224819261631,0.8498570620005358,0.0,0.8498570620005358,0.0034288466978139812,0.8534656429409384
412,2023-08-24,-0.0075750830407741,0.0002214285714285,1.0929701885166765,-0.0409935970612131,0.0,,0.8498570620005358,0.9924249169592259,0.8434193241830934,0.0,0.8434193241830934,0.0034288466978139812,0.8470005698232131
413,2023-08-25,0.0027048561309116,0.000222619047619,1.0929701885166765,-0.0383996227126408,0.0,,0.8434193241830934,1.0027048561309115,0.8457006521130394,0.0,0.8457006521130394,0.0034288466978139812,0.8492915845073851
414,2023-08-28,0.0057872416856529,0.0002214285714285,1.0929701885166765,-0.0328346089242638,0.0,,0.8457006521130394,1.0057872416856528,0.8505949261805317,0.0,0.8505949261805317,0.0034288466978139812,0.8542066401685205
415,2023-08-29,0.0103914206266713,0.0002206349206349,1.0929701885166765,-0.0227843865300366,0.0,,0.8505949261805317,1.0103914206266713,0.859433815841386,0.0,0.859433815841386,0.0034288466978139812,0.8630830606686073
416,2023-08-30,0.0010007225321273,0.0002206349206349,1.0929701885166765,-0.0218064648468906,0.0,,0.859433815841386,1.0010007225321274,0.8602938706257707,0.0,0.8602938706257707,0.0034288466978139812,0.8639467673345158
417,2023-08-31,-0.0011057206948967,0.0002206349206349,1.0929701885166765,-0.0228880736823235,0.0,,0.8602938706257707,0.9988942793051033,0.859342625889327,0.0,0.859342625889327,0.0034288466978139812,0.8629914835145849
418,2023-09-01,0.0010369924173617,0.0002194444444444,1.0929701885166765,-0.0218748160238183,0.0,,0.859342625889327,1.0010369924173617,0.8602337576762898,0.0,0.8602337576762898,0.0034288466978139812,0.8638863991392374
419,2023-09-05,-0.0096006366111064,0.000220238095238,1.0929701885166765,-0.0312654404753451,0.0,,0.8602337576762898,0.9903993633888936,0.8519749659682332,0.0,0.8519749659682332,0.0034288466978139812,0.8555925397478243
420,2023-09-06,-0.0027603824861493,0.000220238095238,1.0929701885166765,-0.0339395183871846,0.0,,0.8519749659682332,0.9972396175138507,0.8496231891935369,0.0,0.8496231891935369,0.0034288466978139812,0.8532307770858244
421,2023-09-07,-0.0009318245349185,0.0002194444444444,1.0929701885166765,-0.0348397172461668,0.0,,0.8496231891935369,0.9990681754650815,0.8488314894604106,0.0,0.8488314894604106,0.0034288466978139812,0.8524357157137882
422,2023-09-08,0.0005013020229597,0.000220238095238,1.0929701885166765,-0.0343558804439417,0.0,,0.8488314894604106,1.0005013020229596,0.849257010403229,0.0,0.849257010403229,0.0034288466978139812,0.8528630434625187
423,2023-09-11,0.0024583565018157,0.000220238095238,1.0929701885166765,-0.031981982944191,0.0,,0.849257010403229,1.0024583565018157,0.8513447868964663,0.0,0.8513447868964663,0.0034288466978139812,0.8549596848705732
424,2023-09-12,-0.0020010052947287,0.0002206349206349,1.0929701885166765,-0.0339189921217124,0.0,,0.8513447868964663,0.9979989947052713,0.8496412414702468,0.0,0.8496412414702468,0.0034288466978139812,0.8532489060143675
425,2023-09-13,-0.0013073821969378,0.000220238095238,1.0929701885166765,-0.0351820292322122,0.0,,0.8496412414702468,0.9986926178030622,0.8485304356373644,0.0,0.8485304356373644,0.0034288466978139812,0.8521333835850877
426,2023-09-14,0.005979363197213,0.000220238095238,1.0929701885166765,-0.0294130321657933,0.0,,0.8485304356373644,1.005979363197213,0.8536041072959295,0.0,0.8536041072959295,0.0034288466978139812,0.8572285985780131
427,2023-09-15,-0.0037004982510524,0.0002206349206349,1.0929701885166765,-0.0330046875427582,0.0,,0.8536041072959295,0.9962995017489475,0.8504453467897898,0.0,0.8504453467897898,0.0034288466978139812,0.854056425648223
428,2023-09-18,-0.0001561565099279,0.000220238095238,1.0929701885166765,-0.0331556901558682,0.0,,0.8504453467897898,0.999843843490072,0.8503125442125506,0.0,0.8503125442125506,0.0034288466978139812,0.8539230591775123
429,2023-09-19,-0.0016971224372853,0.0002198412698412,1.0929701885166765,-0.0347965433274664,0.0,,0.8503125442125506,0.9983028775627147,0.8488694597150624,0.0,0.8488694597150624,0.0034288466978139812,0.8524738471940668
430,2023-09-20,-0.0029746081463078,0.0002206349206349,1.0929701885166765,-0.037667645392529,0.0,,0.8488694597150624,0.9970253918536922,0.8463444057050421,0.0,0.8463444057050421,0.0034288466978139812,0.8499380715436889
431,2023-09-21,-0.0118130347462089,0.0002210317460317,1.0929701885166765,-0.0490357109349082,0.0,,0.8463444057050421,0.9881869652537911,0.8363465098331889,0.0,0.8363465098331889,0.0034288466978139812,0.8398977235724175
432,2023-09-22,0.0012031482598534,0.0002206349206349,1.0929701885166765,-0.047891559905337,0.0,,0.8363465098331889,1.0012031482598533,0.8373527586811291,0.0,0.8373527586811291,0.0034288466978139812,0.8409082450569885
433,2023-09-25,-0.0026848421258586,0.0002214285714285,1.0929701885166765,-0.0504478207536888,0.0,,0.8373527586811291,0.9973151578741414,0.8351045987204181,0.0,0.8351045987204181,0.0034288466978139812,0.8386505391766775
434,2023-09-26,-0.0090059297687424,0.0002214285714285,1.0929701885166765,-0.0589994209917374,0.0,,0.8351045987204181,0.9909940702312576,0.8275837053547882,0.0,0.8275837053547882,0.0034288466978139812,0.8310977113203344
435,2023-09-27,-0.0019250386290062,0.0002214285714285,1.0929701885166765,-0.0608108834562456,0.0,,0.8275837053547882,0.9980749613709938,0.8259905747532442,0.0,0.8259905747532442,0.0034288466978139812,0.829497816121564
436,2023-09-28,0.0036692898904498,0.0002206349206349,1.0929701885166765,-0.0573647263256913,0.0,,0.8259905747532442,1.0036692898904498,0.8290213736187931,0.0,0.8290213736187931,0.0034288466978139812,0.832541484072409
437,2023-09-29,-0.0038466212071419,0.000220238095238,1.0929701885166765,-0.0609906871600071,0.0,,0.8290213736187931,0.9961533787928581,0.8258324424218572,0.0,0.8258324424218572,0.0034288466978139812,0.8293390123439507
438,2023-10-02,-0.0100783366957506,0.0002230158730158,1.0929701885166765,-0.0704543391752539,0.0,,0.8258324424218572,0.9899216633042494,0.8175094250128556,0.0,0.8175094250128556,0.0034288466978139812,0.820980654542627
439,2023-10-03,-0.0102012911750011,0.0002230158730158,1.0929701885166765,-0.079936905121786,0.0,,0.8175094250128556,0.9897987088249989,0.8091697733299917,0.0,0.8091697733299917,0.0034288466978139812,0.8126055918365946
440,2023-10-04,0.0035944113842041,0.000222619047619,1.0929701885166765,-0.0766298198593697,0.0,,0.8091697733299917,1.0035944113842041,0.8120782623750029,0.0,0.8120782623750029,0.0034288466978139812,0.81552643062676
441,2023-10-05,0.0007846653983304,0.000222619047619,1.0929701885166765,-0.0759052832291631,0.0,,0.8120782623750029,1.0007846653983303,0.8127154720882248,0.0,0.8127154720882248,0.0034288466978139812,0.8161663459982968
442,2023-10-06,0.0047755930526696,0.0002234126984126,1.0929701885166765,-0.0714921829197435,0.0,,0.8127154720882248,1.0047755930526696,0.8165966704505264,0.0,0.8165966704505264,0.0034288466978139812,0.8200640243300691
443,2023-10-09,0.0087592325094537,0.0002234126984126,1.0929701885166765,-0.0633591670630923,0.0,,0.8165966704505264,1.0087592325094537,0.8237494305534483,0.0,0.8237494305534483,0.0034288466978139812,0.8272471557918144
444,2023-10-10,0.0047952686181257,0.000222619047619,1.0929701885166765,-0.0588677226704548,0.0,,0.8237494305534483,1.0047952686181256,0.8276995303469801,0.0,0.8276995303469801,0.0034288466978139812,0.8312140281174167
445,2023-10-11,0.0038461297999479,0.000222619047619,1.0929701885166765,-0.0552480057729248,0.0,,0.8276995303469801,1.003846129799948,0.8308829701760505,0.0,0.8308829701760505,0.0034288466978139812,0.8344109851610939
446,2023-10-12,-0.0102149763346386,0.0002234126984126,1.0929701885166765,-0.064898625036057,0.0,,0.8308829701760505,0.9897850236653614,0.8223955202988479,0.0,0.8223955202988479,0.0034288466978139812,0.8258874966943108
447,2023-10-13,0.0030790431493524,0.0002230158730158,1.0929701885166765,-0.0620194075535242,0.0,,0.8223955202988479,1.0030790431493524,0.8249277115916821,0.0,0.8249277115916821,0.0034288466978139812,0.8284304399331432
448,2023-10-16,0.0035597308472441,0.000222619047619,1.0929701885166765,-0.0586804491044761,0.0,,0.8249277115916821,1.0035597308472441,0.8278642322133816,0.0,0.8278642322133816,0.0034288466978139812,0.8313794293249693
449,2023-10-17,0.0001550820132183,0.0002230158730158,1.0929701885166765,-0.0585344673734414,0.0,,0.8278642322133816,1.0001550820132183,0.8279926190651847,0.0,0.8279926190651847,0.0034288466978139812,0.8315083613206173
450,2023-10-18,-0.0082498497554907,0.000222619047619,1.0929701885166765,-0.0663014165675836,0.0,,0.8279926190651847,0.9917501502445093,0.8211618043592417,0.0,0.8211618043592417,0.0034288466978139812,0.8246485422692879
451,2023-10-19,-0.0060586918369307,0.0002222222222222,1.0929701885166765,-0.0719584085531793,0.0,,0.8211618043592417,0.9939413081630692,0.816186638038371,0.0,0.816186638038371,0.0034288466978139812,0.819652250877904
452,2023-10-20,-0.0040921474654884,0.0002214285714285,1.0929701885166765,-0.0757560915994863,0.0,,0.816186638038371,0.9959078525345116,0.8128466819561568,0.0,0.8128466819561568,0.0034288466978139812,0.8162981129968921
453,2023-10-23,-0.0016507206641024,0.0002214285714285,1.0929701885166765,-0.0772817601177539,0.0,,0.8128466819561568,0.9983492793358976,0.8115048991415047,0.0,0.8115048991415047,0.0034288466978139812,0.8149506328337004
454,2023-10-24,0.0055641815152742,0.0002214285714285,1.0929701885166765,-0.0721475883435946,0.0,,0.8115048991415047,1.0055641815152743,0.8160202597008623,0.0,0.8160202597008623,0.0034288466978139812,0.8194851660807747
455,2023-10-25,-0.0075291446029636,0.0002218253968253,1.0929701885166765,-0.0791335233211641,0.0,,0.8160202597008623,0.9924708553970364,0.8098763251666267,0.0,0.8098763251666267,0.0034288466978139812,0.813315143765369
456,2023-10-26,0.0003369946536712,0.0002218253968253,1.0929701885166765,-0.0788231962417781,0.0,,0.8098763251666267,1.000336994653671,0.8101492491583426,0.0,0.8101492491583426,0.0034288466978139812,0.8135892266205678
457,2023-10-27,-0.0030198385960258,0.0002218253968253,1.0929701885166765,-0.081605001507531,0.0,,0.8101492491583426,0.9969801614039742,0.8077027291871929,0.0,0.8077027291871929,0.0034288466978139812,0.8111323184727082
458,2023-10-30,0.0033147719526919,0.0002222222222222,1.0929701885166765,-0.0785607315250355,0.0,,0.8077027291871929,1.0033147719526918,0.8103800795400152,0.0,0.8103800795400152,0.0034288466978139812,0.8138210371319036
459,2023-10-31,0.0028234820932396,0.0002218253968253,1.0929701885166765,-0.0759590642504887,0.0,,0.8103800795400152,1.0028234820932396,0.8126681731833145,0.0,0.8126681731833145,0.0034288466978139812,0.8161188462573472
460,2023-11-01,0.0076765427189264,0.0002210317460317,1.0929701885166765,-0.0688656245331708,0.0,,0.8126681731833145,1.0076765427189265,0.8189066551310682,0.0,0.8189066551310682,0.0034288466978139812,0.8223838174443627
461,2023-11-02,0.0145398318200428,0.0002198412698412,1.0929701885166765,-0.0553270873120222,0.0,,0.8189066551310682,1.0145398318200427,0.8308134201729876,0.0,0.8308134201729876,0.0034288466978139812,0.8343411398415287
462,2023-11-03,0.0109081860419394,0.0002194444444444,1.0929701885166765,-0.0450224194316412,0.0,,0.8308134201729876,1.0109081860419393,0.8398760875263745,0.0,0.8398760875263745,0.0034288466978139812,0.8434422882173638
463,2023-11-06,-0.0056817180503274,0.0002206349206349,1.0929701885166765,-0.0504483327888145,0.0,,0.8398760875263745,0.9943182819496726,0.8351041483998376,0.0,0.8351041483998376,0.0034288466978139812,0.8386500869439897
464,2023-11-07,-0.0001665010665099,0.000220238095238,1.0929701885166765,-0.0506064341541114,0.0,,0.8351041483998376,0.99983349893349,0.8349651026684821,0.0,0.8349651026684821,0.0034288466978139812,0.8385104508100848
465,2023-11-08,-0.0029390425756106,0.0002198412698412,1.0929701885166765,-0.0533967422651433,0.0,,0.8349651026684821,0.9970609574243894,0.8325111046825904,0.0,0.8325111046825904,0.0034288466978139812,0.8360460328950595
466,2023-11-09,-0.0067369688786747,0.0002198412698412,1.0929701885166765,-0.0597739789529551,0.0,,0.8325111046825904,0.9932630311213253,0.8269025032791927,0.0,0.8269025032791927,0.0034288466978139812,0.830413616790306
467,2023-11-10,0.0050033323816169,0.0002194444444444,1.0929701885166765,-0.0550697156558115,0.0,,0.8269025032791927,1.005003332381617,0.8310397713502896,0.0,0.8310397713502896,0.0034288466978139812,0.8345684521293286
468,2023-11-13,0.0008133442921277,0.000220238095238,1.0929701885166765,-0.0543011620025815,0.0,,0.8310397713502896,1.0008133442921276,0.8317156928048485,0.0,0.8317156928048485,0.0034288466978139812,0.8352472436162578
469,2023-11-14,0.0226358432434506,0.0002190476190476,1.0929701885166765,-0.0328944713501586,0.0,,0.8317156928048485,1.0226358432434506,0.8505422788502969,0.0,0.8505422788502969,0.0034288466978139812,0.8541537692922796
470,2023-11-15,-0.0011919335680654,0.0002194444444444,1.0929701885166765,-0.0340471968936181,0.0,,0.8505422788502969,0.9988080664319346,0.8495284889570764,0.0,0.8495284889570764,0.0034288466978139812,0.8531356747423705
471,2023-11-16,0.0005016094347929,0.0002186507936507,1.0929701885166765,-0.0335626658540152,0.0,,0.8495284889570764,1.000501609434793,0.8499546204622627,0.0,0.8499546204622627,0.0034288466978139812,0.8535636156459797
472,2023-11-17,0.0056866515426041,0.0002182539682539,1.0929701885166765,-0.0280668734969636,0.0,,0.8499546204622627,1.0056866515426042,0.854788016215858,0.0,0.854788016215858,0.0034288466978139812,0.8584175344976037
473,2023-11-20,0.0032435085014395,0.0002198412698412,1.0929701885166765,-0.0249144001383205,0.0,,0.854788016215858,1.0032435085014395,0.8575605284133827,0.0,0.8575605284133827,0.0034288466978139812,0.8612018190685314
474,2023-11-21,-0.0014026285187292,0.0002194444444444,1.0929701885166765,-0.0262820830088886,0.0,,0.8575605284133827,0.9985973714812708,0.8563576895596936,0.0,0.8563576895596936,0.0034288466978139812,0.8599938728367243
475,2023-11-22,0.0027267668853537,0.0002198412698412,1.0929701885166765,-0.0236269812371618,0.0,,0.8563576895596936,1.0027267668853537,0.8586927773496029,0.0,0.8586927773496029,0.0034288466978139812,0.8623388756507826
476,2023-11-24,0.0022105556889173,0.0002198412698412,1.0929701885166765,-0.0214686543060301,0.0,,0.8586927773496029,1.0022105556889174,0.8605909655536054,0.0,0.8605909655536054,0.0034288466978139812,0.864245123758127
477,2023-11-27,0.0013557804799087,0.0002178571428571,1.0929701885166765,-0.0201419806085595,0.0,,0.8605909655536054,1.0013557804799087,0.8617577379858887,0.0,0.8617577379858887,0.0034288466978139812,0.8654168504267745
478,2023-11-28,0.0025172037932742,0.0002170634920634,1.0929701885166765,-0.0176754782852773,0.0,,0.8617577379858887,1.0025172037932741,0.8639269578328301,0.0,0.8639269578328301,0.0034288466978139812,0.8675952810054322
479,2023-11-29,0.0040889659129178,0.0002162698412698,1.0929701885166765,-0.0136587868005623,0.0,,0.8639269578328301,1.0040889659129177,0.8674595257146593,0.0,0.8674595257146593,0.0034288466978139812,0.8711428485356718
480,2023-11-30,0.0004001829835582,0.0002162698412698,1.0929701885166765,-0.0132640698310577,0.0,,0.8674595257146593,1.0004001829835583,0.8678066682557759,0.0,0.8678066682557759,0.0034288466978139812,0.8714914650799043
481,2023-12-01,0.0138055431758663,0.0002154761904761,1.0933618605656452,0.0,0.0,,0.8678066682557759,1.0138055431758664,0.8797872106826857,0.0,0.8797872106826857,0.0034288466978139812,0.8835228781284639
482,2023-12-04,-0.0046083556761765,0.0002166666666666,1.0933618605656452,-0.0046083556761764,0.0,,0.8797872106826857,0.9953916443238235,0.8757328382965087,0.0,0.8757328382965087,0.0034288466978139812,0.8794512904580087
483,2023-12-05,-0.0016865324232324,0.0002162698412698,1.0933618605656452,-0.0062871159581433,0.0,,0.8757328382965087,0.9983134675767676,0.8742558864706323,0.0,0.8742558864706323,0.0034288466978139812,0.8779680673419977
484,2023-12-06,0.0011541337170855,0.0002162698412698,1.0933618605656452,-0.0051402384135682,0.0,,0.8742558864706323,1.0011541337170855,0.8752648946665685,0.0,0.8752648946665685,0.0034288466978139812,0.8789813598910415
485,2023-12-07,0.0035950705934111,0.000215873015873,1.0933618605656452,-0.0015636473401209,0.0,,0.8752648946665685,1.0035950705934111,0.8784115337508294,0.0,0.8784115337508294,0.0034288466978139812,0.8821413599301423
486,2023-12-08,-0.0009913978566202,0.000215873015873,1.0933618605656452,-0.0025534950001196,0.0,,0.8784115337508294,0.9990086021433798,0.8775406784390384,0.0,0.8775406784390384,0.0034288466978139812,0.8812668068766715
487,2023-12-11,0.0013000350051344,0.0002170634920634,1.0933618605656452,-0.0012567796278708,0.0,,0.8775406784390384,1.0013000350051344,0.8786815120394386,0.0,0.8786815120394386,0.0034288466978139812,0.8824124845744742
488,2023-12-12,0.0015447788798005,0.0002166666666666,1.0936746252598817,0.0,0.0,,0.8786815120394386,1.0015447788798004,0.8800388806813082,0.0,0.8800388806813082,0.0034288466978139812,0.8837756167439172
489,2023-12-13,0.0186029433821995,0.000215873015873,1.1140201923921398,0.0,0.0,,0.8800388806813082,1.0186029433821995,0.8964101941527568,0.0,0.8964101941527568,0.0034288466978139812,0.900216444504773
490,2023-12-14,0.0108898607999752,0.0002154761904761,1.126151717215652,0.0,0.0,,0.8964101941527568,1.0108898607999752,0.9061719763867591,0.0,0.9061719763867591,0.0034288466978139812,0.9100196762752786
491,2023-12-15,-0.005928279377885,0.000215873015873,1.126151717215652,-0.0059282793778849,0.0,,0.9061719763867591,0.994071720622115,0.9007999357463281,0.0,0.9007999357463281,0.0034288466978139812,0.9046248253949464
492,2023-12-18,0.0007703406245562,0.0002166666666666,1.126151717215652,-0.0051625055477672,0.0,,0.9007999357463281,1.0007703406245563,0.9014938585314312,0.0,0.9014938585314312,0.0034288466978139812,0.90532169464793
493,2023-12-19,0.0071770558273437,0.0002154761904761,1.1283786807601184,0.0,0.0,,0.9014938585314312,1.0071770558273436,0.9079639302821186,0.0,0.9079639302821186,0.0034288466978139812,0.9118192389921236
494,2023-12-20,-0.0081674905053558,0.000215873015873,1.1283786807601184,-0.0081674905053559,0.0,,0.9079639302821186,0.9918325094946442,0.9005481435023339,0.0,0.9005481435023339,0.0034288466978139812,0.9043719640150548
495,2023-12-21,0.0084260057000473,0.0002150793650793,1.1285927295391958,0.0,0.0,,0.9005481435023339,1.0084260057000474,0.9081361672926517,0.0,0.9081361672926517,0.0034288466978139812,0.9119922073388086
496,2023-12-22,0.0028205845262079,0.000215873015873,1.1317760207285248,0.0,0.0,,0.9081361672926517,1.002820584526208,0.9106976421138071,0.0,0.9106976421138071,0.0034288466978139812,0.9145645584468508
497,2023-12-26,0.0059486048642544,0.0002162698412698,1.138508509070677,0.0,0.0,,0.9106976421138071,1.0059486048642543,0.9161150225375502,0.0,0.9161150225375502,0.0034288466978139812,0.9200049416279024
498,2023-12-27,0.004688235806042,0.000215873015873,1.1438461054283855,0.0,0.0,,0.9161150225375502,1.004688235806042,0.9204099857886637,0.0,0.9204099857886637,0.0034288466978139812,0.924318141736978
499,2023-12-28,-0.0023324988590884,0.0002162698412698,1.1438461054283855,-0.0023324988590883,0.0,,0.9204099857886637,0.9976675011409116,0.9182631305469181,0.0,0.9182631305469181,0.0034288466978139812,0.922162170725942
500,2023-12-29,-0.003779454095944,0.0002142857142857,1.1438461054283855,-0.0061031373826656,0.0,,0.9182631305469181,0.996220545904056,0.9147925971970181,0.0,0.9147925971970181,0.0034288466978139812,0.9186769011326672
501,2024-01-02,-0.0074689360812986,0.0002166666666666,0.9925310639187014,0.0,1.0,0.3159436943746719,0.9147925971970181,0.9925310639187014,0.9079600697609085,0.0021514819408870968,0.9058085878200214,0.005580328638701078,0.9118153620787416
502,2024-01-03,-0.0057189455506137,0.0002174603174603,0.9925310639187014,-0.0057189455506138,0.0,,0.9058085878200214,0.9942810544493863,0.9006283178270004,0.0,0.9006283178270004,0.005580328638701078,0.9066007396708
503,2024-01-04,-0.0025021047348638,0.0002174603174603,0.9925310639187014,-0.008206740884737,0.0,,0.9006283178270004,0.9974978952651362,0.8983748514486131,0.0,0.8983748514486131,0.005580328638701078,0.9043323296674388
504,2024-01-05,-0.0004704571699882,0.0002170634920634,0.9925310639187014,-0.0086733371346339,0.0,,0.8983748514486131,0.9995295428300118,0.897952204558412,0.0,0.897952204558412,0.005580328638701078,0.9039068800388944
505,2024-01-08,0.0085530295008578,0.0002178571428571,0.9925310639187014,-0.0001944909421595,0.0,,0.897952204558412,1.0085530295008578,0.9056324162543603,0.0,0.9056324162543603,0.005580328638701078,0.9116380222498957
506,2024-01-09,-0.0010503373093761,0.0002170634920634,0.9925310639187014,-0.0012446239704426,0.0,,0.9056324162543603,0.9989496626906239,0.904681196738988,0.0,0.904681196738988,0.005580328638701078,0.9106804948224806
507,2024-01-10,0.0024717677250144,0.0002166666666666,0.9937459887712422,0.0,0.0,,0.904681196738988,1.0024717677250143,0.9069173585225148,0.0,0.9069173585225148,0.005580328638701078,0.9129314854773828
508,2024-01-11,0.0026384349561457,0.0002166666666666,0.9963679229255458,0.0,0.0,,0.9069173585225148,1.0026384349561457,0.9093102009835758,0.0,0.9093102009835758,0.005580328638701078,0.9153401958212324
509,2024-01-12,0.0034094931276758,0.0002162698412698,0.999765032511397,0.0,0.0,,0.9093102009835758,1.0034094931276758,0.9124104878647549,0.0,0.9124104878647549,0.005580328638701078,0.9184610419283704
510,2024-01-16,-0.0075733010963888,0.0002162698412698,0.999765032511397,-0.0075733010963888,0.0,,0.9124104878647549,0.9924266989036112,0.9055005285166521,0.0,0.9055005285166521,0.005580328638701078,0.9115052599125436
511,2024-01-17,-0.0056336272021975,0.0002170634920634,0.999765032511397,-0.0131642631435194,0.0,,0.9055005285166521,0.9943663727978025,0.9003992761075964,0.0,0.9003992761075964,0.005580328638701078,0.9063701790853542
512,2024-01-18,0.0064936953081242,0.0002162698412698,0.999765032511397,-0.0067560525492051,0.0,,0.9003992761075964,1.0064936953081243,0.9062461946622948,0.0,0.9062461946622948,0.005580328638701078,0.9122558708647044
513,2024-01-19,0.0071218392719021,0.0002162698412698,1.0000826290713214,0.0,0.0,,0.9062461946622948,1.0071218392719021,0.9127003344014526,0.0,0.9127003344014526,0.005580328638701078,0.918752810551852
514,2024-01-22,0.0015052653913094,0.0002166666666666,1.0015880188413122,0.0,0.0,,0.9127003344014526,1.0015052653913095,0.9140741906274636,0.0,0.9140741906274636,0.005580328638701078,0.920135777360744
515,2024-01-23,-0.0001105027351351,0.0002162698412698,1.0015880188413122,-0.000110502735135,0.0,,0.9140741906274636,0.9998894972648649,0.9139731829292829,0.0,0.9139731829292829,0.005580328638701078,0.92003409984065
516,2024-01-24,0.0002088940241615,0.000215873015873,1.0016865432575417,0.0,0.0,,0.9139731829292829,1.0002088940241616,0.9141641064654408,0.0,0.9141641064654408,0.005580328638701078,0.9202262894661316
517,2024-01-25,0.0038364874250559,0.000215873015873,1.005529501084597,0.0,0.0,,0.9141641064654408,1.0038364874250558,0.9176712855643329,0.0,0.9176712855643329,0.005580328638701078,0.9237567260538744
518,2024-01-26,-0.0013103928175111,0.000215873015873,1.005529501084597,-0.0013103928175113,0.0,,0.9176712855643329,0.9986896071824889,0.9164687757028932,0.0,0.9164687757028932,0.005580328638701078,0.9225462418749256
519,2024-01-29,0.0065969989224063,0.0002150793650793,1.010836647023021,0.0,0.0,,0.9164687757028932,1.0065969989224064,0.9225147192286243,0.0,0.9225147192286243,0.005580328638701078,0.9286322784384446
520,2024-01-30,-9.177952877605878e-05,0.0002150793650793,1.010836647023021,-9.177952877614803e-05,0.0,,0.9225147192286243,0.999908220471224,0.9224300512624045,0.0,0.9224300512624045,0.005580328638701078,0.9285470490055232
521,2024-01-31,-0.0062170355670197,0.0002150793650793,1.010836647023021,-0.0063082444992011,0.0,,0.9224300512624045,0.9937829644329803,0.9166952708256183,0.0,0.9166952708256183,0.005580328638701078,0.9227742389762048
522,2024-02-01,0.0098400502886408,0.0002150793650793,1.0143439796340572,0.0,0.0,,0.9166952708256183,1.0098400502886409,0.9257155983899017,0.0,0.9257155983899017,0.005580328638701078,0.9318543838927928
523,2024-02-02,-0.0004915815880914,0.0002154761904761,1.0143439796340572,-0.0004915815880913,0.0,,0.9257155983899017,0.9995084184119086,0.9252605336459242,0.0,0.9252605336459242,0.005580328638701078,0.9313963014348888
524,2024-02-05,-0.0050603405134828,0.0002150793650793,1.0143439796340572,-0.0055494345313483,0.0,,0.9252605336459242,0.9949396594865172,0.920578400281989,0.0,0.920578400281989,0.005580328638701078,0.9266831189966296
525,2024-02-06,0.0035398671886216,0.000215873015873,1.0143439796340572,-0.0020292116039395,0.0,,0.920578400281989,1.0035398671886215,0.923837125555701,0.0,0.923837125555701,0.005580328638701078,0.9299634541638157
526,2024-02-07,0.003071863160363,0.0002154761904761,1.015395264090172,0.0,0.0,,0.923837125555701,1.003071863160363,0.9266750267878712,0.0,0.9266750267878712,0.005580328638701078,0.9328201746391452
527,2024-02-08,-0.0010453536358926,0.000215873015873,1.015395264090172,-0.0010453536358925,0.0,,0.9266750267878712,0.9989546463641074,0.9257063236793276,0.0,0.9257063236793276,0.005580328638701078,0.9318450476779524
528,2024-02-09,0.0024582136041069,0.000215873015873,1.0168272661469415,0.0,0.0,,0.9257063236793276,1.002458213604107,0.9279819075576039,0.0,0.9279819075576039,0.005580328638701078,0.934135721851074
529,2024-02-12,-0.0007440080397867,0.0002154761904761,1.0168272661469415,-0.0007440080397866,0.0,,0.9279819075576039,0.9992559919602133,0.9272914815576044,0.0,0.9272914815576044,0.005580328638701078,0.9334407173637644
530,2024-02-13,-0.0126746207929041,0.0002162698412698,1.0168272661469415,-0.0134091988129196,0.0,,0.9272914815576044,0.987325379207096,0.9155384136643716,0.0,0.9155384136643716,0.005580328638701078,0.9216097102385225
531,2024-02-14,0.006817026001027,0.0002154761904761,1.0168272661469415,-0.0066835836688534,0.0,,0.9155384136643716,1.006817026001027,0.9217796628352606,0.0,0.9217796628352606,0.005580328638701078,0.9278923475960174
532,2024-02-15,0.0056148531964742,0.0002154761904761,1.0168272661469415,-0.0011062578135062,0.0,,0.9217796628352606,1.0056148531964741,0.926955320321576,0.0,0.926955320321576,0.005580328638701078,0.9331023269099008
533,2024-02-16,-0.0030982736405078,0.000215873015873,1.0168272661469415,-0.0042011039645908,0.0,,0.926955320321576,0.9969017263594921,0.9240833590866951,0.0,0.9240833590866951,0.005580328638701078,0.9302113205665392
534,2024-02-20,-0.0003881628476956,0.000215873015873,1.0168272661469415,-0.0045876360998081,0.0,,0.9240833590866951,0.9996118371523044,0.923724664258524,0.0,0.923724664258524,0.005580328638701078,0.9298502470913894
535,2024-02-21,-0.0008560543711669,0.000215873015873,1.0168272661469415,-0.0054397632050385,0.0,,0.923724664258524,0.9991439456288331,0.9229339057219308,0.0,0.9229339057219308,0.005580328638701078,0.9290542447228362
536,2024-02-22,0.0119174346305048,0.0002162698412698,1.0233480201727083,0.0,0.0,,0.9229339057219308,1.0119174346305049,0.9339329102116485,0.0,0.9339329102116485,0.005580328638701078,0.9401261879525136
537,2024-02-23,0.0020021370942098,0.0002166666666666,1.0253969032041823,0.0,0.0,,0.9339329102116485,1.0020021370942098,0.9358027719346865,0.0,0.9358027719346865,0.005580328638701078,0.9420084494666516
538,2024-02-26,-0.0019775201888628,0.0002170634920634,1.0253969032041823,-0.0019775201888629,0.0,,0.9358027719346865,0.9980224798111372,0.933952203060392,0.0,0.933952203060392,0.005580328638701078,0.9401456087397518
539,2024-02-27,0.0003012561634201,0.0002162698412698,1.0253969032041823,-0.0016768597655879,0.0,,0.933952203060392,1.0003012561634201,0.9342335619179037,0.0,0.9342335619179037,0.005580328638701078,0.940428833398897
540,2024-02-28,-0.0014756267060735,0.0002162698412698,1.0253969032041823,-0.003150012052609,0.0,,0.9342335619179037,0.9985243732939265,0.9328549819242276,0.0,0.9328549819242276,0.005580328638701078,0.939041111497172
541,2024-02-29,0.0034435654390617,0.0002162698412698,1.0256867891778056,0.0,0.0,,0.9328549819242276,1.0034435654390617,0.9360673290996383,0.0,0.9360673290996383,0.005580328638701078,0.9422747610145816
542,2024-03-01,0.0108652420194282,0.0002150793650793,1.0368311243783528,0.0,0.0,,0.9360673290996383,1.0108652420194282,0.9462379271767856,0.0,0.9462379271767856,0.005580328638701078,0.952512804341804
543,2024-03-04,0.0007559680121795,0.0002174603174603,1.037614935542415,0.0,0.0,,0.9462379271767856,1.0007559680121796,0.9469532527816423,0.0,0.9469532527816423,0.005580328638701078,0.9532328735530776
544,2024-03-05,-0.002864837022966,0.0002170634920634,1.037614935542415,-0.002864837022966,0.0,,0.9469532527816423,0.997135162977034,0.9442403860440554,0.0,0.9442403860440554,0.005580328638701078,0.9505020167254143
545,2024-03-06,0.0062805516874012,0.0002170634920634,1.0411404625403908,0.0,0.0,,0.9442403860440554,1.0062805516874012,0.9501707365939367,0.0,0.9501707365939367,0.005580328638701078,0.9564716937704376
546,2024-03-07,0.0080319099985373,0.0002170634920634,1.0495028090313507,0.0,0.0,,0.9501707365939367,1.0080319099985373,0.9578024224335031,0.0,0.9578024224335031,0.005580328638701078,0.9641539883309505
547,2024-03-08,-0.0031990056725512,0.0002166666666666,1.0495028090313507,-0.0031990056725513,0.0,,0.9578024224335031,0.9968009943274488,0.9547384070509551,0.0,0.9547384070509551,0.005580328638701078,0.9610696542530668
548,2024-03-11,-0.0015578631465134,0.0002174603174603,1.0495028090313507,-0.004751885206022,0.0,,0.9547384070509551,0.9984421368534866,0.9532510552720496,0.0,0.9532510552720496,0.005580328638701078,0.9595724392574736
549,2024-03-12,0.0037762426238976,0.0002174603174603,1.0495028090313507,-0.0009935868535831,0.0,,0.9532510552720496,1.0037762426238976,0.9568507625382433,0.0,0.9568507625382433,0.005580328638701078,0.9631960176033152
550,2024-03-13,-0.0008754156707281,0.0002174603174603,1.0495028090313507,-0.0018681327228096,0.0,,0.9568507625382433,0.9991245843292719,0.9560131203861691,0.0,0.9560131203861691,0.005580328638701078,0.962352820715522
551,2024-03-14,-0.0046695943567981,0.0002174603174603,1.0495028090313507,-0.0065290036575876,0.0,,0.9560131203861691,0.9953304056432019,0.9515489269141889,0.0,0.9515489269141889,0.005580328638701078,0.95785902341466
552,2024-03-15,-0.0040332633823983,0.0002174603174603,1.0495028090313507,-0.0105359338486104,0.0,,0.9515489269141889,0.9959667366176017,0.9477110794707055,0.0,0.9477110794707055,0.005580328638701078,0.953995725690022
553,2024-03-18,0.0024861181112235,0.0002174603174603,1.0495028090313507,-0.0080760093133466,0.0,,0.9477110794707055,1.0024861181112235,0.9500672011495848,0.0,0.9500672011495848,0.005580328638701078,0.9563674717416896
554,2024-03-19,0.0027295843420658,0.0002174603174603,1.0495028090313507,-0.0053684691198488,0.0,,0.9500672011495848,1.0027295843420658,0.952660489705753,0.0,0.952660489705753,0.005580328638701078,0.9589779574178168
555,2024-03-20,0.0078109001241054,0.0002170634920634,1.052022138874761,0.0,0.0,,0.952660489705753,1.0078109001241053,0.9601016256430259,0.0,0.9601016256430259,0.005580328638701078,0.966468438464426
556,2024-03-21,0.001868007022483,0.0002174603174603,1.0539873236179866,0.0,0.0,,0.9601016256430259,1.001868007022483,0.9618951022220245,0.0,0.9618951022220245,0.005580328638701078,0.9682738082944856
557,2024-03-22,-0.0013629398636035,0.0002166666666666,1.0539873236179866,-0.0013629398636036,0.0,,0.9618951022220245,0.9986370601363965,0.9605840970426012,0.0,0.9605840970426012,0.005580328638701078,0.9669541093222778
558,2024-03-25,-0.0020507816682872,0.0002166666666666,1.0539873236179866,-0.0034109264398035,0.0,,0.9605840970426012,0.9979492183317128,0.958614148785538,0.0,0.958614148785538,0.005580328638701078,0.9649710975608048
559,2024-03-26,-0.0003934190562677,0.0002166666666666,1.0539873236179866,-0.0038030035726103,0.0,,0.958614148785538,0.9996065809437323,0.958237011711798,0.0,0.958237011711798,0.005580328638701078,0.9645914595422768
560,2024-03-27,0.0058154528390519,0.0002162698412698,1.0560851094525223,0.0,0.0,,0.958237011711798,1.005815452839052,0.963809593862042,0.0,0.963809593862042,0.005580328638701078,0.970200995684197
561,2024-03-28,0.0012840637234168,0.0002166666666666,1.0574411900304113,0.0,0.0,,0.963809593862042,1.0012840637234168,0.9650471867978013,0.0,0.9650471867978013,0.005580328638701078,0.971446795587178
562,2024-04-01,-0.002021356394397,0.000215873015873,1.0574411900304113,-0.002021356394397,0.0,,0.9650471867978013,0.997978643605603,0.9630964824958728,0.0,0.9630964824958728,0.005580328638701078,0.9694831553951014
563,2024-04-02,-0.0019763797232429,0.0002150793650793,1.0574411900304113,-0.0039937411498486,0.0,,0.9630964824958728,0.9980236202767571,0.9611930381363413,0.0,0.9611930381363413,0.005580328638701078,0.9675670885447528
564,2024-04-03,0.0026654412683264,0.0002150793650793,1.0574411900304113,-0.001338944963998,0.0,,0.9611930381363413,1.0026654412683265,0.963755041727018,0.0,0.963755041727018,0.005580328638701078,0.9701460817924346
565,2024-04-04,-0.0070785868381175,0.0002146825396825,1.0574411900304113,-0.0084080539639163,0.0,,0.963755041727018,0.9929214131618825,0.9569330179734797,0.0,0.9569330179734797,0.005580328638701078,0.9632788185068072
566,2024-04-05,0.0059926046862575,0.0002154761904761,1.0574411900304113,-0.0024658354212452,0.0,,0.9569330179734797,1.0059926046862575,0.9626675392614221,0.0,0.9626675392614221,0.005580328638701078,0.9690513676687638
567,2024-04-08,0.001471027695797,0.0002154761904761,1.0574411900304113,-0.0009984350376462,0.0,,0.9626675392614221,1.001471027695797,0.9640836498735205,0.0,0.9640836498735205,0.005580328638701078,0.9704768690692545
568,2024-04-09,0.002732355789737,0.0002154761904761,1.059271824470017,0.0,0.0,,0.9640836498735205,1.002732355789737,0.9667178694160431,0.0,0.9667178694160431,0.005580328638701078,0.9731285571612616
569,2024-04-10,-0.0110879729231881,0.0002162698412698,1.059271824470017,-0.0110879729231879,0.0,,0.9667178694160431,0.9889120270768119,0.9559989278555959,0.0,0.9559989278555959,0.005580328638701078,0.9623385340686764
570,2024-04-11,0.0070390634103323,0.0002162698412698,1.059271824470017,-0.0041269584573541,0.0,,0.9559989278555959,1.0070390634103323,0.9627282649289812,0.0,0.9627282649289812,0.005580328638701078,0.9691124960321922
571,2024-04-12,-0.0094088234472252,0.0002162698412698,1.059271824470017,-0.0134969520810801,0.0,,0.9627282649289812,0.9905911765527748,0.953670124656611,0.0,0.953670124656611,0.005580328638701078,0.9599942876565256
572,2024-04-15,-0.0054469846688541,0.0002162698412698,1.059271824470017,-0.0188704190588724,0.0,,0.953670124656611,0.9945530153311459,0.9484754981084623,0.0,0.9484754981084623,0.005580328638701078,0.9547652134894729
573,2024-04-16,-0.0021946569081236,0.0002162698412698,1.059271824470017,-0.0210236618714493,0.0,,0.9484754981084623,0.9978053430918764,0.9463939198043526,0.0,0.9463939198043526,0.005580328638701078,0.952669831418052
574,2024-04-17,-0.002672892259699,0.0002162698412698,1.059271824470017,-0.0236403601480617,0.0,,0.9463939198043526,0.997327107740301,0.9438643108214814,0.0,0.9438643108214814,0.005580328638701078,0.950123447599606
575,2024-04-18,-0.0018572567343454,0.0002166666666666,1.059271824470017,-0.0254537106643196,0.0,,0.9438643108214814,0.9981427432656546,0.9421113124738999,0.0,0.9421113124738999,0.005580328638701078,0.948358824428092
576,2024-04-19,-0.0045924831715961,0.0002162698412698,1.059271824470017,-0.0299292980980352,0.0,,0.9421113124738999,0.9954075168284039,0.9377846821255932,0.0,0.9377846821255932,0.005580328638701078,0.9440035024862714
577,2024-04-22,0.0019939077614361,0.0002150793650793,1.059271824470017,-0.0279950665963711,0.0,,0.9377846821255932,1.0019939077614362,0.9396545382818393,0.0,0.9396545382818393,0.005580328638701078,0.9458857583967016
578,2024-04-23,0.0065779285510618,0.0002162698412698,1.059271824470017,-0.0216012875931624,0.0,,0.9396545382818393,1.0065779285510619,0.9458355186973383,0.0,0.9458355186973383,0.005580328638701078,0.9521077273329024
579,2024-04-24,-0.0010526800473536,0.0002166666666666,1.059271824470017,-0.0226312283960697,0.0,,0.9458355186973383,0.9989473199526464,0.9448398565187273,0.0,0.9448398565187273,0.005580328638701078,0.9511054625254076
580,2024-04-25,-0.002119027118343,0.0002170634920634,1.059271824470017,-0.02470229932772,0.0,,0.9448398565187273,0.997880972881657,0.9428377152402728,0.0,0.9428377152402728,0.005580328638701078,0.949090044257912
581,2024-04-26,0.0070839580623821,0.0002166666666666,1.059271824470017,-0.01779333131782,0.0,,0.9428377152402728,1.007083958062382,0.949516738074667,0.0,0.949516738074667,0.005580328638701078,0.9558133583288596
582,2024-04-29,0.0022835352449724,0.0002162698412698,1.059271824470017,-0.0155504277720373,0.0,,0.949516738074667,1.0022835352449724,0.9516849930117517,0.0,0.9516849930117517,0.005580328638701078,0.9579959918202188
583,2024-04-30,-0.0123515266460328,0.0002166666666666,1.059271824470017,-0.0277098828950865,0.0,,0.9516849930117517,0.9876484733539672,0.9399302304619375,0.0,0.9399302304619375,0.005580328638701078,0.9461632788004588
584,2024-05-01,0.0001313505991682,0.0002166666666666,1.059271824470017,-0.0275821720056395,0.0,,0.9399302304619375,1.0001313505991682,0.940053690860885,0.0,0.940053690860885,0.005580328638701078,0.9462875579140402
585,2024-05-02,0.0068679076477417,0.0002166666666666,1.059271824470017,-0.0209036961679566,0.0,,0.940053690860885,1.0068679076477416,0.9465098927936362,0.0,0.9465098927936362,0.005580328638701078,0.952786573470001
586,2024-05-03,0.0088569542754184,0.0002162698412698,1.059271824470017,-0.0122318849736849,0.0,,0.9465098927936362,1.0088569542754184,0.9548930876353406,0.0,0.9548930876353406,0.005580328638701078,0.9612253605854574
587,2024-05-06,0.0076235008184627,0.0002162698412698,1.059271824470017,-0.0047016339403304,0.0,,0.9548930876353406,1.0076235008184626,0.9621727158704729,0.0,0.9621727158704729,0.005580328638701078,0.968553262908608
588,2024-05-07,0.0009694042305818,0.0002162698412698,1.059271824470017,-0.0037367874935809,0.0,,0.9621727158704729,1.000969404230582,0.9631054501717883,0.0,0.9631054501717883,0.005580328638701078,0.9694921825392154
589,2024-05-08,-0.0013725537860876,0.0002162698412698,1.059271824470017,-0.0051042123378465,0.0,,0.9631054501717883,0.9986274462139124,0.9617835361397534,0.0,0.9617835361397534,0.005580328638701078,0.9681615023734887
590,2024-05-09,0.0054351751948767,0.0002166666666666,1.0595930174750854,0.0,0.0,,0.9617835361397534,1.0054351751948767,0.967010998158221,0.0,0.967010998158221,0.005580328638701078,0.9734236297558236
591,2024-05-10,0.0018098727105631,0.0002170634920634,1.0615107459617168,0.0,0.0,,0.967010998158221,1.001809872710563,0.968761164974602,0.0,0.968761164974602,0.005580328638701078,0.975185402619136
592,2024-05-13,-0.0012851775047903,0.0002162698412698,1.0615107459617168,-0.0012851775047901,0.0,,0.968761164974602,0.9987148224952097,0.9675161349178621,0.0,0.9675161349178621,0.005580328638701078,0.9739321162766902
593,2024-05-14,0.00513748467793,0.000215873015873,1.0655930027134055,0.0,0.0,,0.9675161349178621,1.00513748467793,0.9724867342366527,0.0,0.9724867342366527,0.005580328638701078,0.9789356776014057
594,2024-05-15,0.0115813839053367,0.0002162698412698,1.07793404436467,0.0,0.0,,0.9724867342366527,1.0115813839053367,0.9837494764486945,0.0,0.9837494764486945,0.005580328638701078,0.9902731075023384
595,2024-05-16,-0.0025853038924849,0.0002162698412698,1.07793404436467,-0.0025853038924847,0.0,,0.9837494764486945,0.9974146961075151,0.9812061850980017,0.0,0.9812061850980017,0.005580328638701078,0.9877129505828894
596,2024-05-17,0.0022478357162382,0.0002166666666666,1.07793404436467,-0.0003432795146735,0.0,,0.9812061850980017,1.002247835716238,0.9834117754058588,0.0,0.9834117754058588,0.005580328638701078,0.9899331670306004
597,2024-05-20,0.0020379499650194,0.0002162698412698,1.0797600332289985,0.0,0.0,,0.9834117754058588,1.0020379499650194,0.9854159193991467,0.0,0.9854159193991467,0.005580328638701078,0.991950601293722
598,2024-05-21,0.0005939215776657,0.0002162698412698,1.0804013260114342,0.0,0.0,,0.9854159193991467,1.0005939215776658,0.9860011791766533,0.0,0.9860011791766533,0.005580328638701078,0.9925397421598088
599,2024-05-22,-0.0052450122978891,0.0002162698412698,1.0804013260114342,-0.005245012297889,0.0,,0.9860011791766533,0.9947549877021109,0.9808295908661386,0.0,0.9808295908661386,0.005580328638701078,0.987333859006037
600,2024-05-23,-0.0068038722957029,0.0002166666666666,1.0804013260114342,-0.0120131981997279,0.0,,0.9808295908661386,0.9931961277042971,0.9741561515860389,0.0,0.9741561515860389,0.005580328638701078,0.9806161655161364
601,2024-05-24,0.0048535886190199,0.0002166666666666,1.0804013260114342,-0.0072179167027681,0.0,,0.9741561515860389,1.00485358861902,0.9788843047965251,0.0,0.9788843047965251,0.005580328638701078,0.9853756729767124
602,2024-05-28,0.0004202731377934,0.0002166666666666,1.0804013260114342,-0.0068006770614756,0.0,,0.9788843047965251,1.0004202731377934,0.9792957035748386,0.0,0.9792957035748386,0.005580328638701078,0.9857897999026995
603,2024-05-29,-0.0081748602272022,0.0002166666666666,1.0804013260114342,-0.0149199427042501,0.0,,0.9792957035748386,0.9918251397727978,0.9712900980770147,0.0,0.9712900980770147,0.005580328638701078,0.9777311060750934
604,2024-05-30,0.0004945136773852,0.0002166666666666,1.0804013260114342,-0.0144328071425979,0.0,,0.9712900980770147,1.0004945136773853,0.9717704143152227,0.0,0.9717704143152227,0.005580328638701078,0.9782146074798526
605,2024-05-31,0.0035270477624531,0.0002166666666666,1.0804013260114342,-0.0109566645802828,0.0,,0.9717704143152227,1.0035270477624532,0.9751978949806513,0.0,0.9751978949806513,0.005580328638701078,0.9816648171223634
606,2024-06-03,0.0045543867600552,0.0002190476190476,1.0804013260114342,-0.0064521787083264,0.0,,0.9751978949806513,1.0045543867600553,0.979639323361985,0.0,0.979639323361985,0.005580328638701078,0.9861356983682776
607,2024-06-04,0.0006693821732247,0.0002190476190476,1.0804013260114342,-0.0057871155085076,0.0,,0.979639323361985,1.0006693821732247,0.9802950764612334,0.0,0.9802950764612334,0.005580328638701078,0.9867958000251458
608,2024-06-05,0.0094352219901621,0.0002186507936507,1.084283752241087,0.0,0.0,,0.9802950764612334,1.0094352219901621,0.989544378123508,0.0,0.989544378123508,0.005580328638701078,0.9961064374573426
609,2024-06-06,0.001491643452566,0.0002186507936507,1.0859011170008412,0.0,0.0,,0.989544378123508,1.001491643452566,0.9910204255161595,0.0,0.9910204255161595,0.005580328638701078,0.9975922731028348
610,2024-06-07,-0.0100928763466946,0.0002190476190476,1.0859011170008412,-0.0100928763466947,0.0,,0.9910204255161595,0.9899071236533054,0.9810181789043763,0.0,0.9810181789043763,0.005580328638701078,0.9875236976459898
611,2024-06-10,0.0023131163804173,0.0002190476190476,1.0859011170008412,-0.0078031059638805,0.0,,0.9810181789043763,1.0023131163804173,0.9832873881234871,0.0,0.9832873881234871,0.005580328638701078,0.989807954887065
612,2024-06-11,0.0016813809623432,0.0002190476190476,1.0859011170008412,-0.0061348449953521,0.0,,0.9832873881234871,1.0016813809623433,0.9849406688183903,0.0,0.9849406688183903,0.005580328638701078,0.991472199138788
613,2024-06-12,0.007134176574714,0.0002186507936507,1.086938765571687,0.0,0.0,,0.9849406688183903,1.007134176574714,0.9919674094653576,0.0,0.9919674094653576,0.005580328638701078,0.998545536876364
614,2024-06-13,-0.0005873250401152,0.0002186507936507,1.086938765571687,-0.0005873250401152,0.0,,0.9919674094653576,0.9994126749598848,0.9913848021668004,0.0,0.9913848021668004,0.005580328638701078,0.9979590660788612
615,2024-06-14,0.0016446074659882,0.0002186507936507,1.088086916931562,0.0,0.0,,0.9913848021668004,1.0016446074659882,0.9930152410141111,0.0,0.9930152410141111,0.005580328638701078,0.9996003170096852
616,2024-06-17,0.0023968736871848,0.0002190476190476,1.0906949238321253,0.0,0.0,,0.9930152410141111,1.0023968736871849,0.9953953731162714,0.0,0.9953953731162714,0.005580328638701078,1.0019962327072276
617,2024-06-18,0.0033069410969415,0.0002182539682539,1.0943017876999712,0.0,0.0,,0.9953953731162714,1.0033069410969415,0.998687086983335,0.0,0.998687086983335,0.005580328638701078,1.0053097752281477
618,2024-06-20,-0.0004741958305509,0.0002182539682539,1.0943017876999712,-0.0004741958305509,0.0,,0.998687086983335,0.9995258041694491,0.9982135137306625,0.0,0.9982135137306625,0.005580328638701078,1.0048330615243224
619,2024-06-21,-0.0041146895245472,0.0002178571428571,1.0943017876999712,-0.0045869341864818,0.0,,0.9982135137306625,0.9958853104754528,0.9941061750424535,0.0,0.9941061750424535,0.005580328638701078,1.0006984854521497
620,2024-06-24,-5.155941878633922e-05,0.0002182539682539,1.0943017876999712,-0.0046382571056073,0.0,,0.9941061750424535,0.9999484405812137,0.9940549195058563,0.0,0.9940549195058563,0.005580328638701078,1.0006468900198593
621,2024-06-25,0.001895797670176,0.0002178571428571,1.0943017876999712,-0.0027512526324456,0.0,,0.9940549195058563,1.001895797670176,0.9959394465062824,0.0,0.9959394465062824,0.005580328638701078,1.002543914062628
622,2024-06-26,-0.0041393790771186,0.0002182539682539,1.0943017876999712,-0.0068792432319817,0.0,,0.9959394465062824,0.9958606209228814,0.9918168755993373,0.0,0.9918168755993373,0.005580328638701078,0.9983940047608644
623,2024-06-27,0.00284087322797,0.0002178571428571,1.0943017876999712,-0.0040579130619381,0.0,,0.9918168755993373,1.00284087322797,0.9946345016082764,0.0,0.9946345016082764,0.005580328638701078,1.0012303155599556
624,2024-06-28,-0.003396461278927,0.0002174603174603,1.0943017876999712,-0.0074405917962772,0.0,,0.9946345016082764,0.996603538721073,0.991256264036879,0.0,0.991256264036879,0.005580328638701078,0.9978296755618682
625,2024-07-01,-0.0004629651249864,0.0002170634920634,1.0943017876999712,-0.0079001121867527,0.0,,0.991256264036879,0.9995370348750136,0.9907973469567056,0.0,0.9907973469567056,0.005580328638701078,0.9973677152214064
626,2024-07-02,0.0047893475337879,0.0002170634920634,1.0943017876999712,-0.003148601035783,0.0,,0.9907973469567056,1.004789347533788,0.9955426197868363,0.0,0.9955426197868363,0.005580328638701078,1.002144455828582
627,2024-07-03,0.0073652091221252,0.0002170634920634,1.09889065249345,0.0,0.0,,0.9955426197868363,1.0073652091221252,1.0028749993715549,0.0,1.0028749993715549,0.005580328638701078,1.009525459316338
628,2024-07-05,0.0076066720271938,0.0002166666666666,1.1072495532807167,0.0,0.0,,1.0028749993715549,1.007606672027194,1.0105035405760465,0.0,1.0105035405760465,0.005580328638701078,1.0172045883884595
629,2024-07-08,-0.0022828707776469,0.0002166666666666,1.1072495532807167,-0.0022828707776468,0.0,,1.0105035405760465,0.9977171292223531,1.0081966915725566,0.0,1.0081966915725566,0.005580328638701078,1.0148824417587392
630,2024-07-09,-0.0006344253673816,0.0002166666666666,1.1072495532807167,-0.0029158478338967,0.0,,1.0081966915725566,0.9993655746326184,1.0075570660161128,0.0,1.0075570660161128,0.005580328638701078,1.014238574592777
631,2024-07-10,0.0068183368641595,0.0002166666666666,1.1115485690300482,0.0,0.0,,1.0075570660161128,1.0068183368641594,1.014426929502075,0.0,1.014426929502075,0.005580328638701078,1.0211539948549757
632,2024-07-11,-0.0002355715939058,0.000215873015873,1.1115485690300482,-0.0002355715939058,0.0,,1.014426929502075,0.9997644284060943,1.0141879593333911,0.0,1.0141879593333911,0.005580328638701078,1.0209134399807844
633,2024-07-12,0.0051422629362938,0.0002154761904761,1.1170012482725653,0.0,0.0,,1.0141879593333911,1.0051422629362938,1.0194031804871067,0.0,1.0194031804871067,0.005580328638701078,1.026163245324362
634,2024-07-15,-0.0010038885975632,0.0002154761904761,1.1170012482725653,-0.0010038885975632,0.0,,1.0194031804871067,0.9989961114024368,1.018379813257896,0.0,1.018379813257896,0.005580328638701078,1.0251330917431425
635,2024-07-16,0.0069812100804818,0.0002154761904761,1.1236700954865744,0.0,0.0,,1.018379813257896,1.0069812100804818,1.0254893366759712,0.0,1.0254893366759712,0.005580328638701078,1.032289761217055
636,2024-07-17,-0.0087575522767925,0.0002154761904761,1.1236700954865744,-0.0087575522767925,0.0,,1.0254893366759712,0.9912424477232075,1.016508560200738,0.0,1.016508560200738,0.005580328638701078,1.023249429668399
637,2024-07-18,-0.005864886089142,0.0002154761904761,1.1236700954865744,-0.0145710763194114,0.0,,1.016508560200738,0.994135113910858,1.010546853286523,0.0,1.010546853286523,0.005580328638701078,1.0172481883226143
638,2024-07-19,-0.0076345449133326,0.0002154761904761,1.1236700954865744,-0.022094377696148,0.0,,1.010546853286523,0.9923654550866674,1.0028317879480801,0.0,1.0028317879480801,0.005580328638701078,1.009481961340859
639,2024-07-22,0.006494189983321,0.0002154761904761,1.1236700954865744,-0.0157436727991491,0.0,,1.0028317879480801,1.006494189983321,1.0093443681003285,0.0,1.0093443681003285,0.005580328638701078,1.0160377289825422
640,2024-07-23,-0.0018095387878482,0.0002146825396825,1.1236700954865744,-0.0175247228004041,0.0,,1.0093443681003285,0.9981904612121518,1.0075179203159548,0.0,1.0075179203159548,0.005580328638701078,1.014199169302031
641,2024-07-24,-0.0139856922917887,0.0002142857142857,1.1236700954865744,-0.0312653197116075,0.0,,1.0075179203159548,0.9860143077082113,0.9934270847039529,0.0,0.9934270847039529,0.005580328638701078,1.000014891797585
642,2024-07-25,-0.0052464716645417,0.0002138888888888,1.1236700954865744,-0.0363477587621994,0.0,,0.9934270847039529,0.9947535283354583,0.9882150976532653,0.0,0.9882150976532653,0.005580328638701078,0.9947683420036492
643,2024-07-26,0.0094426796802925,0.000213492063492,1.1236700954865744,-0.0272482993249949,0.0,,0.9882150976532653,1.0094426796802924,0.997546496275634,0.0,0.997546496275634,0.005580328638701078,1.0041616208132853
644,2024-07-29,6.647605294062559e-05,0.0002146825396825,1.1236700954865744,-0.0271836346314429,0.0,,0.997546496275634,1.0000664760529405,0.997612809229331,0.0,0.997612809229331,0.005580328638701078,1.0042283735143511
645,2024-07-30,-0.0006466457067547,0.0002142857142857,1.1236700954865744,-0.0278127021575692,0.0,,0.997612809229331,0.9993533542932453,0.9969677071892394,0.0,0.9969677071892394,0.005580328638701078,1.003578993548017
646,2024-07-31,0.0147020239752333,0.0002146825396825,1.1236700954865744,-0.0135195811962725,0.0,,0.9969677071892394,1.0147020239752333,1.011625150322869,0.0,1.011625150322869,0.005580328638701078,1.0183336359722006
647,2024-08-01,-0.0093555015370224,0.0002130952380952,1.1236700954865744,-0.0227486002706331,0.0,,1.011625150322869,0.9906444984629776,1.002160889674133,0.0,1.002160889674133,0.005580328638701078,1.008806614075661
648,2024-08-02,-0.0061731304441556,0.0002099206349206,1.1236700954865744,-0.0287813006378963,0.0,,1.002160889674133,0.9938268695558444,0.9959744197761435,0.0,0.9959744197761435,0.005580328638701078,1.002579119254045
649,2024-08-05,-0.0170904880390009,0.0002123015873015,1.1236700954865744,-0.0453799022025985,0.0,,0.9959744197761435,0.9829095119609991,0.9789527308678084,0.0,0.9789527308678084,0.005580328638701078,0.9854445528082816
650,2024-08-06,0.0010140260292721,0.0002119047619047,1.1236700954865744,-0.0444118925753657,0.0,,0.9789527308678084,1.0010140260292721,0.9799454144183354,0.0,0.9799454144183354,0.005580328638701078,0.9864438192352336
651,2024-08-07,-0.0037243227279116,0.0002119047619047,1.1236700954865744,-0.0479708110823692,0.0,,0.9799454144183354,0.9962756772720884,0.9762957814393045,0.0,0.9762957814393045,0.005580328638701078,0.9827699840994478
652,2024-08-08,0.0149720554106193,0.0002119047619047,1.1236700954865744,-0.0337169773133674,0.0,,0.9762957814393045,1.0149720554106194,0.9909129359761678,0.0,0.9909129359761678,0.005580328638701078,0.9974840707572784
653,2024-08-09,0.0042966050474198,0.0002115079365079,1.1236700954865744,-0.0295652408008559,0.0,,0.9909129359761678,1.0042966050474198,0.9951704974984366,0.0,0.9951704974984366,0.005580328638701078,1.0017698658504148
654,2024-08-12,0.0035364851901518,0.0002115079365079,1.1236700954865744,-0.0261333126469397,0.0,,0.9951704974984366,1.0035364851901518,0.9986899032245158,0.0,0.9986899032245158,0.005580328638701078,1.0053126101449352
655,2024-08-13,0.0111962122638311,0.0002111111111111,1.1236700954865744,-0.0152296944986607,0.0,,0.9986899032245158,1.0111962122638312,1.0098714473667625,0.0,1.0098714473667625,0.005580328638701078,1.016568303519624
656,2024-08-14,0.0011584042993793,0.0002111111111111,1.1236700954865744,-0.0140889323428669,0.0,,1.0098714473667625,1.0011584042993793,1.0110412867932126,0.0,1.0110412867932126,0.005580328638701078,1.0177459006130338
657,2024-08-15,0.0088841728540484,0.0002119047619047,1.1236700954865744,-0.0053299279990814,0.0,,1.0110412867932126,1.0088841728540483,1.0200235523476628,0.0,1.0200235523476628,0.005580328638701078,1.0267877311155793
658,2024-08-16,0.005545779903293,0.0002115079365079,1.123879427692985,0.0,0.0,,1.0200235523476628,1.005545779903293,1.025680378465158,0.0,1.025680378465158,0.005580328638701078,1.032482069879748
659,2024-08-19,0.0059627052928179,0.0002107142857142,1.130580789504979,0.0,0.0,,1.025680378465158,1.005962705292818,1.0317962082865717,0.0,1.0317962082865717,0.005580328638701078,1.0386384561825597
660,2024-08-20,0.0005375278419367,0.0002099206349206,1.1311885081568969,0.0,0.0,,1.0317962082865717,1.0005375278419366,1.0323508274757303,0.0,1.0323508274757303,0.005580328638701078,1.0391967532704636
661,2024-08-21,0.0040073013782988,0.00020873015873,1.1357215214247498,0.0,0.0,,1.0323508274757303,1.0040073013782989,1.0364877683695617,0.0,1.0364877683695617,0.005580328638701078,1.043361127852168
662,2024-08-22,-0.0079561074668394,0.0002095238095238,1.1357215214247498,-0.0079561074668393,0.0,,1.0364877683695617,0.9920438925331606,1.028241360296349,0.0,1.028241360296349,0.005580328638701078,1.0350600345922532
663,2024-08-23,0.009845873631752,0.0002083333333333,1.137778802977848,0.0,0.0,,1.028241360296349,1.009845873631752,1.0383652947927675,0.0,1.0383652947927675,0.005580328638701078,1.0452511048941255
664,2024-08-26,-0.0022694286679687,0.0002079365079365,1.137778802977848,-0.0022694286679687,0.0,,1.0383652947927675,0.9977305713320312,1.036008798824941,0.0,1.036008798824941,0.005580328638701078,1.0428789820714528
665,2024-08-27,0.0021799857026296,0.0002075396825396,1.137778802977848,-9.439028738822408e-05,0.0,,1.036008798824941,1.0021799857026297,1.0382672831941777,0.0,1.0382672831941777,0.005580328638701078,1.0451524433419417
666,2024-08-28,-0.0052222828649756,0.000206746031746,1.137778802977848,-0.0053161802195834,0.0,,1.0382672831941777,0.9947777171350244,1.032845157751888,0.0,1.032845157751888,0.005580328638701078,1.0396943616457894
667,2024-08-29,0.0008590056810897,0.0002071428571428,1.137778802977848,-0.004461741167504,0.0,,1.032845157751888,1.0008590056810898,1.0337323776100829,0.0,1.0337323776100829,0.005580328638701078,1.04058746500904
668,2024-08-30,0.0021600686484119,0.000206746031746,1.137778802977848,-0.0023113101863053,0.0,,1.0337323776100829,1.002160068648412,1.0359653105098068,0.0,1.0359653105098068,0.005580328638701078,1.042835205368137
669,2024-09-03,-0.0110234784099511,0.0002059523809523,1.137778802977848,-0.013309309918319,0.0,,1.0359653105098068,0.9889765215900489,1.0245453692759436,0.0,1.0245453692759436,0.005580328638701078,1.031339533996624
670,2024-09-04,0.0003614994053112,0.0002055555555554,1.137778802977848,-0.0129526218206285,0.0,,1.0245453692759436,1.0003614994053112,1.024915741817651,0.0,1.024915741817651,0.005580328638701078,1.0317123626248377
671,2024-09-05,0.0011945839782976,0.000204365079365,1.137778802977848,-0.0117735108368347,0.0,,1.024915741817651,1.0011945839782976,1.0261400897419315,0.0,1.0261400897419315,0.005580328638701078,1.032944829683441
672,2024-09-06,-0.0109393163318163,0.0002035714285714,1.137778802977848,-0.0225840330092709,0.0,,1.0261400897419315,0.9890606836681837,1.014914818699486,0.0,1.014914818699486,0.005580328638701078,1.0216451194382197
673,2024-09-09,0.0072973298390896,0.0002027777777777,1.137778802977848,-0.0154515063081466,0.0,,1.014914818699486,1.0072973298390897,1.0223209868901162,0.0,1.0223209868901162,0.005580328638701078,1.0291004008532565
674,2024-09-10,0.0028824445304358,0.0002007936507936,1.137778802977848,-0.0126135998875556,0.0,,1.0223209868901162,1.0028824445304358,1.0252677704271274,0.0,1.0252677704271274,0.005580328638701078,1.0320667256749654
675,2024-09-11,0.0059625676553144,0.0002023809523808,1.137778802977848,-0.0067262416749477,0.0,,1.0252677704271274,1.0059625676553143,1.0313809988731124,0.0,1.0313809988731124,0.005580328638701078,1.0382204933516013
676,2024-09-12,0.0069001203626925,0.0002007936507936,1.137923832013031,0.0,0.0,,1.0313809988731124,1.0069001203626926,1.038497651905131,0.0,1.038497651905131,0.005580328638701078,1.0453843397187417
677,2024-09-13,0.0045120123949886,0.0001972222222222,1.1430581584476267,0.0,0.0,,1.038497651905131,1.0045120123949887,1.0431833661826935,0.0,1.0431833661826935,0.005580328638701078,1.0501011268170797
678,2024-09-16,0.0021804082946717,0.0001968253968253,1.145550491937598,0.0,0.0,,1.0431833661826935,1.0021804082946717,1.0454579318471817,0.0,1.0454579318471817,0.005580328638701078,1.0523907760242357
679,2024-09-17,-0.0020089520210265,0.0001964285714285,1.145550491937598,-0.0020089520210264,0.0,,1.0454579318471817,0.9979910479789735,1.0433576570220993,0.0,1.0433576570220993,0.005580328638701078,1.050276573447832
680,2024-09-18,-0.0044210168361252,0.0001920634920634,1.145550491937598,-0.0064210872464438,0.0,,1.0433576570220993,0.9955789831638748,1.0387449552543044,0.0,1.0387449552543044,0.005580328638701078,1.0456332830340311
681,2024-09-19,0.0125503877776401,0.0001904761904761,1.152479598544318,0.0,0.0,,1.0387449552543044,1.01255038777764,1.0517816072448134,0.0,1.0517816072448134,0.005580328638701078,1.058756386209315
682,2024-09-20,-0.0004270296704188,0.000188492063492,1.152479598544318,-0.0004270296704188,0.0,,1.0517816072448134,0.9995729703295811,1.051332465291719,0.0,1.051332465291719,0.005580328638701078,1.058304265818658
683,2024-09-23,0.0018405612507577,0.0001873015873015,1.1541077590332522,0.0,0.0,,1.051332465291719,1.0018405612507577,1.0532675070889985,0.0,1.0532675070889985,0.005580328638701078,1.0602521396418356
684,2024-09-24,0.0042573784911636,0.0001861111111111,1.1590212325830456,0.0,0.0,,1.0532675070889985,1.0042573784911637,1.0577516655191208,0.0,1.0577516655191208,0.005580328638701078,1.064766034296357
685,2024-09-25,-0.0028812356148316,0.0001861111111111,1.1590212325830456,-0.0028812356148316,0.0,,1.0577516655191208,0.9971187643851684,1.0547040337487796,0.0,1.0547040337487796,0.005580328638701078,1.0616981924768791
686,2024-09-26,0.0062529500789161,0.0001857142857142,1.1629082400527588,0.0,0.0,,1.0547040337487796,1.0062529500789161,1.0612990454198423,0.0,1.0612990454198423,0.005580328638701078,1.0683369382733126
687,2024-09-27,-0.0022489763395345,0.0001857142857142,1.1629082400527588,-0.0022489763395345,0.0,,1.0612990454198423,0.9977510236604655,1.0589122089775225,0.0,1.0589122089775225,0.005580328638701078,1.065934273776485
688,2024-09-30,-0.0011779913967287,0.0001876984126984,1.1629082400527588,-0.0034243184614839,0.0,,1.0589122089775225,0.9988220086032713,1.0576648195054559,0.0,1.0576648195054559,0.005580328638701078,1.064678612372498
689,2024-10-01,-0.0020165808214655,0.0001869047619047,1.1629082400527588,-0.0054339938680133,0.0,,1.0576648195054559,0.9979834191785345,1.0555319529149023,0.0,1.0555319529149023,0.005580328638701078,1.0625316019017632
690,2024-10-02,-0.0005270208381474,0.0001861111111111,1.1629082400527588,-0.0059581508781579,0.0,,1.0555319529149023,0.9994729791618526,1.0549756655803857,0.0,1.0549756655803857,0.005580328638701078,1.0619716256063707
691,2024-10-03,-0.0035181556321678,0.0001857142857142,1.1629082400527588,-0.0094553448082566,0.0,,1.0549756655803857,0.9964818443678322,1.051264097000724,0.0,1.051264097000724,0.005580328638701078,1.0582354441505413
692,2024-10-04,0.0019838688996442,0.0001876984126984,1.1629082400527588,-0.0074902340731127,0.0,,1.051264097000724,1.0019838688996443,1.0533496671480764,0.0,1.0533496671480764,0.005580328638701078,1.060334844536693
693,2024-10-07,-0.0065790053697811,0.0001892857142857,1.1629082400527588,-0.014019961152706,0.0,,1.0533496671480764,0.9934209946302189,1.046419674031652,0.0,1.046419674031652,0.005580328638701078,1.0533588959007198
694,2024-10-08,0.0038401385348997,0.000188492063492,1.1629082400527588,-0.0102336612108866,0.0,,1.046419674031652,1.0038401385348996,1.050438070545578,0.0,1.050438070545578,0.005580328638701078,1.0574039399879478
695,2024-10-09,0.0014717753000158,0.000188492063492,1.1629082400527588,-0.0087769475606697,0.0,,1.050438070545578,1.0014717753000157,1.0519840793520032,0.0,1.0519840793520032,0.005580328638701078,1.0589602009889614
696,2024-10-10,1.4267510811533387e-05,0.000188492063492,1.1629082400527588,-0.0087628052750524,0.0,,1.0519840793520032,1.0000142675108115,1.051999088546229,0.0,1.051999088546229,0.005580328638701078,1.0589753097150778
697,2024-10-11,0.0042932627563326,0.0001876984126984,1.1629082400527588,-0.0045071635442484,0.0,,1.051999088546229,1.0042932627563326,1.0565155970527802,0.0,1.0565155970527802,0.005580328638701078,1.0635217689721532
698,2024-10-14,0.0035251320283107,0.0001876984126984,1.1629082400527588,-0.0009979198625043,0.0,,1.0565155970527802,1.0035251320283107,1.0602399540223608,0.0,1.0602399540223608,0.005580328638701078,1.0672708236227626
699,2024-10-15,-0.0050759443491373,0.0001876984126984,1.1629082400527588,-0.0060687988259546,0.0,,1.0602399540223608,0.9949240556508627,1.0548582350190114,0.0,1.0548582350190114,0.005580328638701078,1.0618534163165954
700,2024-10-16,0.0030942528150605,0.0001873015873015,1.1629082400527588,-0.0029933244087453,0.0,,1.0548582350190114,1.0030942528150606,1.0581222330822089,0.0,1.0581222330822089,0.005580328638701078,1.0651390592392147
701,2024-10-17,-0.0009915472289702,0.0001880952380952,1.1629082400527588,-0.0039819036151927,0.0,,1.0581222330822089,0.9990084527710298,1.0570730549140845,0.0,1.0570730549140845,0.005580328638701078,1.064082923556558
702,2024-10-18,0.004391437654626,0.0001876984126984,1.163364155620985,0.0,0.0,,1.0570730549140845,1.004391437654626,1.0617151253311248,0.0,1.0617151253311248,0.005580328638701078,1.0687557773747087
703,2024-10-21,-0.0047661006734974,0.0001876984126984,1.163364155620985,-0.0047661006734973,0.0,,1.0617151253311248,0.9952338993265026,1.0566548841572219,0.0,1.0566548841572219,0.005580328638701078,1.063661979744359
704,2024-10-22,0.0002385072067135,0.0001873015873015,1.163364155620985,-0.0045287302161425,0.0,,1.0566548841572219,1.0002385072067135,1.0569069039621024,0.0,1.0569069039621024,0.005580328638701078,1.0639156707920352
705,2024-10-23,-0.0083263591904292,0.0001876984126984,1.163364155620985,-0.0128173815721157,0.0,,1.0569069039621024,0.9916736408095708,1.0481067174488694,0.0,1.0481067174488694,0.005580328638701078,1.055057126768694
706,2024-10-24,0.0037796448656642,0.0001865079365079,1.163364155620985,-0.0090861818569017,0.0,,1.0481067174488694,1.0037796448656642,1.0520681886221432,0.0,1.0520681886221432,0.005580328638701078,1.0590448680208675
707,2024-10-25,-0.0002374967254515,0.0001876984126984,1.163364155620985,-0.0093215206439153,0.0,,1.0520681886221432,0.9997625032745485,1.0518183258723939,0.0,1.0518183258723939,0.005580328638701078,1.0587933483326066
708,2024-10-28,0.0013773620836932,0.0001865079365079,1.163364155620985,-0.0079569976693195,0.0,,1.0518183258723939,1.0013773620836932,1.0532670605533843,0.0,1.0532670605533843,0.005580328638701078,1.0602516901450665
709,2024-10-29,0.0032961365137564,0.0001865079365079,1.163364155620985,-0.0046870885061206,0.0,,1.0532670605533843,1.0032961365137565,1.0567387725704112,0.0,1.0567387725704112,0.005580328638701078,1.0637464244547257
710,2024-10-30,-0.0027787397635137,0.0001853174603174,1.163364155620985,-0.0074528040704273,0.0,,1.0567387725704112,0.9972212602364863,1.053802370523423,0.0,1.053802370523423,0.005580328638701078,1.0607905499667978
711,2024-10-31,-0.0113764471076016,0.0001841269841269,1.163364155620985,-0.0187444647467184,0.0,,1.053802370523423,0.9886235528923984,1.0418138435932982,0.0,1.0418138435932982,0.005580328638701078,1.048722522382857
712,2024-11-01,0.0001489341615769,0.0001829365079365,1.163364155620985,-0.0185983222762826,0.0,,1.0418138435932982,1.0001489341615768,1.041969005264613,0.0,1.041969005264613,0.005580328638701078,1.0488787129924548
713,2024-11-04,0.0013368829787291,0.0001845238095238,1.163364155620985,-0.0172863030780375,0.0,,1.041969005264613,1.001336882978729,1.0433619958921143,0.0,1.0433619958921143,0.005580328638701078,1.050280941090606
714,2024-11-05,0.0073819784317974,0.0001841269841269,1.163364155620985,-0.0100319317627277,0.0,,1.0433619958921143,1.0073819784317974,1.051064071642347,0.0,1.051064071642347,0.005580328638701078,1.0580340923450648
715,2024-11-06,-0.0002027266804596,0.0001841269841269,1.163364155620985,-0.0102326247029623,0.0,,1.051064071642347,0.9997972733195404,1.0508509929121526,0.0,1.0508509929121526,0.005580328638701078,1.0578196006057106
716,2024-11-07,0.0118612080194912,0.0001837301587301,1.1651175920673518,0.0,0.0,,1.0508509929121526,1.0118612080194913,1.0633153551365726,0.0,1.0633153551365726,0.005580328638701078,1.07036661893559
717,2024-11-08,-0.0011056434314564,0.0001837301587301,1.1651175920673518,-0.0011056434314565,0.0,,1.0633153551365726,0.9988943565685436,1.0621397074985992,0.0,1.0621397074985992,0.005580328638701078,1.0691831751141136
718,2024-11-11,-0.004352305540036,0.0001837301587301,1.1651175920673518,-0.0054531368734604,0.0,,1.0621397074985992,0.995647694459964,1.0575169509653608,0.0,1.0575169509653608,0.005580328638701078,1.064529763257751
719,2024-11-12,-0.0069844006570215,0.0001837301587301,1.1651175920673518,-0.0123994506377203,0.0,,1.0575169509653608,0.9930155993429785,1.050130828878227,0.0,1.050130828878227,0.005580328638701078,1.0570946608798346
720,2024-11-13,-0.0035322417403332,0.0001825396825396,1.1651175920673518,-0.0158878945209537,0.0,,1.050130828878227,0.9964677582596668,1.0464215129316525,0.0,1.0464215129316525,0.005580328638701078,1.0533607469951916
721,2024-11-14,-0.0029639803691413,0.0001829365079365,1.1651175920673518,-0.018804783482628,0.0,,1.0464215129316525,0.9970360196308587,1.043319940109476,0.0,1.043319940109476,0.005580328638701078,1.0502386064194738
722,2024-11-15,-0.0079267313082817,0.0001825396825396,1.1651175920673518,-0.0265824543249325,0.0,,1.043319940109476,0.9920732686917183,1.0350498232756555,0.0,1.0350498232756555,0.005580328638701078,1.0419136471768025
723,2024-11-18,0.0058695830487414,0.0001837301587301,1.1651175920673518,-0.0208688991994906,0.0,,1.0350498232756555,1.0058695830487414,1.041125134172957,0.0,1.041125134172957,0.005580328638701078,1.048029245858524
724,2024-11-19,0.0031825317228583,0.0001833333333333,1.1651175920673518,-0.0177527834103558,0.0,,1.041125134172957,1.0031825317228582,1.0444385479399274,0.0,1.0444385479399274,0.005580328638701078,1.051364632179952
725,2024-11-20,0.0005924261686633,0.0001833333333333,1.1651175920673518,-0.0171708744551511,0.0,,1.0444385479399274,1.0005924261686634,1.0450573006672879,0.0,1.0450573006672879,0.005580328638701078,1.0519874881008624
726,2024-11-21,0.0033661993862971,0.0001837301587301,1.1651175920673518,-0.0138624756559071,0.0,,1.0450573006672879,1.003366199386297,1.0485751719114393,0.0,1.0485751719114393,0.005580328638701078,1.0555286877377
727,2024-11-22,0.0039786780722167,0.0001837301587301,1.1651175920673518,-0.009938951911609,0.0,,1.0485751719114393,1.0039786780722166,1.052747114954994,0.0,1.052747114954994,0.005580328638701078,1.0597282965821977
728,2024-11-25,0.0010247743360483,0.0001833333333333,1.1651175920673518,-0.008924362758407,0.0,,1.052747114954994,1.0010247743360483,1.0538259431807488,0.0,1.0538259431807488,0.005580328638701078,1.0608142789437194
729,2024-11-26,0.0009012279005251,0.0001829365079365,1.1651175920673518,-0.0080311777425942,0.0,,1.0538259431807488,1.0009012279005252,1.0547756805230406,0.0,1.0547756805230406,0.005580328638701078,1.061770314369179
730,2024-11-27,0.0004602230274107,0.0001825396825396,1.1651175920673518,-0.0075746508481177,0.0,,1.0547756805230406,1.0004602230274107,1.05526111257997,0.0,1.05526111257997,0.005580328638701078,1.062258965517673
731,2024-11-29,0.0073493951088688,0.000181746031746,1.1651175920673518,-0.0002809248411435,0.0,,1.05526111257997,1.0073493951088688,1.0630166434393447,0.0,1.0630166434393447,0.005580328638701078,1.0700659263632006
732,2024-12-02,0.001433637504809,0.0001789682539682,1.1664601686258154,0.0,0.0,,1.0630166434393447,1.001433637504809,1.0645406239676154,0.0,1.0645406239676154,0.005580328638701078,1.0716000130078531
733,2024-12-03,0.0006707731131753,0.0001781746031746,1.1672425987445196,0.0,0.0,,1.0645406239676154,1.0006707731131752,1.0652546891960557,0.0,1.0652546891960557,0.005580328638701078,1.0723188134846573
734,2024-12-04,0.0047448474631724,0.0001773809523809,1.1727809868280794,0.0,0.0,,1.0652546891960557,1.0047448474631724,1.0703091602057202,0.0,1.0703091602057202,0.005580328638701078,1.077406802686532
735,2024-12-05,-0.0016245289643519,0.0001769841269841,1.1727809868280794,-0.001624528964352,0.0,,1.0703091602057202,0.998375471035648,1.0685704119741548,0.0,1.0685704119741548,0.005580328638701078,1.075656524129178
736,2024-12-06,0.0023790260085965,0.0001753968253968,1.173661314056149,0.0,0.0,,1.0685704119741548,1.0023790260085965,1.071112568776258,0.0,1.071112568776258,0.005580328638701078,1.078215538976398
737,2024-12-09,-0.0020029795333938,0.0001753968253968,1.173661314056149,-0.002002979533394,0.0,,1.071112568776258,0.9979970204666062,1.0689671522230382,0.0,1.0689671522230382,0.005580328638701078,1.076055895319241
738,2024-12-10,-0.0009608344697303,0.000175,1.173661314056149,-0.0029618894713465,0.0,,1.0689671522230382,0.9990391655302697,1.0679400517361728,0.0,1.0679400517361728,0.005580328638701078,1.0750219837236616
739,2024-12-11,0.0053683307938321,0.0001738095238095,1.1764669994536547,0.0,0.0,,1.0679400517361728,1.0053683307938321,1.0736731072018748,0.0,1.0736731072018748,0.005580328638701078,1.080793057342932
740,2024-12-12,-0.0074478361706523,0.000172619047619,1.1764669994536547,-0.0074478361706523,0.0,,1.0736731072018748,0.9925521638293477,1.0656765657986,0.0,1.0656765657986,0.005580328638701078,1.0727434877174633
741,2024-12-13,-0.0032798173779842,0.0001722222222222,1.1764669994536547,-0.0107032260061357,0.0,,1.0656765657986,0.9967201826220158,1.0621813412787833,0.0,1.0621813412787833,0.005580328638701078,1.069225084984328
742,2024-12-16,0.0023299457004389,0.0001734126984126,1.1764669994536547,-0.0083982182411104,0.0,,1.0621813412787833,1.0023299457004389,1.064656166127982,0.0,1.064656166127982,0.005580328638701078,1.071716321373889
743,2024-12-17,-0.0024373522273332,0.0001738095238095,1.1764669994536547,-0.010815101052508,0.0,,1.064656166127982,0.9975626477726668,1.062061224050126,0.0,1.062061224050126,0.005580328638701078,1.069104171210919
744,2024-12-18,-0.0214389285993689,0.0001730158730158,1.1764669994536547,-0.0320221654726171,0.0,,1.062061224050126,0.9785610714006311,1.039291769299557,0.0,1.039291769299557,0.005580328638701078,1.0461837232190407
745,2024-12-19,-0.002300015895302,0.000172619047619,1.1764669994536547,-0.0342485298783301,0.0,,1.039291769299557,0.997699984104698,1.0369013817103114,0.0,1.0369013817103114,0.005580328638701078,1.0437774840262306
746,2024-12-20,0.0059833457522976,0.0001722222222222,1.1764669994536547,-0.0284701049218023,0.0,,1.0369013817103114,1.0059833457522975,1.0431055211881193,0.0,1.0431055211881193,0.005580328638701078,1.050022765601623
747,2024-12-23,0.002254584270936,0.0001730158730158,1.1764669994536547,-0.0262797089016149,0.0,,1.0431055211881193,1.002254584270936,1.0454572904891166,0.0,1.0454572904891166,0.005580328638701078,1.0523901304130732
748,2024-12-24,0.0055481864415438,0.0001746031746031,1.1764669994536547,-0.0208773271846868,0.0,,1.0454572904891166,1.0055481864415439,1.0512576824534214,0.0,1.0512576824534214,0.005580328638701078,1.0582289870658457
749,2024-12-26,0.0019874838065764,0.000172619047619,1.1764669994536547,-0.0189313367278146,0.0,,1.0512576824534214,1.0019874838065763,1.0533470400738365,0.0,1.0533470400738365,0.005580328638701078,1.0603322000412887
750,2024-12-27,-0.0063753938756465,0.0001710317460317,1.1764669994536547,-0.0251860358752289,0.0,,1.0533470400738365,0.9936246061243535,1.0466315378056195,0.0,1.0466315378056195,0.005580328638701078,1.0535721646269949
751,2024-12-30,-0.0049343049515802,0.0001734126984126,1.1764669994536547,-0.0299960652452795,0.0,,1.0466315378056195,0.9950656950484198,1.0414671386261452,0.0,1.0414671386261452,0.005580328638701078,1.0483735182782286
752,2024-12-31,-0.0014653115305172,0.0001734126984126,1.1764669994536547,-0.0314174231955226,0.0,,1.0414671386261452,0.9985346884694828,1.0399410648192615,0.0,1.0399410648192615,0.005580328638701078,1.046837324473607
753,2025-01-02,0.0020813607856989,0.0001730158730158,1.0020813607856989,0.0,1.0,0.4293780558438897,1.0399410648192615,1.0020813607856989,1.0421055573710143,0.0033559294365605938,1.0387496279344537,0.008936258075261671,1.049016170629772
754,2025-01-03,0.0050230591050242,0.0001722222222222,1.0071148746889684,0.0,0.0,,1.0387496279344537,1.0050230591050242,1.0439673287108904,0.0,1.0439673287108904,0.008936258075261671,1.0542854408569715
755,2025-01-06,0.0014322569667757,0.000172619047619,1.0085573219845851,0.0,0.0,,1.0439673287108904,1.0014322569667757,1.0454625581905228,0.0,1.0454625581905228,0.008936258075261671,1.055795448524609
756,2025-01-07,-0.0062886839334067,0.000172619047619,1.0085573219845851,-0.0062886839334067,0.0,,1.0454625581905228,0.9937113160665934,1.0388879745978519,0.0,1.0388879745978519,0.008936258075261671,1.0491558846505085
757,2025-01-08,0.0017163380001465,0.000172619047619,1.0085573219845851,-0.0045831394404659,0.0,,1.0388879745978519,1.0017163380001466,1.0406710575065494,0.0,1.0406710575065494,0.008936258075261671,1.0509565907634115
758,2025-01-10,-0.0086917403852312,0.0001730158730158,1.0085573219845851,-0.0132350443675314,0.0,,1.0406710575065494,0.9913082596147688,1.0316258148482784,0.0,1.0316258148482784,0.008936258075261671,1.0418219489203482
759,2025-01-13,-0.0027747409898376,0.0001734126984126,1.0085573219845851,-0.0159730615372601,0.0,,1.0316258148482784,0.9972252590101623,1.0287633204136442,0.0,1.0287633204136442,0.008936258075261671,1.0389311628545663
760,2025-01-14,0.0046810129447286,0.0001730158730158,1.0085573219845851,-0.0113668187003542,0.0,,1.0287633204136442,1.0046810129447286,1.0335789748335624,0.0,1.0335789748335624,0.008936258075261671,1.0437944130765706
761,2025-01-15,0.0132279686683187,0.000172619047619,1.0102827518121975,0.0,0.0,,1.0335789748335624,1.0132279686683188,1.0472511251288938,0.0,1.0472511251288938,0.008936258075261671,1.0576016928689136
762,2025-01-16,0.0021372976133037,0.0001722222222222,1.0124420267264078,0.0,0.0,,1.0472511251288938,1.0021372976133036,1.0494894124591614,0.0,1.0494894124591614,0.008936258075261671,1.0598621024429085
763,2025-01-17,0.0050076381300829,0.0001722222222222,1.0175119700239414,0.0,0.0,,1.0494894124591614,1.005007638130083,1.0547448756581104,0.0,1.0547448756581104,0.008936258075261671,1.0651695083197317
764,2025-01-21,0.0097921816359663,0.0001730158730158,1.0274756320511855,0.0,0.0,,1.0547448756581104,1.0097921816359663,1.0650731290601592,0.0,1.0650731290601592,0.008936258075261671,1.0755998416182913
765,2025-01-22,0.0023180620419918,0.0001730158730158,1.029857384312915,0.0,0.0,,1.0650731290601592,1.0023180620419918,1.067542034652579,0.0,1.067542034652579,0.008936258075261671,1.078093148783519
766,2025-01-23,0.0019948621833361,0.0001730158730158,1.0319118078631104,0.0,0.0,,1.067542034652579,1.001994862183336,1.0696716338866292,0.0,1.0696716338866292,0.008936258075261671,1.080243796036141
767,2025-01-24,0.0012175412946544,0.000172619047619,1.0331682031016254,0.0,0.0,,1.0696716338866292,1.0012175412946545,1.0709740032726067,0.0,1.0709740032726067,0.008936258075261671,1.0815590374661093
768,2025-01-27,-0.011577471652697,0.0001714285714285,1.0331682031016254,-0.011577471652697,0.0,,1.0709740032726067,0.988422528347303,1.0585748321089428,0.0,1.0585748321089428,0.008936258075261671,1.069037318369127
769,2025-01-28,0.0056946734002398,0.0001710317460317,1.0331682031016254,-0.0059487281723199,0.0,,1.0585748321089428,1.0056946734002399,1.0646030700475169,0.0,1.0646030700475169,0.008936258075261671,1.0751251367499075
770,2025-01-29,-0.0016251437206301,0.0001710317460317,1.0331682031016254,-0.0075642043547151,0.0,,1.0646030700475169,0.99837485627937,1.0628729370532657,0.0,1.0628729370532657,0.008936258075261671,1.0733779038850269
771,2025-01-30,0.0093240656268781,0.0001706349206349,1.034913567347308,0.0,0.0,,1.0628729370532657,1.009324065626878,1.072783234071383,0.0,1.072783234071383,0.008936258075261671,1.083386149903292
772,2025-01-31,-0.0038317584842154,0.0001710317460317,1.034913567347308,-0.0038317584842154,0.0,,1.072783234071383,0.9961682415157846,1.068672587812506,0.0,1.068672587812506,0.008936258075261671,1.0792348758317185
773,2025-02-03,-0.0011312351509993,0.0001722222222222,1.034913567347308,-0.0049586590153273,0.0,,1.068672587812506,0.9988687648490007,1.0674636678162632,0.0,1.0674636678162632,0.008936258075261671,1.0780140074039932
774,2025-02-04,0.0072307916890529,0.0001718253968253,1.0372279214207445,0.0,0.0,,1.0674636678162632,1.0072307916890528,1.0751822752338749,0.0,1.0751822752338749,0.008936258075261671,1.0858089021294126
775,2025-02-05,0.0059909611468053,0.0001718253968253,1.0434419135983577,0.0,0.0,,1.0751822752338749,1.0059909611468052,1.0816236504705345,0.0,1.0816236504705345,0.008936258075261671,1.0923139410749254
776,2025-02-06,0.002121460059278,0.0001722222222222,1.045655533942233,0.0,0.0,,1.0816236504705345,1.002121460059278,1.0839182718441782,0.0,1.0839182718441782,0.008936258075261671,1.0946312414731083
777,2025-02-07,-0.0040393788862122,0.000172619047619,1.045655533942233,-0.0040393788862121,0.0,,1.0839182718441782,0.9959606211137878,1.0795399152625111,0.0,1.0795399152625111,0.008936258075261671,1.090209611148114
778,2025-02-10,0.0077427846539648,0.000172619047619,1.0494953167125212,0.0,0.0,,1.0795399152625111,1.0077427846539648,1.0878985603517481,0.0,1.0878985603517481,0.008936258075261671,1.0986508693949164
779,2025-02-11,-0.0024791868155269,0.000172619047619,1.0494953167125212,-0.0024791868155269,0.0,,1.0878985603517481,0.997520813184473,1.0852014565842933,0.0,1.0852014565842933,0.008936258075261671,1.0959271086446454
780,2025-02-12,-0.0015830385159324,0.000172619047619,1.0494953167125212,-0.0040583006832422,0.0,,1.0852014565842933,0.9984169614840676,1.0834835408809744,0.0,1.0834835408809744,0.008936258075261671,1.0941922138210065
781,2025-02-13,0.0087360838777463,0.0001722222222222,1.054367419822689,0.0,0.0,,1.0834835408809744,1.0087360838777464,1.0929489439742683,0.0,1.0929489439742683,0.008936258075261671,1.1037511687793238
782,2025-02-14,0.0002631638725651,0.0001722222222222,1.0546448912359958,0.0,0.0,,1.0929489439742683,1.0002631638725652,1.0932365686508807,0.0,1.0932365686508807,0.008936258075261671,1.1040416362112482
783,2025-02-18,0.0036619903431185,0.0001722222222222,1.0585069906431213,0.0,0.0,,1.0932365686508807,1.0036619903431185,1.0972399904080243,0.0,1.0972399904080243,0.008936258075261671,1.1080846260214543
784,2025-02-19,0.0006483671561773,0.0001722222222222,1.0591932918104383,0.0,0.0,,1.0972399904080243,1.0006483671561772,1.097951404780249,0.0,1.097951404780249,0.008936258075261671,1.1088030716992316
785,2025-02-20,-0.0014351856904263,0.0001718253968253,1.0591932918104383,-0.0014351856904263,0.0,,1.097951404780249,0.9985648143095737,1.0963756406353249,0.0,1.0963756406353249,0.008936258075261671,1.107211733397228
786,2025-02-21,-0.0068556434090603,0.0001714285714285,1.0591932918104383,-0.0082809899781673,0.0,,1.0963756406353249,0.9931443565909397,1.088859280200749,0.0,1.088859280200749,0.008936258075261671,1.099621084574729
787,2025-02-24,-0.0034096664798383,0.0001710317460317,1.0591932918104383,-0.0116624210440571,0.0,,1.088859280200749,0.9965903335201617,1.0851466332117876,0.0,1.0851466332117876,0.008936258075261671,1.095871743422131
788,2025-02-25,-0.001432163640565,0.0001706349206349,1.0591932918104383,-0.0130778821892419,0.0,,1.0851466332117876,0.998567836359435,1.0835925256590202,0.0,1.0835925256590202,0.008936258075261671,1.094302275756479
789,2025-02-26,0.0030374843652902,0.0001710317460317,1.0591932918104383,-0.0100801216866325,0.0,,1.0835925256590202,1.0030374843652903,1.0868839210140548,0.0,1.0868839210140548,0.008936258075261671,1.097626201809991
790,2025-02-27,-0.0124551374544522,0.0001714285714285,1.0591932918104383,-0.0224097098399203,0.0,,1.0868839210140548,0.9875448625455479,1.073346632380791,0.0,1.073346632380791,0.008936258075261671,1.0839551165928392
791,2025-02-28,0.0049158343558595,0.0001714285714285,1.0591932918104383,-0.0176040379055966,0.0,,1.073346632380791,1.0049158343558595,1.0786230266319945,0.0,1.0786230266319945,0.008936258075261671,1.089283660395196
792,2025-03-03,-0.0051469890198445,0.000172619047619,1.0591932918104383,-0.0226604191356362,0.0,,1.0786230266319945,0.9948530109801555,1.0730713657573683,0.0,1.0730713657573683,0.008936258075261671,1.0836771293556458
793,2025-03-04,-0.0038953662859941,0.0001722222222222,1.0591932918104383,-0.0264675147889027,0.0,,1.0730713657573683,0.9961046337140059,1.0688913597367313,0.0,1.0688913597367313,0.008936258075261671,1.079455810001051
794,2025-03-05,0.0081675561015375,0.000172619047619,1.0591932918104383,-0.0185161335992719,0.0,,1.0688913597367313,1.0081675561015375,1.0776215898838297,0.0,1.0776215898838297,0.008936258075261671,1.088272325888365
795,2025-03-06,-0.012489968237715,0.0001722222222222,1.0591932918104383,-0.0307748359164468,0.0,,1.0776215898838297,0.987510031762285,1.0641621304539048,0.0,1.0641621304539048,0.008936258075261671,1.074679839104035
796,2025-03-07,0.0019762503557463,0.0001722222222222,1.0591932918104383,-0.0288594043411283,0.0,,1.0641621304539048,1.0019762503557463,1.0662651812427861,0.0,1.0662651812427861,0.008936258075261671,1.076803675518378
797,2025-03-10,-0.0159949418791835,0.0001718253968253,1.0591932918104383,-0.0443927417252076,0.0,,1.0662651812427861,0.9840050581208165,1.0492103316410106,0.0,1.0492103316410106,0.008936258075261671,1.05958026331317
798,2025-03-11,-6.611239337167328e-05,0.0001722222222222,1.0591932918104383,-0.0444559192081754,0.0,,1.0492103316410106,0.9999338876066284,1.0491409658348356,0.0,1.0491409658348356,0.008936258075261671,1.0595102119259932
799,2025-03-12,0.0039257650913326,0.000172619047619,1.0591932918104383,-0.0407046776125732,0.0,,1.0491409658348356,1.0039257650913327,1.053259646814397,0.0,1.053259646814397,0.008936258075261671,1.0636696001298829
800,2025-03-13,-0.0023784640443116,0.0001722222222222,1.0591932918104383,-0.0429863270447481,0.0,,1.053259646814397,0.9976215359556884,1.0507545066151247,0.0,1.0507545066151247,0.008936258075261671,1.0611397002309464
801,2025-03-14,0.0113082386381957,0.0001718253968253,1.0591932918104383,-0.032164188050954,0.0,,1.0507545066151247,1.0113082386381957,1.0626366893260881,0.0,1.0626366893260881,0.008936258075261671,1.0731393211896214
802,2025-03-17,0.0077990610652596,0.0001722222222222,1.0591932918104383,-0.0246159774524182,0.0,,1.0626366893260881,1.0077990610652596,1.0709242577563276,0.0,1.0709242577563276,0.008936258075261671,1.0815088002871105
803,2025-03-18,-0.0037875293707723,0.0001722222222222,1.0591932918104383,-0.0283102730855993,0.0,,1.0709242577563276,0.9962124706292277,1.066868100676203,0.0,1.066868100676203,0.008936258075261671,1.0774125539412744
804,2025-03-19,0.0076986722187739,0.0001718253968253,1.0591932918104383,-0.0208295523797353,0.0,,1.066868100676203,1.007698672218774,1.0750815684839752,0.0,1.0750815684839752,0.008936258075261671,1.0857072000384604
805,2025-03-20,-0.0027028086889829,0.0001718253968253,1.0591932918104383,-0.0234760627735587,0.0,,1.0750815684839752,0.9972971913110171,1.0721758286793113,0.0,1.0721758286793113,0.008936258075261671,1.0827727411845052
806,2025-03-21,-0.0015653276562935,0.0001718253968253,1.0591932918104383,-0.0250046426995319,0.0,,1.0721758286793113,0.9984346723437065,1.0704975222022701,0.0,1.0704975222022701,0.008936258075261671,1.0810778470672482
807,2025-03-24,0.0070966981203292,0.0001718253968253,1.0591932918104383,-0.0180853949800479,0.0,,1.0704975222022701,1.007096698120329,1.0780945199559,0.0,1.0780945199559,0.008936258075261671,1.08874993019246
808,2025-03-25,0.0014785067488924,0.0001718253968253,1.0591932918104383,-0.0166336276096897,0.0,,1.0780945199559,1.0014785067488925,1.0796884899795989,0.0,1.0796884899795989,0.008936258075261671,1.0903596543121057
809,2025-03-26,-0.007431424920869,0.0001718253968253,1.0591932918104383,-0.0239414409758157,0.0,,1.0796884899795989,0.992568575079131,1.071664866028389,0.0,1.071664866028389,0.008936258075261671,1.0822567284043405
810,2025-03-27,0.0004044615651887,0.0001718253968253,1.0591932918104383,-0.0235466628033168,0.0,,1.071664866028389,1.0004044615651888,1.0720983132774606,0.0,1.0720983132774606,0.008936258075261671,1.082694459654647
811,2025-03-28,-0.0075321917654042,0.0001718253968253,1.0591932918104383,-0.0309014965890512,0.0,,1.0720983132774606,0.9924678082345958,1.0640230631904883,0.0,1.0640230631904883,0.008936258075261671,1.0745393973611874
812,2025-03-31,0.0049428776220868,0.0001714285714285,1.0591932918104383,-0.0261113612829435,0.0,,1.0640230631904883,1.0049428776220868,1.0692823989789169,0.0,1.0692823989789169,0.008936258075261671,1.0798507141024547
813,2025-04-01,0.0031109099489259,0.0001714285714285,1.0591932918104383,-0.0230816814276126,0.0,,1.0692823989789169,1.003110909948926,1.0726088402321117,0.0,1.0726088402321117,0.008936258075261671,1.0832100324323108
814,2025-04-02,0.0039937678204022,0.0001714285714285,1.0591932918104383,-0.0191800964837368,0.0,,1.0726088402321117,1.0039937678204023,1.0768925909021096,0.0,1.0768925909021096,0.008936258075261671,1.087536121802576
815,2025-04-03,-0.0220492802373724,0.0001710317460317,1.0591932918104383,-0.0408064693987596,0.0,,1.0768925909021096,0.9779507197626276,1.053147884379759,0.0,1.053147884379759,0.008936258075261671,1.0635567330846856
816,2025-04-04,-0.0373636277678854,0.0001698412698412,1.0591932918104383,-0.0766454194335083,0.0,,1.053147884379759,0.9626363722321146,1.0137984588432578,0.0,1.0137984588432578,0.008936258075261671,1.023818395199681
817,2025-04-07,-0.0130588134412026,0.000170238095238,1.0591932918104383,-0.0887033346412059,0.0,,1.0137984588432578,0.9869411865587974,1.0005594539022449,0.0,1.0005594539022449,0.008936258075261671,1.010448541779097
818,2025-04-08,-0.0092158441215193,0.0001710317460317,1.0591932918104383,-0.0971017026576129,0.0,,1.0005594539022449,0.9907841558784807,0.9913384539407692,0.0,0.9913384539407692,0.008936258075261671,1.0011364055252443
819,2025-04-09,0.0588622255478657,0.000172619047619,1.0591932918104383,-0.0439550994326614,0.0,,0.9913384539407692,1.0588622255478657,1.0496908416109032,0.0,1.0496908416109032,0.008936258075261671,1.0600655224314508
820,2025-04-10,-0.0169434641831399,0.0001722222222222,1.0591932918104383,-0.0601538119628978,0.0,,1.0496908416109032,0.9830565358168601,1.031905442432699,0.0,1.031905442432699,0.008936258075261671,1.042104340220352
821,2025-04-11,0.013924217475784,0.0001722222222222,1.0591932918104383,-0.0470671892468824,0.0,,1.031905442432699,1.013924217475784,1.046273918227577,0.0,1.046273918227577,0.008936258075261671,1.0566148276860388
822,2025-04-14,0.0060702830138884,0.0001718253968253,1.0591932918104383,-0.0412826173923909,0.0,,1.046273918227577,1.0060702830138883,1.0526250970212683,0.0,1.0526250970212683,0.008936258075261671,1.0630287787267638
823,2025-04-15,0.002084350310962,0.0001718253968253,1.0591932918104383,-0.0392843145178281,0.0,,1.0526250970212683,1.002084350310962,1.054819136469571,0.0,1.054819136469571,0.008936258075261671,1.0652445030922646
824,2025-04-16,-0.0043262110307145,0.0001718253968253,1.0591932918104383,-0.0434405733137415,0.0,,1.054819136469571,0.9956737889692855,1.0502557662859675,0.0,1.0502557662859675,0.008936258075261671,1.0606360305725788
825,2025-04-17,0.0007252367162055,0.0001722222222222,1.0591932918104383,-0.0427468412962761,0.0,,1.0502557662859675,1.0007252367162054,1.0510174503290846,0.0,1.0510174503290846,0.008936258075261671,1.061405242764481
826,2025-04-21,-0.0078992525831798,0.0001722222222222,1.0591932918104383,-0.0503084257829236,0.0,,1.0510174503290846,0.9921007474168202,1.0427151980196054,0.0,1.0427151980196054,0.008936258075261671,1.053020934658773
827,2025-04-22,0.0116291239158665,0.0001718253968253,1.0591932918104383,-0.0392643447844989,0.0,,1.0427151980196054,1.0116291239158666,1.0548410622663327,0.0,1.0548410622663327,0.008936258075261671,1.0652666455939213
828,2025-04-23,0.0063072854734023,0.0001718253968253,1.0591932918104383,-0.0332047107425785,0.0,,1.0548410622663327,1.0063072854734023,1.0614942459751133,0.0,1.0614942459751133,0.008936258075261671,1.0719855864329757
829,2025-04-24,0.0145180701253403,0.0001714285714285,1.0591932918104383,-0.0191687089362906,0.0,,1.0614942459751133,1.0145180701253402,1.0769050938758251,0.0,1.0769050938758251,0.008936258075261671,1.0875487483501638
830,2025-04-25,0.0024726118089062,0.0001714285714285,1.0591932918104383,-0.0167434939034617,0.0,,1.0769050938758251,1.0024726118089062,1.0795678621280138,0.0,1.0795678621280138,0.008936258075261671,1.0902378342280956
831,2025-04-28,0.0041025937848001,0.0001714285714285,1.0591932918104383,-0.0127095918726856,0.0,,1.0795678621280138,1.0041025937848,1.0839968905294501,0.0,1.0839968905294501,0.008936258075261671,1.094710637190754
832,2025-04-29,0.0024470306270553,0.0001710317460317,1.0591932918104383,-0.0102936620062,0.0,,1.0839968905294501,1.0024470306270552,1.0866494641202082,0.0,1.0866494641202082,0.008936258075261671,1.0973894276477232
833,2025-04-30,-0.0009330471014002,0.0001710317460317,1.0591932918104383,-0.0112171046361024,0.0,,1.0866494641202082,0.9990669528985998,1.0856355689874728,0.0,1.0856355689874728,0.008936258075261671,1.0963655116231492
834,2025-05-01,-0.0013581130914638,0.0001710317460317,1.0591932918104383,-0.0125599836309117,0.0,,1.0856355689874728,0.9986418869085362,1.0841611531086721,0.0,1.0841611531086721,0.008936258075261671,1.0948765232687845
835,2025-05-02,0.0103683253975038,0.0001718253968253,1.0591932918104383,-0.0023218842306804,0.0,,1.0841611531086721,1.0103683253975038,1.0954020887274358,0.0,1.0954020887274358,0.008936258075261671,1.1062285593321228
836,2025-05-05,0.0037071906001027,0.0001718253968253,1.0606514818404702,0.0,0.0,,1.0954020887274358,1.0037071906001027,1.0994629530540991,0.0,1.0994629530540991,0.008936258075261671,1.110329559448844
837,2025-05-06,0.0009690395211535,0.0001718253968253,1.0616792950445435,0.0,0.0,,1.0994629530540991,1.0009690395211535,1.1005283761076528,0.0,1.1005283761076528,0.008936258075261671,1.1114055126734548
838,2025-05-07,-0.0012283822205723,0.0001722222222222,1.0616792950445435,-0.0012283822205723,0.0,,1.1005283761076528,0.9987716177794277,1.0991765066172068,0.0,1.0991765066172068,0.008936258075261671,1.110040281901841
839,2025-05-08,-0.0018915954259025,0.0001722222222222,1.0616792950445435,-0.0031176540442853,0.0,,1.0991765066172068,0.9981084045740976,1.0970973093650302,0.0,1.0970973093650302,0.008936258075261671,1.1079405347820277
840,2025-05-09,0.0015279452336492,0.0001722222222222,1.0616792950445435,-0.0015944724152732,0.0,,1.0970973093650302,1.0015279452336492,1.098773613969724,0.0,1.098773613969724,0.008936258075261671,1.1096334072413143
841,2025-05-12,0.0100272470100043,0.0001753968253968,1.0706152229238106,0.0,0.0,,1.098773613969724,1.0100272470100042,1.1097912884050734,0.0,1.1097912884050734,0.008936258075261671,1.1207599755062758
842,2025-05-13,0.0050949337568495,0.000175,1.076069936563682,0.0,0.0,,1.1097912884050734,1.0050949337568496,1.115445601503426,0.0,1.115445601503426,0.008936258075261671,1.1264701733388087
843,2025-05-14,-0.0024025860307253,0.000175,1.076069936563682,-0.0024025860307252,0.0,,1.115445601503426,0.9975974139692747,1.11276564748322,0.0,1.11276564748322,0.008936258075261671,1.1237637318363165
844,2025-05-15,0.0062049276159121,0.0001738095238095,1.0801454801187274,0.0,0.0,,1.11276564748322,1.0062049276159122,1.119670277779327,0.0,1.119670277779327,0.008936258075261671,1.130736604449748
845,2025-05-16,0.0012418665418229,0.0001734126984126,1.081486876650788,0.0,0.0,,1.119670277779327,1.0012418665418228,1.1210607588351746,0.0,1.1210607588351746,0.008936258075261671,1.1321408284064287
846,2025-05-19,0.0030044420453718,0.0001742063492063,1.0847361412945156,0.0,0.0,,1.1210607588351746,1.0030044420453719,1.1244289209144356,0.0,1.1244289209144356,0.008936258075261671,1.1355422799125752
847,2025-05-20,0.000691297665154,0.0001738095238095,1.0854860168563008,0.0,0.0,,1.1244289209144356,1.000691297665154,1.1252062360020954,0.0,1.1252062360020954,0.008936258075261671,1.1363272776393625
848,2025-05-21,-0.0085529525396659,0.0001730158730158,1.0854860168563008,-0.008552952539666,0.0,,1.1252062360020954,0.9914470474603341,1.1155824004682333,0.0,1.1155824004682333,0.008936258075261671,1.1266083243641851
849,2025-05-22,-0.0006135349887627,0.0001734126984126,1.0854860168563008,-0.0091612399927885,0.0,,1.1155824004682333,0.9993864650112373,1.1148979516326982,0.0,1.1148979516326982,0.008936258075261671,1.1259171107385564
850,2025-05-23,0.002320331437771,0.0001730158730158,1.0854860168563008,-0.0068621656681816,0.0,,1.1148979516326982,1.002320331437771,1.1174848843997782,0.0,1.1174848843997782,0.008936258075261671,1.1285296116069274
851,2025-05-27,0.0071552625469525,0.000172619047619,1.085750871408332,0.0,0.0,,1.1174848843997782,1.0071552625469524,1.1254807821399093,0.0,1.1254807821399093,0.008936258075261671,1.1366045372699856
852,2025-05-28,-0.0034266213812625,0.000172619047619,1.085750871408332,-0.0034266213812627,0.0,,1.1254807821399093,0.9965733786187375,1.1216241856276288,0.0,1.1216241856276288,0.008936258075261671,1.1327098238605362
853,2025-05-29,0.0036645352547209,0.0001730158730158,1.085995552857367,0.0,0.0,,1.1216241856276288,1.0036645352547209,1.125734416998409,0.0,1.125734416998409,0.008936258075261671,1.136860678943442
854,2025-05-30,-0.0011705988687899,0.0001730158730158,1.085995552857367,-0.0011705988687901,0.0,,1.125734416998409,0.9988294011312101,1.1244166335633128,0.0,1.1244166335633128,0.008936258075261671,1.135529871118699
855,2025-06-02,0.0068508267185624,0.0001761904761904,1.092155545824073,0.0,0.0,,1.1244166335633128,1.0068508267185623,1.1321198170793243,0.0,1.1321198170793243,0.008936258075261671,1.143309189499485
856,2025-06-03,0.0007594230593618,0.0001757936507936,1.092984953929982,0.0,0.0,,1.1321198170793243,1.0007594230593617,1.1329795749743747,0.0,1.1329795749743747,0.008936258075261671,1.1441774448619713
857,2025-06-04,0.0043259342791409,0.0001761904761904,1.097713135008773,0.0,0.0,,1.1329795749743747,1.0043259342791409,1.1378807701553229,0.0,1.1378807701553229,0.008936258075261671,1.1491270812921195
858,2025-06-05,-0.0035000254261261,0.0001761904761904,1.097713135008773,-0.0035000254261261,0.0,,1.1378807701553229,0.9964999745738738,1.1338981585278791,0.0,1.1338981585278791,0.008936258075261671,1.1451051072897471
859,2025-06-06,3.017443318687454e-05,0.0001757936507936,1.097713135008773,-0.0034699566042224,0.0,,1.1338981585278791,1.000030174433187,1.1339323732621045,0.0,1.1339323732621045,0.008936258075261671,1.1451396601872992
860,2025-06-09,0.0016672378849644,0.0001761904761904,1.097713135008773,-0.0018085039623676,0.0,,1.1339323732621045,1.0016672378849645,1.1358229082737947,0.0,1.1358229082737947,0.008936258075261671,1.1470488804123389
861,2025-06-10,0.0027949798715887,0.0001765873015873,1.0987904539257949,0.0,0.0,,1.1358229082737947,1.0027949798715887,1.1389975104401093,0.0,1.1389975104401093,0.008936258075261671,1.1502548589448198
862,2025-06-11,0.0023803653911118,0.0001765873015873,1.101405976694404,0.0,0.0,,1.1389975104401093,1.0023803653911119,1.1417087406945234,0.0,1.1417087406945234,0.008936258075261671,1.1529928858020104
863,2025-06-12,0.0045594412731602,0.0001769841269841,1.1064277725630498,0.0,0.0,,1.1417087406945234,1.0045594412731602,1.1469142946487738,0.0,1.1469142946487738,0.008936258075261671,1.1582498891531965
864,2025-06-13,-0.0058914935567489,0.0001765873015873,1.1064277725630498,-0.005891493556749,0.0,,1.1469142946487738,0.9941085064432511,1.1401572564717073,0.0,1.1401572564717073,0.008936258075261671,1.151426067394145
865,2025-06-16,0.0025368331821295,0.0001757936507936,1.1064277725630498,-0.0033696061109663,0.0,,1.1401572564717073,1.0025368331821296,1.1430496452327705,0.0,1.1430496452327705,0.008936258075261671,1.1543470432486795
866,2025-06-17,-0.0041589390569774,0.0001753968253968,1.1064277725630498,-0.0075145311814823,0.0,,1.1430496452327705,0.9958410609430226,1.1382957714191477,0.0,1.1382957714191477,0.008936258075261671,1.1495461842452062
867,2025-06-18,-0.0006353048386805,0.0001753968253968,1.1064277725630498,-0.0081450620021429,0.0,,1.1382957714191477,0.9993646951613195,1.1375726066077156,0.0,1.1375726066077156,0.008936258075261671,1.1488158719920685
868,2025-06-20,-0.0011899578232784,0.0001742063492063,1.1064277725630498,-0.0093253275451707,0.0,,1.1375726066077156,0.9988100421767216,1.1362189431849357,0.0,1.1362189431849357,0.008936258075261671,1.147448829557685
869,2025-06-23,0.0073990293040772,0.0001738095238095,1.1064277725630498,-0.0019952966128702,0.0,,1.1362189431849357,1.007399029304077,1.1446258604414086,0.0,1.1446258604414086,0.008936258075261671,1.1559388370725114
870,2025-06-24,0.0072271811080054,0.0001738095238095,1.1122005197734668,0.0,0.0,,1.1446258604414086,1.0072271811080054,1.1528982788357252,0.0,1.1528982788357252,0.008936258075261671,1.1642930163978116
871,2025-06-25,-0.0009010688619354,0.0001738095238095,1.1122005197734668,-0.0009010688619356,0.0,,1.1528982788357252,0.9990989311380646,1.1518594380956872,0.0,1.1518594380956872,0.008936258075261671,1.1632439082145665
872,2025-06-26,0.0048576397019841,0.0001742063492063,1.1165961517411205,0.0,0.0,,1.1518594380956872,1.0048576397019842,1.157454756233286,0.0,1.157454756233286,0.008936258075261671,1.1688945280062009
873,2025-06-27,-0.0025295035377946,0.0001742063492063,1.1165961517411205,-0.0025295035377947,0.0,,1.157454756233286,0.9974704964622054,1.1545269703325567,0.0,1.1545269703325567,0.008936258075261671,1.1659378051623004
874,2025-06-30,0.0068487535605281,0.000175,1.121399665843073,0.0,0.0,,1.1545269703325567,1.0068487535605282,1.1624340410313476,0.0,1.1624340410313476,0.008936258075261671,1.17392302585676
875,2025-07-01,-0.000786229081172,0.0001746031746031,1.121399665843073,-0.0007862290811719,0.0,,1.1624340410313476,0.999213770918828,1.1615201015833445,0.0,1.1615201015833445,0.008936258075261671,1.1730000534347742
876,2025-07-02,0.0018844970759561,0.000175,1.1226296016876471,0.0,0.0,,1.1615201015833445,1.0018844970759562,1.1637089828184426,0.0,1.1637089828184426,0.008936258075261671,1.1752105686055685
877,2025-07-03,0.0026513914456317,0.0001753968253968,1.1256061322101747,0.0,0.0,,1.1637089828184426,1.0026513914456316,1.1667944308606921,0.0,1.1667944308606921,0.008936258075261671,1.1783265118539852
878,2025-07-07,-0.0056031148125588,0.0001753968253968,1.1256061322101747,-0.0056031148125588,0.0,,1.1667944308606921,0.9943968851874412,1.1602567477019254,0.0,1.1602567477019254,0.008936258075261671,1.1717242131213854
879,2025-07-08,-0.0026746250802937,0.0001753968253968,1.1256061322101747,-0.0082627536614471,0.0,,1.1602567477019254,0.9973253749197063,1.1571534959049419,0.0,1.1571534959049419,0.008936258075261671,1.1685902901537837
880,2025-07-09,0.0041859165872948,0.0001753968253968,1.1256061322101747,-0.0041114242717603,0.0,,1.1571534959049419,1.0041859165872948,1.1619972439174966,0.0,1.1619972439174966,0.008936258075261671,1.17348191163309
881,2025-07-10,0.0007448124696121,0.0001753968253968,1.1256061322101747,-0.0033696740422136,0.0,,1.1619972439174966,1.000744812469612,1.1628627139544212,0.0,1.1628627139544212,0.008936258075261671,1.1743559355937383
882,2025-07-11,-0.0024687472331408,0.000175,1.1256061322101747,-0.0058301024018861,0.0,,1.1628627139544212,0.9975312527668592,1.1599918998468235,0.0,1.1599918998468235,0.008936258075261671,1.171456747627019
883,2025-07-14,0.0022288271553179,0.0001753968253968,1.1256061322101747,-0.0036142695371199,0.0,,1.1599918998468235,1.002228827155318,1.162577321293151,0.0,1.162577321293151,0.008936258075261671,1.1740677222374103
884,2025-07-15,-0.0029272964185717,0.0001753968253968,1.1256061322101747,-0.0065309859174197,0.0,,1.162577321293151,0.9970727035814283,1.1591741128642168,0.0,1.1591741128642168,0.008936258075261671,1.1706308779989445
885,2025-07-16,0.0033856041997645,0.000175,1.1256061322101747,-0.0031674930510057,0.0,,1.1591741128642168,1.0033856041997644,1.1630986176089881,0.0,1.1630986176089881,0.008936258075261671,1.1745941708158716
886,2025-07-17,0.0031012792729515,0.000175,1.1256061322101747,-7.603705860070864e-05,0.0,,1.1630986176089881,1.0031012792729515,1.1667057112441774,0.0,1.1667057112441774,0.008936258075261671,1.1782369153719523
887,2025-07-18,0.0002816705095318,0.0001746031746031,1.1258375703759769,0.0,0.0,,1.1667057112441774,1.0002816705095319,1.1670343378363373,0.0,1.1670343378363373,0.008936258075261671,1.1785687899642543
888,2025-07-21,0.0051336674332701,0.000175,1.131617246046168,0.0,0.0,,1.1670343378363373,1.00513366743327,1.1730255040099955,0.0,1.1730255040099955,0.008936258075261671,1.1846191701791624
889,2025-07-22,0.0011252157107265,0.000175,1.132890559549948,0.0,0.0,,1.1730255040099955,1.0011252157107264,1.1743454107361904,0.0,1.1743454107361904,0.008936258075261671,1.1859521222806757
890,2025-07-23,0.0024511484767716,0.000175,1.135667442519338,0.0,0.0,,1.1743454107361904,1.0024511484767715,1.17722390570092,0.0,1.17722390570092,0.008936258075261671,1.1888590670187282
891,2025-07-24,-0.0023432538218706,0.0001753968253968,1.135667442519338,-0.0023432538218706,0.0,,1.17722390570092,0.9976567461781294,1.1744653712846889,0.0,1.1744653712846889,0.008936258075261671,1.1860732684662711
892,2025-07-25,0.0008318556624253,0.0001753968253968,1.135667442519338,-0.0015133474084054,0.0,,1.1744653712846889,1.0008318556624254,1.1754423569541146,0.0,1.1754423569541146,0.008936258075261671,1.1870599102306962
893,2025-07-28,-0.0031353546570788,0.0001746031746031,1.135667442519338,-0.0046439571846395,0.0,,1.1754423569541146,0.9968646453429212,1.1717569282861109,0.0,1.1717569282861109,0.008936258075261671,1.1833380564129228
894,2025-07-29,0.0019635529660197,0.0001746031746031,1.135667442519338,-0.0026895228745238,0.0,,1.1717569282861109,1.0019635529660198,1.1740577350781014,0.0,1.1740577350781014,0.008936258075261671,1.1856616033633964
895,2025-07-30,-0.0046204106091324,0.000175,1.135667442519338,-0.0072975067836332,0.0,,1.1740577350781014,0.9953795893908676,1.1686331062632125,0.0,1.1686331062632125,0.008936258075261671,1.180183359912375
896,2025-07-31,-0.0010017260045163,0.000175,1.135667442519338,-0.0082919226858362,0.0,,1.1686331062632125,0.9989982739954837,1.16746245609093,0.0,1.16746245609093,0.008936258075261671,1.1790011395506534
897,2025-08-01,-0.0005888896412772,0.000172619047619,1.135667442519338,-0.0088759292997374,0.0,,1.16746245609093,0.9994111103587228,1.1667749495439579,0.0,1.1667749495439579,0.008936258075261671,1.178306837992518
898,2025-08-04,0.008807166064603,0.000172619047619,1.135667442519338,-0.0001469350184549,0.0,,1.1667749495439579,1.008807166064603,1.1770509302846102,0.0,1.1770509302846102,0.008936258075261671,1.1886843819897752
899,2025-08-05,-0.0015708744222116,0.0001722222222222,1.135667442519338,-0.0017175786242045,0.0,,1.1770509302846102,0.9984291255777884,1.1752019310845856,0.0,1.1752019310845856,0.008936258075261671,1.186817108098025
900,2025-08-06,0.0041630586652622,0.0001714285714285,1.1384365741288776,0.0,0.0,,1.1752019310845856,1.0041630586652621,1.18009436566722,0.0,1.18009436566722,0.008936258075261671,1.1917578973439735
901,2025-08-07,0.0019114929529556,0.0001714285714285,1.1406126876177118,0.0,0.0,,1.18009436566722,1.0019114929529556,1.1823501077310155,0.0,1.1823501077310155,0.008936258075261671,1.194035934166376
902,2025-08-08,0.0019514115173141,0.0001714285714285,1.1428384923531236,0.0,0.0,,1.1823501077310155,1.001951411517314,1.1846573593487393,0.0,1.1846573593487393,0.008936258075261671,1.196365989640395
903,2025-08-11,-0.0027696324607471,0.0001722222222222,1.1428384923531236,-0.002769632460747,0.0,,1.1846573593487393,0.9972303675392529,1.181376293871424,0.0,1.181376293871424,0.008936258075261671,1.1930524955605533
904,2025-08-12,0.005472927710913,0.0001718253968253,1.1459105990773488,0.0,0.0,,1.181376293871424,1.005472927710913,1.1878418809271685,0.0,1.1878418809271685,0.008936258075261671,1.1995819856240804
905,2025-08-13,0.0035683820282062,0.000170238095238,1.1499996458650277,0.0,0.0,,1.1878418809271685,1.0035683820282062,1.1920805545474196,0.0,1.1920805545474196,0.008936258075261671,1.2038625524229412
906,2025-08-14,-0.0041106150712208,0.0001706349206349,1.1499996458650277,-0.004110615071221,0.0,,1.1920805545474196,0.9958893849287792,1.1871803702537878,0.0,1.1871803702537878,0.008936258075261671,1.198913936871273
907,2025-08-15,-0.0012469792019195,0.0001706349206349,1.1499996458650277,-0.0053524684216395,0.0,,1.1871803702537878,0.9987530207980805,1.185699981023154,0.0,1.185699981023154,0.008936258075261671,1.197418916127103
908,2025-08-18,0.0001051460010668,0.0001718253968253,1.1499996458650277,-0.0052478852112231,0.0,,1.185699981023154,1.0001051460010668,1.1858246526346237,0.0,1.1858246526346237,0.008936258075261671,1.1975448199377354
909,2025-08-19,-0.0043518246038587,0.0001706349206349,1.1499996458650277,-0.0095768719391013,0.0,,1.1858246526346237,0.9956481753961413,1.1806641517354262,0.0,1.1806641517354262,0.008936258075261671,1.1923333149261068
910,2025-08-20,0.0014911338326434,0.0001706349206349,1.1499996458650277,-0.0081000185042172,0.0,,1.1806641517354262,1.0014911338326433,1.182424679997068,0.0,1.182424679997068,0.008936258075261671,1.194111243471781
911,2025-08-21,-0.0035612397544928,0.0001714285714285,1.1499996458650277,-0.0116324121508007,0.0,,1.182424679997068,0.9964387602455071,1.1782137822199688,0.0,1.1782137822199688,0.008936258075261671,1.1898587270402423
912,2025-08-22,0.0111209083364494,0.0001694444444444,1.1499996458650277,-0.0006408668036121,0.0,,1.1782137822199688,1.0111209083364494,1.1913165896927784,0.0,1.1913165896927784,0.008936258075261671,1.2030910368769814
913,2025-08-25,-0.0036064924068783,0.000170238095238,1.1499996458650277,-0.0042450479292295,0.0,,1.1913165896927784,0.9963935075931217,1.1870201154578632,0.0,1.1870201154578632,0.008936258075261671,1.1987520981877011
914,2025-08-26,0.0032552120274186,0.0001698412698412,1.1499996458650277,-0.0010036544328869,0.0,,1.1870201154578632,1.0032552120274185,1.1908841176144893,0.0,1.1908841176144893,0.008936258075261671,1.2026542904356152
915,2025-08-27,-5.884288649930073e-06,0.0001690476190476,1.1499996458650277,-0.0010095328157444,0.0,,1.1908841176144893,0.9999941157113501,1.1908771101085927,0.0,1.1908771101085927,0.008936258075261671,1.2026472136706243
916,2025-08-28,0.003874699919775,0.0001690476190476,1.1532900886391635,0.0,0.0,,1.1908771101085927,1.003874699919775,1.1954914015515923,0.0,1.1954914015515923,0.008936258075261671,1.2073071107329514
917,2025-08-29,-0.0029395582831632,0.0001678571428571,1.1532900886391635,-0.0029395582831632,0.0,,1.1954914015515923,0.9970604417168368,1.191977184899711,0.0,1.191977184899711,0.008936258075261671,1.2037581611152743
918,2025-09-02,0.0001052685141092,0.0001666666666666,1.1532900886391635,-0.0028345992119865,0.0,,1.191977184899711,1.0001052685141092,1.1921026625668174,0.0,1.1921026625668174,0.008936258075261671,1.2038848789482417
919,2025-09-03,0.0045260955617311,0.000165873015873,1.1552260782866026,0.0,0.0,,1.1921026625668174,1.004526095561731,1.1974982331369888,0.0,1.1974982331369888,0.008936258075261671,1.209333776955685
920,2025-09-04,0.0036764979694033,0.0001650793650793,1.1594732646176251,0.0,0.0,,1.1974982331369888,1.0036764979694033,1.201900832959481,0.0,1.201900832959481,0.008936258075261671,1.213779890130993
921,2025-09-05,0.004621700791481,0.0001615079365079,1.1648320031224095,0.0,0.0,,1.201900832959481,1.004621700791481,1.2074556589904515,0.0,1.2074556589904515,0.008936258075261671,1.2193896176098953
922,2025-09-08,0.0061051429364514,0.0001626984126984,1.1719434689984247,0.0,0.0,,1.2074556589904515,1.0061051429364514,1.2148273483780152,0.0,1.2148273483780152,0.008936258075261671,1.2268341655206283
923,2025-09-09,0.0016884943344647,0.0001626984126984,1.1739222889061416,0.0,0.0,,1.2148273483780152,1.0016884943344646,1.2168785774731041,0.0,1.2168785774731041,0.008936258075261671,1.228905668058438
924,2025-09-10,0.0060732434332958,0.0001623015873015,1.1810518047384404,0.0,0.0,,1.2168785774731041,1.0060732434332957,1.224268977302861,0.0,1.224268977302861,0.008936258075261671,1.2363691113371138
925,2025-09-11,0.0048610298265097,0.0001619047619047,1.1867929327879272,0.0,0.0,,1.224268977302861,1.0048610298265097,1.2302201853172008,0.0,1.2302201853172008,0.008936258075261671,1.242379138463899
926,2025-09-12,-0.0006866964844066,0.0001619047619047,1.1867929327879272,-0.0006866964844066,0.0,,1.2302201853172008,0.9993133035155934,1.2293753974408974,0.0,1.2293753974408974,0.008936258075261671,1.2415260010772156
927,2025-09-15,0.0050969680596345,0.0001611111111111,1.192022858066686,0.0,0.0,,1.2293753974408974,1.0050969680596344,1.2356414845749542,0.0,1.2356414845749542,0.008936258075261671,1.2478540194499117
928,2025-09-16,0.0005183414794721,0.0001603174603174,1.192640732958501,0.0,0.0,,1.2356414845749542,1.000518341479472,1.2362819688101658,0.0,1.2362819688101658,0.008936258075261671,1.2485008339485184
929,2025-09-17,-0.0012468102837046,0.0001595238095238,1.192640732958501,-0.0012468102837046,0.0,,1.2362819688101658,0.9987531897162955,1.2347405597378949,0.0,1.2347405597378949,0.008936258075261671,1.2469441902695375
930,2025-09-18,0.0004531176184768,0.0001599206349206,1.192640732958501,-0.0007942576169341,0.0,,1.2347405597378949,1.0004531176184768,1.23530004243976,0.0,1.23530004243976,0.008936258075261671,1.247509202651406
931,2025-09-19,0.0035475344033238,0.0001599206349206,1.1959210425514772,0.0,0.0,,1.23530004243976,1.0035475344033238,1.2396823118387423,0.0,1.2396823118387423,0.008936258075261671,1.2519347844662747
932,2025-09-22,0.0043895496034339,0.0001587301587301,1.2011705972895472,0.0,0.0,,1.2396823118387423,1.0043895496034339,1.2451239588390581,0.0,1.2451239588390581,0.008936258075261671,1.2574302143029537
933,2025-09-23,-0.0003330718046112,0.0001587301587301,1.2011705972895472,-0.0003330718046112,0.0,,1.2451239588390581,0.9996669281953888,1.244709243155123,0.0,1.244709243155123,0.008936258075261671,1.257011399752303
934,2025-09-24,-0.0043544662707963,0.0001595238095238,1.2011705972895472,-0.0046860877254686,0.0,,1.244709243155123,0.9956455337292037,1.2392891987388557,0.0,1.2392891987388557,0.008936258075261671,1.2515377860100751
935,2025-09-25,-0.0028466927284101,0.0001603174603174,1.2011705972895472,-0.0075194406020259,0.0,,1.2392891987388557,0.9971533072715899,1.2357613231884086,0.0,1.2357613231884086,0.008936258075261671,1.2479750424953098
936,2025-09-26,0.0030839649405682,0.0001595238095238,1.2011705972895472,-0.0044586653526469,0.0,,1.2357613231884086,1.0030839649405683,1.239572367784032,0.0,1.239572367784032,0.008936258075261671,1.2518237537730694
937,2025-09-29,0.0059498592791053,0.0001603174603174,1.202929910417051,0.0,0.0,,1.239572367784032,1.0059498592791054,1.2469476489386144,0.0,1.2469476489386144,0.008936258075261671,1.2592719289502607
938,2025-09-30,0.003109352557424,0.0001595238095238,1.206670243610408,0.0,0.0,,1.2469476489386144,1.003109352557424,1.2508248487998155,0.0,1.2508248487998155,0.008936258075261671,1.2631874493430344
939,2025-10-01,0.0027411397150346,0.0001591269841269,1.2099778953381188,0.0,0.0,,1.2508248487998155,1.0027411397150345,1.2542535344694128,0.0,1.2542535344694128,0.008936258075261671,1.2666500226279618
940,2025-10-02,0.000833043478385,0.0001595238095238,1.2109858595328202,0.0,0.0,,1.2542535344694128,1.000833043478385,1.2552983821965438,0.0,1.2552983821965438,0.008936258075261671,1.267705197168708
941,2025-10-03,0.0003492901571794,0.0001599206349206,1.2114088449740383,0.0,0.0,,1.2552983821965438,1.0003492901571793,1.2557368455657683,0.0,1.2557368455657683,0.008936258075261671,1.2681479941162843
942,2025-10-06,0.0035461191465347,0.0001595238095238,1.2157046450734823,0.0,0.0,,1.2557368455657683,1.0035461191465347,1.2601898380368382,0.0,1.2601898380368382,0.008936258075261671,1.2726449979988597
943,2025-10-07,-0.0004082023191065,0.0001591269841269,1.2157046450734823,-0.0004082023191065,0.0,,1.2601898380368382,0.9995917976808935,1.259675425622437,0.0,1.259675425622437,0.008936258075261671,1.2721255013592772
944,2025-10-08,0.0058975468646297,0.0001591269841269,1.2223751400578735,0.0,0.0,,1.259675425622437,1.0058975468646296,1.2671044204792676,0.0,1.2671044204792676,0.008936258075261671,1.2796279211212342
945,2025-10-09,-0.0054987442839968,0.0001599206349206,1.2223751400578735,-0.0054987442839967,0.0,,1.2671044204792676,0.9945012557160032,1.2601369372899303,0.0,1.2601369372899303,0.008936258075261671,1.272591574404326
946,2025-10-10,-0.0128016443805035,0.0001595238095238,1.2223751400578735,-0.0182299956956373,0.0,,1.2601369372899303,0.9871983556194965,1.2440051123480078,0.0,1.2440051123480078,0.008936258075261671,1.2563003096271768
947,2025-10-13,0.0151809586911822,0.0001595238095238,1.2223751400578735,-0.003325785816051,0.0,,1.2440051123480078,1.0151809586911822,1.2628903025701823,0.0,1.2628903025701823,0.008936258075261671,1.2753721527313464
948,2025-10-14,-0.0001992447924872,0.0001595238095238,1.2223751400578735,-0.0035243679630334,0.0,,1.2628903025701823,0.9998007552075128,1.2626386782539125,0.0,1.2626386782539125,0.008936258075261671,1.2751180414714314
949,2025-10-15,0.0062219459118653,0.0001599206349206,1.2256457875170648,0.0,0.0,,1.2626386782539125,1.0062219459118653,1.2704947478162374,0.0,1.2704947478162374,0.008936258075261671,1.28305175695671
950,2025-10-16,0.0025932257588611,0.0001595238095238,1.228824163744494,0.0,0.0,,1.2704947478162374,1.002593225758861,1.2737894275227721,0.0,1.2737894275227721,0.008936258075261671,1.2863789998228023
951,2025-10-17,-0.001834030133506,0.0001587301587301,1.228824163744494,-0.001834030133506,0.0,,1.2737894275227721,0.998165969866494,1.271453259328954,0.0,1.271453259328954,0.008936258075261671,1.2840197419740178
952,2025-10-20,0.0115465073648701,0.0001575396825396,1.2407330680862705,0.0,0.0,,1.271453259328954,1.0115465073648702,1.286134103751884,0.0,1.286134103751884,0.008936258075261671,1.2988456853813597
953,2025-10-21,-0.0114721206917304,0.0001571428571428,1.2407330680862705,-0.0114721206917303,0.0,,1.286134103751884,0.9885278793082696,1.271379418087892,0.0,1.271379418087892,0.008936258075261671,1.2839451709187313
954,2025-10-22,-0.0028459683073245,0.0001571428571428,1.2407330680862705,-0.0142854397071483,0.0,,1.271379418087892,0.9971540316926755,1.267761112557429,0.0,1.267761112557429,0.008936258075261671,1.2802911036539542
955,2025-10-23,0.0038714639230226,0.000156746031746,1.2407330680862705,-0.0104692813485764,0.0,,1.267761112557429,1.0038714639230226,1.272669203967706,0.0,1.272669203967706,0.008936258075261671,1.2852477044727173
956,2025-10-24,0.0041883207848448,0.0001559523809523,1.2407330680862705,-0.0063248092724061,0.0,,1.272669203967706,1.0041883207848448,1.277999550846916,0.0,1.277999550846916,0.008936258075261671,1.2906307341470344
957,2025-10-27,0.0021497221821616,0.000154365079365,1.2407330680862705,-0.0041886836730355,0.0,,1.277999550846916,1.0021497221821616,1.2807468948301641,0.0,1.2807468948301641,0.008936258075261671,1.2934052316652098
958,2025-10-28,-0.0005948764665985,0.000154365079365,1.2407330680862705,-0.0047810683902909,0.0,,1.2807468948301641,0.9994051235334015,1.2799850086427607,0.0,1.2799850086427607,0.008936258075261671,1.2926358153311168
959,2025-10-29,-0.0015608737058431,0.0001559523809523,1.2407330680862705,-0.0063344794521978,0.0,,1.2799850086427607,0.9984391262941569,1.2779871136988967,0.0,1.2779871136988967,0.008936258075261671,1.2906181740757354
960,2025-10-30,-0.0045908103589868,0.0001555555555555,1.2407330680862705,-0.0108962094172966,0.0,,1.2779871136988967,0.9954091896410132,1.2721201172186762,0.0,1.2721201172186762,0.008936258075261671,1.284693190792692
961,2025-10-31,-0.0007687682771397,0.000154365079365,1.2407330680862705,-0.0116566010342952,0.0,,1.2721201172186762,0.9992312317228603,1.2711421516278474,0.0,1.2711421516278474,0.008936258075261671,1.2837055594217532
962,2025-11-03,0.0005078726142396,0.0001579365079365,1.2407330680862705,-0.0111546484884959,0.0,,1.2711421516278474,1.0005078726142396,1.2717877299154647,0.0,1.2717877299154647,0.008936258075261671,1.284357518320131
963,2025-11-04,-0.0104036961071203,0.0001571428571428,1.2407330680862705,-0.0214422950225601,0.0,,1.2717877299154647,0.9895963038928797,1.2585564368606599,0.0,1.2585564368606599,0.008936258075261671,1.2709954530066332
964,2025-11-05,0.0037094015714108,0.0001571428571428,1.2407330680862705,-0.0178124315340006,0.0,,1.2585564368606599,1.0037094015714108,1.2632249280852599,0.0,1.2632249280852599,0.008936258075261671,1.2757100855372718
965,2025-11-06,-0.0047514679544168,0.0001559523809523,1.2407330680862705,-0.0224792642907935,0.0,,1.2632249280852599,0.9952485320455832,1.2572227553202422,0.0,1.2572227553202422,0.008936258075261671,1.269648589946715
966,2025-11-07,0.0012230635138422,0.0001555555555555,1.2407330680862705,-0.0212836943449235,0.0,,1.2572227553202422,1.0012230635138422,1.2587604186010466,0.0,1.2587604186010466,0.008936258075261671,1.2712014508124798
967,2025-11-10,0.0131078099248068,0.000156746031746,1.2407330680862705,-0.0084548670400876,0.0,,1.2587604186010466,1.0131078099248068,1.2752600109089394,0.0,1.2752600109089394,0.008936258075261671,1.2878641178058683
968,2025-11-11,0.0019906236712439,0.000156746031746,1.2407330680862705,-0.0064810738273111,0.0,,1.2752600109089394,1.001990623671244,1.2777985736736455,0.0,1.2777985736736455,0.008936258075261671,1.2904277706041185
969,2025-11-12,0.0023101718266038,0.000156746031746,1.2407330680862705,-0.0041858743948691,0.0,,1.2777985736736455,1.0023101718266039,1.280750507938621,0.0,1.280750507938621,0.008936258075261671,1.2934088804840351
970,2025-11-13,-0.0113632226106664,0.0001571428571428,1.2407330680862705,-0.0155015319829664,0.0,,1.280750507938621,0.9886367773893336,1.2661970548081904,0.0,1.2661970548081904,0.008936258075261671,1.2787115874484822
971,2025-11-14,-0.0029801734653314,0.000156746031746,1.2407330680862705,-0.0184355081940102,0.0,,1.2661970548081904,0.9970198265346686,1.2624235679435702,0.0,1.2624235679435702,0.008936258075261671,1.2749008051057562
972,2025-11-17,-0.0071049357610979,0.0001575396825396,1.2407330680862705,-0.0254094608536666,0.0,,1.2624235679435702,0.9928950642389021,1.2534541295900352,0.0,1.2534541295900352,0.008936258075261671,1.265842716783708
973,2025-11-18,-0.0022066881309862,0.0001563492063492,1.2407330680862705,-0.0275600782289724,0.0,,1.2534541295900352,0.9977933118690138,1.2506881472395333,0.0,1.2506881472395333,0.008936258075261671,1.263049396684886
974,2025-11-19,0.0009162824839272,0.000156746031746,1.2407330680862705,-0.0266690485619819,0.0,,1.2506881472395333,1.0009162824839273,1.2518341308817043,0.0,1.2518341308817043,0.008936258075261671,1.2642067067234033
975,2025-11-20,-0.0085304334851759,0.0001563492063492,1.2407330680862705,-0.0349719835022871,0.0,,1.2518341308817043,0.9914695665148241,1.2411554430937448,0.0,1.2411554430937448,0.008936258075261671,1.253422475500186
976,2025-11-21,0.0029558486438033,0.0001547619047619,1.2407330680862705,-0.0321195067484899,0.0,,1.2411554430937448,1.0029558486438033,1.2448241107269624,0.0,1.2448241107269624,0.008936258075261671,1.257127402624506
977,2025-11-24,0.01110991942789,0.0001551587301587,1.2407330680862705,-0.0213664324526392,0.0,,1.2448241107269624,1.01110991942789,1.258654006299034,0.0,1.258654006299034,0.008936258075261671,1.2710939867782571
978,2025-11-25,0.0046021451435666,0.0001547619047619,1.2407330680862705,-0.0168626187324197,0.0,,1.258654006299034,1.0046021451435665,1.2644465147215536,0.0,1.2644465147215536,0.008936258075261671,1.2769437457965256
979,2025-11-26,0.0067806236375339,0.0001555555555555,1.2407330680862705,-0.0101963341660535,0.0,,1.2644465147215536,1.0067806236375338,1.2730202506476718,0.0,1.2730202506476718,0.008936258075261671,1.2856022207430746
980,2025-11-28,0.0046190598998526,0.0001539682539682,1.2407330680862705,-0.005624371744473,0.0,,1.2730202506476718,1.0046190598998526,1.2789004074391388,0.0,1.2789004074391388,0.008936258075261671,1.2915404944080704
981,2025-12-01,-0.0036537090615325,0.0001511904761904,1.2407330680862705,-0.0092575309879974,0.0,,1.2789004074391388,0.9963462909384675,1.2742276774316807,0.0,1.2742276774316807,0.008936258075261671,1.2868215812003152
982,2025-12-02,0.0006078896574657,0.000149603174603,1.2407330680862705,-0.008655268887873,0.0,,1.2742276774316807,1.0006078896574657,1.275002267258048,0.0,1.275002267258048,0.008936258075261671,1.2876038267305303
983,2025-12-03,0.0019911193832978,0.000147619047619,1.2407330680862705,-0.0066813831782253,0.0,,1.275002267258048,1.0019911193832978,1.2775409489861342,0.0,1.2775409489861342,0.008936258075261671,1.2901675996679425
984,2025-12-04,0.0005425628872062,0.0001472222222222,1.2407330680862705,-0.0061424453615667,0.0,,1.2775409489861342,1.0005425628872062,1.2782340952919404,0.0,1.2782340952919404,0.008936258075261671,1.290867596725798
985,2025-12-05,0.0017864172821459,0.0001472222222222,1.2407330680862705,-0.0043670010499692,0.0,,1.2782340952919404,1.0017864172821458,1.280517554770398,0.0,1.280517554770398,0.008936258075261671,1.2931736249095511
986,2025-12-08,-0.0018370879139406,0.0001480158730158,1.2407330680862705,-0.0061960663990607,0.0,,1.280517554770398,0.9981629120860595,1.2781651314469407,0.0,1.2781651314469407,0.008936258075261671,1.290797951272603
987,2025-12-09,7.917122075072612e-05,0.0001480158730158,1.2407330680862705,-0.0061173857284508,0.0,,1.2781651314469407,1.0000791712207506,1.2782663253407183,0.0,1.2782663253407183,0.008936258075261671,1.2909001453221478
988,2025-12-10,0.0062286046666291,0.0001464285714284,1.2408237857248885,0.0,0.0,,1.2782663253407183,1.0062286046666291,1.2862281409399303,0.0,1.2862281409399303,0.008936258075261671,1.2989406519914537
989,2025-12-11,0.0014121540101362,0.000145238095238,1.2425760200097724,0.0,0.0,,1.2862281409399303,1.0014121540101362,1.2880444931671087,0.0,1.2880444931671087,0.008936258075261671,1.3007749562420925
990,2025-12-12,-0.008726801073809,0.0001440476190476,1.2425760200097724,-0.008726801073809,0.0,,1.2880444931671087,0.991273198926191,1.2768039851010242,0.0,1.2768039851010242,0.008936258075261671,1.289423351957175
991,2025-12-15,-0.0010556965021763,0.0001448412698412,1.2425760200097724,-0.0097732847226166,0.0,,1.2768039851010242,0.9989443034978237,1.2754560675999884,0.0,1.2754560675999884,0.008936258075261671,1.2880621122346891
992,2025-12-16,-0.0009343981572789,0.0001444444444444,1.2425760200097724,-0.0106985507406602,0.0,,1.2754560675999884,0.9990656018427211,1.2742642838007328,0.0,1.2742642838007328,0.008936258075261671,1.2868585493705562
993,2025-12-17,-0.0060658009975067,0.0001444444444444,1.2425760200097724,-0.0166994564584124,0.0,,1.2742642838007328,0.9939341990024932,1.266534850236967,0.0,1.266534850236967,0.008936258075261671,1.2790527214981342
994,2025-12-18,0.0068840241405627,0.0001436507936507,1.2425760200097724,-0.0099303917792437,0.0,,1.266534850236967,1.0068840241405628,1.2752537067208625,0.0,1.2752537067208625,0.008936258075261671,1.2878577513099798
995,2025-12-19,0.0063434403948281,0.0001436507936507,1.2425760200097724,-0.0036499442327644,0.0,,1.2752537067208625,1.0063434403948281,1.2833432025977298,0.0,1.2833432025977298,0.008936258075261671,1.296027200192432
996,2025-12-22,0.0069604882805961,0.0001444444444444,1.2466580545233603,0.0,0.0,,1.2833432025977298,1.006960488280596,1.292275897919394,0.0,1.292275897919394,0.008936258075261671,1.3050481823307054
997,2025-12-23,0.004451733312201,0.0001448412698412,1.2522078437136055,0.0,0.0,,1.292275897919394,1.004451733312201,1.298028765582716,0.0,1.298028765582716,0.008936258075261671,1.3108579087980143
998,2025-12-24,0.0021205823141163,0.0001464285714284,1.2548632535205824,0.0,0.0,,1.298028765582716,1.0021205823141164,1.3007813424262251,0.0,1.3007813424262251,0.008936258075261671,1.313637690895731
999,2025-12-26,0.0025596313545688,0.0001444444444444,1.25807524084999,0.0,0.0,,1.3007813424262251,1.0025596313545688,1.3041108631357374,0.0,1.3041108631357374,0.008936258075261671,1.317000119117891
1000,2025-12-29,-0.0082325549671309,0.0001460317460317,1.25807524084999,-0.0082325549671309,0.0,,1.3041108631357374,0.9917674450328691,1.2933746987717398,0.0,1.2933746987717398,0.008936258075261671,1.306157843245535
1001,2025-12-30,-0.0002994750513188,0.0001448412698412,1.25807524084999,-0.0085295645736286,0.0,,1.2933746987717398,0.9997005249486812,1.2929873653174508,0.0,1.2929873653174508,0.008936258075261671,1.3057666815583984
1002,2025-12-31,-0.0058437202907209,0.0001456349206349,1.25807524084999,-0.0143234404747797,0.0,,1.2929873653174508,0.9941562797092791,1.2854315088150996,0.0,1.2854315088150996,0.008936258075261671,1.298136146306428
1003,2026-01-02,0.0076361340584433,0.0001448412698412,1.0076361340584434,0.0,1.0,0.20655172544511305,1.2854315088150996,1.0076361340584432,1.2952472361393585,0.0020065166362694875,1.293240719503089,0.01094277471153116,1.308048887945735
1004,2026-01-05,0.0091182706200293,0.0001444444444444,1.0168240330153089,0.0,0.0,,1.293240719503089,1.0091182706200292,1.3050328383603595,0.0,1.3050328383603595,0.01094277471153116,1.319976031690253
1005,2026-01-06,0.0070892462601191,0.0001440476190476,1.0240325489885616,0.0,0.0,,1.3050328383603595,1.007089246260119,1.3142845375290384,0.0,1.3142845375290384,0.01094277471153116,1.3293336668363598
1006,2026-01-07,-0.0043477451580046,0.0001436507936507,1.0240325489885616,-0.0043477451580046,0.0,,1.3142845375290384,0.9956522548419954,1.308570363294756,0.0,1.308570363294756,0.01094277471153116,1.3235540628229994
1007,2026-01-08,0.0006960910412597,0.0001436507936507,1.0240325489885616,-0.003654680543199,0.0,,1.308570363294756,1.0006960910412597,1.3094812474015034,0.0,1.3094812474015034,0.01094277471153116,1.3244753769487534
1008,2026-01-09,0.0062500075395848,0.0001436507936507,1.02666685758096,0.0,0.0,,1.3094812474015034,1.0062500075395848,1.3176655150707077,0.0,1.3176655150707077,0.01094277471153116,1.3327533580406776
1009,2026-01-12,0.00448912214733,0.0001456349206349,1.0312756905092562,0.0,0.0,,1.3176655150707077,1.00448912214733,1.3235806765171847,0.0,1.3235806765171847,0.01094277471153116,1.3387362506571865
1010,2026-01-13,-0.0015768814479002,0.0001456349206349,1.0312756905092562,-0.0015768814479002,0.0,,1.3235806765171847,0.9984231185520998,1.3214935467035855,0.0,1.3214935467035855,0.01094277471153116,1.3366252222998936
1011,2026-01-14,0.0016981797098109,0.0001456349206349,1.0313980208790638,0.0,0.0,,1.3214935467035855,1.001698179709811,1.3237376802312437,0.0,1.3237376802312437,0.01094277471153116,1.3388950521320249
1012,2026-01-15,0.000998563936026,0.0001460317460317,1.0324279377464023,0.0,0.0,,1.3237376802312437,1.000998563936026,1.3250595169394812,0.0,1.3250595169394812,0.01094277471153116,1.3402320244452075
1013,2026-01-16,-0.0022510685593103,0.0001456349206349,1.0324279377464023,-0.0022510685593102,0.0,,1.3250595169394812,0.9977489314406897,1.3220767171216838,0.0,1.3220767171216838,0.01094277471153116,1.3372150702727983
1014,2026-01-20,-0.0035124777415558,0.0001468253968253,1.0324279377464023,-0.005755639472657,0.0,,1.3220767171216838,0.9964875222584442,1.3174329520801646,0.0,1.3174329520801646,0.01094277471153116,1.332518132102792
1015,2026-01-21,0.0127937277374249,0.0001468253968253,1.0396182327485464,0.0,0.0,,1.3174329520801646,1.0127937277374248,1.33428783058139,0.0,1.33428783058139,0.01094277471153116,1.3495660062900972
1016,2026-01-22,0.0063436456421502,0.0001472222222222,1.0462132024202218,0.0,0.0,,1.33428783058139,1.0063436456421502,1.3427520797632317,0.0,1.3427520797632317,0.01094277471153116,1.3581271748046937
1017,2026-01-23,0.0012018821269664,0.0001468253968253,1.0474706273692072,0.0,0.0,,1.3427520797632317,1.0012018821269664,1.344365909488846,0.0,1.344365909488846,0.01094277471153116,1.359759483582239
1018,2026-01-26,0.0038035852334101,0.0001456349206349,1.0514547711798996,0.0,0.0,,1.344365909488846,1.0038035852334102,1.349479319810478,0.0,1.349479319810478,0.01094277471153116,1.3649314446749818
1019,2026-01-27,0.0087395685258057,0.0001456349206349,1.0606440322044115,0.0,0.0,,1.349479319810478,1.0087395685258056,1.361273186800119,0.0,1.361273186800119,0.01094277471153116,1.376860356568746
1020,2026-01-28,0.0085193659045177,0.0001460317460317,1.0696800468092045,0.0,0.0,,1.361273186800119,1.0085193659045177,1.3728703711744783,0.0,1.3728703711744783,0.01094277471153116,1.38859033374578
1021,2026-01-29,-0.000650429247409,0.0001456349206349,1.0696800468092045,-0.0006504292474089,0.0,,1.3728703711744783,0.999349570752591,1.3719774161321652,0.0,1.3719774161321652,0.01094277471153116,1.3876871539800422
1022,2026-01-30,-0.0211035941822862,0.0001456349206349,1.0696800468092045,-0.0217402970348135,0.0,,1.3719774161321652,0.9788964058177138,1.3430237615148504,0.0,1.3430237615148504,0.01094277471153116,1.3584019674304757
1023,2026-02-02,-0.0020710197648265,0.0001464285714284,1.0696800468092045,-0.0237662922147878,0.0,,1.3430237615148504,0.9979289802351735,1.3402423327601214,0.0,1.3402423327601214,0.01094277471153116,1.355588690107348
1024,2026-02-03,0.008072224924224,0.0001464285714284,1.0696800468092045,-0.0158859141469366,0.0,,1.3402423327601214,1.008072224924224,1.3510610703231278,0.0,1.3510610703231278,0.01094277471153116,1.366531306918629
1025,2026-02-04,-0.0043096045434589,0.0001464285714284,1.0696800468092045,-0.0201270566826108,0.0,,1.3510610703231278,0.9956903954565411,1.345238531395973,0.0,1.345238531395973,0.01094277471153116,1.3606420973895532
1026,2026-02-05,-0.0069972795389875,0.0001456349206349,1.0696800468092045,-0.0269835015796932,0.0,,1.345238531395973,0.9930027204610125,1.3358255213451782,0.0,1.3358255213451782,0.01094277471153116,1.3511213042816042
1027,2026-02-06,0.0170184790143977,0.0001460317460317,1.0696800468092045,-0.0104242407206643,0.0,,1.3358255213451782,1.0170184790143977,1.3585592399470878,0.0,1.3585592399470878,0.01094277471153116,1.3741153338444263
1028,2026-02-09,0.0054495044566209,0.0001464285714284,1.0696800468092045,-0.0050315432103075,0.0,,1.3585592399470878,1.005449504456621,1.365962714579763,0.0,1.365962714579763,0.01094277471153116,1.3816035814801226
1029,2026-02-10,-0.0016042062713877,0.0001464285714284,1.0696800468092045,-0.0066276778485224,0.0,,1.365962714579763,0.9983957937286123,1.3637714286265525,0.0,1.3637714286265525,0.01094277471153116,1.3793872043501405
1030,2026-02-11,0.0057972536537179,0.0001468253968253,1.0696800468092045,-0.0008688465244276,0.0,,1.3637714286265525,1.0057972536537179,1.371677557523994,0.0,1.371677557523994,0.01094277471153116,1.387383861860451
1031,2026-02-12,-0.0122809237605477,0.0001468253968253,1.0696800468092045,-0.0131391000470492,0.0,,1.371677557523994,0.9877190762394523,1.3548320900159874,0.0,1.3548320900159874,0.01094277471153116,1.3703455064263286
1032,2026-02-13,0.0077773606860282,0.0001460317460317,1.0696800468092045,-0.0054639268811766,0.0,,1.3548320900159874,1.0077773606860283,1.3653691078490473,0.0,1.3653691078490473,0.01094277471153116,1.3810031776942842
1033,2026-02-17,-0.0058204414137148,0.0001464285714284,1.0696800468092045,-0.0112525658285908,0.0,,1.3653691078490473,0.9941795585862852,1.3574220569487159,0.0,1.3574220569487159,0.01094277471153116,1.3729651296063603
1034,2026-02-18,0.0064763672978522,0.0001468253968253,1.0696800468092045,-0.0048490742800877,0.0,,1.3574220569487159,1.0064763672978523,1.366213220767722,0.0,1.366213220767722,0.01094277471153116,1.3818569560728349
1035,2026-02-19,-0.0012808358033177,0.0001464285714284,1.0696800468092045,-0.0061236992154546,0.0,,1.366213220767722,0.9987191641966823,1.3644633259595966,0.0,1.3644633259595966,0.01094277471153116,1.3800870242084329
1036,2026-02-20,0.008691297015734,0.0001464285714284,1.0723696234823006,0.0,0.0,,1.3644633259595966,1.008691297015734,1.3763222819925878,0.0,1.3763222819925878,0.01094277471153116,1.3920817704433888
1037,2026-02-23,-0.0016368491295009,0.0001464285714284,1.0723696234823006,-0.001636849129501,0.0,,1.3763222819925878,0.9983631508704991,1.3740694500633954,0.0,1.3740694500633954,0.01094277471153116,1.3898031426092443
1038,2026-02-24,0.0030699507713017,0.0001464285714284,1.0739010494433778,0.0,0.0,,1.3740694500633954,1.0030699507713017,1.3782877756314396,0.0,1.3782877756314396,0.01094277471153116,1.394069769838855
1039,2026-02-25,0.003996668253753,0.0001464285714284,1.0781930756753604,0.0,0.0,,1.3782877756314396,1.003996668253753,1.3837963346288418,0.0,1.3837963346288418,0.01094277471153116,1.399641404231487
1040,2026-02-26,-0.0018963811961123,0.0001460317460317,1.0781930756753604,-0.0018963811961122,0.0,,1.3837963346288418,0.9981036188038876,1.3811721292806025,0.0,1.3811721292806025,0.01094277471153116,1.3969871505912022
1041,2026-02-27,0.0012153070699744,0.0001456349206349,1.0781930756753604,-0.0006833788116128,0.0,,1.3811721292806025,1.0012153070699743,1.3828506775341687,0.0,1.3828506775341687,0.01094277471153116,1.3986849189519792
1042,2026-03-02,-0.0021709679566184,0.000147619047619,1.0781930756753604,-0.0028528631747292,0.0,,1.3828506775341687,0.9978290320433816,1.379848553024454,0.0,1.379848553024454,0.01094277471153116,1.3956484188115288
1043,2026-03-03,-0.0197174146262689,0.0001472222222222,1.0781930756753604,-0.0225140267149099,0.0,,1.379848553024454,0.9802825853737311,1.3526415069830138,0.0,1.3526415069830138,0.01094277471153116,1.3681298402653252
1044,2026-03-04,0.0069661500297774,0.0001472222222222,1.0781930756753604,-0.015704712773003,0.0,,1.3526415069830138,1.0069661500297773,1.3620642106571614,0.0,1.3620642106571614,0.01094277471153116,1.377660437992829
1045,2026-03-05,-0.0093447238425456,0.0001468253968253,1.0781930756753604,-0.0249026804116583,0.0,,1.3620642106571614,0.9906552761574544,1.3493360967527555,0.0,1.3493360967527555,0.01094277471153116,1.3647865816509857
1046,2026-03-06,-0.0050338320438044,0.0001464285714284,1.0781930756753604,-0.0298111565448299,0.0,,1.3493360967527555,0.9949661679561956,1.3425437654710595,0.0,1.3425437654710595,0.01094277471153116,1.3579164752233166
1047,2026-03-09,0.0068106894610076,0.0001472222222222,1.0781930756753604,-0.0232035016135226,0.0,,1.3425437654710595,1.0068106894610076,1.3516874141454946,0.0,1.3516874141454946,0.01094277471153116,1.3671648226500486
1048,2026-03-10,0.0005400645048943,0.0001472222222222,1.0781930756753604,-0.0226759684962389,0.0,,1.3516874141454946,1.0005400645048943,1.352417412539587,0.0,1.352417412539587,0.01094277471153116,1.367903179843102
1049,2026-03-11,-0.001812287431718,0.0001472222222222,1.0781930756753604,-0.0244471605552493,0.0,,1.352417412539587,0.998187712568282,1.3499664434604048,0.0,1.3499664434604048,0.01094277471153116,1.3654241461024652
1050,2026-03-12,-0.015114462870052,0.000147619047619,1.0781930756753604,-0.0391921177248109,0.0,,1.3499664434604048,0.984885537129948,1.3295624257749064,0.0,1.3295624257749064,0.01094277471153116,1.344786493544327
1051,2026-03-13,-0.0031734864915922,0.000147619047619,1.0781930756753604,-0.0422412285602266,0.0,,1.3295624257749064,0.9968265135084078,1.3253430773769812,0.0,1.3253430773769812,0.01094277471153116,1.3405188317729884
1052,2026-03-16,0.0092920584194695,0.000147619047619,1.0781930756753604,-0.0333416781042489,0.0,,1.3253430773769812,1.0092920584194696,1.3376582426778076,0.0,1.3376582426778076,0.01094277471153116,1.352975011070222
1053,2026-03-17,0.0037667098926372,0.000147619047619,1.0781930756753604,-0.0297005566403639,0.0,,1.3376582426778076,1.0037667098926373,1.34269681321347,0.0,1.34269681321347,0.01094277471153116,1.3580712754289113
1054,2026-03-18,-0.0144172724629572,0.0001480158730158,1.0781930756753604,-0.0436896280859354,0.0,,1.34269681321347,0.9855827275370428,1.323338787422227,0.0,1.323338787422227,0.01094277471153116,1.3384915918269369
1055,2026-03-19,-0.0059612522088128,0.0001480158730158,1.0781930756753604,-0.0493904354028187,0.0,,1.323338787422227,0.9940387477911872,1.3154500311526987,0.0,1.3154500311526987,0.01094277471153116,1.330512505868681
1056,2026-03-20,-0.0187353873951032,0.0001484126984126,1.0781930756753604,-0.0672004738570374,0.0,,1.3154500311526987,0.9812646126048968,1.2908045652201523,0.0,1.2908045652201523,0.01094277471153116,1.3055848386372018
1057,2026-03-23,0.0057677280920821,0.0001484126984126,1.0781930756753604,-0.0618203398258216,0.0,,1.2908045652201523,1.005767728092082,1.2982495749723604,0.0,1.2982495749723604,0.01094277471153116,1.3131150969876062
1058,2026-03-24,-0.0026773115236183,0.0001484126984126,1.0781930756753604,-0.0643321390412303,0.0,,1.2982495749723604,0.9973226884763817,1.2947737564247543,0.0,1.2947737564247543,0.01094277471153116,1.309599478806604
1059,2026-03-25,0.0099843601383069,0.0001480158730158,1.0781930756753604,-0.0549900941475787,0.0,,1.2947737564247543,1.009984360138307,1.3077012439065276,0.0,1.3077012439065276,0.01094277471153116,1.3226749916399485
1060,2026-03-26,-0.0195933804776086,0.0001480158730158,1.0781930756753604,-0.0735060327880543,0.0,,1.3077012439065276,0.9804066195223914,1.282078955883625,0.0,1.282078955883625,0.01094277471153116,1.296759317280529
1061,2026-03-27,-0.0018788466413007,0.0001480158730158,1.0781930756753604,-0.075246772866536,0.0,,1.282078955883625,0.9981211533586993,1.2796701261434809,0.0,1.2796701261434809,0.01094277471153116,1.294322905392681
1062,2026-03-30,-0.0028787106644315,0.0001472222222222,1.0781930756753604,-0.0779088698434525,0.0,,1.2796701261434809,0.9971212893355685,1.2759863261043973,0.0,1.2759863261043973,0.01094277471153116,1.2905969242417092
1063,2026-03-31,0.0232072845048275,0.0001468253968253,1.0781930756753604,-0.0565096386465316,0.0,,1.2759863261043973,1.0232072845048275,1.3055985037985716,0.0,1.3055985037985716,0.01094277471153116,1.3205481742436418
1064,2026-04-01,0.0084702807523536,0.0001468253968253,1.0781930756753604,-0.0485180103987282,0.0,,1.3055985037985716,1.0084702807523536,1.3166572896755981,0.0,1.3166572896755981,0.01094277471153116,1.331733588026493
1065,2026-04-02,-0.0025339186560681,0.0001468253968253,1.0781930756753604,-0.0509289883630917,0.0,,1.3166572896755981,0.9974660813439319,1.313320987205641,0.0,1.313320987205641,0.01094277471153116,1.3283590834428805
1066,2026-04-06,0.0023636917844036,0.000147619047619,1.0781930756753604,-0.04868567701007,0.0,,1.313320987205641,1.0023636917844037,1.3164252732333839,0.0,1.3164252732333839,0.01094277471153116,1.3314989148951524
1067,2026-04-07,0.0023541338862095,0.0001472222222222,1.0781930756753604,-0.0464461557258829,0.0,,1.3164252732333839,1.0023541338862094,1.319524314577765,0.0,1.319524314577765,0.01094277471153116,1.3346334416101584
1068,2026-04-08,0.021377901028774,0.0001464285714284,1.0781930756753604,-0.0260611760173838,0.0,,1.319524314577765,1.021377901028774,1.3477329747798694,0.0,1.3477329747798694,0.01094277471153116,1.3631651032345924
1069,2026-04-09,0.003092858537169,0.0001460317460317,1.0781930756753604,-0.0230489210109489,0.0,,1.3477329747798694,1.003092858537169,1.3519013222167415,0.0,1.3519013222167415,0.01094277471153116,1.3673811800617024
1070,2026-04-10,-0.00151972952339,0.0001464285714284,1.0781930756753604,-0.0245336224085963,0.0,,1.3519013222167415,0.99848027047661,1.3498467978646589,0.0,1.3498467978646589,0.01094277471153116,1.3653031305126349
1071,2026-04-13,0.005228947844399,0.0001472222222222,1.0781930756753604,-0.0194329595962058,0.0,,1.3498467978646589,1.005228947844399,1.3569050763686221,0.0,1.3569050763686221,0.01094277471153116,1.3724422293738805
1072,2026-04-14,0.011456594519125,0.0001472222222222,1.0781930756753604,-0.0081990006154811,0.0,,1.3569050763686221,1.011456594519125,1.3724505876295197,0.0,1.3724505876295197,0.01094277471153116,1.3881657434967407
1073,2026-04-15,-0.0004562733219516,0.0001472222222222,1.0781930756753604,-0.0086515329521853,0.0,,1.3724505876295197,0.9995437266780484,1.3718243750406875,0.0,1.3718243750406875,0.01094277471153116,1.3875323605015355
1074,2026-04-16,0.0021733854845186,0.0001468253968253,1.0781930756753604,-0.0064969505838037,0.0,,1.3718243750406875,1.0021733854845185,1.3748058782247097,0.0,1.3748058782247097,0.01094277471153116,1.39054800319315
1075,2026-04-17,0.0108243764944508,0.0001468253968253,1.0827830519261452,0.0,0.0,,1.3748058782247097,1.010824376494451,1.3896872946573982,0.0,1.3896872946573982,0.01094277471153116,1.4055998183133194
1076,2026-04-20,-0.0030308009241173,0.0001472222222222,1.0827830519261452,-0.0030308009241173,0.0,,1.3896872946573982,0.9969691990758827,1.3854754291205165,0.0,1.3854754291205165,0.01094277471153116,1.401339725085036
1077,2026-04-21,-0.0089858632937315,0.0001464285714284,1.0827830519261452,-0.0119894298550742,0.0,,1.3854754291205165,0.9910141367062685,1.3730257363176155,0.0,1.3730257363176155,0.01094277471153116,1.3887474778873468
1078,2026-04-22,0.0083980503998311,0.0001464285714284,1.0827830519261452,-0.0036920672914312,0.0,,1.3730257363176155,1.008398050399831,1.384556475651476,0.0,1.384556475651476,0.01094277471153116,1.400410249199283
1079,2026-04-23,-0.0045353545455196,0.0001464285714284,1.0827830519261452,-0.0082106770027784,0.0,,1.384556475651476,0.9954646454544804,1.3782770211461017,0.0,1.3782770211461017,0.01094277471153116,1.3940588922099846
1080,2026-04-24,0.0087007023136943,0.0001464285714284,1.0832362904614228,0.0,0.0,,1.3782770211461017,1.0087007023136942,1.3902689992128991,0.0,1.3902689992128991,0.01094277471153116,1.406188183638862
1081,2026-04-27,-0.0009262290433522,0.0001460317460317,1.0832362904614228,-0.000926229043352,0.0,,1.3902689992128991,0.9990737709566478,1.388981291687756,0.0,1.388981291687756,0.01094277471153116,1.4048857313027572
1082,2026-04-28,-0.0067312347304186,0.0001460317460317,1.0832362904614228,-0.0076512291086658,0.0,,1.388981291687756,0.9932687652695814,1.3796317325772456,0.0,1.3796317325772456,0.01094277471153116,1.3954291156759424
1083,2026-04-29,-0.0008329301732953,0.0001460317460317,1.0832362904614228,-0.0084777863423738,0.0,,1.3796317325772456,0.9991670698267047,1.3784825956791462,0.0,1.3784825956791462,0.01094277471153116,1.394266820660801
1084,2026-04-30,0.01000727044643,0.0001460317460317,1.084801181922581,0.0,0.0,,1.3784825956791462,1.01000727044643,1.3922774438198042,0.0,1.3922774438198042,0.01094277471153116,1.4082196258096378
1085,2026-05-01,0.0025746987671827,0.0001460317460317,1.0875942181883156,0.0,0.0,,1.3922774438198042,1.0025746987671826,1.3958621388379833,0.0,1.3958621388379833,0.01094277471153116,1.411845367144133
1086,2026-05-04,-0.0050979682120089,0.0001468253968253,1.0875942181883156,-0.0050979682120089,0.0,,1.3958621388379833,0.9949020317879911,1.3887460780258405,0.0,1.3887460780258405,0.01094277471153116,1.4046478243421598
1087,2026-05-05,0.0123767138358267,0.0001464285714284,1.0954419168977405,0.0,0.0,,1.3887460780258405,1.0123767138358266,1.405934190824193,0.0,1.405934190824193,0.01094277471153116,1.4220327485041593
1088,2026-05-06,0.0165783241193668,0.0001464285714284,1.1136025080500116,0.0,0.0,,1.405934190824193,1.0165783241193669,1.4292422235301763,0.0,1.4292422235301763,0.01094277471153116,1.4456076683172154
1089,2026-05-07,-0.0052527505810352,0.0001464285714284,1.1136025080500116,-0.0052527505810352,0.0,,1.4292422235301763,0.9947472494189648,1.421734770610088,0.0,1.421734770610088,0.01094277471153116,1.4380142517975132
1090,2026-05-08,0.0137041327245056,0.0001464285714284,1.122933826402965,0.0,0.0,,1.421734770610088,1.0137041327245055,1.4412184126055732,0.0,1.4412184126055732,0.01094277471153116,1.4577209899638768
1091,2026-05-11,0.0020894264207266,0.0001468253968253,1.125280114008579,0.0,0.0,,1.4412184126055732,1.0020894264207265,1.4442297324349087,0.0,1.4442297324349087,0.01094277471153116,1.4607667907143551
1092,2026-05-12,-0.0089580544642562,0.0001468253968253,1.125280114008579,-0.0089580544642562,0.0,,1.4442297324349087,0.9910419455357438,1.4312922438328586,0.0,1.4312922438328586,0.01094277471153116,1.4476811622435592
1093,2026-05-13,0.0050833382666856,0.0001464285714284,1.125280114008579,-0.003920253018624,0.0,,1.4312922438328586,1.0050833382666855,1.4385679864667442,0.0,1.4385679864667442,0.01094277471153116,1.4550402152935518
1094,2026-05-14,0.0013363467172169,0.0001464285714284,1.125280114008579,-0.0025891451186592,0.0,,1.4385679864667442,1.001336346717217,1.4404904120729525,0.0,1.4404904120729525,0.01094277471153116,1.456984653508678
1095,2026-05-15,-0.0169003730976051,0.0001464285714284,1.125280114008579,-0.0194457606977552,0.0,,1.4404904120729525,0.9830996269023949,1.4161455866653967,0.0,1.4161455866653967,0.01094277471153116,1.4323610692668962
1096,2026-05-18,-0.0011751394333747,0.0001460317460317,1.125280114008579,-0.020598048650922,0.0,,1.4161455866653967,0.9988248605666253,1.4144814181431067,0.0,1.4144814181431067,0.01094277471153116,1.4306778452915698
1097,2026-05-19,-0.0066887626398515,0.0001456349206349,1.125280114008579,-0.0271490358325035,0.0,,1.4144814181431067,0.9933112373601485,1.4050202876786668,0.0,1.4050202876786668,0.01094277471153116,1.4211083807703202
1098,2026-05-20,0.0131453116619733,0.0001448412698412,1.125280114008579,-0.0143606067078706,0.0,,1.4050202876786668,1.0131453116619733,1.4234897172515983,0.0,1.4234897172515983,0.01094277471153116,1.4397892933409884
1099,2026-05-21,0.0039445299901339,0.0001460317460317,1.125280114008579,-0.0104727225615722,0.0,,1.4234897172515983,1.003944529990134,1.4291047151319445,0.0,1.4291047151319445,0.01094277471153116,1.4454685853880456
1100,2026-05-22,0.0021427921662497,0.0001460317460317,1.125280114008579,-0.0083523712631866,0.0,,1.4291047151319445,1.0021427921662498,1.4321669895202798,0.0,1.4321669895202798,0.01094277471153116,1.4485659241493754
1101,2026-05-26,0.0142606246054822,0.0001460317460317,1.131794521853757,0.0,0.0,,1.4321669895202798,1.0142606246054822,1.452590585330192,0.0,1.452590585330192,0.01094277471153116,1.469223379009963
1102,2026-05-27,-0.0011886417971638,0.0001460317460317,1.131794521853757,-0.0011886417971638,0.0,,1.452590585330192,0.9988113582028362,1.4508639754463017,0.0,1.4508639754463017,0.01094277471153116,1.4674769986923013
1103,2026-05-28,0.0044729705044026,0.0001464285714284,1.1355056896130755,0.0,0.0,,1.4508639754463017,1.0044729705044027,1.4573536472143733,0.0,1.4573536472143733,0.01094277471153116,1.4740409800233414
1104,2026-05-29,0.004146300943452,0.0001464285714284,1.1402138379252138,0.0,0.0,,1.4573536472143733,1.004146300943452,1.4633962740167614,0.0,1.4633962740167614,0.01094277471153116,1.4801527975294992
1105,2026-06-01,0.0044645720232469,0.00015,1.1453044047265335,0.0,0.0,,1.4633962740167614,1.0044645720232468,1.4699297120806603,0.0,1.4699297120806603,0.01094277471153116,1.4867610462994802
1106,2026-06-02,0.0039009497172991,0.000149603174603,1.1497721796203733,0.0,0.0,,1.4699297120806603,1.003900949717299,1.4756638339754509,0.0,1.4756638339754509,0.01094277471153116,1.4925608263827337
1107,2026-06-03,-0.0062370760077715,0.00015,1.1497721796203733,-0.0062370760077713,0.0,,1.4756638339754509,0.9937629239922285,1.4664600064810265,0.0,1.4664600064810265,0.01094277471153116,1.4832516110623624
1108,2026-06-04,-0.0013447623508419,0.00015,1.1497721796203733,-0.0075734509736187,0.0,,1.4664600064810265,0.9986552376491581,1.4644879662752954,0.0,1.4644879662752954,0.01094277471153116,1.48125699013898
1109,2026-06-05,-0.0299856204295836,0.00015,1.1497721796203733,-0.0373319767769654,0.0,,1.4644879662752954,0.9700143795704164,1.4205743859948716,0.0,1.4205743859948716,0.01094277471153116,1.4368405802740052
1110,2026-06-08,0.0066901115245741,0.0001507936507936,1.1497721796203733,-0.030891620340462,0.0,,1.4205743859948716,1.006690111524574,1.4300781870661308,0.0,1.4300781870661308,0.01094277471153116,1.446453203999072
1111,2026-06-09,-0.0029141638926877,0.0001503968253968,1.1497721796203733,-0.0337157609885668,0.0,,1.4300781870661308,0.9970858361073123,1.4259107048496624,0.0,1.4259107048496624,0.01094277471153116,1.4422380022995156
1112,2026-06-10,-0.0160851914884087,0.0001503968253968,1.1497721796203733,-0.049258628005297,0.0,,1.4259107048496624,0.9839148085115913,1.4029746581167837,0.0,1.4029746581167837,0.01094277471153116,1.419039327860668
1113,2026-06-11,0.023379024290737,0.00015,1.1497721796203733,-0.0270312223752242,0.0,,1.4029746581167837,1.023379024290737,1.4357748367281844,0.0,1.4357748367281844,0.01094277471153116,1.4522150827762337
1114,2026-06-12,0.0025787308391321,0.00015,1.1497721796203733,-0.0245221977828503,0.0,,1.4357748367281844,1.002578730839132,1.4394773135777053,0.0,1.4394773135777053,0.01094277471153116,1.4559599545952415
1115,2026-06-15,0.0169846304809683,0.0001503968253968,1.1497721796203733,-0.007954067769805,0.0,,1.4394773135777053,1.0169846304809682,1.4639263038345594,0.0,1.4639263038345594,0.01094277471153116,1.4806888964191296
1116,2026-06-16,-0.0064133013819472,0.0001503968253968,1.1497721796203733,-0.014316357317932,0.0,,1.4639263038345594,0.9935866986180528,1.4545377032471083,0.0,1.4545377032471083,0.01094277471153116,1.4711927922734909
1117,2026-06-17,-0.0093305787057054,0.0001519841269841,1.1497721796203733,-0.0235133561249035,0.0,,1.4545377032471083,0.9906694212942946,1.4409660247265452,0.0,1.4409660247265452,0.01094277471153116,1.4574657121339163
1118,2026-06-18,0.0104290812453786,0.0001519841269841,1.1497721796203733,-0.013329497580903,0.0,,1.4409660247265452,1.0104290812453787,1.4559939764702488,0.0,1.4559939764702488,0.01094277471153116,1.4726657404581145
1119,2026-06-22,0.0017137386360993,0.0001527777777777,1.1497721796203733,-0.0116386022198078,0.0,,1.4559939764702488,1.0017137386360992,1.4584891696016535,0.0,1.4584891696016535,0.01094277471153116,1.4751895046355976
1120,2026-06-23,-0.0199129958413154,0.0001527777777777,1.1497721796203733,-0.0313198386235215,0.0,,1.4584891696016535,0.9800870041586845,1.4294462808327721,0.0,1.4294462808327721,0.01094277471153116,1.4458140621646367
1121,2026-06-24,-0.0034107924536241,0.0001527777777777,1.1497721796203733,-0.0346238056079198,0.0,,1.4294462808327721,0.9965892075463759,1.4245707362452467,0.0,1.4245707362452467,0.01094277471153116,1.4408826904720615
1122,2026-06-25,0.0099512082449198,0.0001523809523809,1.1497721796203733,-0.0250171460628361,0.0,,1.4245707362452467,1.0099512082449198,1.4387469363012417,0.0,1.4387469363012417,0.01094277471153116,1.4552212141814496
1123,2026-06-26,-0.0043630477258867,0.0001519841269841,1.1497721796203733,-0.0292710427864852,0.0,,1.4387469363012417,0.9956369522741133,1.432469614752686,0.0,1.432469614752686,0.01094277471153116,1.448872014572253
1124,2026-06-29,0.0032148817189772,0.0001535714285714,1.1497721796203733,-0.0261502640078576,0.0,,1.432469614752686,1.0032148817189772,1.4370748351301448,0.0,1.4370748351301448,0.01094277471153116,1.453529966725039
1125,2026-06-30,0.0020317021113357,0.0001535714285714,1.1497721796203733,-0.0241716914431184,0.0,,1.4370748351301448,1.0020317021113356,1.439994543106826,0.0,1.439994543106826,0.01094277471153116,1.4564831066273245
1126,2026-07-01,-0.0078696854894356,0.0001527777777777,1.1497721796203733,-0.0318511533231491,0.0,,1.439994543106826,0.9921303145105644,1.4286622389460717,0.0,1.4286622389460717,0.01094277471153116,1.445021042657491
1127,2026-07-02,-0.0007619366705016,0.0001515873015873,1.1497721796203733,-0.0325888214319359,0.0,,1.4286622389460717,0.9992380633294984,1.4275736887964576,0.0,1.4275736887964576,0.01094277471153116,1.4439200281354438
1128,2026-07-06,0.0088004976643838,0.0001535714285714,1.1497721796203733,-0.0240751216144489,0.0,,1.4275736887964576,1.0088004976643838,1.4401370477104467,0.0,1.4401370477104467,0.01094277471153116,1.4566272429706069
1129,2026-07-07,-0.0107538307866996,0.0001531746031746,1.1497721796203733,-0.0345700526171376,0.0,,1.4401370477104467,0.9892461692133004,1.4246500575897114,0.0,1.4246500575897114,0.01094277471153116,1.4409629200804042
1130,2026-07-08,-0.0015937125351086,0.0001535714285714,1.1497721796203733,-0.036108670426051,0.0,,1.4246500575897114,0.9984062874648914,1.4223795749347874,0.0,1.4223795749347874,0.01094277471153116,1.4386664394120452
1131,2026-07-09,0.0079378280578447,0.0001519841269841,1.1497721796203733,-0.0284574667854456,0.0,,1.4223795749347874,1.0079378280578446,1.4336701794336097,0.0,1.4336701794336097,0.01094277471153116,1.4500863262406898
1132,2026-07-10,0.0003947825444282,0.0001519841269841,1.1497721796203733,-0.0280739187521628,0.0,,1.4336701794336097,1.0003947825444282,1.4342361673949173,0.0,1.4342361673949173,0.01094277471153116,1.450658795010204
