,Date,portfolio_return,rf_rate,portfolio_value,running_peak,drawdown,Rebalanced
0,2022-01-03,-0.004878576413363827,3.174603174603174e-06,0.9951214235866361,0.9951214235866361,0.0,1.0
1,2022-01-04,-0.0012280064136818707,3.174603174603174e-06,0.9938994080960795,0.9951214235866361,-0.0012280064136819258,0.0
2,2022-01-05,-0.014305758868722037,3.5714285714285718e-06,0.9796809228240915,0.9951214235866361,-0.01551619771876045,0.0
3,2022-01-06,-0.0011522479075436443,3.968253968253968e-06,0.978552087530707,0.9951214235866361,-0.01665056711994961,0.0
4,2022-01-07,-0.004226694588645842,3.968253968253968e-06,0.9744160467176328,0.9951214235866361,-0.02080688484665172,0.0
5,2022-01-10,-0.0027792020774851,5.158730158730158e-06,0.9717079476162604,0.9951214235866361,-0.023528260386544986,0.0
6,2022-01-11,0.0062437828300325885,4.365079365079366e-06,0.977775081015393,0.9951214235866361,-0.01743138290473445,0.0
7,2022-01-12,0.0019122896034794602,4.7619047619047615e-06,0.9796448701373601,0.9951214235866361,-0.015552427153557868,0.0
8,2022-01-13,-0.005349359616388811,4.7619047619047615e-06,0.9744043974306449,0.9951214235866361,-0.020818591244194606,0.0
9,2022-01-14,-0.0049665362958561474,5.158730158730158e-06,0.9695649826239637,0.9951214235866361,-0.025681731251007922,0.0
10,2022-01-18,-0.013139296995782226,6.349206349206349e-06,0.9568255803605571,0.9951214235866361,-0.038483588352517195,0.0
11,2022-01-19,-0.003535934429163299,6.746031746031747e-06,0.953442307848256,0.9951214235866361,-0.04188344733666716,0.0
12,2022-01-20,-0.006019238096635604,6.746031746031747e-06,0.9477033115859116,0.9951214235866361,-0.04765057899147551,0.0
13,2022-01-21,-0.006724207479626497,6.746031746031747e-06,0.9413307578896788,0.9951214235866361,-0.054054374091438984,0.0
14,2022-01-24,-0.0007346223809756173,7.5396825396825394e-06,0.9406392352470323,0.9951214235866361,-0.054749286919417384,0.0
15,2022-01-25,-0.008032402628105995,7.5396825396825394e-06,0.9330836421817345,0.9951214235866361,-0.062341921231384934,0.0
16,2022-01-26,-0.00794978539119448,7.5396825396825394e-06,0.9256658274743556,0.9951214235866361,-0.06979610172791517,0.0
17,2022-01-27,-0.0014346515357448943,7.936507936507936e-06,0.9243378195733829,0.9951214235866361,-0.07113062017912708,0.0
18,2022-01-28,0.015757735860308177,7.5396825396825394e-06,0.9389032907799135,0.9951214235866361,-0.056493741843181455,0.0
19,2022-01-31,0.010329525890486033,8.730158730158731e-06,0.9486017166306873,0.9951214235866361,-0.04674776952171489,0.0
20,2022-02-01,0.0021924396665739024,7.5396825396825394e-06,0.9506814686620085,0.9951214235866361,-0.04465782151936415,0.0
21,2022-02-02,0.007761833002572536,7.5396825396825394e-06,0.9580604994604035,0.9951214235866361,-0.03724261506968363,0.0
22,2022-02-03,-0.014579175636015879,7.936507936507936e-06,0.9440927671688412,0.9951214235866361,-0.051278824079454055,0.0
23,2022-02-04,-0.0034945939832492622,9.126984126984127e-06,0.9407935462650638,0.9951214235866361,-0.05459421939260711,0.0
24,2022-02-07,-0.0011312998463994014,1.0714285714285714e-05,0.9397292266706807,0.9951214235866361,-0.0556637568069932,0.0
25,2022-02-08,0.0010730824091977986,9.92063492063492e-06,0.94073763357323,0.9951214235866361,-0.05465040619605488,0.0
26,2022-02-09,0.012190051042454776,1.0317460317460317e-05,0.9522052733440459,0.9951214235866361,-0.04312654639462088,0.0
27,2022-02-10,-0.01714837286427047,1.5873015873015872e-05,0.9358765022734176,0.9951214235866361,-0.05953536916096813,0.0
28,2022-02-11,-0.007515959390040038,1.4285714285714284e-05,0.9288424924882379,0.9951214235866361,-0.06660386313412325,0.0
29,2022-02-14,-0.00650027346792648,1.7063492063492063e-05,0.9228047622784339,0.9951214235866361,-0.07267119327765759,0.0
30,2022-02-15,0.007757759251755347,1.5873015873015872e-05,0.9299636594605633,0.9951214235866361,-0.06547719964788823,0.0
31,2022-02-16,0.0021651067503751847,1.507936507936508e-05,0.9319771300572649,0.9951214235866361,-0.06345385802446635,0.0
32,2022-02-17,-0.010212937368953528,1.4285714285714284e-05,0.922458905998693,0.9951214235866361,-0.07301874511559758,0.0
33,2022-02-18,-0.0018693075760178928,1.3888888888888888e-05,0.9207345465771444,0.9951214235866361,-0.07475155819817958,0.0
34,2022-02-22,-0.005952986099459007,1.4682539682539685e-05,0.9152534266200789,0.9951214235866361,-0.08025954931077195,0.0
35,2022-02-23,-0.013156998588954145,1.3492063492063494e-05,0.9032114385775031,0.9951214235866361,-0.09236057312269419,0.0
36,2022-02-24,0.0073110221326476025,1.26984126984127e-05,0.9098148373954037,0.9951214235866361,-0.08572480118433057,0.0
37,2022-02-25,0.01630907816771288,1.3095238095238093e-05,0.9246530786966303,0.9951214235866361,-0.07081381550004473,0.0
38,2022-02-28,-0.002099444844793666,1.3888888888888888e-05,0.922711820557338,0.9951214235866361,-0.07276459064494667,0.0
39,2022-03-01,-0.005749681206295251,1.26984126984127e-05,0.917406521743853,0.9951214235866361,-0.0780958986519269,0.0
40,2022-03-02,0.004456720149685388,1.3492063492063494e-05,0.9214951458747617,0.9951214235866361,-0.07398723006737129,0.0
41,2022-03-03,-0.0008769434308838688,1.507936507936508e-05,0.9206870467599955,0.9951214235866361,-0.07479929088287818,0.0
42,2022-03-04,-0.0018702025918054558,1.3492063492063494e-05,0.9189651754589032,0.9951214235866361,-0.07652960364700934,0.0
43,2022-03-07,-0.019814802097103314,1.507936507936508e-05,0.9007560623730553,0.9951214235866361,-0.09482798679327731,0.0
44,2022-03-08,-0.006019833116725749,1.4285714285714284e-05,0.8953336611986905,0.9951214235866361,-0.10027697125471247,0.0
45,2022-03-09,0.0163703229370725,1.507936507936508e-05,0.9099905623689445,0.9951214235866361,-0.08554821472023111,0.0
46,2022-03-10,-0.0061956427578990616,1.5476190476190476e-05,0.9043525859314469,0.9951214235866361,-0.09121383130114757,0.0
47,2022-03-11,-0.00707038914332573,1.5873015873015872e-05,0.8979584612261386,0.9951214235866361,-0.09763930316192049,0.0
48,2022-03-14,-0.007459891904576382,1.785714285714286e-05,0.8912597881705919,0.9951214235866361,-0.10437081641927082,0.0
49,2022-03-15,0.011162961704351316,1.825396825396825e-05,0.9012088870545686,0.9951214235866361,-0.09437294214165959,0.0
50,2022-03-16,0.016499986863902895,1.7460317460317463e-05,0.9160788218526015,0.9951214235866361,-0.07943010758340197,0.0
51,2022-03-17,0.0076459926819279446,1.5873015873015872e-05,0.9230831538205556,0.9951214235866361,-0.0723914369227815,0.0
52,2022-03-18,0.008009017728714974,1.6666666666666664e-05,0.9304761431645825,0.9951214235866361,-0.0649622034957883,0.0
53,2022-03-21,-0.007362458536387964,2.1428571428571428e-05,0.9236255511414351,0.9951214235866361,-0.07184638050250614,0.0
54,2022-03-22,0.00345620820398818,2.023809523809524e-05,0.9268177933487032,0.9951214235866361,-0.0686384883482376,0.0
55,2022-03-23,-0.00492312737986977,1.984126984126984e-05,0.9222549512941177,0.9951214235866361,-0.07322369970680731,0.0
56,2022-03-24,0.006487304332126381,2.0634920634920636e-05,0.928237899834973,0.9951214235866361,-0.06721141979900325,0.0
57,2022-03-25,0.0003543955683130676,2.1825396825396827e-05,0.9285668632330146,0.9951214235866361,-0.06688084366000713,0.0
58,2022-03-28,0.006163760866566827,2.341269841269841e-05,0.934290327326601,0.9951214235866361,-0.06112932032031482,0.0
59,2022-03-29,0.014897889835169549,2.1825396825396827e-05,0.9482092816971771,0.9951214235866361,-0.04714212836497622,0.0
60,2022-03-30,-0.002104902375839724,2.1825396825396827e-05,0.9462133937273395,0.9951214235866361,-0.04914780116281825,0.0
61,2022-03-31,-0.008823252621513518,2.0634920634920636e-05,0.9378647139206235,0.9951214235866361,-0.05753741031888038,0.0
62,2022-04-01,0.006014326771395972,2.1031746031746032e-05,0.9435053387775039,0.9951214235866361,-0.05186913233472212,0.0
63,2022-04-04,0.001993094347608724,2.6190476190476185e-05,0.94538583393516,0.9951214235866361,-0.049979418061585124,0.0
64,2022-04-05,-0.011742439477737369,2.57936507936508e-05,0.9342846979970661,0.9951214235866361,-0.06113497724760164,0.0
65,2022-04-06,-0.00394477606013024,2.6587301587301588e-05,0.9305991540870613,0.9951214235866361,-0.064838589513049,0.0
66,2022-04-07,-0.00044189664130340925,2.6984126984126987e-05,0.9301879254464703,0.9951214235866361,-0.06525183419941982,0.0
67,2022-04-08,-0.003073637576172472,2.7777777777777776e-05,0.9273288648859161,0.9951214235866361,-0.06812491128608278,0.0
68,2022-04-11,-0.012635339054163894,3.0555555555555554e-05,0.9156117502633696,0.9951214235866361,-0.07989946898811218,0.0
69,2022-04-12,-0.002825542911395212,2.936507936507937e-05,0.9130246499728227,0.9951214235866361,-0.08249925252128387,0.0
70,2022-04-13,0.007656327858097725,2.976190476190476e-05,0.9200150660355395,0.9951214235866361,-0.07547456598853719,0.0
71,2022-04-14,-0.010099119930173353,3.134920634920635e-05,0.9107237235460802,0.9951214235866361,-0.08481145922511457,0.0
72,2022-04-18,-0.0037836448629934402,3.214285714285715e-05,0.9072778684078788,0.9951214235866361,-0.08827420764608784,0.0
73,2022-04-19,0.008357456554494866,3.214285714285715e-05,0.9148604037759523,0.9951214235866361,-0.0806544989468777,0.0
74,2022-04-20,0.007085311905785431,3.2539682539682536e-05,0.9213424750869578,0.9951214235866361,-0.07414064932273579,0.0
75,2022-04-21,-0.010093206691539415,3.2936507936507936e-05,0.9120431750522106,0.9951214235866361,-0.08348553911641587,0.0
76,2022-04-22,-0.016589324374260236,3.2936507936507936e-05,0.8969129949779393,0.9951214235866361,-0.09868989480171386,0.0
77,2022-04-25,0.003938012606269381,3.611111111111112e-05,0.9004450496588893,0.9951214235866361,-0.09514052424528496,0.0
78,2022-04-26,-0.015196669370505619,3.2936507936507936e-05,0.8867612839529146,0.9951214235866361,-0.10889137452509845,0.0
79,2022-04-27,-0.0023422003078172006,3.2539682539682536e-05,0.8846843114006798,0.9951214235866361,-0.11097852942198416,0.0
80,2022-04-28,0.014560233688286938,3.2539682539682536e-05,0.8975655217150349,0.9951214235866361,-0.09803416905646378,0.0
81,2022-04-29,-0.026094610581858142,3.3730158730158734e-05,0.8741438989541788,0.9951214235866361,-0.1215706161730774,0.0
82,2022-05-02,-0.005680680659007849,3.571428571428572e-05,0.8691781666142001,0.9951214235866361,-0.12656069298408723,0.0
83,2022-05-03,0.005735866439902861,3.611111111111112e-05,0.8741636564903787,0.9951214235866361,-0.12155076177568269,0.0
84,2022-05-04,0.01733655830412026,3.531746031746032e-05,0.8893186456884672,0.9951214235866361,-0.1063214753399967,0.0
85,2022-05-05,-0.028171128955279363,3.3730158730158734e-05,0.864265535438443,0.9951214235866361,-0.13149740830275747,0.0
86,2022-05-06,-0.008969181725746468,3.3730158730158734e-05,0.856513780791796,0.9951214235866361,-0.13928716587697187,0.0
87,2022-05-09,-0.02025814297132127,3.650793650793651e-05,0.8391624021636088,0.9951214235866361,-0.15672360952788733,0.0
88,2022-05-10,0.0011932259708385714,3.531746031746032e-05,0.8401637125356216,0.9951214235866361,-0.1557173902381811,0.0
89,2022-05-11,-0.003517102028652048,3.611111111111112e-05,0.8372087710378627,0.9951214235866361,-0.15868681831773002,0.0
90,2022-05-12,0.0012100887585559702,3.809523809523809e-05,0.8382218679602601,0.9951214235866361,-0.15766875469415143,0.0
91,2022-05-13,0.01435888469508617,4.0873015873015874e-05,0.8502577991112013,0.9951214235866361,-0.14557381746773634,0.0
92,2022-05-16,-0.001967622716198048,4.246031746031746e-05,0.8485848125510455,0.9951214235866361,-0.14725500583380124,0.0
93,2022-05-17,0.008912853787577637,4.206349206349207e-05,0.8561481249116718,0.9951214235866361,-0.1396546143827092,0.0
94,2022-05-18,-0.020517888397587173,4.0873015873015874e-05,0.8385817732329306,0.9951214235866361,-0.1573070849881839,0.0
95,2022-05-19,-0.0007181906179433171,4.166666666666667e-05,0.8379795116710165,0.9951214235866361,-0.15791229913355265,0.0
96,2022-05-20,0.005292377643162434,4.0873015873015874e-05,0.8424144157040123,0.9951214235866361,-0.153455653011905,0.0
97,2022-05-23,0.007976525878860675,4.246031746031746e-05,0.8491339560916007,0.9951214235866361,-0.14670317012055123,0.0
98,2022-05-24,0.0032257589740122684,4.206349206349207e-05,0.8518730575706017,0.9951214235866361,-0.14395064021407145,0.0
99,2022-05-25,0.005572415287502069,4.206349206349207e-05,0.8566200480196193,0.9951214235866361,-0.1391803776747439,0.0
100,2022-05-26,0.008600967986429007,4.246031746031746e-05,0.8639878096291693,0.9951214235866361,-0.13177649566103444,0.0
101,2022-05-27,0.015881355762639916,4.2857142857142856e-05,0.8777091074084741,0.9951214235866361,-0.11798792930714153,0.0
102,2022-05-31,-0.009763488125399036,4.603174603174603e-05,0.8691396049607368,0.9951214235866361,-0.1265994436858099,0.0
103,2022-06-01,-0.006949480176291571,4.563492063492063e-05,0.8630995365056323,0.9951214235866361,-0.1326691235378774,0.0
104,2022-06-02,0.012644610622539111,4.642857142857143e-05,0.87401309407324,0.9951214235866361,-0.1217020623241083,0.0
105,2022-06-03,-0.010533470994028835,4.801587301587301e-05,0.8648067024984182,0.9951214235866361,-0.13095358817473257,0.0
106,2022-06-06,-0.0028023554901352625,5e-05,0.8623832066877659,0.9951214235866361,-0.1333889651580935,0.0
107,2022-06-07,0.008264959858350296,5e-05,0.8695107692735556,0.9951214235866361,-0.12622645974232183,0.0
108,2022-06-08,-0.011893995844376882,5.07936507936508e-05,0.859168811797175,0.9951214235866361,-0.13661911859907316,0.0
109,2022-06-09,-0.015508063179315492,5.158730158730159e-05,0.8458447675821269,0.9951214235866361,-0.1500084838556519,0.0
110,2022-06-10,-0.018920823970474503,5.515873015873015e-05,0.8298406876283586,0.9951214235866361,-0.16609102370901574,0.0
111,2022-06-13,-0.03397759779422401,6.865079365079365e-05,0.80164469451084,0.9951214235866361,-0.19442524750242396,0.0
112,2022-06-14,-0.0067158061716077275,7.261904761904762e-05,0.7962610041240075,0.9951214235866361,-0.19983533139693854,0.0
113,2022-06-15,0.01598337316510517,6.904761904761904e-05,0.8089879408897428,0.9951214235866361,-0.18704600090512313,0.0
114,2022-06-16,-0.017467984330003537,6.30952380952381e-05,0.794856552215119,0.9951214235866361,-0.2012466686223261,0.0
115,2022-06-17,0.0023797408874227663,6.468253968253968e-05,0.7967481048520613,0.9951214235866361,-0.19934584266068145,0.0
116,2022-06-21,0.010727416834757931,6.746031746031747e-05,0.8052951538851127,0.9951214235866361,-0.19075689177442068,0.0
117,2022-06-22,0.006437013479466597,6.388888888888888e-05,0.8104788496456204,0.9951214235866361,-0.18554778297860708,0.0
118,2022-06-23,0.009898584981455403,6.547619047619048e-05,0.8185014434145099,0.9951214235866361,-0.17748585849508602,0.0
119,2022-06-24,0.0169308731567914,6.865079365079365e-05,0.8323593875316116,0.9951214235866361,-0.16355997589559912,0.0
120,2022-06-27,-0.004130932819406155,7.103174603174604e-05,0.8289209668201165,0.9951214235866361,-0.1670152534426369,0.0
121,2022-06-28,-0.010527070637036572,7.103174603174604e-05,0.8201948572498805,0.9951214235866361,-0.17578414270922027,0.0
122,2022-06-29,0.0021550204840271522,7.063492063492064e-05,0.8219623939681476,0.9951214235866361,-0.17400794065349867,0.0
123,2022-06-30,-0.0016168510450572742,6.825396825396825e-05,0.8206334032124625,0.9951214235866361,-0.17534344677786207,0.0
124,2022-07-01,0.009846796130904665,6.865079365079365e-05,0.828714013032106,0.9951214235866361,-0.16722322182026916,0.0
125,2022-07-05,-0.0011801582536888468,7.53968253968254e-05,0.8277359993496786,0.9951214235866361,-0.16820603020851843,0.0
126,2022-07-06,-0.001627104549059282,7.53968253968254e-05,0.8263891863397166,0.9951214235866361,-0.1695594459606462,0.0
127,2022-07-07,0.005877478844148052,7.738095238095238e-05,0.8312462712994609,0.9951214235866361,-0.16467854917295732,0.0
128,2022-07-08,-0.003220429055813748,7.857142857142857e-05,0.8285693016548313,0.9951214235866361,-0.1673686426441453,0.0
129,2022-07-11,-0.0034217057110494426,8.650793650793651e-05,0.8257341813433587,0.9951214235866361,-0.1702176621148086,0.0
130,2022-07-12,-0.0031815599574805276,8.80952380952381e-05,0.8231070585364738,0.9951214235866361,-0.17285766437444872,0.0
131,2022-07-13,-6.234388200344605e-05,9.484126984126983e-05,0.8230557428471402,0.9951214235866361,-0.17290923163862093,0.0
132,2022-07-14,-0.005794247257585574,9.523809523809524e-05,0.8182867543663082,0.9951214235866361,-0.17770160005497315,0.0
133,2022-07-15,0.012933824400647106,9.404761904761906e-05,0.8288703315566575,0.9951214235866361,-0.16706613694515116,0.0
134,2022-07-18,-0.0064261098865833815,9.92063492063492e-05,0.8235439197243455,0.9951214235866361,-0.17241866147739804,0.0
135,2022-07-19,0.0168417153262202,0.0001,0.8374138119789825,0.9951214235866361,-0.15848077216470813,0.0
136,2022-07-20,0.0008480413206232748,9.96031746031746e-05,0.8381239734940014,0.9951214235866361,-0.15776712908740476,0.0
137,2022-07-21,0.01043908801879388,9.84126984126984e-05,0.8468732234239665,0.9951214235866361,-0.14897498601562664,0.0
138,2022-07-22,0.0007890343133366581,9.88095238095238e-05,0.8475414354562941,0.9951214235866361,-0.14830349807808507,0.0
139,2022-07-25,-0.0008895975186513705,0.00010396825396819999,0.846787464698358,0.9951214235866361,-0.14906116517283896,0.0
140,2022-07-26,-0.005559591726393964,0.0001011904761904,0.8420796721156069,0.9951214235866361,-0.15379203767861127,0.0
141,2022-07-27,0.013215854889969535,9.682539682539682e-05,0.8532084748680798,0.9951214235866361,-0.14260867604183503,0.0
142,2022-07-28,0.013176931968762545,9.603174603174604e-05,0.8644511448965881,0.9951214235866361,-0.13131088889543108,0.0
143,2022-07-29,0.006968047698423536,9.563492063492065e-05,0.8704746817071843,0.9951214235866361,-0.12525782173415334,0.0
144,2022-08-01,0.0020360787966740928,0.0001015873015873,0.8722470367496499,0.9951214235866361,-0.12347677773242982,0.0
145,2022-08-02,-0.011552522406460234,0.0001015873015873,0.862170383313631,0.9951214235866361,-0.1336028318974587,0.0
146,2022-08-03,0.01040954359099663,0.0001,0.8711451835016005,0.9951214235866361,-0.12458403280897923,0.0
147,2022-08-04,0.00105061260022573,9.92063492063492e-05,0.8720604196080132,0.9951214235866361,-0.1236643097634097,0.0
148,2022-08-05,-0.006366073507247858,0.00010238095238089999,0.8665088188740272,0.9951214235866361,-0.1292431271844805,0.0
149,2022-08-08,0.004855634484323813,0.00010515873015870001,0.8707162689759226,0.9951214235866361,-0.1250150500853756,0.0
150,2022-08-09,-0.0026231669542912833,0.0001059523809523,0.8684322348325811,0.9951214235866361,-0.12731028169149383,0.0
151,2022-08-10,0.012496212839081033,0.00010515873015870001,0.8792843488753679,0.9951214235866361,-0.1164049652290331,0.0
152,2022-08-11,-0.005769132183642819,0.00010396825396819999,0.8742116412396975,0.9951214235866361,-0.12150254178143727,0.0
153,2022-08-12,0.01239431275183851,0.000104365079365,0.8850468937325203,0.9951214235866361,-0.1106141695325813,0.0
154,2022-08-15,0.002043607091155251,0.0001079365079365,0.8868555818405569,0.9951214235866361,-0.10879661434266519,0.0
155,2022-08-16,0.0009159529321233094,0.00010714285714279999,0.8876678998111136,0.9951214235866361,-0.1079803139884542,0.0
156,2022-08-17,-0.007590394189893437,0.0001063492063492,0.8809301505418323,0.9951214235866361,-0.11475109503042691,0.0
157,2022-08-18,0.00023973121742071075,0.0001075396825396,0.8811413369992843,0.9951214235866361,-0.11453887323271827,0.0
158,2022-08-19,-0.011797907860142313,0.00010873015873009998,0.8707457126936041,0.9951214235866361,-0.12498546202005645,0.0
159,2022-08-22,-0.014575464130028465,0.00011190476190469998,0.8580541897918624,0.9951214235866361,-0.1377392050316365,0.0
160,2022-08-23,-0.004343525179963949,0.0001111111111111,0.8543272098127279,0.9951214235866361,-0.1414844565062774,0.0
161,2022-08-24,0.0005299644275992668,0.00011190476190469998,0.8547799728434589,0.9951214235866361,-0.1410294738076846,0.0
162,2022-08-25,0.011912150362835463,0.0001142857142857,0.8649622404071106,0.9951214235866361,-0.13079728774243782,0.0
163,2022-08-26,-0.019787680987116838,0.0001146825396825,0.8478466435280329,0.9951214235866361,-0.14799679372572705,0.0
164,2022-08-29,-0.006478805256922326,0.0001178571428571,0.8423536102368795,0.9951214235866361,-0.15351675657745156,0.0
165,2022-08-30,-0.006601442549598853,0.0001178571428571,0.8367928612724536,0.9951214235866361,-0.15910476707810361,0.0
166,2022-08-31,-0.006761315529759346,0.0001174603174603,0.8311350407043404,0.9951214235866361,-0.16479032507535896,0.0
167,2022-09-01,-0.0030755930205142593,0.0001178571428571,0.8285788075740452,0.9951214235866361,-0.16735909012222328,0.0
168,2022-09-02,-0.0064993782644811385,0.0001166666666666,0.8231935604816888,0.9951214235866361,-0.17277073835400059,0.0
169,2022-09-06,-0.005426115771992673,0.0001206349206349,0.8187268169197562,0.9951214235866361,-0.17725938009767195,0.0
170,2022-09-07,0.015270292239006718,0.0001218253968253,0.8312290146780327,0.9951214235866361,-0.16469589039486177,0.0
171,2022-09-08,0.0007550373750113183,0.0001214285714285,0.8318566236513084,0.9951214235866361,-0.16406520457260942,0.0
172,2022-09-09,0.011605376058162066,0.0001222222222222,0.8415106325952548,0.9951214235866361,-0.15436386691157178,0.0
173,2022-09-12,0.005475686859149863,0.0001257936507936,0.8461184813079916,0.9951214235866361,-0.14973342824999702,0.0
174,2022-09-13,-0.02788224656870364,0.0001301587301587,0.8225267971858251,0.9951214235866361,-0.17344077045265704,0.0
175,2022-09-14,0.0005198679594365066,0.0001285714285714,0.82295440251346,0.9951214235866361,-0.17301106879263883,0.0
176,2022-09-15,-0.009622421868434823,0.0001277777777777,0.8150355880739897,0.9951214235866361,-0.18096870516924213,0.0
177,2022-09-16,-0.0045061631188690774,0.0001269841269841,0.8113629047664449,0.9951214235866361,-0.18465939378320806,0.0
178,2022-09-19,0.003062107652679923,0.0001337301587301,0.8138473853262309,0.9951214235866361,-0.18216273307337083,0.0
179,2022-09-20,-0.013001784820311526,0.0001329365079365,0.8032659167456461,0.9951214235866361,-0.19279607723598258,0.0
180,2022-09-21,-0.00760384878993433,0.0001313492063492,0.7971580041766042,0.9951214235866361,-0.19893393380732205,0.0
181,2022-09-22,-0.010644076845319036,0.0001305555555555,0.7886729931222873,0.9951214235866361,-0.20746054257405422,0.0
182,2022-09-23,-0.012142279091562964,0.0001285714285714,0.7790967055278182,0.9951214235866361,-0.21708377785719601,0.0
183,2022-09-26,-0.015073249056915927,0.0001345238095238,0.7673531868459748,0.9951214235866361,-0.2288848690642541,0.0
184,2022-09-27,-0.00895647894570018,0.0001329365079365,0.7604804041840728,0.9951214235866361,-0.235791345499191,0.0
185,2022-09-28,0.022002281491645584,0.0001349206349206,0.7772127081058112,0.9951214235866361,-0.21897701156451244,0.0
186,2022-09-29,-0.01581274775112193,0.0001333333333333,0.7649228396035677,0.9951214235866361,-0.23132713106847025,0.0
187,2022-09-30,-0.006880134133032743,0.0001321428571428,0.7596600678656747,0.9951214235866361,-0.23661570351114236,0.0
188,2022-10-03,0.019472639703550437,0.0001373015873015,0.7744526546643977,0.9951214235866361,-0.2217505961502665,0.0
189,2022-10-04,0.019885700663320047,0.0001369047619047,0.7898531883329675,0.9951214235866361,-0.20627456146390344,0.0
190,2022-10-05,-0.007744627530014224,0.0001373015873015,0.7837360695859344,0.9951214235866361,-0.21242166934646267,0.0
191,2022-10-06,-0.01287880746892283,0.0001373015873015,0.7736424836392869,0.9951214235866361,-0.22256473903364526,0.0
192,2022-10-07,-0.019038938327465157,0.0001369047619047,0.7589131521057715,0.9951214235866361,-0.2373662810207805,0.0
193,2022-10-10,-0.007382582073661551,0.0001369047619047,0.7533104134735694,0.9951214235866361,-0.24299648704328636,0.0
194,2022-10-11,-0.0013792042404864582,0.0001456349206349,0.7522714445569041,0.9951214235866361,-0.24404054949841936,0.0
195,2022-10-12,-0.0029615886423897415,0.0001468253968253,0.7500435259907102,0.9951214235866361,-0.24627939042113212,0.0
196,2022-10-13,0.013280973157143633,0.0001503968253968,0.7600048339260823,0.9951214235866361,-0.23626924723732912,0.0
197,2022-10-14,-0.01690441872956685,0.0001511904761904,0.747157393976901,0.9951214235866361,-0.2491796716786765,0.0
198,2022-10-17,0.01864606676867546,0.0001575396825396,0.7610889406317037,0.9951214235866361,-0.23517982570551832,0.0
199,2022-10-18,0.007758293692327932,0.0001603174603174,0.7669936921591073,0.9951214235866361,-0.2292461261715243,0.0
200,2022-10-19,-0.012583059605314861,0.0001615079365079,0.7573425648137687,0.9951214235866361,-0.23894456810693532,0.0
201,2022-10-20,-0.007598431689268031,0.0001623015873015,0.7515879490696563,0.9951214235866361,-0.24472739581792113,0.0
202,2022-10-21,0.010193136347196121,0.0001623015873015,0.7592489875114328,0.9951214235866361,-0.23702879918419129,0.0
203,2022-10-24,0.003562833695115178,0.0001650793650793,0.7619540653871206,0.9951214235866361,-0.2343104596815222,0.0
204,2022-10-25,0.02133475674805021,0.0001642857142857,0.7782101700253428,0.9951214235866361,-0.21797465959430118,0.0
205,2022-10-26,0.001854120392853185,0.0001630952380952,0.7796530653715126,0.9951214235866361,-0.21652469046292688,0.0
206,2022-10-27,-0.0010622590176595052,0.0001638888888888,0.7788248718721758,0.9951214235866361,-0.21735694417559626,0.0
207,2022-10-28,0.013669364816669189,0.000165873015873,0.7894709131740922,0.9951214235866361,-0.20665871072429964,0.0
208,2022-10-31,-0.006233225683739757,0.0001674603174603,0.78454996280153,0.9951214235866361,-0.21160378602458418,0.0
209,2022-11-01,0.001461425883148984,0.0001678571428571,0.7856965244237917,0.9951214235866361,-0.21045160339130387,0.0
210,2022-11-02,-0.017100082140857974,0.0001674603174603,0.7722610493183582,0.9951214235866361,-0.22395294582749536,0.0
211,2022-11-03,-0.006810155570176828,0.0001686507936507,0.7670018314317121,0.9951214235866361,-0.2292379469961876,0.0
212,2022-11-04,0.010510096801114291,0.0001670634920634,0.7750630949266913,0.9951214235866361,-0.22113716320849197,0.0
213,2022-11-07,0.0021960061968824838,0.000170238095238,0.7767651382861253,0.9951214235866361,-0.21942677559237633,0.0
214,2022-11-08,0.00705778423388298,0.0001698412698412,0.782247379032551,0.9951214235866361,-0.21391765819576092,0.0
215,2022-11-09,-0.009999950867847168,0.000170238095238,0.7744249436757232,0.9951214235866361,-0.22177844299188565,0.0
216,2022-11-10,0.04882996194691426,0.0001698412698412,0.8122400842061501,0.9951214235866361,-0.183777913976911,0.0
217,2022-11-11,0.0045760830694719905,0.0001698412698412,0.8159569623038323,0.9951214235866361,-0.1800428139081317,0.0
218,2022-11-14,-0.008542267469091341,0.0001722222222222,0.8089868396885657,0.9951214235866361,-0.18704710750493192,0.0
219,2022-11-15,0.009501885336299063,0.0001710317460317,0.8166737398778614,0.9951214235866361,-0.17932252233663115,0.0
220,2022-11-16,-7.533666628394063e-05,0.0001714285714285,0.8166122144008574,0.9951214235866361,-0.17938434944189252,0.0
221,2022-11-17,-0.004068714250916599,0.0001714285714285,0.8132896526466521,0.9951214235866361,-0.18272320003384357,0.0
222,2022-11-18,0.003277978688218261,0.0001722222222222,0.8159555987953763,0.9951214235866361,-0.18004418410117917,0.0
223,2022-11-21,-0.0005349698078338128,0.000175,0.8155190871854877,0.9951214235866361,-0.18048283570644286,0.0
224,2022-11-22,0.010719379796951752,0.0001746031746031,0.8242609460126924,0.9951214235866361,-0.17169811997225937,0.0
225,2022-11-23,0.007593487783130711,0.0001746031746031,0.8305199614363515,0.9951214235866361,-0.16540841976552445,0.0
226,2022-11-25,0.001215819085092114,0.000175,0.8315297234560158,0.9951214235866361,-0.16439370739401815,0.0
227,2022-11-28,-0.011214705231653493,0.000175,0.8222043627160983,0.9951214235866361,-0.17376478565530906,0.0
228,2022-11-29,-0.00019140439628972028,0.0001738095238095,0.8220469891864258,0.9951214235866361,-0.17392293070770404,0.0
229,2022-11-30,0.02060642386945595,0.0001734126984126,0.8389864378862113,0.9951214235866361,-0.15690043646902918,0.0
230,2022-12-01,0.007306953338097183,0.0001718253968253,0.8451168726391423,0.9951214235866361,-0.15073994729893814,0.0
231,2022-12-02,0.0018438229831834138,0.0001722222222222,0.8466751185523904,0.9951214235866361,-0.14917406209506845,0.0
232,2022-12-05,-0.014474032317585359,0.0001730158730158,0.8344203155239677,0.9951214235866361,-0.16148894421694426,0.0
233,2022-12-06,-0.004913371548127316,0.0001734126984126,0.8303204984864928,0.9951214235866361,-0.16560886058121893,0.0
234,2022-12-07,0.004809005251326367,0.000170238095238,0.8343135141239982,0.9951214235866361,-0.16159626921009385,0.0
235,2022-12-08,0.004121713817525598,0.0001698412698412,0.8377523156633114,0.9951214235866361,-0.15814060896823212,0.0
236,2022-12-09,-0.008278418088787466,0.0001710317460317,0.8308170517394007,0.9951214235866361,-0.16510987297916513,0.0
237,2022-12-12,0.007933279600728442,0.0001738095238095,0.8374081557079023,0.9951214235866361,-0.15848645616562107,0.0
238,2022-12-13,0.009535312965691446,0.000172619047619,0.8453931045525996,0.9951214235866361,-0.1504623611602921,0.0
239,2022-12-14,-0.0022765439129563175,0.0001718253968253,0.8434685300263752,0.9951214235866361,-0.15239637090081992,0.0
240,2022-12-15,-0.014605360065299083,0.0001722222222222,0.8311493684415915,0.9951214235866361,-0.1647759270964676,0.0
241,2022-12-16,-0.011574938940379231,0.0001710317460317,0.8215288652515453,0.9951214235866361,-0.17444359474186089,0.0
242,2022-12-19,-0.009082370810285923,0.0001734126984126,0.8140674354659774,0.9951214235866361,-0.181941604139222,0.0
243,2022-12-20,-0.0031338377308412534,0.000172619047619,0.8115162802212649,0.9951214235866361,-0.18450526640620202,0.0
244,2022-12-21,0.009295440350241945,0.0001718253968253,0.8190596813973118,0.9951214235866361,-0.1769248837541445,0.0
245,2022-12-22,-0.0071582020852805055,0.000172619047619,0.8131966866779644,0.9951214235866361,-0.18281662176759794,0.0
246,2022-12-23,0.001204305522120517,0.0001722222222222,0.8141760239383008,0.9951214235866361,-0.1818324833126076,0.0
247,2022-12-27,-0.005065904901047251,0.0001769841269841,0.8100514856283165,0.9951214235866361,-0.185977242145272,0.0
248,2022-12-28,-0.010057202047555888,0.0001769841269841,0.8019046341684297,0.9951214235866361,-0.1941640334923257,0.0
249,2022-12-29,0.014292355436776465,0.0001765873015873,0.8133657402263631,0.9951214235866361,-0.18264673943525966,0.0
250,2022-12-30,-0.00649969741691777,0.0001753968253968,0.8080791090256043,0.9951214235866361,-0.18795928831166175,0.0
251,2023-01-03,0.003561012731401166,0.0001797619047619,0.8109566890208239,1.0035610127314012,0.0,1.0
252,2023-01-04,0.009840567978284625,0.0001805555555555,0.818936963446578,1.0134366230975407,0.0,0.0
253,2023-01-05,-0.007150745382271937,0.0001849206349206,0.8130809537368405,1.0134366230975407,-0.007150745382271784,0.0
254,2023-01-06,0.020014899352478337,0.0001853174603174,0.8293546871913005,1.0263285833380231,0.0,0.0
255,2023-01-09,0.001261273905281808,0.0001865079365079,0.8304007306164779,1.0276230647984321,0.0,0.0
256,2023-01-10,0.003532860099268219,0.0001876984126984,0.833334420224076,1.0312535133211462,0.0,0.0
257,2023-01-11,0.007422149576098453,0.0001873015873015,0.8395195529378904,1.0389076311478929,0.0,0.0
258,2023-01-12,0.009685458809823876,0.0001849206349206,0.8476506849879121,1.0489699282165874,0.0,0.0
259,2023-01-13,0.0027046894747935206,0.0001853174603174,0.8499433168739003,1.0518070661408097,0.0,0.0
260,2023-01-17,-0.00266528469737185,0.0001869047619047,0.8476779759578029,1.0518070661408097,-0.002665284697371817,0.0
261,2023-01-18,-0.004377154692579962,0.0001861111111111,0.8439675583275426,1.0518070661408097,-0.007030773026531545,0.0
262,2023-01-19,-0.0016823980350225603,0.0001869047619047,0.8425476689657895,1.0518070661408097,-0.008701342502829612,0.0
263,2023-01-20,0.005517292919204168,0.0001873015873015,0.8471962512538664,1.0518070661408097,-0.003232057439003788,0.0
264,2023-01-23,0.004694681799270595,0.0001876984126984,0.8511735680750382,1.053329505203269,0.0,0.0
265,2023-01-24,0.0010859436854498237,0.0001873015873015,0.8520978946365111,1.0544733617281423,0.0,0.0
266,2023-01-25,0.0034572819220622638,0.0001873015873015,0.8550438372834651,1.0581189734189411,0.0,0.0
267,2023-01-26,0.000876095888970552,0.0001869047619047,0.8557929376741988,1.0590459871015954,0.0,0.0
268,2023-01-27,-0.0005868701443860632,0.0001876984126984,0.8552906983493014,1.0590459871015954,-0.0005868701443859647,0.0
269,2023-01-30,-0.006743147316879948,0.0001873015873015,0.8495233471715748,1.0590459871015954,-0.007326060109426491,0.0
270,2023-01-31,0.010448538649122268,0.0001865079365079,0.8583996246978287,1.0622717690758048,0.0,0.0
271,2023-02-01,0.010034758502628706,0.0001849206349206,0.8670134576304186,1.0729314097426408,0.0,0.0
272,2023-02-02,0.0019758951066852076,0.0001849206349206,0.8687265852787808,1.0750514096649602,0.0,0.0
273,2023-02-03,-0.01186236282187391,0.0001865079365079,0.8584214353311963,1.0750514096649602,-0.011862362821873917,0.0
274,2023-02-06,-0.0071964624632917615,0.0001869047619047,0.8522438376941504,1.0750514096649602,-0.01897345823639207,0.0
275,2023-02-07,0.0038728454483977414,0.0001869047619047,0.8555444463618892,1.0750514096649602,-0.015174094059365317,0.0
276,2023-02-08,-0.004917668477744162,0.0001873015873015,0.8513371624067063,1.0750514096649602,-0.02001714137307542,0.0
277,2023-02-09,-0.006488303945809112,0.0001892857142857,0.845813428136649,1.0750514096649602,-0.02637556802152985,0.0
278,2023-02-10,8.937457252211503e-05,0.0001900793650793,0.8458890223502221,1.0750514096649602,-0.026288550754124618,0.0
279,2023-02-13,0.006008581420275473,0.000190873015873,0.8509716154135306,1.0750514096649602,-0.020437926231476333,0.0
280,2023-02-14,-0.001445975816876778,0.0001904761904761,0.849741131036794,1.0750514096649602,-0.021854349301275278,0.0
281,2023-02-15,-0.0008524786779877018,0.0001900793650793,0.849016744840776,1.0750514096649602,-0.022688197612462324,0.0
282,2023-02-16,-0.006150424787741267,0.0001920634920634,0.8437949312080999,1.0750514096649602,-0.028699080347218797,0.0
283,2023-02-17,0.002035128840671561,0.0001920634920634,0.8455121626082139,1.0750514096649602,-0.026722357832662746,0.0
284,2023-02-21,-0.014977358288906742,0.00019285714285709998,0.8328486240112023,1.0750514096649602,-0.04129948579398546,0.0
285,2023-02-22,-0.0010966215136045492,0.0001920634920634,0.8319353042925357,1.0750514096649602,-0.04235081740296742,0.0
286,2023-02-23,0.004165029974499134,0.0001920634920634,0.8354003397717581,1.0750514096649602,-0.038362179852396205,0.0
287,2023-02-24,-0.00916733716523285,0.00019285714285709998,0.8277419431891203,1.0750514096649602,-0.04717783798052888,0.0
288,2023-02-27,0.003367728279866988,0.0001940476190476,0.8305295531396304,1.0750514096649602,-0.043968991839811955,0.0
289,2023-02-28,-0.0017567786898712238,0.0001936507936507,0.8290704965193664,1.0750514096649602,-0.04564852674180386,0.0
290,2023-03-01,-0.00044688529428396574,0.00019444444444440004,0.8286999971065472,1.0750514096649602,-0.046075012380781155,0.0
291,2023-03-02,0.0022301826854807857,0.0001948412698412,0.8305481494915521,1.0750514096649602,-0.043947585390145316,0.0
292,2023-03-03,0.011785451217270005,0.0001948412698412,0.8403365341909785,1.0750514096649602,-0.03268007629660774,0.0
293,2023-03-06,-0.004647202775269287,0.0001956349206349,0.836431319917126,1.0750514096649602,-0.037175408130615484,0.0
294,2023-03-07,-0.011221829360744128,0.0002,0.8270450303730341,1.0750514096649602,-0.04798006140490185,0.0
295,2023-03-08,0.0009076893537668038,0.00020079365079360003,0.8277957303421895,1.0750514096649602,-0.047115923042065355,0.0
296,2023-03-09,-0.007711483116988912,0.0002003968253968,0.8214121975433402,1.0750514096649602,-0.054464072513974005,0.0
297,2023-03-10,-0.0021473491376292294,0.0001988095238095,0.8196483387693073,1.0750514096649602,-0.05649446827245863,0.0
298,2023-03-13,-0.00034201104763659424,0.0001932539682539,0.8193680099822712,1.0750514096649602,-0.05681715758781569,0.0
299,2023-03-14,0.0057643579174363364,0.0001936507936507,0.8240911404579065,1.0750514096649602,-0.05138031410256694,0.0
300,2023-03-15,-0.005282015683752838,0.000188492063492,0.8197382781291661,1.0750514096649602,-0.056390938161393844,0.0
301,2023-03-16,0.007545444210707056,0.0001880952380952,0.8259235675741707,1.0750514096649602,-0.049270988628573154,0.0
302,2023-03-17,-0.0030054490845596,0.000179365079365,0.8234412963440888,1.0750514096649602,-0.05212835626546353,0.0
303,2023-03-20,0.006110647028349563,0.000190873015873,0.8284730554546141,1.0750514096649602,-0.046336247222420246,0.0
304,2023-03-21,0.004667863755306251,0.0001896825396825,0.8323402548024185,1.0750514096649602,-0.04188467475608049,0.0
305,2023-03-22,-0.004314678805973723,0.0001900793650793,0.8287489739456637,1.0750514096649602,-0.04601863464358902,0.0
306,2023-03-23,0.002035784407807234,0.0001876984126984,0.8304361281848085,1.0750514096649602,-0.04407653425465774,0.0
307,2023-03-24,0.0021478470080434535,0.0001880952380952,0.8322197779381013,1.0750514096649602,-0.04202335689883818,0.0
308,2023-03-27,-0.0005318619209412288,0.0001948412698412,0.8317771519283619,1.0750514096649602,-0.042532868196454854,0.0
309,2023-03-28,0.0005739268005684642,0.0001904761904761,0.8322545311279541,1.0750514096649602,-0.04198335214884941,0.0
310,2023-03-29,0.007395184894686194,0.0001904761904761,0.8384092072650857,1.0750514096649602,-0.0348986419058025,0.0
311,2023-03-30,0.004576316287570915,0.0001972222222222,0.8422460329759424,1.0750514096649602,-0.030482032841599227,0.0
312,2023-03-31,0.007895304030742938,0.0001924603174603,0.8488958214749747,1.0750514096649602,-0.022827393727615775,0.0
313,2023-04-03,0.005111486359210465,0.00019444444444440004,0.8532349408868348,1.0750514096649602,-0.01783258928006015,0.0
314,2023-04-04,-0.0008628950361127397,0.0001936507936507,0.8524986886917056,1.0750514096649602,-0.01868009666340198,0.0
315,2023-04-05,-0.0013156585724560983,0.00019285714285709998,0.8513770914839208,1.0750514096649602,-0.019971178606548623,0.0
316,2023-04-06,2.4146454703999126e-05,0.0001948412698412,0.8513976492222963,1.0750514096649602,-0.019947514385004195,0.0
317,2023-04-10,-0.00017705640076741479,0.0002015873015873,0.8512469038189032,1.0750514096649602,-0.02012103895067041,0.0
318,2023-04-11,0.0035456900850426958,0.0002,0.8542651615256973,1.0750514096649602,-0.016646691833935745,0.0
319,2023-04-12,-0.0005052330086700719,0.00019920634920629997,0.8538335585679376,1.0750514096649602,-0.0171435143844062,0.0
320,2023-04-13,0.007793006253885532,0.00020238095238089997,0.860487488829635,1.0750514096649602,-0.009484107645331807,0.0
321,2023-04-14,-0.006696665770813405,0.00020396825396820002,0.8547250917169764,1.0750514096649602,-0.016117261517109904,0.0
322,2023-04-17,0.0004582359018732805,0.000206746031746,0.855116757440233,1.0750514096649602,-0.01566641112310374,0.0
323,2023-04-18,0.0013804072245866604,0.0002063492063492,0.8562971667900686,1.0750514096649602,-0.014307629925614629,0.0
324,2023-04-19,-0.0031778122347115452,0.0002047619047619,0.8535760151768943,1.0750514096649602,-0.01743997519889884,0.0
325,2023-04-20,-0.00051466537051377,0.0002031746031746,0.8531367091607815,1.0750514096649602,-0.017945664818115104,0.0
326,2023-04-21,-0.0006040252499686583,0.00020396825396820002,0.8526213930467733,1.0750514096649602,-0.018538850433406084,0.0
327,2023-04-24,0.0022333569594766025,0.0002063492063492,0.854525600968733,1.0750514096649602,-0.016346897344565625,0.0
328,2023-04-25,-0.006685362570818931,0.0002031746031746,0.84881278750021,1.0750514096649602,-0.022922974979728283,0.0
329,2023-04-26,-0.006067304632673597,0.0002047619047619,0.8436627817423374,1.0750514096649602,-0.028851198940112677,0.0
330,2023-04-27,0.006314678195192692,0.00020555555555549997,0.8489902407143013,1.0750514096649602,-0.022718706781772346,0.0
331,2023-04-28,0.005722871598968975,0.00020238095238089997,0.853848902850687,1.0750514096649602,-0.017125851424610095,0.0
332,2023-05-01,-0.004811434925808914,0.0002091269841269,0.8497406644181477,1.0750514096649602,-0.021854886430740406,0.0
333,2023-05-02,-0.0016033374727175307,0.0002079365079365,0.8483782433687941,1.0750514096649602,-0.023423183145081627,0.0
334,2023-05-03,0.0017037800055973154,0.00020873015873009996,0.8498236932570296,1.0750514096649602,-0.02175931109059437,0.0
335,2023-05-04,-0.0038163573470063293,0.00020873015873009996,0.846580462361608,1.0750514096649602,-0.02549262713085443,0.0
336,2023-05-05,0.006531151723747847,0.00020873015873009996,0.8521096078076522,1.0750514096649602,-0.01912797162273505,0.0
337,2023-05-08,-0.0023775040478180064,0.0002107142857142,0.8500837137659049,1.0750514096649602,-0.021459998840593464,0.0
338,2023-05-09,-0.001161977905031722,0.0002099206349206,0.8490959352730816,1.0750514096649602,-0.022597040701130444,0.0
339,2023-05-10,0.0024809420045019534,0.0002079365079365,0.8512024930447525,1.0750514096649602,-0.020172160644081227,0.0
340,2023-05-11,-0.0027629636695774636,0.0002063492063492,0.848850651481016,1.0750514096649602,-0.02287938936666223,0.0
341,2023-05-12,-0.0028034976645905383,0.0002083333333333,0.8464709006620028,1.0750514096649602,-0.025618744716596087,0.0
342,2023-05-15,0.0034717543112404376,0.000206746031746,0.8494096396607156,1.0750514096649602,-0.022235932392774216,0.0
343,2023-05-16,-0.009634568821151823,0.0002075396825396,0.8412259440300546,1.0750514096649602,-0.031656267592985454,0.0
344,2023-05-17,0.005999501255432616,0.00020873015873009996,0.8462728801373653,1.0750514096649602,-0.025846688154719355,0.0
345,2023-05-18,-0.0010607146760261623,0.0002107142857142,0.8453752260734807,1.0750514096649602,-0.02687998686929316,0.0
346,2023-05-19,0.0008642087665239384,0.0002099206349206,0.8461058067548557,1.0750514096649602,-0.02603900802306569,0.0
347,2023-05-22,0.0013621700679013438,0.0002142857142857,0.8472583467590947,1.0750514096649602,-0.024712307512491094,0.0
348,2023-05-23,-0.004231698672550497,0.0002119047619047,0.8436730047378069,1.0750514096649602,-0.02883943114614529,0.0
349,2023-05-24,-0.00848136284529973,0.0002130952380952,0.8365175078618413,1.0750514096649602,-0.037076196311642606,0.0
350,2023-05-25,-0.0042133026582106764,0.000213492063492,0.8329930064223273,1.0750514096649602,-0.041133285733377156,0.0
351,2023-05-26,0.007187378414457058,0.0002119047619047,0.8389800423760809,1.0750514096649602,-0.03424154780891586,0.0
352,2023-05-30,0.0005887165726469294,0.000220238095238,0.8394739638311478,1.0750514096649602,-0.03367298980293698,0.0
353,2023-05-31,-0.003175543044482477,0.0002190476190476,0.8368081781242797,1.0750514096649602,-0.03674160281886396,0.0
354,2023-06-01,0.00751504979185905,0.0002182539682539,0.8430968332491184,1.0750514096649602,-0.02950266800162138,0.0
355,2023-06-02,0.007710328350169928,0.0002182539682539,0.8495973866644575,1.0750514096649602,-0.02201981490895011,0.0
356,2023-06-05,-0.0032903985162599783,0.0002166666666666,0.8468018726839583,1.0750514096649602,-0.025237759458905384,0.0
357,2023-06-06,0.007082036557840834,0.000215873015873,0.8527989545035541,1.0750514096649602,-0.01833445763619057,0.0
358,2023-06-07,-0.0007609761976148381,0.0002150793650793,0.8521499947978262,1.0750514096649602,-0.019081481747948104,0.0
359,2023-06-08,0.005614730761831102,0.000213492063492,0.8569345875873117,1.0750514096649602,-0.013573888368668463,0.0
360,2023-06-09,-0.0027318276204560286,0.0002130952380952,0.8545935900120166,1.0750514096649602,-0.01626863446596194,0.0
361,2023-06-12,0.0038048171793234457,0.0002142857142857,0.857845162384634,1.0750514096649602,-0.012525716466538772,0.0
362,2023-06-13,0.0026133918081091426,0.0002126984126984,0.860087047904636,1.0750514096649602,-0.00994505926323408,0.0
363,2023-06-14,-0.0009649528637563049,0.0002126984126984,0.8592571044446807,1.0750514096649602,-0.010900415613574133,0.0
364,2023-06-15,0.00930954566165342,0.0002115079365079,0.8672563976936086,1.0750514096649602,-0.0016923478688062321,0.0
365,2023-06-16,-0.002651399549234949,0.0002119047619047,0.8649569544716926,1.0750514096649602,-0.004339260327664629,0.0
366,2023-06-20,-0.005745530872236427,0.0002138888888888,0.85998731758662,1.0750514096649602,-0.01005985984572566,0.0
367,2023-06-21,-0.0014088512505664843,0.0002142857142857,0.8587757233787667,1.0750514096649602,-0.011454538250167956,0.0
368,2023-06-22,-0.00519237658346922,0.0002142857142857,0.854316636422243,1.0750514096649602,-0.016587438557452594,0.0
369,2023-06-23,-0.005300822218804064,0.0002146825396825,0.8497880558140021,1.0750514096649602,-0.02180033371339818,0.0
370,2023-06-26,0.0014721736451259026,0.0002182539682539,0.8510390913937143,1.0750514096649602,-0.020360253945020057,0.0
371,2023-06-27,0.004935863852635709,0.000215873015873,0.8552397044821045,1.0750514096649602,-0.01552488553386211,0.0
372,2023-06-28,0.0010978308406352129,0.000215873015873,0.8561786130058208,1.0750514096649602,-0.014444098391363291,0.0
373,2023-06-29,0.0004250264048240123,0.0002166666666666,0.8565425115235938,1.0750514096649602,-0.014025211109749525,0.0
374,2023-06-30,0.00721682809145239,0.0002154761904761,0.8627240315822805,1.0750514096649602,-0.006909600555822459,0.0
375,2023-07-03,0.0005119192344373269,0.000215873015873,0.8631656766080589,1.0750514096649602,-0.006401218478811921,0.0
376,2023-07-05,-0.006352966015716612,0.000215873015873,0.8576820143986348,1.0750514096649602,-0.012713517771073546,0.0
377,2023-07-06,-0.009989767748999902,0.0002166666666666,0.849113970272298,1.0750514096649602,-0.022576280430267714,0.0
378,2023-07-07,0.0033434271098366883,0.0002166666666666,0.8519529209398474,1.0750514096649602,-0.01930833546846078,0.0
379,2023-07-10,0.005654440094053913,0.0002174603174603,0.8567702376942561,1.0750514096649602,-0.013763073200629194,0.0
380,2023-07-11,0.006880249631455074,0.0002178571428571,0.8626650308063937,1.0750514096649602,-0.00697751694849047,0.0
381,2023-07-12,0.009772837007008185,0.0002170634920634,0.8710957155441104,1.0779832145326622,0.0,0.0
382,2023-07-13,0.00683821119686857,0.0002170634920634,0.8770524520196883,1.0853546914203158,0.0,0.0
383,2023-07-14,-0.006104920844397011,0.0002178571428571,0.8716981162237237,1.0853546914203158,-0.006104920844397177,0.0
384,2023-07-17,0.002133504209905349,0.0002178571428571,0.8735578878244535,1.0853546914203158,-0.003984441508814607,0.0
385,2023-07-18,0.006660241571547343,0.0002178571428571,0.8793759943840951,1.0882300811420083,0.0,0.0
386,2023-07-19,0.0034753346984216374,0.0002178571428571,0.882432120290337,1.0920120449028672,0.0,0.0
387,2023-07-20,-0.004604329775418275,0.0002178571428571,0.8783691118040987,1.0920120449028672,-0.004604329775418248,0.0
388,2023-07-21,0.00040950422183018816,0.0002182539682539,0.8787288076637078,1.0920120449028672,-0.004196711046069779,0.0
389,2023-07-24,-0.00022445335781258924,0.0002186507936507,0.8785315740322209,1.0920120449028672,-0.004420222437996335,0.0
390,2023-07-25,0.0007786258557767735,0.0002186507936507,0.8792156214308786,1.0920120449028672,-0.003645038281698154,0.0
391,2023-07-26,0.003645907068478552,0.0002186507936507,0.8824211598797701,1.0920120449028672,-1.2420684055935993e-05,0.0
392,2023-07-27,-0.00907583262693393,0.0002186507936507,0.8744124531262364,1.0920120449028672,-0.009088140582940163,0.0
393,2023-07-28,0.006891898152522675,0.0002190476190476,0.88043881469648,1.0920120449028672,-0.0022588769697109434,0.0
394,2023-07-31,0.003143388711884949,0.000220238095238,0.8832063761281024,1.0929701885166763,0.0,0.0
395,2023-08-01,-0.007232874864485061,0.0002198412698412,0.8768182549300525,1.0929701885166763,-0.007232874864485095,0.0
396,2023-08-02,-0.008954763107248015,0.0002194444444444,0.8689665551690433,1.0929701885166763,-0.016122869290737363,0.0
397,2023-08-03,-0.004114141801562014,0.0002198412698412,0.8653915035402631,1.0929701885166763,-0.020170679321789176,0.0
398,2023-08-04,0.00279131225144075,0.0002198412698412,0.8678070814463876,1.0929701885166763,-0.017435669734659265,0.0
399,2023-08-07,0.0029383500516144867,0.0002206349206349,0.870357002428947,1.0929701885166763,-0.014548551784109631,0.0
400,2023-08-08,-0.0026479731594496562,0.0002210317460317,0.8680523204473761,1.0929701885166763,-0.01715800076892615,0.0
401,2023-08-09,-0.0025594186043914574,0.000220238095238,0.865830611188838,1.0929701885166763,-0.019673504866935643,0.0
402,2023-08-10,-0.0027559748590738763,0.0002198412698412,0.863444403792185,1.0929701885166763,-0.02237526004120638,0.0
403,2023-08-11,-0.0014979031895956015,0.0002198412698412,0.8621510476657062,1.0929701885166763,-0.023839647257418273,0.0
404,2023-08-14,-0.000976285953907573,0.0002206349206349,0.8613093417077234,1.0929701885166763,-0.024792658898562192,0.0
405,2023-08-15,-0.008464660653384535,0.0002206349206349,0.8540186504125775,1.0929701885166763,-0.03304745810767529,0.0
406,2023-08-16,-0.006830247861634381,0.0002206349206349,0.8481854913518012,1.0929701885166763,-0.03965198363923739,0.0
407,2023-08-17,-0.005358141646767358,0.0002206349206349,0.8436407933464053,1.0929701885166763,-0.04479766434109034,0.0
408,2023-08-18,0.0025014067446144073,0.000220238095238,0.8457510821169137,1.0929701885166763,-0.04240831477620188,0.0
409,2023-08-21,-0.000302053437238166,0.0002210317460317,0.8454956200955124,1.0929701885166763,-0.0426975586361944,0.0
410,2023-08-22,-0.0007902879328486425,0.0002210317460317,0.8448274351096745,1.0929701885166763,-0.04345410320369092,0.0
411,2023-08-23,0.010224819261631194,0.0002210317460317,0.8534656429409384,1.0929701885166763,-0.03367359429349359,0.0
412,2023-08-24,-0.0075750830407741755,0.0002214285714285,0.8470005698232131,1.0929701885166763,-0.040993597061213194,0.0
413,2023-08-25,0.0027048561309116256,0.000222619047619,0.8492915845073851,1.0929701885166763,-0.03839962271264086,0.0
414,2023-08-28,0.005787241685652966,0.0002214285714285,0.8542066401685205,1.0929701885166763,-0.03283460892426382,0.0
415,2023-08-29,0.010391420626671347,0.0002206349206349,0.8630830606686073,1.0929701885166763,-0.02278438653003667,0.0
416,2023-08-30,0.0010007225321273627,0.0002206349206349,0.8639467673345158,1.0929701885166763,-0.02180646484689064,0.0
417,2023-08-31,-0.001105720694896733,0.0002206349206349,0.8629914835145849,1.0929701885166763,-0.022888073682323595,0.0
418,2023-09-01,0.0010369924173617747,0.0002194444444444,0.8638863991392374,1.0929701885166763,-0.021874816023818355,0.0
419,2023-09-05,-0.009600636611106429,0.000220238095238,0.8555925397478243,1.0929701885166763,-0.031265440475345185,0.0
420,2023-09-06,-0.002760382486149355,0.000220238095238,0.8532307770858244,1.0929701885166763,-0.033939518387184675,0.0
421,2023-09-07,-0.0009318245349185864,0.0002194444444444,0.8524357157137882,1.0929701885166763,-0.03483971724616686,0.0
422,2023-09-08,0.0005013020229597326,0.000220238095238,0.8528630434625187,1.0929701885166763,-0.03435588044394178,0.0
423,2023-09-11,0.00245835650181572,0.000220238095238,0.8549596848705732,1.0929701885166763,-0.03198198294419108,0.0
424,2023-09-12,-0.0020010052947287077,0.0002206349206349,0.8532489060143675,1.0929701885166763,-0.033918992121712455,0.0
425,2023-09-13,-0.001307382196937865,0.000220238095238,0.8521333835850877,1.0929701885166763,-0.03518202923221225,0.0
426,2023-09-14,0.005979363197213055,0.000220238095238,0.8572285985780131,1.0929701885166763,-0.029413032165793385,0.0
427,2023-09-15,-0.003700498251052491,0.0002206349206349,0.854056425648223,1.0929701885166763,-0.033004687542758204,0.0
428,2023-09-18,-0.00015615650992794458,0.000220238095238,0.8539230591775123,1.0929701885166763,-0.03315569015586828,0.0
429,2023-09-19,-0.0016971224372853782,0.0002198412698412,0.8524738471940668,1.0929701885166763,-0.0347965433274664,0.0
430,2023-09-20,-0.0029746081463078652,0.0002206349206349,0.8499380715436889,1.0929701885166763,-0.03766764539252909,0.0
431,2023-09-21,-0.011813034746208992,0.0002210317460317,0.8398977235724175,1.0929701885166763,-0.049035710934908217,0.0
432,2023-09-22,0.0012031482598534387,0.0002206349206349,0.8409082450569885,1.0929701885166763,-0.047891559905337,0.0
433,2023-09-25,-0.0026848421258586826,0.0002214285714285,0.8386505391766775,1.0929701885166763,-0.05044782075368881,0.0
434,2023-09-26,-0.009005929768742477,0.0002214285714285,0.8310977113203344,1.0929701885166763,-0.058999420991737495,0.0
435,2023-09-27,-0.0019250386290062664,0.0002214285714285,0.829497816121564,1.0929701885166763,-0.060810883456245635,0.0
436,2023-09-28,0.0036692898904498164,0.0002206349206349,0.832541484072409,1.0929701885166763,-0.05736472632569134,0.0
437,2023-09-29,-0.003846621207141981,0.000220238095238,0.8293390123439507,1.0929701885166763,-0.06099068716000711,0.0
438,2023-10-02,-0.010078336695750674,0.0002230158730158,0.820980654542627,1.0929701885166763,-0.0704543391752539,0.0
439,2023-10-03,-0.01020129117500113,0.0002230158730158,0.8126055918365946,1.0929701885166763,-0.07993690512178608,0.0
440,2023-10-04,0.003594411384204103,0.000222619047619,0.81552643062676,1.0929701885166763,-0.07662981985936979,0.0
441,2023-10-05,0.0007846653983304777,0.000222619047619,0.8161663459982968,1.0929701885166763,-0.07590528322916312,0.0
442,2023-10-06,0.004775593052669646,0.0002234126984126,0.8200640243300691,1.0929701885166763,-0.07149218291974357,0.0
443,2023-10-09,0.008759232509453756,0.0002234126984126,0.8272471557918144,1.0929701885166763,-0.0633591670630923,0.0
444,2023-10-10,0.004795268618125785,0.000222619047619,0.8312140281174167,1.0929701885166763,-0.058867722670454814,0.0
445,2023-10-11,0.003846129799947971,0.000222619047619,0.8344109851610939,1.0929701885166763,-0.05524800577292488,0.0
446,2023-10-12,-0.010214976334638668,0.0002234126984126,0.8258874966943108,1.0929701885166763,-0.06489862503605703,0.0
447,2023-10-13,0.0030790431493524506,0.0002230158730158,0.8284304399331432,1.0929701885166763,-0.0620194075535242,0.0
448,2023-10-16,0.003559730847244106,0.000222619047619,0.8313794293249693,1.0929701885166763,-0.05868044910447612,0.0
449,2023-10-17,0.00015508201321839563,0.0002230158730158,0.8315083613206173,1.0929701885166763,-0.05853446737344148,0.0
450,2023-10-18,-0.008249849755490769,0.000222619047619,0.8246485422692879,1.0929701885166763,-0.0663014165675836,0.0
451,2023-10-19,-0.006058691836930788,0.0002222222222222,0.819652250877904,1.0929701885166763,-0.07195840855317936,0.0
452,2023-10-20,-0.004092147465488475,0.0002214285714285,0.8162981129968921,1.0929701885166763,-0.07575609159948637,0.0
453,2023-10-23,-0.0016507206641024523,0.0002214285714285,0.8149506328337004,1.0929701885166763,-0.0772817601177539,0.0
454,2023-10-24,0.005564181515274267,0.0002214285714285,0.8194851660807747,1.0929701885166763,-0.07214758834359469,0.0
455,2023-10-25,-0.007529144602963653,0.0002218253968253,0.813315143765369,1.0929701885166763,-0.07913352332116419,0.0
456,2023-10-26,0.00033699465367121163,0.0002218253968253,0.8135892266205678,1.0929701885166763,-0.07882319624177814,0.0
457,2023-10-27,-0.003019838596025859,0.0002218253968253,0.8111323184727082,1.0929701885166763,-0.08160500150753103,0.0
458,2023-10-30,0.0033147719526919603,0.0002222222222222,0.8138210371319036,1.0929701885166763,-0.07856073152503551,0.0
459,2023-10-31,0.002823482093239668,0.0002218253968253,0.8161188462573472,1.0929701885166763,-0.0759590642504887,0.0
460,2023-11-01,0.007676542718926413,0.0002210317460317,0.8223838174443627,1.0929701885166763,-0.0688656245331708,0.0
461,2023-11-02,0.014539831820042834,0.0002198412698412,0.8343411398415287,1.0929701885166763,-0.055327087312022294,0.0
462,2023-11-03,0.010908186041939405,0.0002194444444444,0.8434422882173638,1.0929701885166763,-0.0450224194316412,0.0
463,2023-11-06,-0.005681718050327441,0.0002206349206349,0.8386500869439897,1.0929701885166763,-0.050448332788814554,0.0
464,2023-11-07,-0.00016650106650994227,0.000220238095238,0.8385104508100848,1.0929701885166763,-0.05060643415411148,0.0
465,2023-11-08,-0.0029390425756106705,0.0002198412698412,0.8360460328950595,1.0929701885166763,-0.05339674226514335,0.0
466,2023-11-09,-0.006736968878674765,0.0002198412698412,0.830413616790306,1.0929701885166763,-0.05977397895295511,0.0
467,2023-11-10,0.005003332381616951,0.0002194444444444,0.8345684521293286,1.0929701885166763,-0.055069715655811535,0.0
468,2023-11-13,0.0008133442921277577,0.000220238095238,0.8352472436162578,1.0929701885166763,-0.054301162002581504,0.0
469,2023-11-14,0.022635843243450686,0.0002190476190476,0.8541537692922796,1.0929701885166763,-0.03289447135015866,0.0
470,2023-11-15,-0.0011919335680654522,0.0002194444444444,0.8531356747423705,1.0929701885166763,-0.034047196893618126,0.0
471,2023-11-16,0.000501609434792987,0.0002186507936507,0.8535636156459797,1.0929701885166763,-0.03356266585401524,0.0
472,2023-11-17,0.005686651542604126,0.0002182539682539,0.8584175344976037,1.0929701885166763,-0.028066873496963685,0.0
473,2023-11-20,0.0032435085014395054,0.0002198412698412,0.8612018190685314,1.0929701885166763,-0.02491440013832058,0.0
474,2023-11-21,-0.001402628518729249,0.0002194444444444,0.8599938728367243,1.0929701885166763,-0.02628208300888868,0.0
475,2023-11-22,0.0027267668853537545,0.0002198412698412,0.8623388756507826,1.0929701885166763,-0.023626981237161893,0.0
476,2023-11-24,0.0022105556889173788,0.0002198412698412,0.864245123758127,1.0929701885166763,-0.021468654306030177,0.0
477,2023-11-27,0.0013557804799087297,0.0002178571428571,0.8654168504267745,1.0929701885166763,-0.02014198060855954,0.0
478,2023-11-28,0.002517203793274211,0.0002170634920634,0.8675952810054322,1.0929701885166763,-0.01767547828527738,0.0
479,2023-11-29,0.004088965912917885,0.0002162698412698,0.8711428485356718,1.0929701885166763,-0.013658786800562317,0.0
480,2023-11-30,0.00040018298355822674,0.0002162698412698,0.8714914650799043,1.0929701885166763,-0.013264069831057768,0.0
481,2023-12-01,0.013805543175866321,0.0002154761904761,0.8835228781284639,1.0933618605656452,0.0,0.0
482,2023-12-04,-0.004608355676176559,0.0002166666666666,0.8794512904580087,1.0933618605656452,-0.004608355676176457,0.0
483,2023-12-05,-0.0016865324232324646,0.0002162698412698,0.8779680673419977,1.0933618605656452,-0.006287115958143352,0.0
484,2023-12-06,0.001154133717085583,0.0002162698412698,0.8789813598910415,1.0933618605656452,-0.005140238413568254,0.0
485,2023-12-07,0.003595070593411177,0.000215873015873,0.8821413599301423,1.0933618605656452,-0.0015636473401209328,0.0
486,2023-12-08,-0.0009913978566202341,0.000215873015873,0.8812668068766715,1.0933618605656452,-0.0025534950001196988,0.0
487,2023-12-11,0.0013000350051344672,0.0002170634920634,0.8824124845744742,1.0933618605656452,-0.001256779627870852,0.0
488,2023-12-12,0.0015447788798005797,0.0002166666666666,0.8837756167439172,1.0936746252598817,0.0,0.0
489,2023-12-13,0.01860294338219959,0.000215873015873,0.900216444504773,1.1140201923921398,0.0,0.0
490,2023-12-14,0.010889860799975202,0.0002154761904761,0.9100196762752786,1.1261517172156519,0.0,0.0
491,2023-12-15,-0.005928279377885015,0.000215873015873,0.9046248253949463,1.1261517172156519,-0.005928279377884982,0.0
492,2023-12-18,0.0007703406245562803,0.0002166666666666,0.9053216946479301,1.1261517172156519,-0.005162505547767204,0.0
493,2023-12-19,0.007177055827343713,0.0002154761904761,0.9118192389921237,1.1283786807601184,0.0,0.0
494,2023-12-20,-0.00816749050535582,0.000215873015873,0.9043719640150547,1.1283786807601184,-0.008167490505355923,0.0
495,2023-12-21,0.008426005700047338,0.0002150793650793,0.9119922073388086,1.1285927295391958,0.0,0.0
496,2023-12-22,0.002820584526207935,0.000215873015873,0.9145645584468507,1.1317760207285248,0.0,0.0
497,2023-12-26,0.005948604864254447,0.0002162698412698,0.9200049416279025,1.138508509070677,0.0,0.0
498,2023-12-27,0.004688235806042014,0.000215873015873,0.924318141736978,1.1438461054283857,0.0,0.0
499,2023-12-28,-0.0023324988590884025,0.0002162698412698,0.9221621707259419,1.1438461054283857,-0.002332498859088372,0.0
500,2023-12-29,-0.0037794540959440954,0.0002142857142857,0.9186769011326671,1.1438461054283857,-0.006103137382665658,0.0
501,2024-01-02,-0.007468936081298667,0.0002166666666666,0.9118153620787417,0.9925310639187014,0.0,1.0
502,2024-01-03,-0.005718945550613756,0.0002174603174603,0.9066007396708001,0.9925310639187014,-0.005718945550613808,0.0
503,2024-01-04,-0.002502104734863832,0.0002174603174603,0.9043323296674388,0.9925310639187014,-0.008206740884737052,0.0
504,2024-01-05,-0.0004704571699882961,0.0002170634920634,0.9039068800388945,0.9925310639187014,-0.008673337134633918,0.0
505,2024-01-08,0.008553029500857814,0.0002178571428571,0.9116380222498955,0.9925310639187014,-0.00019449094215950868,0.0
506,2024-01-09,-0.0010503373093761206,0.0002170634920634,0.9106804948224806,0.9925310639187014,-0.001244623970442671,0.0
507,2024-01-10,0.0024717677250144453,0.0002166666666666,0.9129314854773829,0.9937459887712422,0.0,0.0
508,2024-01-11,0.0026384349561457887,0.0002166666666666,0.9153401958212324,0.9963679229255458,0.0,0.0
509,2024-01-12,0.0034094931276758356,0.0002162698412698,0.9184610419283703,0.999765032511397,0.0,0.0
510,2024-01-16,-0.0075733010963888745,0.0002162698412698,0.9115052599125437,0.999765032511397,-0.007573301096388874,0.0
511,2024-01-17,-0.005633627202197585,0.0002170634920634,0.9063701790853542,0.999765032511397,-0.013164263143519483,0.0
512,2024-01-18,0.00649369530812428,0.0002162698412698,0.9122558708647045,0.999765032511397,-0.006756052549205194,0.0
513,2024-01-19,0.007121839271902104,0.0002162698412698,0.918752810551852,1.0000826290713214,0.0,0.0
514,2024-01-22,0.0015052653913094067,0.0002166666666666,0.920135777360744,1.0015880188413122,0.0,0.0
515,2024-01-23,-0.0001105027351351085,0.0002162698412698,0.92003409984065,1.0015880188413122,-0.00011050273513502074,0.0
516,2024-01-24,0.00020889402416159232,0.000215873015873,0.9202262894661316,1.0016865432575417,0.0,0.0
517,2024-01-25,0.003836487425055982,0.000215873015873,0.9237567260538744,1.005529501084597,0.0,0.0
518,2024-01-26,-0.0013103928175111953,0.000215873015873,0.9225462418749257,1.005529501084597,-0.00131039281751133,0.0
519,2024-01-29,0.0065969989224063975,0.0002150793650793,0.9286322784384446,1.010836647023021,0.0,0.0
520,2024-01-30,-9.177952877605878e-05,0.0002150793650793,0.9285470490055233,1.010836647023021,-9.177952877614803e-05,0.0
521,2024-01-31,-0.006217035567019765,0.0002150793650793,0.9227742389762047,1.010836647023021,-0.006308244499201199,0.0
522,2024-02-01,0.009840050288640826,0.0002150793650793,0.9318543838927928,1.0143439796340572,0.0,0.0
523,2024-02-02,-0.0004915815880914493,0.0002154761904761,0.9313963014348888,1.0143439796340572,-0.0004915815880913721,0.0
524,2024-02-05,-0.005060340513482878,0.0002150793650793,0.9266831189966297,1.0143439796340572,-0.005549434531348374,0.0
525,2024-02-06,0.0035398671886216807,0.000215873015873,0.9299634541638155,1.0143439796340572,-0.0020292116039395403,0.0
526,2024-02-07,0.003071863160363042,0.0002154761904761,0.9328201746391453,1.015395264090172,0.0,0.0
527,2024-02-08,-0.0010453536358926547,0.000215873015873,0.9318450476779523,1.015395264090172,-0.001045353635892532,0.0
528,2024-02-09,0.002458213604106936,0.000215873015873,0.9341357218510739,1.0168272661469415,0.0,0.0
529,2024-02-12,-0.0007440080397867901,0.0002154761904761,0.9334407173637645,1.0168272661469415,-0.0007440080397866922,0.0
530,2024-02-13,-0.012674620792904148,0.0002162698412698,0.9216097102385225,1.0168272661469415,-0.013409198812919687,0.0
531,2024-02-14,0.006817026001027027,0.0002154761904761,0.9278923475960174,1.0168272661469415,-0.0066835836688534656,0.0
532,2024-02-15,0.005614853196474208,0.0002154761904761,0.9331023269099008,1.0168272661469415,-0.0011062578135062617,0.0
533,2024-02-16,-0.003098273640507832,0.000215873015873,0.9302113205665393,1.0168272661469415,-0.0042011039645908355,0.0
534,2024-02-20,-0.0003881628476956817,0.000215873015873,0.9298502470913894,1.0168272661469415,-0.004587636099808168,0.0
535,2024-02-21,-0.0008560543711669846,0.000215873015873,0.9290542447228362,1.0168272661469415,-0.005439763205038584,0.0
536,2024-02-22,0.011917434630504835,0.0002162698412698,0.9401261879525137,1.0233480201727083,0.0,0.0
537,2024-02-23,0.002002137094209892,0.0002166666666666,0.9420084494666515,1.0253969032041823,0.0,0.0
538,2024-02-26,-0.001977520188862846,0.0002170634920634,0.9401456087397518,1.0253969032041823,-0.001977520188862991,0.0
539,2024-02-27,0.0003012561634201609,0.0002162698412698,0.940428833398897,1.0253969032041823,-0.001676859765587957,0.0
540,2024-02-28,-0.001475626706073541,0.0002162698412698,0.939041111497172,1.0253969032041823,-0.003150012052609008,0.0
541,2024-02-29,0.0034435654390617353,0.0002162698412698,0.9422747610145816,1.0256867891778056,0.0,0.0
542,2024-03-01,0.010865242019428211,0.0002150793650793,0.9525128043418039,1.0368311243783528,0.0,0.0
543,2024-03-04,0.0007559680121795503,0.0002174603174603,0.9532328735530777,1.037614935542415,0.0,0.0
544,2024-03-05,-0.0028648370229660833,0.0002170634920634,0.9505020167254145,1.037614935542415,-0.002864837022966027,0.0
545,2024-03-06,0.006280551687401272,0.0002170634920634,0.9564716937704377,1.0411404625403908,0.0,0.0
546,2024-03-07,0.0080319099985373,0.0002170634920634,0.9641539883309505,1.0495028090313507,0.0,0.0
547,2024-03-08,-0.003199005672551226,0.0002166666666666,0.9610696542530668,1.0495028090313507,-0.0031990056725513805,0.0
548,2024-03-11,-0.0015578631465134488,0.0002174603174603,0.9595724392574736,1.0495028090313507,-0.0047518852060220995,0.0
549,2024-03-12,0.0037762426238976054,0.0002174603174603,0.9631960176033151,1.0495028090313507,-0.0009935868535831949,0.0
550,2024-03-13,-0.0008754156707281906,0.0002174603174603,0.9623528207155221,1.0495028090313507,-0.0018681327228096123,0.0
551,2024-03-14,-0.004669594356798121,0.0002174603174603,0.9578590234146601,1.0495028090313507,-0.006529003657587684,0.0
552,2024-03-15,-0.004033263382398366,0.0002174603174603,0.9539957256900219,1.0495028090313507,-0.010535933848610401,0.0
553,2024-03-18,0.002486118111223536,0.0002174603174603,0.9563674717416896,1.0495028090313507,-0.008076009313346622,0.0
554,2024-03-19,0.0027295843420658324,0.0002174603174603,0.9589779574178168,1.0495028090313507,-0.005368469119848895,0.0
555,2024-03-20,0.007810900124105411,0.0002170634920634,0.9664684384644259,1.052022138874761,0.0,0.0
556,2024-03-21,0.0018680070224830817,0.0002174603174603,0.9682738082944856,1.0539873236179866,0.0,0.0
557,2024-03-22,-0.0013629398636035759,0.0002166666666666,0.9669541093222778,1.0539873236179866,-0.001362939863603696,0.0
558,2024-03-25,-0.002050781668287206,0.0002166666666666,0.9649710975608047,1.0539873236179866,-0.0034109264398035632,0.0
559,2024-03-26,-0.0003934190562677254,0.0002166666666666,0.9645914595422767,1.0539873236179866,-0.0038030035726103195,0.0
560,2024-03-27,0.005815452839051985,0.0002162698412698,0.970200995684197,1.0560851094525225,0.0,0.0
561,2024-03-28,0.001284063723416876,0.0002166666666666,0.9714467955871781,1.0574411900304113,0.0,0.0
562,2024-04-01,-0.002021356394397002,0.000215873015873,0.9694831553951014,1.0574411900304113,-0.0020213563943970447,0.0
563,2024-04-02,-0.001976379723242988,0.0002150793650793,0.9675670885447529,1.0574411900304113,-0.003993741149848629,0.0
564,2024-04-03,0.002665441268326449,0.0002150793650793,0.9701460817924346,1.0574411900304113,-0.0013389449639980011,0.0
565,2024-04-04,-0.007078586838117558,0.0002146825396825,0.9632788185068073,1.0574411900304113,-0.008408053963916307,0.0
566,2024-04-05,0.005992604686257537,0.0002154761904761,0.9690513676687638,1.0574411900304113,-0.0024658354212452327,0.0
567,2024-04-08,0.0014710276957970296,0.0002154761904761,0.9704768690692545,1.0574411900304113,-0.0009984350376462947,0.0
568,2024-04-09,0.0027323557897370155,0.0002154761904761,0.9731285571612617,1.059271824470017,0.0,0.0
569,2024-04-10,-0.011087972923188109,0.0002162698412698,0.9623385340686765,1.059271824470017,-0.011087972923187972,0.0
570,2024-04-11,0.007039063410332369,0.0002162698412698,0.9691124960321922,1.059271824470017,-0.004126958457354113,0.0
571,2024-04-12,-0.009408823447225214,0.0002162698412698,0.9599942876565255,1.059271824470017,-0.013496952081080149,0.0
572,2024-04-15,-0.005446984668854159,0.0002162698412698,0.9547652134894729,1.059271824470017,-0.018870419058872434,0.0
573,2024-04-16,-0.002194656908123644,0.0002162698412698,0.9526698314180521,1.059271824470017,-0.02102366187144933,0.0
574,2024-04-17,-0.002672892259699011,0.0002162698412698,0.950123447599606,1.059271824470017,-0.0236403601480617,0.0
575,2024-04-18,-0.001857256734345465,0.0002166666666666,0.948358824428092,1.059271824470017,-0.025453710664319673,0.0
576,2024-04-19,-0.004592483171596139,0.0002162698412698,0.9440035024862714,1.059271824470017,-0.02992929809803524,0.0
577,2024-04-22,0.001993907761436146,0.0002150793650793,0.9458857583967017,1.059271824470017,-0.027995066596371188,0.0
578,2024-04-23,0.006577928551061806,0.0002162698412698,0.9521077273329023,1.059271824470017,-0.021601287593162488,0.0
579,2024-04-24,-0.0010526800473536545,0.0002166666666666,0.9511054625254076,1.059271824470017,-0.02263122839606979,0.0
580,2024-04-25,-0.0021190271183430106,0.0002170634920634,0.9490900442579121,1.059271824470017,-0.024702299327720056,0.0
581,2024-04-26,0.007083958062382104,0.0002166666666666,0.9558133583288595,1.059271824470017,-0.017793331317820016,0.0
582,2024-04-29,0.002283535244972487,0.0002162698412698,0.9579959918202189,1.059271824470017,-0.0155504277720373,0.0
583,2024-04-30,-0.012351526646032859,0.0002166666666666,0.9461632788004587,1.059271824470017,-0.02770988289508658,0.0
584,2024-05-01,0.00013135059916822444,0.0002166666666666,0.9462875579140402,1.059271824470017,-0.027582172005639505,0.0
585,2024-05-02,0.006867907647741786,0.0002166666666666,0.952786573470001,1.059271824470017,-0.02090369616795662,0.0
586,2024-05-03,0.008856954275418487,0.0002162698412698,0.9612253605854574,1.059271824470017,-0.012231884973684992,0.0
587,2024-05-06,0.007623500818462753,0.0002162698412698,0.9685532629086079,1.059271824470017,-0.0047016339403304075,0.0
588,2024-05-07,0.000969404230581807,0.0002162698412698,0.9694921825392154,1.059271824470017,-0.003736787493580973,0.0
589,2024-05-08,-0.001372553786087645,0.0002162698412698,0.9681615023734889,1.059271824470017,-0.005104212337846525,0.0
590,2024-05-09,0.005435175194876782,0.0002166666666666,0.9734236297558237,1.0595930174750854,0.0,0.0
591,2024-05-10,0.0018098727105631458,0.0002170634920634,0.9751854026191361,1.0615107459617168,0.0,0.0
592,2024-05-13,-0.0012851775047903198,0.0002162698412698,0.9739321162766902,1.0615107459617168,-0.0012851775047901803,0.0
593,2024-05-14,0.005137484677930066,0.000215873015873,0.9789356776014055,1.0655930027134057,0.0,0.0
594,2024-05-15,0.011581383905336797,0.0002162698412698,0.9902731075023383,1.07793404436467,0.0,0.0
595,2024-05-16,-0.0025853038924849333,0.0002162698412698,0.9877129505828894,1.07793404436467,-0.0025853038924847915,0.0
596,2024-05-17,0.0022478357162382103,0.0002166666666666,0.9899331670306005,1.07793404436467,-0.00034327951467350015,0.0
597,2024-05-20,0.0020379499650194396,0.0002162698412698,0.991950601293722,1.0797600332289985,0.0,0.0
598,2024-05-21,0.0005939215776657503,0.0002162698412698,0.9925397421598089,1.0804013260114342,0.0,0.0
599,2024-05-22,-0.0052450122978891294,0.0002162698412698,0.987333859006037,1.0804013260114342,-0.005245012297889096,0.0
600,2024-05-23,-0.006803872295702934,0.0002166666666666,0.9806161655161364,1.0804013260114342,-0.012013198199727904,0.0
601,2024-05-24,0.004853588619019965,0.0002166666666666,0.9853756729767125,1.0804013260114342,-0.007217916702768168,0.0
602,2024-05-28,0.0004202731377934614,0.0002166666666666,0.9857897999026997,1.0804013260114342,-0.006800677061475691,0.0
603,2024-05-29,-0.008174860227202298,0.0002166666666666,0.9777311060750934,1.0804013260114342,-0.014919942704250122,0.0
604,2024-05-30,0.0004945136773852994,0.0002166666666666,0.9782146074798526,1.0804013260114342,-0.014432807142597981,0.0
605,2024-05-31,0.0035270477624531546,0.0002166666666666,0.9816648171223634,1.0804013260114342,-0.010956664580282882,0.0
606,2024-06-03,0.004554386760055254,0.0002190476190476,0.9861356983682776,1.0804013260114342,-0.006452178708326484,0.0
607,2024-06-04,0.0006693821732247468,0.0002190476190476,0.9867958000251458,1.0804013260114342,-0.005787115508507634,0.0
608,2024-06-05,0.009435221990162156,0.0002186507936507,0.9961064374573426,1.084283752241087,0.0,0.0
609,2024-06-06,0.001491643452566054,0.0002186507936507,0.9975922731028347,1.0859011170008412,0.0,0.0
610,2024-06-07,-0.010092876346694665,0.0002190476190476,0.9875236976459898,1.0859011170008412,-0.010092876346694757,0.0
611,2024-06-10,0.002313116380417341,0.0002190476190476,0.989807954887065,1.0859011170008412,-0.007803105963880563,0.0
612,2024-06-11,0.0016813809623432464,0.0002190476190476,0.991472199138788,1.0859011170008412,-0.006134844995352107,0.0
613,2024-06-12,0.007134176574714005,0.0002186507936507,0.998545536876364,1.086938765571687,0.0,0.0
614,2024-06-13,-0.0005873250401152376,0.0002186507936507,0.9979590660788612,1.086938765571687,-0.0005873250401152719,0.0
615,2024-06-14,0.0016446074659882814,0.0002186507936507,0.9996003170096853,1.088086916931562,0.0,0.0
616,2024-06-17,0.0023968736871848627,0.0002190476190476,1.0019962327072276,1.0906949238321253,0.0,0.0
617,2024-06-18,0.003306941096941511,0.0002182539682539,1.0053097752281477,1.0943017876999712,0.0,0.0
618,2024-06-20,-0.0004741958305509492,0.0002182539682539,1.0048330615243224,1.0943017876999712,-0.0004741958305509719,0.0
619,2024-06-21,-0.004114689524547284,0.0002178571428571,1.0006984854521495,1.0943017876999712,-0.004586934186481817,0.0
620,2024-06-24,-5.1559418786339224e-05,0.0002182539682539,1.0006468900198593,1.0943017876999712,-0.004638257105607391,0.0
621,2024-06-25,0.0018957976701760037,0.0002178571428571,1.002543914062628,1.0943017876999712,-0.0027512526324456887,0.0
622,2024-06-26,-0.004139379077118691,0.0002182539682539,0.9983940047608645,1.0943017876999712,-0.0068792432319817465,0.0
623,2024-06-27,0.002840873227970031,0.0002178571428571,1.0012303155599556,1.0943017876999712,-0.004057913061938145,0.0
624,2024-06-28,-0.0033964612789270728,0.0002174603174603,0.9978296755618682,1.0943017876999712,-0.007440591796277207,0.0
625,2024-07-01,-0.00046296512498640157,0.0002170634920634,0.9973677152214065,1.0943017876999712,-0.007900112186752795,0.0
626,2024-07-02,0.00478934753378798,0.0002170634920634,1.002144455828582,1.0943017876999712,-0.003148601035783072,0.0
627,2024-07-03,0.0073652091221252484,0.0002170634920634,1.0095254593163379,1.0988906524934499,0.0,0.0
628,2024-07-05,0.007606672027193865,0.0002166666666666,1.0172045883884595,1.1072495532807167,0.0,0.0
629,2024-07-08,-0.0022828707776469358,0.0002166666666666,1.0148824417587392,1.1072495532807167,-0.0022828707776468837,0.0
630,2024-07-09,-0.0006344253673816254,0.0002166666666666,1.014238574592777,1.1072495532807167,-0.0029158478338967564,0.0
631,2024-07-10,0.006818336864159587,0.0002166666666666,1.0211539948549757,1.1115485690300482,0.0,0.0
632,2024-07-11,-0.00023557159390586344,0.000215873015873,1.0209134399807844,1.1115485690300482,-0.0002355715939058589,0.0
633,2024-07-12,0.0051422629362938375,0.0002154761904761,1.0261632453243619,1.1170012482725653,0.0,0.0
634,2024-07-15,-0.0010038885975632778,0.0002154761904761,1.0251330917431423,1.1170012482725653,-0.001003888597563285,0.0
635,2024-07-16,0.006981210080481826,0.0002154761904761,1.032289761217055,1.1236700954865744,0.0,0.0
636,2024-07-17,-0.008757552276792558,0.0002154761904761,1.023249429668399,1.1236700954865744,-0.008757552276792535,0.0
637,2024-07-18,-0.005864886089142032,0.0002154761904761,1.0172481883226143,1.1236700954865744,-0.014571076319411458,0.0
638,2024-07-19,-0.0076345449133326925,0.0002154761904761,1.009481961340859,1.1236700954865744,-0.022094377696148082,0.0
639,2024-07-22,0.006494189983321087,0.0002154761904761,1.0160377289825422,1.1236700954865744,-0.015743672799149122,0.0
640,2024-07-23,-0.0018095387878482457,0.0002146825396825,1.014199169302031,1.1236700954865744,-0.01752472280040418,0.0
641,2024-07-24,-0.013985692291788704,0.0002142857142857,1.000014891797585,1.1236700954865744,-0.03126531971160751,0.0
642,2024-07-25,-0.0052464716645417835,0.0002138888888888,0.9947683420036493,1.1236700954865744,-0.03634775876219942,0.0
643,2024-07-26,0.009442679680292528,0.000213492063492,1.0041616208132853,1.1236700954865744,-0.02724829932499495,0.0
644,2024-07-29,6.647605294062559e-05,0.0002146825396825,1.0042283735143513,1.1236700954865744,-0.02718363463144291,0.0
645,2024-07-30,-0.0006466457067547395,0.0002142857142857,1.003578993548017,1.1236700954865744,-0.027812702157569258,0.0
646,2024-07-31,0.014702023975233364,0.0002146825396825,1.0183336359722006,1.1236700954865744,-0.013519581196272501,0.0
647,2024-08-01,-0.00935550153702241,0.0002130952380952,1.008806614075661,1.1236700954865744,-0.02274860027063319,0.0
648,2024-08-02,-0.006173130444155646,0.0002099206349206,1.002579119254045,1.1236700954865744,-0.0287813006378963,0.0
649,2024-08-05,-0.017090488039000984,0.0002123015873015,0.9854445528082815,1.1236700954865744,-0.04537990220259858,0.0
650,2024-08-06,0.0010140260292721922,0.0002119047619047,0.9864438192352335,1.1236700954865744,-0.04441189257536571,0.0
651,2024-08-07,-0.003724322727911602,0.0002119047619047,0.9827699840994478,1.1236700954865744,-0.047970811082369225,0.0
652,2024-08-08,0.01497205541061938,0.0002119047619047,0.9974840707572783,1.1236700954865744,-0.033716977313367424,0.0
653,2024-08-09,0.004296605047419801,0.0002115079365079,1.0017698658504148,1.1236700954865744,-0.029565240800855985,0.0
654,2024-08-12,0.0035364851901518294,0.0002115079365079,1.0053126101449352,1.1236700954865744,-0.026133312646939744,0.0
655,2024-08-13,0.011196212263831168,0.0002111111111111,1.016568303519624,1.1236700954865744,-0.01522969449866074,0.0
656,2024-08-14,0.001158404299379317,0.0002111111111111,1.0177459006130338,1.1236700954865744,-0.0140889323428669,0.0
657,2024-08-15,0.008884172854048418,0.0002119047619047,1.0267877311155793,1.1236700954865744,-0.005329927999081496,0.0
658,2024-08-16,0.005545779903293061,0.0002115079365079,1.0324820698797479,1.123879427692985,0.0,0.0
659,2024-08-19,0.005962705292817942,0.0002107142857142,1.0386384561825595,1.1305807895049793,0.0,0.0
660,2024-08-20,0.000537527841936705,0.0002099206349206,1.0391967532704636,1.1311885081568969,0.0,0.0
661,2024-08-21,0.004007301378298866,0.00020873015873009996,1.043361127852168,1.1357215214247498,0.0,0.0
662,2024-08-22,-0.007956107466839476,0.0002095238095238,1.0350600345922532,1.1357215214247498,-0.00795610746683939,0.0
663,2024-08-23,0.009845873631752091,0.0002083333333333,1.0452511048941255,1.137778802977848,0.0,0.0
664,2024-08-26,-0.0022694286679687493,0.0002079365079365,1.0428789820714528,1.137778802977848,-0.0022694286679687536,0.0
665,2024-08-27,0.00217998570262966,0.0002075396825396,1.0451524433419415,1.137778802977848,-9.439028738822408e-05,0.0
666,2024-08-28,-0.0052222828649756605,0.000206746031746,1.0396943616457894,1.137778802977848,-0.005316180219583466,0.0
667,2024-08-29,0.0008590056810897367,0.00020714285714280002,1.04058746500904,1.137778802977848,-0.004461741167504085,0.0
668,2024-08-30,0.0021600686484119025,0.000206746031746,1.0428352053681367,1.137778802977848,-0.002311310186305371,0.0
669,2024-09-03,-0.011023478409951173,0.0002059523809523,1.031339533996624,1.137778802977848,-0.013309309918319023,0.0
670,2024-09-04,0.00036149940531127097,0.00020555555555549997,1.0317123626248377,1.137778802977848,-0.012952621820628507,0.0
671,2024-09-05,0.0011945839782976973,0.000204365079365,1.032944829683441,1.137778802977848,-0.011773510836834755,0.0
672,2024-09-06,-0.010939316331816383,0.0002035714285714,1.0216451194382197,1.137778802977848,-0.02258403300927092,0.0
673,2024-09-09,0.007297329839089618,0.0002027777777777,1.0291004008532565,1.137778802977848,-0.015451506308146623,0.0
674,2024-09-10,0.0028824445304358416,0.00020079365079360003,1.0320667256749654,1.137778802977848,-0.012613599887555615,0.0
675,2024-09-11,0.005962567655314485,0.00020238095238089997,1.0382204933516013,1.137778802977848,-0.0067262416749477305,0.0
676,2024-09-12,0.006900120362692531,0.00020079365079360003,1.0453843397187415,1.137923832013031,0.0,0.0
677,2024-09-13,0.004512012394988653,0.0001972222222222,1.0501011268170795,1.1430581584476267,0.0,0.0
678,2024-09-16,0.002180408294671731,0.0001968253968253,1.0523907760242355,1.145550491937598,0.0,0.0
679,2024-09-17,-0.002008952021026577,0.0001964285714285,1.0502765734478319,1.145550491937598,-0.0020089520210264666,0.0
680,2024-09-18,-0.004421016836125282,0.0001920634920634,1.0456332830340311,1.145550491937598,-0.006421087246443857,0.0
681,2024-09-19,0.012550387777640145,0.0001904761904761,1.058756386209315,1.1524795985443181,0.0,0.0
682,2024-09-20,-0.0004270296704188648,0.000188492063492,1.058304265818658,1.1524795985443181,-0.00042702967041885476,0.0
683,2024-09-23,0.0018405612507577558,0.0001873015873015,1.0602521396418356,1.1541077590332522,0.0,0.0
684,2024-09-24,0.004257378491163604,0.0001861111111111,1.064766034296357,1.1590212325830456,0.0,0.0
685,2024-09-25,-0.0028812356148316862,0.0001861111111111,1.0616981924768791,1.1590212325830456,-0.0028812356148316676,0.0
686,2024-09-26,0.006252950078916119,0.0001857142857142,1.0683369382733126,1.1629082400527588,0.0,0.0
687,2024-09-27,-0.0022489763395345487,0.0001857142857142,1.065934273776485,1.1629082400527588,-0.0022489763395345808,0.0
688,2024-09-30,-0.0011779913967287033,0.0001876984126984,1.064678612372498,1.1629082400527588,-0.003424318461483944,0.0
689,2024-10-01,-0.0020165808214655206,0.0001869047619047,1.0625316019017632,1.1629082400527588,-0.005433993868013354,0.0
690,2024-10-02,-0.0005270208381474708,0.0001861111111111,1.0619716256063707,1.1629082400527588,-0.005958150878157986,0.0
691,2024-10-03,-0.003518155632167886,0.0001857142857142,1.0582354441505413,1.1629082400527588,-0.009455344808256605,0.0
692,2024-10-04,0.001983868899644292,0.0001876984126984,1.060334844536693,1.1629082400527588,-0.007490234073112778,0.0
693,2024-10-07,-0.006579005369781159,0.0001892857142857,1.0533588959007198,1.1629082400527588,-0.014019961152706095,0.0
694,2024-10-08,0.0038401385348997884,0.000188492063492,1.0574039399879478,1.1629082400527588,-0.010233661210886646,0.0
695,2024-10-09,0.0014717753000158033,0.000188492063492,1.0589602009889614,1.1629082400527588,-0.008776947560669712,0.0
696,2024-10-10,1.4267510811533389e-05,0.000188492063492,1.0589753097150778,1.1629082400527588,-0.008762805275052465,0.0
697,2024-10-11,0.004293262756332637,0.0001876984126984,1.0635217689721532,1.1629082400527588,-0.004507163544248405,0.0
698,2024-10-14,0.0035251320283107503,0.0001876984126984,1.0672708236227626,1.1629082400527588,-0.000997919862504304,0.0
699,2024-10-15,-0.00507594434913735,0.0001876984126984,1.0618534163165954,1.1629082400527588,-0.00606879882595468,0.0
700,2024-10-16,0.0030942528150605625,0.0001873015873015,1.0651390592392147,1.1629082400527588,-0.002993324408745335,0.0
701,2024-10-17,-0.000991547228970295,0.0001880952380952,1.064082923556558,1.1629082400527588,-0.0039819036151927945,0.0
702,2024-10-18,0.004391437654626004,0.0001876984126984,1.0687557773747087,1.163364155620985,0.0,0.0
703,2024-10-21,-0.004766100673497416,0.0001876984126984,1.063661979744359,1.163364155620985,-0.004766100673497364,0.0
704,2024-10-22,0.0002385072067135226,0.0001873015873015,1.0639156707920352,1.163364155620985,-0.004528730216142529,0.0
705,2024-10-23,-0.00832635919042929,0.0001876984126984,1.0550571267686941,1.163364155620985,-0.01281738157211576,0.0
706,2024-10-24,0.0037796448656642638,0.0001865079365079,1.0590448680208677,1.163364155620985,-0.009086181856901798,0.0
707,2024-10-25,-0.00023749672545150715,0.0001876984126984,1.0587933483326066,1.163364155620985,-0.009321520643915338,0.0
708,2024-10-28,0.0013773620836932503,0.0001865079365079,1.0602516901450665,1.163364155620985,-0.007956997669319565,0.0
709,2024-10-29,0.003296136513756425,0.0001865079365079,1.0637464244547257,1.163364155620985,-0.004687088506120651,0.0
710,2024-10-30,-0.0027787397635137354,0.0001853174603174,1.0607905499667978,1.163364155620985,-0.007452804070427366,0.0
711,2024-10-31,-0.011376447107601618,0.0001841269841269,1.048722522382857,1.163364155620985,-0.018744464746718426,0.0
712,2024-11-01,0.0001489341615769846,0.0001829365079365,1.0488787129924548,1.163364155620985,-0.018598322276282664,0.0
713,2024-11-04,0.0013368829787291957,0.0001845238095238,1.050280941090606,1.163364155620985,-0.01728630307803758,0.0
714,2024-11-05,0.007381978431797458,0.0001841269841269,1.0580340923450648,1.163364155620985,-0.010031931762727764,0.0
715,2024-11-06,-0.00020272668045962362,0.0001841269841269,1.0578196006057106,1.163364155620985,-0.010232624702962378,0.0
716,2024-11-07,0.011861208019491209,0.0001837301587301,1.07036661893559,1.1651175920673518,0.0,0.0
717,2024-11-08,-0.0011056434314564237,0.0001837301587301,1.0691831751141136,1.1651175920673518,-0.0011056434314565822,0.0
718,2024-11-11,-0.0043523055400360245,0.0001837301587301,1.064529763257751,1.1651175920673518,-0.005453136873460496,0.0
719,2024-11-12,-0.0069844006570215795,0.0001837301587301,1.0570946608798346,1.1651175920673518,-0.0123994506377203,0.0
720,2024-11-13,-0.0035322417403332008,0.0001825396825396,1.0533607469951916,1.1651175920673518,-0.015887894520953738,0.0
721,2024-11-14,-0.0029639803691413596,0.0001829365079365,1.0502386064194738,1.1651175920673518,-0.01880478348262804,0.0
722,2024-11-15,-0.00792673130828173,0.0001825396825396,1.0419136471768025,1.1651175920673518,-0.02658245432493256,0.0
723,2024-11-18,0.005869583048741426,0.0001837301587301,1.0480292458585239,1.1651175920673518,-0.020868899199490643,0.0
724,2024-11-19,0.0031825317228583658,0.0001833333333333,1.051364632179952,1.1651175920673518,-0.0177527834103558,0.0
725,2024-11-20,0.0005924261686633425,0.0001833333333333,1.0519874881008624,1.1651175920673518,-0.017170874455151197,0.0
726,2024-11-21,0.003366199386297129,0.0001837301587301,1.0555286877377,1.1651175920673518,-0.013862475655907147,0.0
727,2024-11-22,0.003978678072216772,0.0001837301587301,1.0597282965821977,1.1651175920673518,-0.009938951911609095,0.0
728,2024-11-25,0.0010247743360483326,0.0001833333333333,1.0608142789437194,1.1651175920673518,-0.008924362758407023,0.0
729,2024-11-26,0.0009012279005251331,0.0001829365079365,1.061770314369179,1.1651175920673518,-0.008031177742594209,0.0
730,2024-11-27,0.00046022302741078897,0.0001825396825396,1.062258965517673,1.1651175920673518,-0.007574650848117703,0.0
731,2024-11-29,0.007349395108868844,0.000181746031746,1.0700659263632006,1.1651175920673518,-0.0002809248411435039,0.0
732,2024-12-02,0.0014336375048090437,0.0001789682539682,1.0716000130078531,1.1664601686258154,0.0,0.0
733,2024-12-03,0.0006707731131753425,0.0001781746031746,1.0723188134846573,1.1672425987445196,0.0,0.0
734,2024-12-04,0.004744847463172407,0.0001773809523809,1.077406802686532,1.1727809868280794,0.0,0.0
735,2024-12-05,-0.0016245289643519218,0.0001769841269841,1.075656524129178,1.1727809868280794,-0.0016245289643520566,0.0
736,2024-12-06,0.002379026008596534,0.0001753968253968,1.0782155389763979,1.173661314056149,0.0,0.0
737,2024-12-09,-0.0020029795333938692,0.0001753968253968,1.076055895319241,1.173661314056149,-0.0020029795333940115,0.0
738,2024-12-10,-0.0009608344697303557,0.000175,1.0750219837236616,1.173661314056149,-0.002961889471346568,0.0
739,2024-12-11,0.005368330793832104,0.0001738095238095,1.0807930573429319,1.1764669994536547,0.0,0.0
740,2024-12-12,-0.007447836170652321,0.000172619047619,1.0727434877174633,1.1764669994536547,-0.007447836170652367,0.0
741,2024-12-13,-0.003279817377984266,0.0001722222222222,1.0692250849843281,1.1764669994536547,-0.010703226006135713,0.0
742,2024-12-16,0.002329945700438985,0.0001734126984126,1.071716321373889,1.1764669994536547,-0.008398218241110422,0.0
743,2024-12-17,-0.002437352227333253,0.0001738095238095,1.069104171210919,1.1764669994536547,-0.010815101052508047,0.0
744,2024-12-18,-0.021438928599368943,0.0001730158730158,1.0461837232190407,1.1764669994536547,-0.03202216547261716,0.0
745,2024-12-19,-0.002300015895302001,0.000172619047619,1.0437774840262306,1.1764669994536547,-0.03424852987833016,0.0
746,2024-12-20,0.005983345752297685,0.0001722222222222,1.050022765601623,1.1764669994536547,-0.028470104921802353,0.0
747,2024-12-23,0.0022545842709360345,0.0001730158730158,1.0523901304130732,1.1764669994536547,-0.026279708901614907,0.0
748,2024-12-24,0.005548186441543823,0.0001746031746031,1.0582289870658457,1.1764669994536547,-0.020877327184686822,0.0
749,2024-12-26,0.001987483806576417,0.000172619047619,1.0603322000412887,1.1764669994536547,-0.018931336727814663,0.0
750,2024-12-27,-0.006375393875646514,0.0001710317460317,1.0535721646269947,1.1764669994536547,-0.02518603587522894,0.0
751,2024-12-30,-0.004934304951580273,0.0001734126984126,1.0483735182782286,1.1764669994536547,-0.029996065245279535,0.0
752,2024-12-31,-0.001465311530517265,0.0001734126984126,1.0468373244736067,1.1764669994536547,-0.031417423195522654,0.0
753,2025-01-02,0.002081360785698953,0.0001730158730158,1.049016170629772,1.0020813607856989,0.0,1.0
754,2025-01-03,0.005023059105024265,0.0001722222222222,1.0542854408569715,1.0071148746889684,0.0,0.0
755,2025-01-06,0.0014322569667757786,0.000172619047619,1.055795448524609,1.0085573219845851,0.0,0.0
756,2025-01-07,-0.006288683933406764,0.000172619047619,1.0491558846505085,1.0085573219845851,-0.006288683933406758,0.0
757,2025-01-08,0.0017163380001465,0.000172619047619,1.0509565907634115,1.0085573219845851,-0.004583139440465955,0.0
758,2025-01-10,-0.008691740385231295,0.0001730158730158,1.0418219489203482,1.0085573219845851,-0.013235044367531423,0.0
759,2025-01-13,-0.0027747409898376692,0.0001734126984126,1.0389311628545663,1.0085573219845851,-0.01597306153726019,0.0
760,2025-01-14,0.004681012944728688,0.0001730158730158,1.0437944130765706,1.0085573219845851,-0.011366818700354275,0.0
761,2025-01-15,0.013227968668318796,0.000172619047619,1.0576016928689136,1.0102827518121975,0.0,0.0
762,2025-01-16,0.002137297613303752,0.0001722222222222,1.0598621024429085,1.0124420267264078,0.0,0.0
763,2025-01-17,0.005007638130082942,0.0001722222222222,1.0651695083197315,1.0175119700239414,0.0,0.0
764,2025-01-21,0.009792181635966362,0.0001730158730158,1.0755998416182913,1.0274756320511857,0.0,0.0
765,2025-01-22,0.0023180620419918168,0.0001730158730158,1.078093148783519,1.029857384312915,0.0,0.0
766,2025-01-23,0.0019948621833361362,0.0001730158730158,1.080243796036141,1.0319118078631104,0.0,0.0
767,2025-01-24,0.001217541294654493,0.000172619047619,1.0815590374661093,1.0331682031016254,0.0,0.0
768,2025-01-27,-0.011577471652697055,0.0001714285714285,1.069037318369127,1.0331682031016254,-0.011577471652697069,0.0
769,2025-01-28,0.005694673400239882,0.0001710317460317,1.0751251367499075,1.0331682031016254,-0.00594872817231995,0.0
770,2025-01-29,-0.001625143720630128,0.0001710317460317,1.0733779038850269,1.0331682031016254,-0.007564204354715165,0.0
771,2025-01-30,0.009324065626878176,0.0001706349206349,1.083386149903292,1.034913567347308,0.0,0.0
772,2025-01-31,-0.003831758484215471,0.0001710317460317,1.0792348758317185,1.034913567347308,-0.003831758484215464,0.0
773,2025-02-03,-0.0011312351509993133,0.0001722222222222,1.0780140074039932,1.034913567347308,-0.004958659015327327,0.0
774,2025-02-04,0.007230791689052929,0.0001718253968253,1.0858089021294126,1.0372279214207443,0.0,0.0
775,2025-02-05,0.005990961146805343,0.0001718253968253,1.0923139410749254,1.0434419135983577,0.0,0.0
776,2025-02-06,0.0021214600592780537,0.0001722222222222,1.0946312414731085,1.0456555339422333,0.0,0.0
777,2025-02-07,-0.00403937888621222,0.000172619047619,1.0902096111481139,1.0456555339422333,-0.004039378886212197,0.0
778,2025-02-10,0.007742784653964848,0.000172619047619,1.0986508693949164,1.0494953167125212,0.0,0.0
779,2025-02-11,-0.00247918681552694,0.000172619047619,1.0959271086446454,1.0494953167125212,-0.002479186815526946,0.0
780,2025-02-12,-0.0015830385159324879,0.000172619047619,1.0941922138210065,1.0494953167125212,-0.0040583006832422,0.0
781,2025-02-13,0.008736083877746317,0.0001722222222222,1.1037511687793238,1.0543674198226887,0.0,0.0
782,2025-02-14,0.00026316387256514466,0.0001722222222222,1.1040416362112482,1.0546448912359958,0.0,0.0
783,2025-02-18,0.003661990343118535,0.0001722222222222,1.1080846260214545,1.0585069906431213,0.0,0.0
784,2025-02-19,0.0006483671561773075,0.0001722222222222,1.1088030716992316,1.0591932918104383,0.0,0.0
785,2025-02-20,-0.0014351856904263904,0.0001718253968253,1.107211733397228,1.0591932918104383,-0.0014351856904263327,0.0
786,2025-02-21,-0.006855643409060335,0.0001714285714285,1.099621084574729,1.0591932918104383,-0.008280989978167397,0.0
787,2025-02-24,-0.003409666479838315,0.0001710317460317,1.095871743422131,1.0591932918104383,-0.011662421044057125,0.0
788,2025-02-25,-0.001432163640565066,0.0001706349206349,1.094302275756479,1.0591932918104383,-0.013077882189241996,0.0
789,2025-02-26,0.0030374843652902876,0.0001710317460317,1.097626201809991,1.0591932918104383,-0.010080121686632526,0.0
790,2025-02-27,-0.012455137454452253,0.0001714285714285,1.0839551165928392,1.0591932918104383,-0.0224097098399203,0.0
791,2025-02-28,0.004915834355859572,0.0001714285714285,1.0892836603951959,1.0591932918104383,-0.017604037905596615,0.0
792,2025-03-03,-0.005146989019844546,0.000172619047619,1.0836771293556458,1.0591932918104383,-0.02266041913563621,0.0
793,2025-03-04,-0.0038953662859941176,0.0001722222222222,1.079455810001051,1.0591932918104383,-0.026467514788902746,0.0
794,2025-03-05,0.008167556101537585,0.000172619047619,1.088272325888365,1.0591932918104383,-0.018516133599271956,0.0
795,2025-03-06,-0.012489968237715053,0.0001722222222222,1.074679839104035,1.0591932918104383,-0.030774835916446808,0.0
796,2025-03-07,0.001976250355746348,0.0001722222222222,1.0768036755183779,1.0591932918104383,-0.028859404341128325,0.0
797,2025-03-10,-0.01599494187918357,0.0001718253968253,1.0595802633131701,1.0591932918104383,-0.044392741725207685,0.0
798,2025-03-11,-6.611239337167328e-05,0.0001722222222222,1.0595102119259932,1.0591932918104383,-0.04445591920817549,0.0
799,2025-03-12,0.003925765091332673,0.000172619047619,1.0636696001298827,1.0591932918104383,-0.04070467761257324,0.0
800,2025-03-13,-0.0023784640443116198,0.0001722222222222,1.0611397002309464,1.0591932918104383,-0.04298632704474814,0.0
801,2025-03-14,0.011308238638195713,0.0001718253968253,1.0731393211896214,1.0591932918104383,-0.032164188050954,0.0
802,2025-03-17,0.007799061065259605,0.0001722222222222,1.0815088002871105,1.0591932918104383,-0.02461597745241828,0.0
803,2025-03-18,-0.003787529370772349,0.0001722222222222,1.0774125539412744,1.0591932918104383,-0.028310273085599302,0.0
804,2025-03-19,0.007698672218773903,0.0001718253968253,1.0857072000384604,1.0591932918104383,-0.020829552379735383,0.0
805,2025-03-20,-0.0027028086889829715,0.0001718253968253,1.0827727411845052,1.0591932918104383,-0.023476062773558737,0.0
806,2025-03-21,-0.0015653276562935493,0.0001718253968253,1.0810778470672482,1.0591932918104383,-0.025004642699531954,0.0
807,2025-03-24,0.007096698120329235,0.0001718253968253,1.08874993019246,1.0591932918104383,-0.01808539498004791,0.0
808,2025-03-25,0.0014785067488924985,0.0001718253968253,1.0903596543121057,1.0591932918104383,-0.016633627609689783,0.0
809,2025-03-26,-0.007431424920869035,0.0001718253968253,1.0822567284043405,1.0591932918104383,-0.023941440975815742,0.0
810,2025-03-27,0.000404461565188751,0.0001718253968253,1.082694459654647,1.0591932918104383,-0.023546662803316853,0.0
811,2025-03-28,-0.0075321917654042805,0.0001718253968253,1.0745393973611874,1.0591932918104383,-0.03090149658905128,0.0
812,2025-03-31,0.004942877622086865,0.0001714285714285,1.0798507141024547,1.0591932918104383,-0.026111361282943557,0.0
813,2025-04-01,0.003110909948925905,0.0001714285714285,1.0832100324323108,1.0591932918104383,-0.023081681427612688,0.0
814,2025-04-02,0.003993767820402225,0.0001714285714285,1.0875361218025759,1.0591932918104383,-0.019180096483736864,0.0
815,2025-04-03,-0.022049280237372473,0.0001710317460317,1.0635567330846856,1.0591932918104383,-0.04080646939875965,0.0
816,2025-04-04,-0.037363627767885446,0.0001698412698412,1.023818395199681,1.0591932918104383,-0.07664541943350833,0.0
817,2025-04-07,-0.013058813441202612,0.000170238095238,1.010448541779097,1.0591932918104383,-0.08870333464120594,0.0
818,2025-04-08,-0.009215844121519316,0.0001710317460317,1.0011364055252443,1.0591932918104383,-0.09710170265761298,0.0
819,2025-04-09,0.05886222554786573,0.000172619047619,1.0600655224314508,1.0591932918104383,-0.043955099432661404,0.0
820,2025-04-10,-0.016943464183139956,0.0001722222222222,1.042104340220352,1.0591932918104383,-0.06015381196289782,0.0
821,2025-04-11,0.013924217475784035,0.0001722222222222,1.0566148276860388,1.0591932918104383,-0.04706718924688247,0.0
822,2025-04-14,0.006070283013888425,0.0001718253968253,1.0630287787267638,1.0591932918104383,-0.04128261739239092,0.0
823,2025-04-15,0.002084350310962064,0.0001718253968253,1.0652445030922646,1.0591932918104383,-0.0392843145178281,0.0
824,2025-04-16,-0.004326211030714518,0.0001718253968253,1.0606360305725788,1.0591932918104383,-0.043440573313741515,0.0
825,2025-04-17,0.0007252367162055434,0.0001722222222222,1.0614052427644807,1.0591932918104383,-0.04274684129627615,0.0
826,2025-04-21,-0.007899252583179871,0.0001722222222222,1.0530209346587727,1.0591932918104383,-0.050308425782923605,0.0
827,2025-04-22,0.011629123915866518,0.0001718253968253,1.0652666455939213,1.0591932918104383,-0.03926434478449892,0.0
828,2025-04-23,0.006307285473402352,0.0001718253968253,1.0719855864329757,1.0591932918104383,-0.03320471074257858,0.0
829,2025-04-24,0.014518070125340368,0.0001714285714285,1.0875487483501638,1.0591932918104383,-0.019168708936290635,0.0
830,2025-04-25,0.0024726118089062575,0.0001714285714285,1.0902378342280956,1.0591932918104383,-0.016743493903461748,0.0
831,2025-04-28,0.004102593784800183,0.0001714285714285,1.094710637190754,1.0591932918104383,-0.01270959187268561,0.0
832,2025-04-29,0.002447030627055396,0.0001710317460317,1.0973894276477232,1.0591932918104383,-0.010293662006200077,0.0
833,2025-04-30,-0.0009330471014002044,0.0001710317460317,1.0963655116231492,1.0591932918104383,-0.011217104636102482,0.0
834,2025-05-01,-0.0013581130914638146,0.0001710317460317,1.0948765232687845,1.0591932918104383,-0.012559983630911709,0.0
835,2025-05-02,0.01036832539750383,0.0001718253968253,1.1062285593321228,1.0591932918104383,-0.002321884230680471,0.0
836,2025-05-05,0.003707190600102714,0.0001718253968253,1.110329559448844,1.0606514818404702,0.0,0.0
837,2025-05-06,0.0009690395211535666,0.0001718253968253,1.1114055126734548,1.0616792950445435,0.0,0.0
838,2025-05-07,-0.0012283822205723185,0.0001722222222222,1.1100402819018407,1.0616792950445435,-0.0012283822205723105,0.0
839,2025-05-08,-0.0018915954259025268,0.0001722222222222,1.1079405347820275,1.0616792950445435,-0.003117654044285323,0.0
840,2025-05-09,0.0015279452336492189,0.0001722222222222,1.1096334072413143,1.0616792950445435,-0.0015944724152732181,0.0
841,2025-05-12,0.010027247010004358,0.0001753968253968,1.1207599755062758,1.0706152229238106,0.0,0.0
842,2025-05-13,0.00509493375684954,0.000175,1.1264701733388087,1.076069936563682,0.0,0.0
843,2025-05-14,-0.0024025860307253367,0.000175,1.1237637318363163,1.076069936563682,-0.0024025860307252955,0.0
844,2025-05-15,0.006204927615912159,0.0001738095238095,1.130736604449748,1.0801454801187274,0.0,0.0
845,2025-05-16,0.0012418665418229369,0.0001734126984126,1.1321408284064287,1.0814868766507881,0.0,0.0
846,2025-05-19,0.003004442045371884,0.0001742063492063,1.1355422799125752,1.0847361412945156,0.0,0.0
847,2025-05-20,0.0006912976651540965,0.0001738095238095,1.1363272776393625,1.0854860168563008,0.0,0.0
848,2025-05-21,-0.008552952539665934,0.0001730158730158,1.1266083243641851,1.0854860168563008,-0.008552952539666037,0.0
849,2025-05-22,-0.0006135349887627034,0.0001734126984126,1.1259171107385564,1.0854860168563008,-0.009161239992788506,0.0
850,2025-05-23,0.002320331437771011,0.0001730158730158,1.1285296116069274,1.0854860168563008,-0.006862165668181652,0.0
851,2025-05-27,0.007155262546952588,0.000172619047619,1.1366045372699856,1.085750871408332,0.0,0.0
852,2025-05-28,-0.003426621381262567,0.000172619047619,1.1327098238605362,1.085750871408332,-0.0034266213812627067,0.0
853,2025-05-29,0.003664535254720906,0.0001730158730158,1.136860678943442,1.085995552857367,0.0,0.0
854,2025-05-30,-0.0011705988687899702,0.0001730158730158,1.135529871118699,1.085995552857367,-0.001170598868790118,0.0
855,2025-06-02,0.006850826718562498,0.0001761904761904,1.143309189499485,1.092155545824073,0.0,0.0
856,2025-06-03,0.000759423059361873,0.0001757936507936,1.1441774448619713,1.0929849539299819,0.0,0.0
857,2025-06-04,0.004325934279140995,0.0001761904761904,1.1491270812921197,1.097713135008773,0.0,0.0
858,2025-06-05,-0.003500025426126181,0.0001761904761904,1.1451051072897471,1.097713135008773,-0.003500025426126152,0.0
859,2025-06-06,3.017443318687454e-05,0.0001757936507936,1.1451396601872992,1.097713135008773,-0.003469956604222446,0.0
860,2025-06-09,0.0016672378849644381,0.0001761904761904,1.1470488804123389,1.097713135008773,-0.0018085039623676469,0.0
861,2025-06-10,0.0027949798715887516,0.0001765873015873,1.1502548589448198,1.0987904539257949,0.0,0.0
862,2025-06-11,0.00238036539111184,0.0001765873015873,1.1529928858020104,1.101405976694404,0.0,0.0
863,2025-06-12,0.004559441273160221,0.0001769841269841,1.1582498891531963,1.1064277725630498,0.0,0.0
864,2025-06-13,-0.005891493556748926,0.0001765873015873,1.151426067394145,1.1064277725630498,-0.005891493556749006,0.0
865,2025-06-16,0.0025368331821295676,0.0001757936507936,1.1543470432486795,1.1064277725630498,-0.003369606110966372,0.0
866,2025-06-17,-0.004158939056977467,0.0001753968253968,1.1495461842452062,1.1064277725630498,-0.007514531181482376,0.0
867,2025-06-18,-0.0006353048386805764,0.0001753968253968,1.1488158719920685,1.1064277725630498,-0.008145062002142933,0.0
868,2025-06-20,-0.0011899578232784306,0.0001742063492063,1.147448829557685,1.1064277725630498,-0.009325327545170792,0.0
869,2025-06-23,0.007399029304077292,0.0001738095238095,1.1559388370725114,1.1064277725630498,-0.0019952966128702343,0.0
870,2025-06-24,0.007227181108005451,0.0001738095238095,1.1642930163978116,1.1122005197734668,0.0,0.0
871,2025-06-25,-0.0009010688619354943,0.0001738095238095,1.1632439082145665,1.1122005197734668,-0.0009010688619356388,0.0
872,2025-06-26,0.004857639701984163,0.0001742063492063,1.1688945280062009,1.1165961517411205,0.0,0.0
873,2025-06-27,-0.00252950353779465,0.0001742063492063,1.1659378051623004,1.1165961517411205,-0.002529503537794797,0.0
874,2025-06-30,0.006848753560528111,0.000175,1.1739230258567601,1.121399665843073,0.0,0.0
875,2025-07-01,-0.0007862290811720234,0.0001746031746031,1.1730000534347742,1.121399665843073,-0.0007862290811719852,0.0
876,2025-07-02,0.0018844970759561903,0.000175,1.1752105686055685,1.1226296016876471,0.0,0.0
877,2025-07-03,0.0026513914456317436,0.0001753968253968,1.1783265118539852,1.1256061322101747,0.0,0.0
878,2025-07-07,-0.005603114812558867,0.0001753968253968,1.1717242131213854,1.1256061322101747,-0.005603114812558818,0.0
879,2025-07-08,-0.002674625080293783,0.0001753968253968,1.1685902901537835,1.1256061322101747,-0.00826275366144713,0.0
880,2025-07-09,0.004185916587294824,0.0001753968253968,1.17348191163309,1.1256061322101747,-0.004111424271760367,0.0
881,2025-07-10,0.0007448124696121743,0.0001753968253968,1.1743559355937385,1.1256061322101747,-0.003369674042213666,0.0
882,2025-07-11,-0.0024687472331408433,0.000175,1.171456747627019,1.1256061322101747,-0.005830102401886195,0.0
883,2025-07-14,0.0022288271553179057,0.0001753968253968,1.1740677222374105,1.1256061322101747,-0.003614269537119963,0.0
884,2025-07-15,-0.0029272964185717526,0.0001753968253968,1.1706308779989443,1.1256061322101747,-0.0065309859174197404,0.0
885,2025-07-16,0.0033856041997645555,0.000175,1.1745941708158716,1.1256061322101747,-0.003167493051005721,0.0
886,2025-07-17,0.0031012792729515595,0.000175,1.1782369153719525,1.1256061322101747,-7.603705860070864e-05,0.0
887,2025-07-18,0.0002816705095318065,0.0001746031746031,1.1785687899642545,1.1258375703759769,0.0,0.0
888,2025-07-21,0.005133667433270124,0.000175,1.1846191701791624,1.131617246046168,0.0,0.0
889,2025-07-22,0.0011252157107265411,0.000175,1.1859521222806757,1.132890559549948,0.0,0.0
890,2025-07-23,0.002451148476771638,0.000175,1.1888590670187282,1.135667442519338,0.0,0.0
891,2025-07-24,-0.0023432538218706484,0.0001753968253968,1.1860732684662711,1.135667442519338,-0.0023432538218706167,0.0
892,2025-07-25,0.0008318556624253223,0.0001753968253968,1.1870599102306962,1.135667442519338,-0.0015133474084054743,0.0
893,2025-07-28,-0.0031353546570788765,0.0001746031746031,1.1833380564129228,1.135667442519338,-0.004643957184639502,0.0
894,2025-07-29,0.001963552966019734,0.0001746031746031,1.1856616033633964,1.135667442519338,-0.002689522874523842,0.0
895,2025-07-30,-0.004620410609132491,0.000175,1.180183359912375,1.135667442519338,-0.0072975067836332785,0.0
896,2025-07-31,-0.0010017260045163384,0.000175,1.1790011395506534,1.135667442519338,-0.008291922685836228,0.0
897,2025-08-01,-0.0005888896412772196,0.000172619047619,1.178306837992518,1.135667442519338,-0.008875929299737462,0.0
898,2025-08-04,0.008807166064603062,0.000172619047619,1.1886843819897752,1.135667442519338,-0.00014693501845497448,0.0
899,2025-08-05,-0.0015708744222116978,0.0001722222222222,1.186817108098025,1.135667442519338,-0.0017175786242045188,0.0
900,2025-08-06,0.004163058665262218,0.0001714285714285,1.1917578973439737,1.1384365741288776,0.0,0.0
901,2025-08-07,0.0019114929529556362,0.0001714285714285,1.194035934166376,1.1406126876177118,0.0,0.0
902,2025-08-08,0.0019514115173141326,0.0001714285714285,1.196365989640395,1.1428384923531236,0.0,0.0
903,2025-08-11,-0.002769632460747104,0.0001722222222222,1.1930524955605533,1.1428384923531236,-0.002769632460747018,0.0
904,2025-08-12,0.005472927710913011,0.0001718253968253,1.1995819856240804,1.1459105990773488,0.0,0.0
905,2025-08-13,0.0035683820282062673,0.000170238095238,1.2038625524229412,1.1499996458650275,0.0,0.0
906,2025-08-14,-0.004110615071220896,0.0001706349206349,1.198913936871273,1.1499996458650275,-0.004110615071221013,0.0
907,2025-08-15,-0.0012469792019195191,0.0001706349206349,1.197418916127103,1.1499996458650275,-0.0053524684216395,0.0
908,2025-08-18,0.00010514600106681374,0.0001718253968253,1.1975448199377354,1.1499996458650275,-0.005247885211223102,0.0
909,2025-08-19,-0.004351824603858788,0.0001706349206349,1.1923333149261068,1.1499996458650275,-0.009576871939101395,0.0
910,2025-08-20,0.0014911338326434986,0.0001706349206349,1.194111243471781,1.1499996458650275,-0.008100018504217266,0.0
911,2025-08-21,-0.0035612397544928036,0.0001714285714285,1.1898587270402425,1.1499996458650275,-0.011632412150800797,0.0
912,2025-08-22,0.011120908336449482,0.0001694444444444,1.2030910368769814,1.1499996458650275,-0.0006408668036121945,0.0
913,2025-08-25,-0.003606492406878365,0.000170238095238,1.1987520981877011,1.1499996458650275,-0.0042450479292295284,0.0
914,2025-08-26,0.003255212027418691,0.0001698412698412,1.2026542904356152,1.1499996458650275,-0.001003654432886969,0.0
915,2025-08-27,-5.884288649930073e-06,0.0001690476190476,1.2026472136706243,1.1499996458650275,-0.0010095328157444516,0.0
916,2025-08-28,0.0038746999197750197,0.0001690476190476,1.2073071107329514,1.1532900886391637,0.0,0.0
917,2025-08-29,-0.002939558283163299,0.0001678571428571,1.2037581611152743,1.1532900886391637,-0.0029395582831632794,0.0
918,2025-09-02,0.00010526851410923778,0.0001666666666666,1.2038848789482417,1.1532900886391637,-0.002834599211986588,0.0
919,2025-09-03,0.004526095561731162,0.000165873015873,1.2093337769556847,1.1552260782866026,0.0,0.0
920,2025-09-04,0.003676497969403338,0.0001650793650793,1.213779890130993,1.1594732646176251,0.0,0.0
921,2025-09-05,0.004621700791481083,0.0001615079365079,1.2193896176098953,1.1648320031224095,0.0,0.0
922,2025-09-08,0.006105142936451435,0.0001626984126984,1.2268341655206285,1.1719434689984247,0.0,0.0
923,2025-09-09,0.0016884943344647968,0.0001626984126984,1.228905668058438,1.1739222889061416,0.0,0.0
924,2025-09-10,0.006073243433295802,0.0001623015873015,1.2363691113371138,1.1810518047384404,0.0,0.0
925,2025-09-11,0.004861029826509721,0.0001619047619047,1.242379138463899,1.1867929327879272,0.0,0.0
926,2025-09-12,-0.0006866964844066917,0.0001619047619047,1.2415260010772156,1.1867929327879272,-0.0006866964844066681,0.0
927,2025-09-15,0.0050969680596345025,0.0001611111111111,1.2478540194499117,1.192022858066686,0.0,0.0
928,2025-09-16,0.0005183414794721416,0.0001603174603174,1.2485008339485184,1.192640732958501,0.0,0.0
929,2025-09-17,-0.001246810283704639,0.0001595238095238,1.2469441902695375,1.192640732958501,-0.001246810283704658,0.0
930,2025-09-18,0.00045311761847683567,0.0001599206349206,1.2475092026514059,1.192640732958501,-0.0007942576169341908,0.0
931,2025-09-19,0.003547534403323816,0.0001599206349206,1.2519347844662747,1.1959210425514772,0.0,0.0
932,2025-09-22,0.0043895496034339525,0.0001587301587301,1.2574302143029537,1.2011705972895472,0.0,0.0
933,2025-09-23,-0.0003330718046112536,0.0001587301587301,1.257011399752303,1.2011705972895472,-0.0003330718046112846,0.0
934,2025-09-24,-0.004354466270796314,0.0001595238095238,1.2515377860100751,1.2011705972895472,-0.004686087725468635,0.0
935,2025-09-25,-0.0028466927284101157,0.0001603174603174,1.2479750424953098,1.2011705972895472,-0.0075194406020259175,0.0
936,2025-09-26,0.0030839649405682797,0.0001595238095238,1.2518237537730694,1.2011705972895472,-0.00445866535264694,0.0
937,2025-09-29,0.005949859279105315,0.0001603174603174,1.2592719289502607,1.202929910417051,0.0,0.0
938,2025-09-30,0.0031093525574240268,0.0001595238095238,1.2631874493430344,1.206670243610408,0.0,0.0
939,2025-10-01,0.0027411397150346314,0.0001591269841269,1.2666500226279618,1.2099778953381188,0.0,0.0
940,2025-10-02,0.000833043478385079,0.0001595238095238,1.267705197168708,1.2109858595328202,0.0,0.0
941,2025-10-03,0.00034929015717941796,0.0001599206349206,1.2681479941162843,1.2114088449740383,0.0,0.0
942,2025-10-06,0.003546119146534749,0.0001595238095238,1.2726449979988597,1.2157046450734823,0.0,0.0
943,2025-10-07,-0.00040820231910653783,0.0001591269841269,1.2721255013592772,1.2157046450734823,-0.00040820231910654314,0.0
944,2025-10-08,0.005897546864629774,0.0001591269841269,1.2796279211212342,1.2223751400578735,0.0,0.0
945,2025-10-09,-0.005498744283996815,0.0001599206349206,1.2725915744043261,1.2223751400578735,-0.00549874428399677,0.0
946,2025-10-10,-0.012801644380503548,0.0001595238095238,1.2563003096271768,1.2223751400578735,-0.018229995695637324,0.0
947,2025-10-13,0.015180958691182293,0.0001595238095238,1.2753721527313464,1.2223751400578735,-0.00332578581605103,0.0
948,2025-10-14,-0.00019924479248724228,0.0001595238095238,1.2751180414714314,1.2223751400578735,-0.003524367963033459,0.0
949,2025-10-15,0.006221945911865351,0.0001599206349206,1.2830517569567101,1.2256457875170648,0.0,0.0
950,2025-10-16,0.0025932257588611647,0.0001595238095238,1.2863789998228023,1.2288241637444939,0.0,0.0
951,2025-10-17,-0.001834030133506095,0.0001587301587301,1.2840197419740178,1.2288241637444939,-0.001834030133506026,0.0
952,2025-10-20,0.01154650736487018,0.0001575396825396,1.2988456853813595,1.2407330680862703,0.0,0.0
953,2025-10-21,-0.011472120691730429,0.0001571428571428,1.2839451709187313,1.2407330680862703,-0.011472120691730314,0.0
954,2025-10-22,-0.0028459683073245572,0.0001571428571428,1.2802911036539542,1.2407330680862703,-0.01428543970714835,0.0
955,2025-10-23,0.003871463923022607,0.000156746031746,1.2852477044727173,1.2407330680862703,-0.010469281348576498,0.0
956,2025-10-24,0.004188320784844873,0.0001559523809523,1.2906307341470344,1.2407330680862703,-0.0063248092724061955,0.0
957,2025-10-27,0.002149722182161666,0.000154365079365,1.2934052316652098,1.2407330680862703,-0.004188683673035598,0.0
958,2025-10-28,-0.0005948764665985089,0.000154365079365,1.2926358153311168,1.2407330680862703,-0.00478106839029091,0.0
959,2025-10-29,-0.0015608737058431393,0.0001559523809523,1.2906181740757354,1.2407330680862703,-0.006334479452197894,0.0
960,2025-10-30,-0.0045908103589868314,0.0001555555555555,1.284693190792692,1.2407330680862703,-0.010896209417296632,0.0
961,2025-10-31,-0.0007687682771397209,0.000154365079365,1.2837055594217532,1.2407330680862703,-0.011656601034295222,0.0
962,2025-11-03,0.0005078726142396907,0.0001579365079365,1.284357518320131,1.2407330680862703,-0.0111546484884959,0.0
963,2025-11-04,-0.010403696107120308,0.0001571428571428,1.2709954530066332,1.2407330680862703,-0.02144229502256012,0.0
964,2025-11-05,0.003709401571410858,0.0001571428571428,1.2757100855372718,1.2407330680862703,-0.017812431534000694,0.0
965,2025-11-06,-0.004751467954416889,0.0001559523809523,1.269648589946715,1.2407330680862703,-0.0224792642907935,0.0
966,2025-11-07,0.0012230635138422564,0.0001555555555555,1.2712014508124798,1.2407330680862703,-0.0212836943449235,0.0
967,2025-11-10,0.013107809924806823,0.000156746031746,1.2878641178058683,1.2407330680862703,-0.008454867040087688,0.0
968,2025-11-11,0.001990623671243992,0.000156746031746,1.2904277706041183,1.2407330680862703,-0.006481073827311112,0.0
969,2025-11-12,0.002310171826603838,0.000156746031746,1.2934088804840351,1.2407330680862703,-0.004185874394869171,0.0
970,2025-11-13,-0.011363222610666445,0.0001571428571428,1.2787115874484822,1.2407330680862703,-0.015501531982966443,0.0
971,2025-11-14,-0.0029801734653314717,0.000156746031746,1.2749008051057562,1.2407330680862703,-0.018435508194010297,0.0
972,2025-11-17,-0.007104935761097952,0.0001575396825396,1.2658427167837079,1.2407330680862703,-0.025409460853666688,0.0
973,2025-11-18,-0.0022066881309862722,0.0001563492063492,1.263049396684886,1.2407330680862703,-0.02756007822897244,0.0
974,2025-11-19,0.0009162824839272944,0.000156746031746,1.2642067067234033,1.2407330680862703,-0.026669048561981934,0.0
975,2025-11-20,-0.00853043348517597,0.0001563492063492,1.253422475500186,1.2407330680862703,-0.03497198350228714,0.0
976,2025-11-21,0.002955848643803391,0.0001547619047619,1.257127402624506,1.2407330680862703,-0.03211950674848996,0.0
977,2025-11-24,0.01110991942789002,0.0001551587301587,1.2710939867782571,1.2407330680862703,-0.02136643245263925,0.0
978,2025-11-25,0.004602145143566651,0.0001547619047619,1.2769437457965256,1.2407330680862703,-0.016862618732419787,0.0
979,2025-11-26,0.006780623637533952,0.0001555555555555,1.2856022207430746,1.2407330680862703,-0.010196334166053589,0.0
980,2025-11-28,0.0046190598998526325,0.0001539682539682,1.2915404944080704,1.2407330680862703,-0.005624371744473056,0.0
981,2025-12-01,-0.0036537090615325687,0.0001511904761904,1.2868215812003152,1.2407330680862703,-0.00925753098799742,0.0
982,2025-12-02,0.0006078896574657975,0.00014960317460309996,1.2876038267305305,1.2407330680862703,-0.008655268887873047,0.0
983,2025-12-03,0.001991119383297894,0.000147619047619,1.2901675996679423,1.2407330680862703,-0.006681383178225309,0.0
984,2025-12-04,0.0005425628872062771,0.0001472222222222,1.290867596725798,1.2407330680862703,-0.006142445361566717,0.0
985,2025-12-05,0.0017864172821459238,0.0001472222222222,1.2931736249095513,1.2407330680862703,-0.0043670010499692324,0.0
986,2025-12-08,-0.0018370879139406105,0.00014801587301580002,1.290797951272603,1.2407330680862703,-0.0061960663990607845,0.0
987,2025-12-09,7.917122075072612e-05,0.00014801587301580002,1.2909001453221478,1.2407330680862703,-0.006117385728450886,0.0
988,2025-12-10,0.006228604666629113,0.00014642857142849996,1.2989406519914535,1.2408237857248885,0.0,0.0
989,2025-12-11,0.0014121540101362838,0.000145238095238,1.3007749562420925,1.2425760200097724,0.0,0.0
990,2025-12-12,-0.00872680107380903,0.0001440476190476,1.289423351957175,1.2425760200097724,-0.008726801073809076,0.0
991,2025-12-15,-0.0010556965021763709,0.00014484126984120002,1.2880621122346891,1.2425760200097724,-0.009773284722616626,0.0
992,2025-12-16,-0.000934398157278901,0.0001444444444444,1.2868585493705562,1.2425760200097724,-0.010698550740660284,0.0
993,2025-12-17,-0.006065800997506785,0.0001444444444444,1.2790527214981342,1.2425760200097724,-0.01669945645841242,0.0
994,2025-12-18,0.006884024140562717,0.0001436507936507,1.2878577513099798,1.2425760200097724,-0.009930391779243708,0.0
995,2025-12-19,0.006343440394828153,0.0001436507936507,1.296027200192432,1.2425760200097724,-0.003649944232764435,0.0
996,2025-12-22,0.0069604882805961886,0.0001444444444444,1.3050481823307054,1.2466580545233603,0.0,0.0
997,2025-12-23,0.004451733312201002,0.00014484126984120002,1.3108579087980143,1.2522078437136055,0.0,0.0
998,2025-12-24,0.002120582314116392,0.00014642857142849996,1.313637690895731,1.2548632535205824,0.0,0.0
999,2025-12-26,0.0025596313545688627,0.0001444444444444,1.317000119117891,1.25807524084999,0.0,0.0
1000,2025-12-29,-0.008232554967130967,0.0001460317460317,1.306157843245535,1.25807524084999,-0.008232554967130934,0.0
1001,2025-12-30,-0.00029947505131889705,0.00014484126984120002,1.3057666815583984,1.25807524084999,-0.008529564573628634,0.0
1002,2025-12-31,-0.005843720290720985,0.0001456349206349,1.298136146306428,1.25807524084999,-0.014323440474779736,0.0
1003,2026-01-02,0.007636134058443383,0.00014484126984120002,1.308048887945735,1.0076361340584434,0.0,1.0
1004,2026-01-05,0.009118270620029388,0.0001444444444444,1.319976031690253,1.0168240330153087,0.0,0.0
1005,2026-01-06,0.007089246260119149,0.0001440476190476,1.3293336668363598,1.0240325489885616,0.0,0.0
1006,2026-01-07,-0.004347745158004665,0.0001436507936507,1.3235540628229994,1.0240325489885616,-0.004347745158004623,0.0
1007,2026-01-08,0.000696091041259708,0.0001436507936507,1.3244753769487534,1.0240325489885616,-0.0036546805431990625,0.0
1008,2026-01-09,0.006250007539584825,0.0001436507936507,1.3327533580406776,1.0266668575809599,0.0,0.0
1009,2026-01-12,0.00448912214733003,0.0001456349206349,1.3387362506571865,1.0312756905092562,0.0,0.0
1010,2026-01-13,-0.0015768814479002757,0.0001456349206349,1.3366252222998936,1.0312756905092562,-0.0015768814479002469,0.0
1011,2026-01-14,0.0016981797098109825,0.0001456349206349,1.3388950521320249,1.0313980208790638,0.0,0.0
1012,2026-01-15,0.0009985639360260731,0.0001460317460317,1.3402320244452077,1.0324279377464025,0.0,0.0
1013,2026-01-16,-0.002251068559310398,0.0001456349206349,1.3372150702727983,1.0324279377464025,-0.002251068559310232,0.0
1014,2026-01-20,-0.0035124777415558917,0.0001468253968253,1.332518132102792,1.0324279377464025,-0.005755639472657004,0.0
1015,2026-01-21,0.01279372773742499,0.0001468253968253,1.3495660062900972,1.0396182327485464,0.0,0.0
1016,2026-01-22,0.006343645642150293,0.0001472222222222,1.3581271748046937,1.0462132024202218,0.0,0.0
1017,2026-01-23,0.0012018821269664907,0.0001468253968253,1.359759483582239,1.0474706273692072,0.0,0.0
1018,2026-01-26,0.0038035852334101896,0.0001456349206349,1.3649314446749818,1.0514547711798996,0.0,0.0
1019,2026-01-27,0.008739568525805772,0.0001456349206349,1.376860356568746,1.0606440322044117,0.0,0.0
1020,2026-01-28,0.00851936590451771,0.0001460317460317,1.38859033374578,1.0696800468092043,0.0,0.0
1021,2026-01-29,-0.0006504292474090392,0.0001456349206349,1.3876871539800422,1.0696800468092043,-0.0006504292474089901,0.0
1022,2026-01-30,-0.021103594182286283,0.0001456349206349,1.3584019674304757,1.0696800468092043,-0.021740297034813505,0.0
1023,2026-02-02,-0.002071019764826571,0.00014642857142849996,1.355588690107348,1.0696800468092043,-0.023766292214787876,0.0
1024,2026-02-03,0.00807222492422408,0.00014642857142849996,1.3665313069186287,1.0696800468092043,-0.01588591414693663,0.0
1025,2026-02-04,-0.004309604543458981,0.00014642857142849996,1.3606420973895532,1.0696800468092043,-0.020127056682610833,0.0
1026,2026-02-05,-0.006997279538987555,0.0001456349206349,1.3511213042816042,1.0696800468092043,-0.026983501579693203,0.0
1027,2026-02-06,0.017018479014397767,0.0001460317460317,1.3741153338444263,1.0696800468092043,-0.01042424072066439,0.0
1028,2026-02-09,0.005449504456620954,0.00014642857142849996,1.3816035814801226,1.0696800468092043,-0.005031543210307521,0.0
1029,2026-02-10,-0.0016042062713877408,0.00014642857142849996,1.3793872043501405,1.0696800468092043,-0.006627677848522473,0.0
1030,2026-02-11,0.005797253653717945,0.0001468253968253,1.387383861860451,1.0696800468092043,-0.0008688465244276466,0.0
1031,2026-02-12,-0.012280923760547732,0.0001468253968253,1.3703455064263286,1.0696800468092043,-0.013139100047049213,0.0
1032,2026-02-13,0.007777360686028207,0.0001460317460317,1.3810031776942842,1.0696800468092043,-0.005463926881176695,0.0
1033,2026-02-17,-0.00582044141371489,0.00014642857142849996,1.3729651296063605,1.0696800468092043,-0.0112525658285908,0.0
1034,2026-02-18,0.00647636729785225,0.0001468253968253,1.3818569560728347,1.0696800468092043,-0.0048490742800877396,0.0
1035,2026-02-19,-0.0012808358033177432,0.00014642857142849996,1.3800870242084329,1.0696800468092043,-0.006123699215454637,0.0
1036,2026-02-20,0.008691297015734059,0.00014642857142849996,1.3920817704433888,1.0723696234823006,0.0,0.0
1037,2026-02-23,-0.0016368491295009379,0.00014642857142849996,1.3898031426092445,1.0723696234823006,-0.0016368491295010168,0.0
1038,2026-02-24,0.003069950771301784,0.00014642857142849996,1.3940697698388553,1.0739010494433778,0.0,0.0
1039,2026-02-25,0.003996668253753019,0.00014642857142849996,1.399641404231487,1.0781930756753604,0.0,0.0
1040,2026-02-26,-0.0018963811961123823,0.0001460317460317,1.3969871505912022,1.0781930756753604,-0.00189638119611224,0.0
1041,2026-02-27,0.0012153070699744233,0.0001456349206349,1.3986849189519792,1.0781930756753604,-0.0006833788116128447,0.0
1042,2026-03-02,-0.002170967956618493,0.000147619047619,1.3956484188115288,1.0781930756753604,-0.0028528631747292144,0.0
1043,2026-03-03,-0.01971741462626897,0.0001472222222222,1.3681298402653252,1.0781930756753604,-0.022514026714909985,0.0
1044,2026-03-04,0.006966150029777456,0.0001472222222222,1.377660437992829,1.0781930756753604,-0.015704712773003005,0.0
1045,2026-03-05,-0.00934472384254563,0.0001468253968253,1.3647865816509857,1.0781930756753604,-0.02490268041165833,0.0
1046,2026-03-06,-0.005033832043804447,0.00014642857142849996,1.3579164752233166,1.0781930756753604,-0.02981115654482991,0.0
1047,2026-03-09,0.006810689461007656,0.0001472222222222,1.3671648226500486,1.0781930756753604,-0.023203501613522692,0.0
1048,2026-03-10,0.0005400645048943082,0.0001472222222222,1.367903179843102,1.0781930756753604,-0.022675968496238985,0.0
1049,2026-03-11,-0.0018122874317180817,0.0001472222222222,1.3654241461024652,1.0781930756753604,-0.024447160555249314,0.0
1050,2026-03-12,-0.015114462870052055,0.000147619047619,1.344786493544327,1.0781930756753604,-0.039192117724810904,0.0
1051,2026-03-13,-0.003173486491592235,0.000147619047619,1.3405188317729884,1.0781930756753604,-0.04224122856022661,0.0
1052,2026-03-16,0.009292058419469597,0.000147619047619,1.3529750110702221,1.0781930756753604,-0.03334167810424893,0.0
1053,2026-03-17,0.0037667098926372853,0.000147619047619,1.3580712754289113,1.0781930756753604,-0.029700556640363973,0.0
1054,2026-03-18,-0.0144172724629572,0.00014801587301580002,1.3384915918269369,1.0781930756753604,-0.04368962808593546,0.0
1055,2026-03-19,-0.005961252208812843,0.00014801587301580002,1.330512505868681,1.0781930756753604,-0.04939043540281873,0.0
1056,2026-03-20,-0.018735387395103213,0.0001484126984126,1.3055848386372018,1.0781930756753604,-0.06720047385703742,0.0
1057,2026-03-23,0.0057677280920821715,0.0001484126984126,1.3131150969876062,1.0781930756753604,-0.06182033982582169,0.0
1058,2026-03-24,-0.002677311523618391,0.0001484126984126,1.309599478806604,1.0781930756753604,-0.06433213904123036,0.0
1059,2026-03-25,0.009984360138306947,0.00014801587301580002,1.3226749916399483,1.0781930756753604,-0.054990094147578716,0.0
1060,2026-03-26,-0.01959338047760862,0.00014801587301580002,1.296759317280529,1.0781930756753604,-0.07350603278805434,0.0
1061,2026-03-27,-0.0018788466413007382,0.00014801587301580002,1.294322905392681,1.0781930756753604,-0.07524677286653603,0.0
1062,2026-03-30,-0.0028787106644315077,0.0001472222222222,1.2905969242417092,1.0781930756753604,-0.07790886984345258,0.0
1063,2026-03-31,0.023207284504827563,0.0001468253968253,1.3205481742436418,1.0781930756753604,-0.05650963864653169,0.0
1064,2026-04-01,0.008470280752353657,0.0001468253968253,1.3317335880264933,1.0781930756753604,-0.04851801039872827,0.0
1065,2026-04-02,-0.002533918656068134,0.0001468253968253,1.3283590834428805,1.0781930756753604,-0.05092898836309179,0.0
1066,2026-04-06,0.002363691784403665,0.000147619047619,1.3314989148951524,1.0781930756753604,-0.048685677010070094,0.0
1067,2026-04-07,0.002354133886209547,0.0001472222222222,1.3346334416101584,1.0781930756753604,-0.046446155725882954,0.0
1068,2026-04-08,0.021377901028774036,0.00014642857142849996,1.3631651032345924,1.0781930756753604,-0.02606117601738389,0.0
1069,2026-04-09,0.0030928585371690514,0.0001460317460317,1.3673811800617024,1.0781930756753604,-0.02304892101094891,0.0
1070,2026-04-10,-0.0015197295233900026,0.00014642857142849996,1.3653031305126349,1.0781930756753604,-0.024533622408596356,0.0
1071,2026-04-13,0.005228947844399092,0.0001472222222222,1.3724422293738803,1.0781930756753604,-0.019432959596205834,0.0
1072,2026-04-14,0.011456594519125063,0.0001472222222222,1.3881657434967407,1.0781930756753604,-0.008199000615481178,0.0
1073,2026-04-15,-0.00045627332195169565,0.0001472222222222,1.3875323605015357,1.0781930756753604,-0.008651532952185348,0.0
1074,2026-04-16,0.0021733854845186968,0.0001468253968253,1.3905480031931499,1.0781930756753604,-0.006496950583803729,0.0
1075,2026-04-17,0.010824376494450814,0.0001468253968253,1.4055998183133194,1.0827830519261452,0.0,0.0
1076,2026-04-20,-0.0030308009241173024,0.0001472222222222,1.4013397250850361,1.0827830519261452,-0.0030308009241173384,0.0
1077,2026-04-21,-0.008985863293731522,0.00014642857142849996,1.3887474778873468,1.0827830519261452,-0.01198942985507423,0.0
1078,2026-04-22,0.008398050399831191,0.00014642857142849996,1.400410249199283,1.0827830519261452,-0.0036920672914312336,0.0
1079,2026-04-23,-0.004535354545519641,0.00014642857142849996,1.3940588922099846,1.0827830519261452,-0.008210677002778444,0.0
1080,2026-04-24,0.008700702313694316,0.00014642857142849996,1.406188183638862,1.0832362904614228,0.0,0.0
1081,2026-04-27,-0.0009262290433522092,0.0001460317460317,1.4048857313027572,1.0832362904614228,-0.0009262290433520448,0.0
1082,2026-04-28,-0.006731234730418688,0.0001460317460317,1.3954291156759424,1.0832362904614228,-0.007651229108665891,0.0
1083,2026-04-29,-0.0008329301732953242,0.0001460317460317,1.394266820660801,1.0832362904614228,-0.008477786342373839,0.0
1084,2026-04-30,0.01000727044643,0.0001460317460317,1.4082196258096378,1.084801181922581,0.0,0.0
1085,2026-05-01,0.0025746987671827603,0.0001460317460317,1.4118453671441327,1.0875942181883156,0.0,0.0
1086,2026-05-04,-0.005097968212008912,0.0001468253968253,1.4046478243421598,1.0875942181883156,-0.005097968212008919,0.0
1087,2026-05-05,0.0123767138358267,0.00014642857142849996,1.4220327485041593,1.0954419168977403,0.0,0.0
1088,2026-05-06,0.016578324119366838,0.00014642857142849996,1.4456076683172154,1.1136025080500116,0.0,0.0
1089,2026-05-07,-0.005252750581035281,0.00014642857142849996,1.4380142517975132,1.1136025080500116,-0.005252750581035248,0.0
1090,2026-05-08,0.013704132724505604,0.00014642857142849996,1.4577209899638768,1.122933826402965,0.0,0.0
1091,2026-05-11,0.002089426420726669,0.0001468253968253,1.4607667907143553,1.125280114008579,0.0,0.0
1092,2026-05-12,-0.008958054464256206,0.0001468253968253,1.4476811622435592,1.125280114008579,-0.008958054464256238,0.0
1093,2026-05-13,0.005083338266685603,0.00014642857142849996,1.4550402152935518,1.125280114008579,-0.003920253018624087,0.0
1094,2026-05-14,0.00133634671721694,0.00014642857142849996,1.456984653508678,1.125280114008579,-0.002589145118659264,0.0
1095,2026-05-15,-0.01690037309760519,0.00014642857142849996,1.4323610692668962,1.125280114008579,-0.019445760697755277,0.0
1096,2026-05-18,-0.0011751394333747477,0.0001460317460317,1.4306778452915698,1.125280114008579,-0.020598048650922074,0.0
1097,2026-05-19,-0.006688762639851529,0.0001456349206349,1.4211083807703202,1.125280114008579,-0.0271490358325035,0.0
1098,2026-05-20,0.01314531166197339,0.00014484126984120002,1.4397892933409884,1.125280114008579,-0.014360606707870649,0.0
1099,2026-05-21,0.0039445299901339345,0.0001460317460317,1.4454685853880456,1.125280114008579,-0.010472722561572279,0.0
1100,2026-05-22,0.0021427921662497116,0.0001460317460317,1.4485659241493754,1.125280114008579,-0.008352371263186664,0.0
1101,2026-05-26,0.014260624605482237,0.0001460317460317,1.469223379009963,1.131794521853757,0.0,0.0
1102,2026-05-27,-0.0011886417971638521,0.0001460317460317,1.4674769986923013,1.131794521853757,-0.0011886417971638252,0.0
1103,2026-05-28,0.004472970504402676,0.00014642857142849996,1.4740409800233414,1.1355056896130757,0.0,0.0
1104,2026-05-29,0.0041463009434520885,0.00014642857142849996,1.4801527975294992,1.1402138379252138,0.0,0.0
1105,2026-06-01,0.004464572023246915,0.00015,1.4867610462994802,1.1453044047265337,0.0,0.0
1106,2026-06-02,0.0039009497172991913,0.00014960317460309996,1.4925608263827337,1.1497721796203733,0.0,0.0
1107,2026-06-03,-0.006237076007771504,0.00015,1.4832516110623624,1.1497721796203733,-0.006237076007771347,0.0
1108,2026-06-04,-0.0013447623508419577,0.00015,1.48125699013898,1.1497721796203733,-0.007573450973618723,0.0
1109,2026-06-05,-0.029985620429583606,0.00015,1.4368405802740052,1.1497721796203733,-0.037331976776965425,0.0
1110,2026-06-08,0.006690111524574107,0.0001507936507936,1.446453203999072,1.1497721796203733,-0.030891620340462,0.0
1111,2026-06-09,-0.0029141638926877098,0.0001503968253968,1.4422380022995156,1.1497721796203733,-0.03371576098856688,0.0
1112,2026-06-10,-0.01608519148840873,0.0001503968253968,1.4190393278606679,1.1497721796203733,-0.04925862800529701,0.0
1113,2026-06-11,0.023379024290737096,0.00015,1.4522150827762337,1.1497721796203733,-0.027031222375224262,0.0
1114,2026-06-12,0.0025787308391321973,0.00015,1.4559599545952417,1.1497721796203733,-0.024522197782850363,0.0
1115,2026-06-15,0.016984630480968398,0.0001503968253968,1.4806888964191296,1.1497721796203733,-0.007954067769805007,0.0
1116,2026-06-16,-0.00641330138194727,0.0001503968253968,1.4711927922734909,1.1497721796203733,-0.014316357317932016,0.0
1117,2026-06-17,-0.00933057870570548,0.0001519841269841,1.4574657121339163,1.1497721796203733,-0.023513356124903573,0.0
1118,2026-06-18,0.010429081245378634,0.0001519841269841,1.4726657404581145,1.1497721796203733,-0.013329497580903071,0.0
1119,2026-06-22,0.001713738636099363,0.0001527777777777,1.4751895046355976,1.1497721796203733,-0.011638602219807836,0.0
1120,2026-06-23,-0.01991299584131543,0.0001527777777777,1.4458140621646367,1.1497721796203733,-0.0313198386235215,0.0
1121,2026-06-24,-0.0034107924536241415,0.0001527777777777,1.4408826904720617,1.1497721796203733,-0.03462380560791989,0.0
1122,2026-06-25,0.009951208244919858,0.0001523809523809,1.4552212141814496,1.1497721796203733,-0.025017146062836115,0.0
1123,2026-06-26,-0.004363047725886773,0.0001519841269841,1.448872014572253,1.1497721796203733,-0.02927104278648529,0.0
1124,2026-06-29,0.00321488171897723,0.0001535714285714,1.453529966725039,1.1497721796203733,-0.026150264007857693,0.0
1125,2026-06-30,0.002031702111335762,0.0001535714285714,1.4564831066273243,1.1497721796203733,-0.02417169144311848,0.0
1126,2026-07-01,-0.007869685489435691,0.0001527777777777,1.445021042657491,1.1497721796203733,-0.03185115332314914,0.0
1127,2026-07-02,-0.0007619366705016466,0.0001515873015873,1.4439200281354438,1.1497721796203733,-0.03258882143193598,0.0
1128,2026-07-06,0.008800497664383884,0.0001535714285714,1.4566272429706069,1.1497721796203733,-0.024075121614448913,0.0
1129,2026-07-07,-0.010753830786699621,0.0001531746031746,1.4409629200804042,1.1497721796203733,-0.03457005261713764,0.0
1130,2026-07-08,-0.0015937125351086511,0.0001535714285714,1.4386664394120452,1.1497721796203733,-0.03610867042605104,0.0
1131,2026-07-09,0.007937828057844726,0.0001519841269841,1.4500863262406898,1.1497721796203733,-0.028457466785445695,0.0
1132,2026-07-10,0.00039478254442826667,0.0001519841269841,1.450658795010204,1.1497721796203733,-0.028073918752162808,0.0
