,Date,portfolio_return,rolling_return,rolling_vol,rf_rate,portfolio_value,running_peak,drawdown
0,2022-01-03,-0.004878576413363831,,,3.174603174603174e-06,0.9951214235866361,0.9951214235866361,0.0
1,2022-01-04,-0.0012280064136818685,,,3.174603174603174e-06,0.9938994080960796,0.9951214235866361,-0.0012280064136818147
2,2022-01-05,-0.01430575886872203,,,3.5714285714285718e-06,0.9796809228240916,0.9951214235866361,-0.015516197718760338
3,2022-01-06,-0.001152247907543643,,,3.968253968253968e-06,0.9785520875307071,0.9951214235866361,-0.0166505671199495
4,2022-01-07,-0.004226694588645841,,,3.968253968253968e-06,0.9744160467176329,0.9951214235866361,-0.020806884846651608
5,2022-01-10,-0.002779202077485098,,,5.158730158730158e-06,0.9717079476162606,0.9951214235866361,-0.023528260386544875
6,2022-01-11,0.006243782830032585,,,4.365079365079366e-06,0.9777750810153931,0.9951214235866361,-0.01743138290473434
7,2022-01-12,0.001912289603479456,,,4.7619047619047615e-06,0.9796448701373602,0.9951214235866361,-0.015552427153557757
8,2022-01-13,-0.005349359616388803,,,4.7619047619047615e-06,0.974404397430645,0.9951214235866361,-0.020818591244194495
9,2022-01-14,-0.00496653629585615,,,5.158730158730158e-06,0.9695649826239638,0.9951214235866361,-0.02568173125100781
10,2022-01-18,-0.01313929699578222,,,6.349206349206349e-06,0.9568255803605572,0.9951214235866361,-0.038483588352517084
11,2022-01-19,-0.0035359344291632944,,,6.746031746031747e-06,0.9534423078482561,0.9951214235866361,-0.041883447336667046
12,2022-01-20,-0.0060192380966356,,,6.746031746031747e-06,0.9477033115859117,0.9951214235866361,-0.0476505789914754
13,2022-01-21,-0.006724207479626488,,,6.746031746031747e-06,0.9413307578896789,0.9951214235866361,-0.05405437409143887
14,2022-01-24,-0.0007346223809756129,,,7.5396825396825394e-06,0.9406392352470324,0.9951214235866361,-0.05474928691941727
15,2022-01-25,-0.008032402628105988,,,7.5396825396825394e-06,0.9330836421817346,0.9951214235866361,-0.06234192123138482
16,2022-01-26,-0.007949785391194482,,,7.5396825396825394e-06,0.9256658274743557,0.9951214235866361,-0.06979610172791506
17,2022-01-27,-0.0014346515357448921,,,7.936507936507936e-06,0.924337819573383,0.9951214235866361,-0.07113062017912697
18,2022-01-28,0.015757735860308167,,,7.5396825396825394e-06,0.9389032907799136,0.9951214235866361,-0.056493741843181344
19,2022-01-31,0.010329525890486026,,,8.730158730158731e-06,0.9486017166306874,0.9951214235866361,-0.04674776952171478
20,2022-02-01,0.0021924396665738994,-0.0023819403460969384,0.11170826802696479,7.5396825396825394e-06,0.9506814686620086,0.9951214235866361,-0.04465782151936404
21,2022-02-02,0.007761833002572531,-0.0017800160881952071,0.11662256340984097,7.5396825396825394e-06,0.9580604994604036,0.9951214235866361,-0.037242615069683516
22,2022-02-03,-0.014579175636015866,-0.0024157860511634923,0.12471625223758119,7.936507936507936e-06,0.9440927671688413,0.9951214235866361,-0.051278824079453944
23,2022-02-04,-0.003494593983249266,-0.0019009686756647896,0.1171212990863544,9.126984126984127e-06,0.940793546265064,0.9951214235866361,-0.054594219392607
24,2022-02-07,-0.0011312998463993982,-0.0018999711489436349,0.11712300887780726,1.0714285714285714e-05,0.9397292266706808,0.9951214235866361,-0.05566375680699309
25,2022-02-08,0.0010730824091977965,-0.0016476008157129856,0.11723526234068074,9.92063492063492e-06,0.9407376335732301,0.9951214235866361,-0.05465040619605477
26,2022-02-09,0.012190051042454766,-0.0009347792385729924,0.1265155354713909,1.0317460317460317e-05,0.952205273344046,0.9951214235866361,-0.04312654639462077
27,2022-02-10,-0.017148372864270463,-0.002048691414492185,0.1354284336628241,1.5873015873015872e-05,0.9358765022734177,0.9951214235866361,-0.05953536916096802
28,2022-02-11,-0.007515959390040024,-0.002497655652278827,0.13589137679746766,1.4285714285714284e-05,0.928842492488238,0.9951214235866361,-0.06660386313412314
29,2022-02-14,-0.006500273467926479,-0.0025524610737806207,0.13625369563124992,1.7063492063492063e-05,0.922804762278434,0.9951214235866361,-0.07267119327765748
30,2022-02-15,0.007757759251755337,-0.001946542238180074,0.14047734085272448,1.5873015873015872e-05,0.9299636594605634,0.9951214235866361,-0.06547719964788812
31,2022-02-16,0.0021651067503751856,-0.0012177611074106736,0.13501059198350773,1.507936507936508e-05,0.931977130057265,0.9951214235866361,-0.06345385802446624
32,2022-02-17,-0.010212937368953517,-0.0015357136283530655,0.13839402194082231,1.4285714285714284e-05,0.9224589059986931,0.9951214235866361,-0.07301874511559747
33,2022-02-18,-0.0018693075760178894,-0.0013380978892760314,0.13744340380713269,1.3888888888888888e-05,0.9207345465771445,0.9951214235866361,-0.07475155819817947
34,2022-02-22,-0.005952986099459005,-0.0013013730616490086,0.13708810594184595,1.4682539682539685e-05,0.915253426620079,0.9951214235866361,-0.08025954931077184
35,2022-02-23,-0.013156998588954139,-0.001892914785838462,0.14306472705119447,1.3492063492063494e-05,0.9032114385775032,0.9951214235866361,-0.09236057312269408
36,2022-02-24,0.007311022132647598,-0.0011622755115168627,0.14463300082798997,1.26984126984127e-05,0.9098148373954038,0.9951214235866361,-0.08572480118433046
37,2022-02-25,0.016309078167712873,-7.091532521274176e-06,0.15437373839301327,1.3095238095238094e-05,0.9246530786966304,0.9951214235866361,-0.07081381550004462
38,2022-02-28,-0.0020994448447936576,-3.874835676169166e-05,0.15446834666716502,1.3888888888888888e-05,0.9227118205573381,0.9951214235866361,-0.07276459064494656
39,2022-03-01,-0.00574968120629524,-0.0010629110742189968,0.14439463396434563,1.26984126984127e-05,0.9174065217438531,0.9951214235866361,-0.07809589865192679
40,2022-03-02,0.004456720149685378,-0.001342568490447599,0.13992022062906131,1.3492063492063494e-05,0.9214951458747618,0.9951214235866361,-0.07398723006737118
41,2022-03-03,-0.0008769434308838605,-0.0014887295903265399,0.1393459510572588,1.507936507936508e-05,0.9206870467599956,0.9951214235866361,-0.07479929088287807
42,2022-03-04,-0.0018702025918054435,-0.001947397951963586,0.13522293939507873,1.3492063492063494e-05,0.9189651754589033,0.9951214235866361,-0.07652960364700923
43,2022-03-07,-0.019814802097103297,-0.0021967134977296542,0.14241065108745973,1.507936507936508e-05,0.9007560623730554,0.9951214235866361,-0.0948279867932772
44,2022-03-08,-0.0060198331167257485,-0.0023169629802761538,0.14296820447869818,1.4285714285714284e-05,0.8953336611986906,0.9951214235866361,-0.10027697125471235
45,2022-03-09,0.01637032293707248,-0.0014835523715393977,0.15696660479617994,1.507936507936508e-05,0.9099905623689446,0.9951214235866361,-0.085548214720231
46,2022-03-10,-0.006195642757899056,-0.0018296821414011525,0.15749356756209862,1.5476190476190476e-05,0.904352585931447,0.9951214235866361,-0.09121383130114746
47,2022-03-11,-0.007070389143325724,-0.0027468459597716523,0.14983703627791609,1.5873015873015872e-05,0.8979584612261388,0.9951214235866361,-0.09763930316192038
48,2022-03-14,-0.007459891904576386,-0.0022854897235957436,0.14163830215116913,1.785714285714286e-05,0.891259788170592,0.9951214235866361,-0.1043708164192707
49,2022-03-15,0.011162961704351305,-0.0013960172905294896,0.1476015094590215,1.825396825396825e-05,0.9012088870545687,0.9951214235866361,-0.09437294214165948
50,2022-03-16,0.01649998686390288,-0.0003007667985376154,0.15866911776516762,1.7460317460317463e-05,0.9160788218526016,0.9951214235866361,-0.07943010758340185
51,2022-03-17,0.007645992681927939,-0.00030608901614844397,0.15859805122839515,1.5873015873015872e-05,0.9230831538205557,0.9951214235866361,-0.07239143692278138
52,2022-03-18,0.008009017728714967,-2.7807540989406775e-05,0.16101888675267895,1.6666666666666664e-05,0.9304761431645826,0.9951214235866361,-0.06496220349578818
53,2022-03-21,-0.007362458536387964,0.00010792954627561965,0.15903762360534693,2.1428571428571428e-05,0.9236255511414352,0.9951214235866361,-0.07184638050250602
54,2022-03-22,0.0034562082039881724,0.0003615255357997178,0.1592731866731633,2.023809523809524e-05,0.9268177933487033,0.9951214235866361,-0.06863848834823749
55,2022-03-23,-0.004923127379869762,0.0004105664272087294,0.15879797957830133,1.984126984126984e-05,0.9222549512941178,0.9951214235866361,-0.0732236997068072
56,2022-03-24,0.006487304332126374,0.0013460094234506587,0.1520892598667734,2.0634920634920636e-05,0.9282378998349731,0.9951214235866361,-0.06721141979900314
57,2022-03-25,0.0003543955683130641,0.0010147414918156806,0.15055288235295097,2.1825396825396827e-05,0.9285668632330147,0.9951214235866361,-0.06688084366000702
58,2022-03-28,0.006163760866566822,0.0005316311441420594,0.14138995473719793,2.341269841269841e-05,0.9342903273266011,0.9951214235866361,-0.061129320320314706
59,2022-03-29,0.01489788983516954,0.0013410280336641166,0.1494357912302795,2.1825396825396827e-05,0.9482092816971772,0.9951214235866361,-0.04714212836497611
60,2022-03-30,-0.0021049023758397205,0.0015145889303524746,0.14778091272772947,2.1825396825396827e-05,0.9462133937273396,0.9951214235866361,-0.04914780116281814
61,2022-03-31,-0.008823252621513511,0.0008822092745810988,0.151561507124134,2.0634920634920636e-05,0.9378647139206236,0.9951214235866361,-0.05753741031888027
62,2022-04-01,0.006014326771395968,0.001210364998499186,0.1524312016186779,2.1031746031746032e-05,0.943505338777504,0.9951214235866361,-0.05186913233472201
63,2022-04-04,0.0019930943476087187,0.0013943315194236698,0.15203441410670268,2.619047619047619e-05,0.9453858339351601,0.9951214235866361,-0.04997941806158501
64,2022-04-05,-0.011742439477737366,0.001778729739393476,0.13993563711046597,2.57936507936508e-05,0.9342846979970663,0.9951214235866361,-0.06113497724760153
65,2022-04-06,-0.003944776060130234,0.0018775419801837388,0.13865732872893885,2.6587301587301588e-05,0.9305991540870614,0.9951214235866361,-0.06483858951304888
66,2022-04-07,-0.0004418966413034101,0.0010769600954991724,0.1283648588173596,2.6984126984126987e-05,0.9301879254464704,0.9951214235866361,-0.06525183419941971
67,2022-04-08,-0.0030736375761724697,0.0012256270089147244,0.12657934807809323,2.7777777777777776e-05,0.9273288648859163,0.9951214235866361,-0.06812491128608267
68,2022-04-11,-0.012635339054163886,0.0009606293941129071,0.13250419469410823,3.0555555555555554e-05,0.9156117502633697,0.9951214235866361,-0.07989946898811207
69,2022-04-12,-0.0028255429113952066,0.001181312679502487,0.12973701211171304,2.936507936507937e-05,0.9130246499728228,0.9951214235866361,-0.08249925252128376
70,2022-04-13,0.007656327858097719,0.0010143301153951734,0.12687474128995768,2.976190476190476e-05,0.9200150660355396,0.9951214235866361,-0.07547456598853708
71,2022-04-14,-0.010099119930173348,-0.0002522940176560756,0.11919460095168186,3.134920634920635e-05,0.9107237235460803,0.9951214235866361,-0.08481145922511446
72,2022-04-18,-0.0037836448629934394,-0.0007965624721761413,0.11618981669249938,3.214285714285715e-05,0.9072778684078789,0.9951214235866361,-0.08827420764608773
73,2022-04-19,0.008357456554494859,-0.0007799701471390035,0.11652831934883112,3.214285714285715e-05,0.9148604037759525,0.9951214235866361,-0.0806544989468776
74,2022-04-20,0.007085311905785434,-9.198107846407984e-05,0.1169920021769407,3.2539682539682536e-05,0.9213424750869579,0.9951214235866361,-0.07414064932273567
75,2022-04-21,-0.010093206691539411,-0.000737191311584441,0.12115550299455911,3.2936507936507936e-05,0.9120431750522107,0.9951214235866361,-0.08348553911641576
76,2022-04-22,-0.01658932437426023,-0.001292724501793511,0.13244800260489756,3.2936507936507936e-05,0.8969129949779394,0.9951214235866361,-0.09868989480171375
77,2022-04-25,0.00393801260626938,-0.0014141193458819391,0.13084591802082157,3.611111111111112e-05,0.9004450496588894,0.9951214235866361,-0.09514052424528485
78,2022-04-26,-0.015196669370505605,-0.0021546462477304473,0.1390310181093944,3.2936507936507936e-05,0.8867612839529148,0.9951214235866361,-0.10889137452509834
79,2022-04-27,-0.0023422003078172014,-0.00255969201793921,0.13570109835323216,3.2539682539682536e-05,0.8846843114006799,0.9951214235866361,-0.11097852942198405
80,2022-04-28,0.014560233688286926,-0.002575770882076477,0.1351577256646146,3.2539682539682536e-05,0.897565521715035,0.9951214235866361,-0.09803416905646367
81,2022-04-29,-0.02609461058185813,-0.0037181379395059256,0.1577625584644085,3.3730158730158734e-05,0.8741438989541789,0.9951214235866361,-0.1215706161730773
82,2022-05-02,-0.005680680659007853,-0.003568491655577085,0.15685421754301318,3.571428571428572e-05,0.8691781666142002,0.9951214235866361,-0.12656069298408712
83,2022-05-03,0.005735866439902859,-0.003581751671362471,0.1566426873047414,3.611111111111112e-05,0.8741636564903789,0.9951214235866361,-0.12155076177568258
84,2022-05-04,0.017336558304120248,-0.0028511105305762076,0.17180668739586044,3.531746031746032e-05,0.8893186456884673,0.9951214235866361,-0.10632147533999659
85,2022-05-05,-0.02817112895527935,-0.0036334290771258258,0.19088582064597096,3.3730158730158734e-05,0.8642655354384431,0.9951214235866361,-0.13149740830275736
86,2022-05-06,-0.008969181725746464,-0.003872686489774218,0.19178048273101586,3.3730158730158734e-05,0.8565137807917961,0.9951214235866361,-0.13928716587697176
87,2022-05-09,-0.020258142971321256,-0.004816317267394115,0.19944604655379988,3.650793650793651e-05,0.8391624021636089,0.9951214235866361,-0.15672360952788722
88,2022-05-10,0.0011932259708385675,-0.004613133288965018,0.2004609202482886,3.531746031746032e-05,0.8401637125356217,0.9951214235866361,-0.15571739023818099
89,2022-05-11,-0.0035171020286520398,-0.004178931525845407,0.1983404862569466,3.611111111111112e-05,0.8372087710378628,0.9951214235866361,-0.1586868183177299
90,2022-05-12,0.0012100887585559715,-0.003986758589181065,0.19917836521267737,3.809523809523809e-05,0.8382218679602602,0.9951214235866361,-0.15766875469415131
91,2022-05-13,0.014358884695086152,-0.003667589215991139,0.20537205577472553,4.0873015873015874e-05,0.8502577991112014,0.9951214235866361,-0.14557381746773623
92,2022-05-16,-0.001967622716198043,-0.0032803750629446958,0.20409122300949545,4.246031746031746e-05,0.8485848125510457,0.9951214235866361,-0.14725500583380102
93,2022-05-17,0.008912853787577628,-0.0026757798891079787,0.20839054245339877,4.206349206349207e-05,0.856148124911672,0.9951214235866361,-0.13965461438270899
94,2022-05-18,-0.020517888397587156,-0.004050796315397598,0.21308123880205948,4.0873015873015874e-05,0.8385817732329308,0.9951214235866361,-0.1573070849881837
95,2022-05-19,-0.0007181906179433157,-0.004422391673670396,0.20962932477146354,4.166666666666667e-05,0.8379795116710167,0.9951214235866361,-0.15791229913355243
96,2022-05-20,0.005292377643162434,-0.003689744800589356,0.211154868378268,4.0873015873015874e-05,0.8424144157040125,0.9951214235866361,-0.15345565301190478
97,2022-05-23,0.007976525878860666,-0.0025199424075835982,0.20938611246294822,4.246031746031746e-05,0.8491339560916009,0.9951214235866361,-0.146703170120551
98,2022-05-24,0.003225758974012274,-0.0025538592472148895,0.20912369370043654,4.206349206349207e-05,0.8518730575706019,0.9951214235866361,-0.14395064021407122
99,2022-05-25,0.005572415287502066,-0.0015648552158811907,0.20565012043369973,4.206349206349207e-05,0.8566200480196196,0.9951214235866361,-0.13918037767474367
100,2022-05-26,0.008600967986429,-0.001043751963774229,0.2086016309726814,4.246031746031746e-05,0.8639878096291695,0.9951214235866361,-0.13177649566103422
101,2022-05-27,0.01588135576263991,-0.0009808413888050393,0.20989301324290444,4.2857142857142856e-05,0.8777091074084743,0.9951214235866361,-0.1179879293071413
102,2022-05-31,-0.009763488125399036,-0.0002031688908784158,0.19214607861613625,4.603174603174603e-05,0.8691396049607371,0.9951214235866361,-0.12659944368580967
103,2022-06-01,-0.006949480176291567,-0.0002635879155109736,0.19265142183274836,4.563492063492063e-05,0.8630995365056325,0.9951214235866361,-0.1326691235378772
104,2022-06-02,0.012644610622539102,6.53999027097999e-05,0.19680408128860588,4.642857142857142e-05,0.8740130940732402,0.9951214235866361,-0.12170206232410807
105,2022-06-03,-0.010533470994028826,-0.0012617443495830131,0.18953297075751574,4.801587301587301e-05,0.8648067024984184,0.9951214235866361,-0.13095358817473235
106,2022-06-06,-0.0028023554901352656,-5.3707517909485466e-05,0.16261199014691563,5e-05,0.8623832066877661,0.9951214235866361,-0.1333889651580933
107,2022-06-07,0.008264959858350296,0.0007669658908570269,0.16166277631103215,5e-05,0.8695107692735559,0.9951214235866361,-0.1262264597423216
108,2022-06-08,-0.011893995844376877,0.0011652586111877115,0.1501424713819051,5.07936507936508e-05,0.8591688117971752,0.9951214235866361,-0.13661911859907294
109,2022-06-09,-0.015508063179315482,0.00036995912784704263,0.16086698770037122,5.158730158730159e-05,0.8458447675821271,0.9951214235866361,-0.1500084838556517
110,2022-06-10,-0.01892082397047449,-0.00036355144081116924,0.17388024269653973,5.515873015873015e-05,0.8298406876283588,0.9951214235866361,-0.16609102370901552
111,2022-06-13,-0.033977597794224004,-0.0020391555623721206,0.2090383331252352,6.865079365079365e-05,0.8016446945108402,0.9951214235866361,-0.19442524750242374
112,2022-06-14,-0.0067158061716077275,-0.003042712270309924,0.20079349690741946,7.261904761904762e-05,0.7962610041240077,0.9951214235866361,-0.19983533139693832
113,2022-06-15,0.015983373165105164,-0.0021879029426288194,0.21135567280642265,6.904761904761904e-05,0.808987940889743,0.9951214235866361,-0.1870460009051229
114,2022-06-16,-0.017467984330003523,-0.0034441333291803026,0.21364187968321138,6.30952380952381e-05,0.7948565522151192,0.9951214235866361,-0.20124666862232587
115,2022-06-17,0.002379740887422763,-0.002353770029894116,0.20514036005321537,6.468253968253968e-05,0.7967481048520613,0.9951214235866361,-0.19934584266068145
116,2022-06-21,0.010727416834757923,-0.0018087411035750097,0.21006270378140166,6.746031746031747e-05,0.8052951538851127,0.9951214235866361,-0.19075689177442068
117,2022-06-22,0.0064370134794666,-0.001754234635179573,0.21058701842281058,6.388888888888888e-05,0.8104788496456204,0.9951214235866361,-0.18554778297860708
118,2022-06-23,0.0098985849814554,-0.0016627080112464904,0.21180779518806506,6.547619047619048e-05,0.8185014434145099,0.9951214235866361,-0.17748585849508602
119,2022-06-24,0.016930873156791384,-0.001010083526352247,0.22091814844987442,6.865079365079365e-05,0.8323593875316116,0.9951214235866361,-0.16355997589559912
120,2022-06-27,-0.004130932819406153,-0.0014721477219193052,0.219829721597746,7.103174603174603e-05,0.8289209668201165,0.9951214235866361,-0.1670152534426369
121,2022-06-28,-0.010527070637036564,-0.002383006703989094,0.21876969486025324,7.103174603174603e-05,0.8201948572498805,0.9951214235866361,-0.17578414270922027
122,2022-06-29,0.002155020484027154,-0.003036641717256368,0.20929265903793443,7.063492063492064e-05,0.8219623939681476,0.9951214235866361,-0.17400794065349867
123,2022-06-30,-0.0016168510450572694,-0.0026487066181924744,0.20789141355755827,6.825396825396825e-05,0.8206334032124625,0.9951214235866361,-0.17534344677786207
124,2022-07-01,0.009846796130904664,-0.0018488839368974157,0.21162194281972674,6.865079365079365e-05,0.828714013032106,0.9951214235866361,-0.16722322182026916
125,2022-07-05,-0.001180158253688846,-0.002507206264336842,0.2050073982609984,7.53968253968254e-05,0.8277359993496786,0.9951214235866361,-0.16820603020851843
126,2022-07-06,-0.0016271045490592881,-0.0020830935764811495,0.20292485150449385,7.53968253968254e-05,0.8263891863397166,0.9951214235866361,-0.1695594459606462
127,2022-07-07,0.005877478844148045,-0.001669768131991468,0.2047565485540829,7.738095238095238e-05,0.8312462712994609,0.9951214235866361,-0.16467854917295732
128,2022-07-08,-0.0032204290558137502,-0.0022166914136183278,0.20157576210153086,7.857142857142857e-05,0.8285693016548313,0.9951214235866361,-0.1673686426441453
129,2022-07-11,-0.0034217057110494343,-0.0018132490263170205,0.1985649093136425,8.650793650793651e-05,0.8257341813433589,0.9951214235866361,-0.1702176621148085
130,2022-07-12,-0.0031815599574805255,-0.0012262726824201183,0.19234693729620425,8.80952380952381e-05,0.8231070585364739,0.9951214235866361,-0.1728576643744486
131,2022-07-13,-6.234388200344486e-05,-0.00032824982106435417,0.18126225336529367,9.484126984126983e-05,0.8230557428471403,0.9951214235866361,-0.17290923163862082
132,2022-07-14,-0.005794247257585574,0.0010138144902041425,0.1359748688524572,9.523809523809524e-05,0.8182867543663083,0.9951214235866361,-0.17770160005497304
133,2022-07-15,0.012933824400647097,0.0019495111841210389,0.13890636824550415,9.404761904761906e-05,0.8288703315566576,0.9951214235866361,-0.16706613694515104
134,2022-07-18,-0.006426109886583381,0.0008823929435644416,0.13189393535384814,9.92063492063492e-05,0.8235439197243456,0.9951214235866361,-0.17241866147739793
135,2022-07-19,0.016841715326220186,0.00251618816528938,0.12512417257148495,0.0001,0.8374138119789826,0.9951214235866361,-0.15848077216470802
136,2022-07-20,0.0008480413206232728,0.0024432500906798804,0.12525764850743132,9.96031746031746e-05,0.8381239734940015,0.9951214235866361,-0.15776712908740465
137,2022-07-21,0.010439088018793877,0.002429520147062545,0.12502113540986845,9.84126984126984e-05,0.8468732234239666,0.9951214235866361,-0.14897498601562653
138,2022-07-22,0.0007890343133366632,0.0021605687581992155,0.12426865052815847,9.88095238095238e-05,0.8475414354562942,0.9951214235866361,-0.14830349807808496
139,2022-07-25,-0.0008895975186513707,0.0016468457820036546,0.12139045258002783,0.0001039682539682,0.8467874646983581,0.9951214235866361,-0.14906116517283885
140,2022-07-26,-0.005559591726393957,0.0005758712637567333,0.11019583978389821,0.0001011904761904,0.842079672115607,0.9951214235866361,-0.15379203767861116
141,2022-07-27,0.01321585488996952,0.0014019087737270034,0.11703216551417839,9.682539682539682e-05,0.8532084748680799,0.9951214235866361,-0.14260867604183491
142,2022-07-28,0.013176931968762545,0.00253067080257458,0.11538378461303728,9.603174603174604e-05,0.8644511448965883,0.9951214235866361,-0.13131088889543097
143,2022-07-29,0.006968047698423528,0.002759862574688693,0.11638659089443305,9.563492063492065e-05,0.8704746817071845,0.9951214235866361,-0.12525782173415323
144,2022-08-01,0.002036078796674095,0.002933811614771139,0.11533894414661665,0.0001015873015873,0.87224703674965,0.9951214235866361,-0.12347677773242971
145,2022-08-02,-0.011552522406460231,0.0019147964463251915,0.12276125801352569,0.0001015873015873,0.8621703833136312,0.9951214235866361,-0.13360283189745858
146,2022-08-03,0.010409543590996623,0.002466687010357833,0.12561157096346434,0.0001,0.8711451835016006,0.9951214235866361,-0.12458403280897912
147,2022-08-04,0.0010506126002257296,0.0025941973507999767,0.12485217655174957,9.92063492063492e-05,0.8720604196080133,0.9951214235866361,-0.12366430976340959
148,2022-08-05,-0.0063660735072478564,0.002011171048352553,0.12796056170911282,0.0001023809523809,0.8665088188740273,0.9951214235866361,-0.1292431271844804
149,2022-08-08,0.0048556344843238165,0.002395745502644818,0.12685369707716931,0.0001051587301587,0.8707162689759227,0.9951214235866361,-0.1250150500853755
150,2022-08-09,-0.002623166954291281,0.0024337711577285394,0.12642170238275832,0.0001059523809523,0.8684322348325813,0.9951214235866361,-0.12731028169149372
151,2022-08-10,0.012496212839081021,0.0031803317670886133,0.12928052150095498,0.0001051587301587,0.879284348875368,0.9951214235866361,-0.11640496522903299
152,2022-08-11,-0.0057691321836428186,0.002908579943201024,0.1325541212916215,0.0001039682539682,0.8742116412396976,0.9951214235866361,-0.12150254178143716
153,2022-08-12,0.012394312751838506,0.0037747018484116947,0.1324821644796138,0.000104365079365,0.8850468937325204,0.9951214235866361,-0.11061416953258119
154,2022-08-15,0.00204360709115525,0.003256120071769226,0.1283008809823008,0.0001079365079365,0.886855581840557,0.9951214235866361,-0.10879661434266508
155,2022-08-16,0.0009159529321233107,0.0036057421107552586,0.12376017402799636,0.0001071428571428,0.8876678998111137,0.9951214235866361,-0.10798031398845409
156,2022-08-17,-0.0075903941898934355,0.0024423083242736576,0.11970994591964038,0.0001063492063492,0.8809301505418324,0.9951214235866361,-0.1147510950304268
157,2022-08-18,0.0002397312174207127,0.002413341176502107,0.11983050874525362,0.0001075396825396,0.8811413369992844,0.9951214235866361,-0.11453887323271816
158,2022-08-19,-0.01179790786014231,0.0013544366108384793,0.1256811539907915,0.0001087301587301,0.8707457126936042,0.9951214235866361,-0.12498546202005634
159,2022-08-22,-0.014575464130028457,0.0006227938278210924,0.13728613079984112,0.0001119047619047,0.8580541897918625,0.9951214235866361,-0.1377392050316364
160,2022-08-23,-0.004343525179963948,0.000458321082044303,0.13828331100022548,0.0001111111111111,0.854327209812728,0.9951214235866361,-0.14148445650627728
161,2022-08-24,0.0005299644275992657,0.0007482999465201708,0.13654221580888773,0.0001119047619047,0.854779972843459,0.9951214235866361,-0.1410294738076845
162,2022-08-25,0.01191215036283546,0.000686218778561406,0.13510947948539212,0.0001142857142857,0.8649622404071107,0.9951214235866361,-0.1307972877424377
163,2022-08-26,-0.019787680987116828,-0.0008835246955280879,0.14463202094683683,0.0001146825396825,0.847846643528033,0.9951214235866361,-0.14799679372572694
164,2022-08-29,-0.006478805256922325,-0.0015238510267350336,0.1429253177777318,0.0001178571428571,0.8423536102368796,0.9951214235866361,-0.15351675657745145
165,2022-08-30,-0.00660144254959885,-0.0019351615670337447,0.1433459232833708,0.0001178571428571,0.8367928612724537,0.9951214235866361,-0.1591047670781035
166,2022-08-31,-0.006761315529759344,-0.001707008858619417,0.14022245467174263,0.0001174603174603,0.8311350407043405,0.9951214235866361,-0.16479032507535885
167,2022-09-01,-0.003075593020514259,-0.002349158221072316,0.13314282146718726,0.0001178571428571,0.8285788075740453,0.9951214235866361,-0.16735909012222316
168,2022-09-02,-0.0064993782644811315,-0.0027086815955821666,0.13328240558726487,0.0001166666666666,0.8231935604816889,0.9951214235866361,-0.17277073835400047
169,2022-09-06,-0.005426115771992677,-0.002663921703427158,0.13299687771311616,0.0001206349206349,0.8187268169197564,0.9951214235866361,-0.17725938009767184
170,2022-09-07,0.015270292239006715,-0.0021679856198708295,0.14478692434090712,0.0001218253968253,0.8312290146780328,0.9951214235866361,-0.16469589039486165
171,2022-09-08,0.0007550373750113156,-0.0020071187470468966,0.14512563765927422,0.0001214285714285,0.8318566236513085,0.9951214235866361,-0.1640652045726093
172,2022-09-09,0.011605376058162056,-0.0020495395461382756,0.14403259088567277,0.0001222222222222,0.8415106325952549,0.9951214235866361,-0.15436386691157167
173,2022-09-12,0.005475686859149858,-0.001514071972671958,0.1456321386872967,0.0001257936507936,0.8461184813079917,0.9951214235866361,-0.1497334282499969
174,2022-09-13,-0.02788224656870362,-0.0034320033688882497,0.16296794516200475,0.0001301587301587,0.8225267971858252,0.9951214235866361,-0.17344077045265693
175,2022-09-14,0.0005198679594365044,-0.0035045623751605707,0.1624073852786213,0.0001285714285714,0.8229544025134601,0.9951214235866361,-0.17301106879263872
176,2022-09-15,-0.00962242186843482,-0.00400638974661572,0.16289537662826714,0.0001277777777777,0.8150355880739898,0.9951214235866361,-0.18096870516924202
177,2022-09-16,-0.004506163118869076,-0.003859521600376465,0.16238994819975766,0.0001269841269841,0.811362904766445,0.9951214235866361,-0.18465939378320795
178,2022-09-19,0.0030621076526799206,-0.0037251227225069787,0.1635776261351677,0.0001337301587301,0.813847385326231,0.9951214235866361,-0.18216273307337072
179,2022-09-20,-0.013001784820311522,-0.0037824501968007503,0.16437743560974424,0.0001329365079365,0.8032659167456462,0.9951214235866361,-0.19279607723598247
180,2022-09-21,-0.007603848789934323,-0.0034504685139391247,0.16033407278919037,0.0001313492063492,0.7971580041766043,0.9951214235866361,-0.19893393380732194
181,2022-09-22,-0.010644076845319036,-0.0037504947837179387,0.1622503386873675,0.0001305555555555,0.7886729931222874,0.9951214235866361,-0.2074605425740541
182,2022-09-23,-0.012142279091562956,-0.004353934951297093,0.1639673056803752,0.0001285714285714,0.7790967055278183,0.9951214235866361,-0.2170837778571959
183,2022-09-26,-0.015073249056915929,-0.005638953971285254,0.15672383074192583,0.0001345238095238,0.7673531868459748,0.9951214235866361,-0.2288848690642541
184,2022-09-27,-0.008956478945700177,-0.005123182445503509,0.1486885866727745,0.0001329365079365,0.7604804041840728,0.9951214235866361,-0.235791345499191
185,2022-09-28,0.02200228149164558,-0.003766940219381227,0.17569690162567916,0.0001349206349206,0.7772127081058112,0.9951214235866361,-0.21897701156451244
186,2022-09-29,-0.015812747751121924,-0.004205573800406135,0.18040381788563686,0.0001333333333333,0.7649228396035677,0.9951214235866361,-0.23132713106847025
187,2022-09-30,-0.0068801341330327415,-0.00421123182913344,0.18042549541995886,0.0001321428571428,0.7596600678656747,0.9951214235866361,-0.23661570351114236
188,2022-10-03,0.01947263970355043,-0.0031375064613208357,0.19824157111612753,0.0001373015873015,0.7744526546643977,0.9951214235866361,-0.2217505961502665
189,2022-10-04,0.019885700663320037,-0.0018810741314255416,0.21311608861496956,0.0001369047619047,0.7898531883329675,0.9951214235866361,-0.20627456146390344
190,2022-10-05,-0.007744627530014222,-0.0019914794532360914,0.21375242115614063,0.0001373015873015,0.7837360695859344,0.9951214235866361,-0.21242166934646267
191,2022-10-06,-0.012878807468922823,-0.0033319127726613076,0.20725297426937947,0.0001373015873015,0.7736424836392869,0.9951214235866361,-0.22256473903364526
192,2022-10-07,-0.019038938327465147,-0.004274483044207807,0.2135809187086621,0.0001369047619047,0.7589131521057715,0.9951214235866361,-0.2373662810207805
193,2022-10-10,-0.0073825820736615495,-0.005178671526675597,0.2057786718061309,0.0001369047619047,0.7533104134735694,0.9951214235866361,-0.24299648704328636
194,2022-10-11,-0.0013792042404864521,-0.005505094912372564,0.20265307201982477,0.0001456349206349,0.7522714445569041,0.9951214235866361,-0.24404054949841936
195,2022-10-12,-0.002961588642389739,-0.004318396915881427,0.18565525493144844,0.0001468253968253,0.7500435259907102,0.9951214235866361,-0.24627939042113212
196,2022-10-13,0.013280973157143619,-0.0037107252398001353,0.1948792237558476,0.0001503968253968,0.7600048339260823,0.9951214235866361,-0.23626924723732912
197,2022-10-14,-0.01690441872956684,-0.004057486995092137,0.19924626794424272,0.0001511904761904,0.747157393976901,0.9951214235866361,-0.2491796716786765
198,2022-10-17,0.018646066768675446,-0.0029549998575900166,0.21417191782602252,0.0001575396825396,0.7610889406317037,0.9951214235866361,-0.23517982570551832
199,2022-10-18,0.00775829369232793,-0.002731371950940111,0.2164401724347444,0.0001603174603174,0.7669936921591073,0.9951214235866361,-0.2292461261715243
200,2022-10-19,-0.012583059605314861,-0.002711432654987889,0.21619454224415982,0.0001615079365079,0.7573425648137687,0.9951214235866361,-0.23894456810693532
201,2022-10-20,-0.007598431689268032,-0.002711174697813304,0.21619299845275242,0.0001623015873015,0.7515879490696563,0.9951214235866361,-0.24472739581792113
202,2022-10-21,0.010193136347196114,-0.0017189264505506777,0.2185958297333819,0.0001623015873015,0.7592489875114328,0.9951214235866361,-0.23702879918419129
203,2022-10-24,0.003562833695115174,-0.0009710639368993383,0.21591365260609194,0.0001650793650793,0.7619540653871206,0.9951214235866361,-0.2343104596815222
204,2022-10-25,0.0213347567480502,0.0007626506252419061,0.22268076385644153,0.0001642857142857,0.7782101700253428,0.9951214235866361,-0.21797465959430118
205,2022-10-26,0.0018541203928531924,0.0012774410699349236,0.21986677096022794,0.0001630952380952,0.7796530653715126,0.9951214235866361,-0.21652469046292688
206,2022-10-27,-0.0010622590176594966,0.00017912961711087253,0.2065895653189314,0.0001638888888888,0.7788248718721758,0.9951214235866361,-0.21735694417559626
207,2022-10-28,0.013669364816669177,0.0015830397393866392,0.2030478636970161,0.000165873015873,0.7894709131740922,0.9951214235866361,-0.20665871072429964
208,2022-10-31,-0.0062332256837397525,0.0016138449036386861,0.20272022442651957,0.0001674603174603,0.78454996280153,0.9951214235866361,-0.21160378602458418
209,2022-11-01,0.0014614258831489866,0.0007561680550481414,0.19204827326406457,0.0001678571428571,0.7856965244237917,0.9951214235866361,-0.21045160339130387
210,2022-11-02,-0.017100082140857963,-0.0010050596975317635,0.18833054509783895,0.0001674603174603,0.7722610493183582,0.9951214235866361,-0.22395294582749536
211,2022-11-03,-0.006810155570176822,-0.0009605610327776016,0.1879365984967263,0.0001686507936507,0.7670018314317121,0.9951214235866361,-0.2292379469961876
212,2022-11-04,0.01051009680111428,0.00015319631341464157,0.1867084253613642,0.0001670634920634,0.7750630949266913,0.9951214235866361,-0.22113716320849197
213,2022-11-07,0.0021960061968824794,0.0011643841479073856,0.17320797870015303,0.000170238095238,0.7767651382861253,0.9951214235866361,-0.21942677559237633
214,2022-11-08,0.007057784233882978,0.0018520206387428397,0.17144409203437808,0.0001698412698412,0.782247379032551,0.9951214235866361,-0.21391765819576092
215,2022-11-09,-0.009999950867847161,0.0014415088945828058,0.17603080511984995,0.000170238095238,0.7744249436757233,0.9951214235866361,-0.22177844299188554
216,2022-11-10,0.04882996194691423,0.003907773208359185,0.2396425067257785,0.0001698412698412,0.81224008420615,0.9951214235866361,-0.18377791397691112
217,2022-11-11,0.004576083069471982,0.0034932546327557743,0.23723763813719123,0.0001698412698412,0.8159569623038322,0.9951214235866361,-0.18004281390813182
218,2022-11-14,-0.008542267469091336,0.003891452311826036,0.22983141516535205,0.0001722222222222,0.8089868396885656,0.9951214235866361,-0.18704710750493203
219,2022-11-15,0.009501885336299061,0.003456015100760494,0.2245571563822015,0.0001710317460317,0.8166737398778613,0.9951214235866361,-0.17932252233663126
220,2022-11-16,-7.533666628393694e-05,0.003082985083683738,0.22430560327578747,0.0001714285714285,0.8166122144008573,0.9951214235866361,-0.17938434944189263
221,2022-11-17,-0.004068714250916601,0.0034884301005598463,0.21868150925313584,0.0001714285714285,0.813289652646652,0.9951214235866361,-0.18272320003384368
222,2022-11-18,0.0032779786882182593,0.0040063544042496695,0.21494745777580693,0.0001722222222222,0.8159555987953762,0.9951214235866361,-0.18004418410117928
223,2022-11-21,-0.0005349698078338096,0.0034954922063911015,0.21426836191474513,0.000175,0.8155190871854876,0.9951214235866361,-0.18048283570644297
224,2022-11-22,0.010719379796951749,0.0038362801160023666,0.21572591277157685,0.0001746031746031,0.8242609460126923,0.9951214235866361,-0.17169811997225948
225,2022-11-23,0.007593487783130707,0.003181933974815724,0.2067466251541157,0.0001746031746031,0.8305199614363514,0.9951214235866361,-0.16540841976552456
226,2022-11-25,0.001215819085092114,0.0031515386744461493,0.2068100923383702,0.000175,0.8315297234560157,0.9951214235866361,-0.16439370739401826
227,2022-11-28,-0.011214705231653488,0.002668088854732149,0.21233309961960878,0.000175,0.8222043627160982,0.9951214235866361,-0.17376478565530917
228,2022-11-29,-0.00019140439628971898,0.002008052225543631,0.20868192390292525,0.0001738095238095,0.8220469891864257,0.9951214235866361,-0.17392293070770415
229,2022-11-30,0.020606423869455937,0.003286130775695806,0.21591313750071803,0.0001734126984126,0.8389864378862112,0.9951214235866361,-0.1569004364690293
230,2022-12-01,0.007306953338097184,0.003564489225931435,0.21623998914157685,0.0001718253968253,0.845116872639142,0.9951214235866361,-0.15073994729893836
231,2022-12-02,0.0018438229831834168,0.0044665799461238815,0.20298080175035557,0.0001722222222222,0.8466751185523902,0.9951214235866361,-0.14917406209506867
232,2022-12-05,-0.014474032317585355,0.004101633434342523,0.20996165945425396,0.0001730158730158,0.8344203155239674,0.9951214235866361,-0.16148894421694449
233,2022-12-06,-0.004913371548127309,0.003367182560569114,0.2108262614282834,0.0001734126984126,0.8303204984864926,0.9951214235866361,-0.16560886058121915
234,2022-12-07,0.00480900525132637,0.0034916110869712036,0.2108376782069811,0.000170238095238,0.834313514123998,0.9951214235866361,-0.16159626921009407
235,2022-12-08,0.004121713817525594,0.003351798210001804,0.21045691998978455,0.0001698412698412,0.8377523156633112,0.9951214235866361,-0.15814060896823234
236,2022-12-09,-0.008278418088787468,0.0034337759613855996,0.2091612902421899,0.0001710317460317,0.8308170517394005,0.9951214235866361,-0.16510987297916535
237,2022-12-12,0.00793327960072844,0.001486314897281514,0.13051345995649802,0.0001738095238095,0.8374081557079021,0.9951214235866361,-0.1584864561656213
238,2022-12-13,0.009535312965691442,0.001722468701863393,0.1330978102945925,0.000172619047619,0.8453931045525994,0.9951214235866361,-0.15046236116029232
239,2022-12-14,-0.002276543912956315,0.0020208364902507747,0.12870654771594517,0.0001718253968253,0.843468530026375,0.9951214235866361,-0.15239637090082014
240,2022-12-15,-0.014605360065299073,0.0008728724235080067,0.1378206453666759,0.0001722222222222,0.8311493684415913,0.9951214235866361,-0.16477592709646782
241,2022-12-16,-0.011574938940379226,0.0003252723152177548,0.14441676498747943,0.0001710317460317,0.8215288652515451,0.9951214235866361,-0.1744435947418611
242,2022-12-19,-0.00908237081028592,8.652676477159679e-05,0.1473533084519427,0.0001734126984126,0.8140674354659772,0.9951214235866361,-0.18194160413922222
243,2022-12-20,-0.0031338377308412525,-0.0002187978266121895,0.14727751523019555,0.000172619047619,0.8115162802212647,0.9951214235866361,-0.18450526640620224
244,2022-12-21,0.00929544035024194,0.0002493169428199891,0.1509038963461308,0.0001718253968253,0.8190596813973116,0.9951214235866361,-0.17692488375414472
245,2022-12-22,-0.0071582020852804995,-0.0006019964801434513,0.147953912111326,0.000172619047619,0.8131966866779642,0.9951214235866361,-0.18281662176759816
246,2022-12-23,0.001204305522120515,-0.0009062432544772701,0.1451230042178059,0.0001722222222222,0.8141760239383006,0.9951214235866361,-0.18183248331260782
247,2022-12-27,-0.0050659049010472485,-0.001205372968102954,0.14559631086883407,0.0001769841269841,0.8100514856283163,0.9951214235866361,-0.18597724214527223
248,2022-12-28,-0.010057202047555884,-0.001150253768860211,0.14464577590144695,0.0001769841269841,0.8019046341684295,0.9951214235866361,-0.19416403349232592
249,2022-12-29,0.014292355436776458,-0.00046055091966658334,0.15423917538184168,0.0001765873015873,0.8133657402263629,0.9951214235866361,-0.18264673943525989
250,2022-12-30,-0.006499697416917768,-0.0017513185999700931,0.13496783623420153,0.0001753968253968,0.8080791090256042,0.9951214235866361,-0.18795928831166187
251,2023-01-03,0.004250879292680893,-0.0018968459354661068,0.1327809722305329,0.0001797619047619,0.8115141557770092,0.9951214235866361,-0.184507401265532
252,2023-01-04,0.010908547474265447,-0.0014651923882717244,0.1395396083673234,0.0001805555555555,0.8203665964713411,0.9951214235866361,-0.17561156153732493
253,2023-01-05,-0.009485954947433008,-0.0012276648944549461,0.1346650213378264,0.0001849206349206,0.812584635896835,0.9951214235866361,-0.18343167312376651
254,2023-01-06,0.021629740949217977,3.629284351387707e-05,0.1553183525559483,0.0001853174603174,0.8301606310705981,0.9951214235866361,-0.16576951174609733
255,2023-01-09,0.0009865262257020837,-0.00014572996723013657,0.1544000914703099,0.0001865079365079,0.8309796063046946,0.9951214235866361,-0.16494652149115474
256,2023-01-10,-1.1089216496207939e-05,-0.0003425301117073652,0.15362261897456106,0.0001876984126984,0.8309703913919364,0.9951214235866361,-0.1649557815799637
257,2023-01-11,0.014665359005166757,0.000750030702290455,0.15914934803502084,0.0001873015873015,0.8431568705043632,0.9951214235866361,-0.1527095583316449
258,2023-01-12,0.008795922712974079,0.0007911089457307234,0.1596671495277698,0.0001849206349206,0.8505732131722327,0.9951214235866361,-0.14525685709128844
259,2023-01-13,-0.000879509817699999,0.0002951650036644643,0.15652563302329722,0.0001853174603174,0.849825125680575,0.9951214235866361,-0.14600861207708837
260,2023-01-17,-0.0013168557887088576,0.00034086443815243845,0.15636217969360414,0.0001869047619047,0.8487060285444323,0.9951214235866361,-0.14713319557978222
261,2023-01-18,-0.003948239293541791,0.00084834637966469,0.14764170204234564,0.0001861111111111,0.8453551340538674,0.9951214235866361,-0.15050051780915152
262,2023-01-19,-0.0052710158622337935,0.0011485331929097105,0.1424829694144901,0.0001869047619047,0.8408992537330487,0.9951214235866361,-0.15497824305473884
263,2023-01-20,0.006819914261213403,0.001905784862981107,0.1386941991172114,0.0001873015873015,0.8466341145458264,0.9951214235866361,-0.1492152671235123
264,2023-01-23,0.00451694462625558,0.0022701078323666703,0.13772021171587756,0.0001876984126984,0.8504583139599289,0.9951214235866361,-0.14537231959624553
265,2023-01-24,0.0026864549541893708,0.001955394242078453,0.13535492937577148,0.0001873015873015,0.8527430319107981,0.9951214235866361,-0.14307640083023743
266,2023-01-25,0.0017152527131493393,0.0023779397086703498,0.13125514985506714,0.0001873015873015,0.8542057017099024,0.9951214235866361,-0.14160656030179963
267,2023-01-26,0.004241377023923523,0.00252256216113716,0.1313345988208545,0.0001869047619047,0.8578287101468393,0.9951214235866361,-0.1379657900891771
268,2023-01-27,0.001292298424068764,0.0028253337480474462,0.12852245961594677,0.0001876984126984,0.8589372808370831,0.9951214235866361,-0.1368517846382158
269,2023-01-30,-0.00811465786742272,0.002917835851863311,0.12622470838971747,0.0001873015873015,0.8519672986735158,0.9951214235866361,-0.14385593709475308
270,2023-01-31,0.011374620231708531,0.0027788960801934095,0.1232822034184347,0.0001865079365079,0.8616581031457616,0.9951214235866361,-0.134117623515574
271,2023-02-01,0.009312482538044514,0.0035318570304297085,0.12042254518232444,0.0001849206349206,0.8696822791850712,0.9951214235866361,-0.12605410900456215
272,2023-02-02,0.008390043990441918,0.003728960111275472,0.12158199134890245,0.0001849206349206,0.8769789517651417,0.9951214235866361,-0.11872166453384447
273,2023-02-03,-0.012118523603713594,0.0026324329170859936,0.1303032845436802,0.0001865079365079,0.8663512616382159,0.9951214235866361,-0.12940145684363258
274,2023-02-06,-0.0066521481082695896,0.0027673760999033,0.12731816053869463,0.0001869047619047,0.8605881647320122,0.9951214235866361,-0.1351928072955525
275,2023-02-07,0.003792185375381258,0.0019179686916253606,0.10746767393761615,0.0001869047619047,0.8638516745845352,0.9951214235866361,-0.13191329810685415
276,2023-02-08,-0.005388144872033054,0.0016144129250665444,0.11039278342742713,0.0001873015873015,0.8591971166139253,0.9951214235866361,-0.13659067501813982
277,2023-02-09,-0.006528911067884953,0.0013040404559527946,0.1138566552038641,0.0001892857142857,0.8535874950497697,0.9951214235866361,-0.14222779771612903
278,2023-02-10,-0.0009724480543932027,0.0005593829769261298,0.10311400810336536,0.0001900793650793,0.8527574255509541,0.9951214235866361,-0.1430619366253526
279,2023-02-13,0.009108176278110332,0.0005742521943135705,0.10343345829474987,0.000190873015873,0.8605244905053396,0.9951214235866361,-0.135256793684714
280,2023-02-14,-0.0027488265749669514,0.00048523711063419177,0.10396583326781522,0.0001904761904761,0.8581590579174286,0.9951214235866361,-0.13763382279075553
281,2023-02-15,-0.0004943481395078949,0.0005244041415485232,0.10382514332362473,0.0001900793650793,0.8577348285837453,0.9951214235866361,-0.1380601319060335
282,2023-02-16,-0.009506199325014428,0.00025973937814506446,0.10852093122333381,0.0001920634920634,0.8495810303352211,0.9951214235866361,-0.1462539040983114
283,2023-02-17,0.0011311821473713101,0.0005646059500310217,0.10665994390117768,0.0001920634920634,0.8505420612294817,0.9951214235866361,-0.14528816175623938
284,2023-02-21,-0.016165541032543876,-0.0005299395401478962,0.11871408313021375,0.0001928571428571,0.8367925886387722,0.9951214235866361,-0.15910504104836987
285,2023-02-22,-0.0012584787421312982,-0.0008049597005472714,0.11729779544859939,0.0001920634920634,0.8357395029543973,0.9951214235866361,-0.16016328947857583
286,2023-02-23,0.005668506578560989,-0.0006629572422438611,0.11886065868948305,0.0001920634920634,0.8404768978248575,0.9951214235866361,-0.1554026695600682
287,2023-02-24,-0.012155988267909566,-0.0013234925270561898,0.12492188067269804,0.0001928571428571,0.8302600705154495,0.9951214235866361,-0.1656695848000037
288,2023-02-27,0.0037096793037691366,-0.0013488114661111606,0.12463669693701877,0.0001940476190476,0.8333400691157866,0.9951214235866361,-0.16257448652623108
289,2023-02-28,-0.0023121523361033926,-0.0015204519785003109,0.12429928918890133,0.0001936507936507,0.831413259928212,0.9951214235866361,-0.1645107418835221
290,2023-03-01,-0.005470646284939783,-0.0013945466650487424,0.12286104716225787,0.0001944444444444,0.8268648920665361,0.9951214235866361,-0.16908140808954397
291,2023-03-02,0.003783063732060704,-0.0017560493555081628,0.11551443114048791,0.0001948412698412,0.8299929746510273,0.9951214235866361,-0.1659379901001926
292,2023-03-03,0.014856449222173468,-0.0014920509419782124,0.12352640453263905,0.0001948412698412,0.842323723133691,0.9951214235866361,-0.15354679020197226
293,2023-03-06,-0.0022285068912538874,-0.001997696222058965,0.11818414102016533,0.0001956349206349,0.8404465989120209,0.9951214235866361,-0.15543311701313112
294,2023-03-07,-0.010720158173488257,-0.0019311073920482349,0.11676604985084478,0.0002,0.8314368784353138,0.9951214235866361,-0.16448700758684032
295,2023-03-08,0.0032408786215629274,-0.001460010881103829,0.1167552932673348,0.0002007936507936,0.8341314644398138,0.9951214235866361,-0.1617792113916905
296,2023-03-09,-0.009774201562570545,-0.0021060293067205822,0.11851066166369899,0.0002003968253968,0.8259784953766969,0.9951214235866361,-0.1699721503334849
297,2023-03-10,-0.005014780217563642,-0.002088250037460134,0.11838736844850524,0.0001988095238095,0.8218363947579489,0.9951214235866361,-0.1741345575740194
298,2023-03-13,0.003135028523332304,-0.0016280624378783599,0.11855306784165653,0.0001932539682539,0.8244128752970276,0.9951214235866361,-0.17154544585557963
299,2023-03-14,0.006027626612368758,-0.0012947255489849329,0.12148454243072947,0.0001936507936507,0.8293821282837472,0.9951214235866361,-0.16655183113788075
300,2023-03-15,-0.0014938353378424315,-0.0017995832449826837,0.1154468508266777,0.000188492063492,0.828143167951942,0.9951214235866361,-0.167796865464787
301,2023-03-16,0.006549723294398622,-0.0013567951559652752,0.11892477346430046,0.0001880952380952,0.8335672765501738,0.9951214235866361,-0.16234616520885026
302,2023-03-17,-0.005686042552778148,-0.0016040186994543352,0.11980697595676996,0.000179365079365,0.8288275775451062,0.9951214235866361,-0.16710910055797057
303,2023-03-20,0.005924108603496678,-0.0008692421314299964,0.11890387166144187,0.000190873015873,0.8337376421280565,0.9951214235866361,-0.16217496441481194
304,2023-03-21,0.0033084477220541473,-0.0007655628183498613,0.11960256679762886,0.0001896825396825,0.8364960195309459,0.9951214235866361,-0.15940306408435012
305,2023-03-22,-0.008798918457533169,-0.00041477126715887535,0.10998702049749244,0.0001900793650793,0.829135759265042,0.9951214235866361,-0.16679940797912418
306,2023-03-23,0.0009720514827029306,-0.00030855554216676923,0.11004282621017022,0.0001876984126984,0.8299417219091977,0.9951214235866361,-0.16598949410826125
307,2023-03-24,0.007770651214784414,-0.00020845341663232046,0.11170980665068311,0.0001880952380952,0.8363909095587516,0.9951214235866361,-0.1595086893575106
308,2023-03-27,-0.003528572014889735,0.00020237592874957621,0.10380146654122867,0.0001948412698412,0.8334396440017744,0.9951214235866361,-0.16247442347500174
309,2023-03-28,-0.0008638751107086284,-1.5412376701745922e-05,0.1030607782645076,0.0001904761904761,0.8327196562370434,0.9951214235866361,-0.16319794097514362
310,2023-03-29,0.0102234423528111,0.0005815207037227538,0.10854346777108786,0.0001904761904761,0.8412329176386355,0.9951214235866361,-0.15464294336398932
311,2023-03-30,0.006907118906871186,0.0011709380938089904,0.10831621873910044,0.0001972222222222,0.8470434134291398,0.9951214235866361,-0.14880396165504173
312,2023-03-31,0.012300558028738544,0.0015765330603174591,0.114732927421728,0.0001924603174603,0.8574625200888857,0.9951214235866361,-0.13833377539154723
313,2023-04-03,0.0026344454329863052,0.0009945328798799749,0.10424026129978287,0.0001944444444444,0.8597214583088908,0.9951214235866361,-0.1360637627413689
314,2023-04-04,-0.0007220603590941221,0.00106626842903044,0.10378299550082806,0.0001936507936507,0.8591006875239833,0.9951214235866361,-0.13668757685107835
315,2023-04-05,0.00020181658934444147,0.0015863624653558066,0.09464862381232905,0.0001928571428571,0.8592740682946428,0.9951214235866361,-0.1365133460822998
316,2023-04-06,0.003544044527407142,0.001600798937062674,0.0947211963879996,0.0001948412698412,0.8623193738539253,0.9951214235866361,-0.13345311093199363
317,2023-04-10,-0.002700744523902313,0.001937630224618304,0.08686140702126681,0.0002015873015873,0.8599904695271344,0.9951214235866361,-0.13579343269734867
318,2023-04-11,0.0017138022348873923,0.002258038912830258,0.08312242324174081,0.0002,0.861464323115792,0.9951214235866361,-0.13431235355090088
319,2023-04-12,-0.000984398745691802,0.002061875709543396,0.08379697790487071,0.0001992063492063,0.8606162987166586,0.9951214235866361,-0.13516453538422635
320,2023-04-13,0.00472384602862648,0.0019997909198413827,0.08313865414014077,0.0002023809523809,0.8646817176015225,0.9951214235866361,-0.1310791858092858
321,2023-04-14,-0.006539637326143256,0.0017595146346842004,0.0875316314933872,0.0002039682539682,0.8590270127658619,0.9951214235866361,-0.13676161279923016
322,2023-04-17,0.0016581241789842965,0.0015265813434739944,0.08578134148877584,0.000206746031746,0.8604513862261297,0.9951214235866361,-0.1353302563571851
323,2023-04-18,0.0011209825450867077,0.0018507253957532736,0.08171434106906612,0.0002063492063492,0.8614159372109848,0.9951214235866361,-0.13436097666729696
324,2023-04-19,-0.0004898453291543756,0.0015452990180079853,0.08070013378174964,0.0002047619047619,0.8609939766376827,0.9951214235866361,-0.1347850058996104
325,2023-04-20,-0.0008803640812276986,0.0013458317892802783,0.08085141168891437,0.0002031746031746,0.8602359884664975,0.9951214235866361,-0.13554671010295594
326,2023-04-21,0.00017654747139369707,0.001773234928752986,0.07217410448909659,0.0002039682539682,0.8603878609550631,0.9951214235866361,-0.13539409306048666
327,2023-04-24,0.0022561533993535002,0.0018343826390696798,0.07213156439025087,0.0002063492063492,0.8623290279523194,0.9951214235866361,-0.133443409504444
328,2023-04-25,-0.005810867185853819,0.0011876436676107164,0.07338079486966574,0.0002031746031746,0.857318148500382,0.9951214235866361,-0.13847885476084
329,2023-04-26,-0.006267663522388228,0.0010572107386822168,0.07615976503701129,0.0002047619047619,0.8519447668139447,0.9951214235866361,-0.14387857941662163
330,2023-04-27,0.010754377792023626,0.0016104608769075622,0.0828109893264996,0.0002055555555555,0.8611069026941993,0.9951214235866361,-0.13467152622382406
331,2023-04-28,0.008025987137991186,0.0015058201523923283,0.08024122576077174,0.0002023809523809,0.8680181356196585,0.9951214235866361,-0.12772641102315885
332,2023-05-01,-0.006844141781800644,0.0008509982148365269,0.08268070357539839,0.0002091269841269,0.8620772964303033,0.9951214235866361,-0.13369637513863641
333,2023-05-02,-0.0029389487902633585,0.0001253074139316743,0.07229087985579376,0.0002079365079365,0.8595436954028459,0.9951214235866361,-0.1362423971289235
334,2023-05-03,-0.0009324866634195938,-4.454649542098757e-05,0.07178516042289244,0.0002087301587301,0.8587421823702563,0.9951214235866361,-0.1370478395740281
335,2023-05-04,-0.0033569907063628023,-0.00017001936910044851,0.07267331448702542,0.0002087301587301,0.8558593928448778,0.9951214235866361,-0.13994476195661376
336,2023-05-05,0.010137063635017346,0.0003030876330744517,0.08098775311085381,0.0002087301587301,0.8645352939727736,0.9951214235866361,-0.1312263272789379
337,2023-05-08,-0.0038949562862405484,-5.115050090877165e-05,0.08133585943891407,0.0002107142857142,0.8611679667948375,0.9951214235866361,-0.13461016275682314
338,2023-05-09,-0.003460847225998158,-8.734586767524045e-05,0.08168969938862068,0.0002099206349206,0.8581875960258372,0.9951214235866361,-0.13760514477445318
339,2023-05-10,0.0057242330542594646,0.0001036270284853344,0.0839537898071211,0.0002079365079365,0.8631000618297637,0.9951214235866361,-0.13266859563834776
340,2023-05-11,-0.0005342387137923215,0.00012506322048054776,0.08389474328917389,0.0002063492063492,0.8626389603628577,0.9951214235866361,-0.1331319576522456
341,2023-05-12,-0.0025688434238676497,-0.00022220770582869647,0.08265218033424666,0.0002083333333333,0.8604229759423575,0.9951214235866361,-0.13535880592219174
342,2023-05-15,-9.485539714334951e-05,8.468667174272761e-05,0.07939648094049226,0.000206746031746,0.8603413601792632,0.9951214235866361,-0.13544082180604244
343,2023-05-16,-0.008990214115648716,-0.00042237705657313017,0.08510131148484437,0.0002075396825396,0.8526067071387032,0.9951214235866361,-0.1432133939336554
344,2023-05-17,0.005654308951079516,-0.00020650437057347266,0.0875508933566681,0.0002087301587301,0.857427608874628,0.9951214235866361,-0.1383688577578095
345,2023-05-18,0.00045350559095386905,-0.00016158289818736578,0.0875734100752732,0.0002107142857142,0.8578164570890908,0.9951214235866361,-0.13797810321746273
346,2023-05-19,-0.0010053854876849316,-0.00016753629849485305,0.0875874092829825,0.0002099206349206,0.8569540208720362,0.9951214235866361,-0.13884476752255448
347,2023-05-22,0.0002263431484690265,-0.00016516507577698023,0.08759004392111194,0.0002142857142857,0.8571479865432136,0.9951214235866361,-0.13864985093591498
348,2023-05-23,-0.007346514685202976,-0.0006224349845653838,0.09051310646302797,0.0002119047619047,0.8508509362726817,0.9951214235866361,-0.144977772455116
349,2023-05-24,-0.009394950917100651,-0.0007931056384342806,0.09389027562570063,0.0002130952380952,0.8428572334886307,0.9951214235866361,-0.15301066431593024
350,2023-05-25,0.0016705371568039818,-0.0004150960822822707,0.09206747043178726,0.000213492063492,0.8442652578150545,0.9951214235866361,-0.15159573715925334
351,2023-05-26,0.009088787556188657,-0.0004944099030363167,0.08967103480375474,0.0002119047619047,0.8519386053844064,0.9951214235866361,-0.14388477105252895
352,2023-05-30,0.0012749531283692468,-0.0008158877130183138,0.08448828588709027,0.000220238095238,0.8530247871745198,0.9951214235866361,-0.14279326426313776
353,2023-05-31,-0.0006681891428653452,-0.0005217947302118711,0.08159520703563163,0.0002190476190476,0.8524548052731348,0.9951214235866361,-0.14336604049714807
354,2023-06-01,0.006241785511585184,-8.461690631432141e-05,0.08432075023031803,0.0002182539682539,0.8577756453259698,0.9951214235866361,-0.13801911505999132
355,2023-06-02,0.008147686129155656,0.0003477722742845,0.08891216742627002,0.0002182539682539,0.8647645320533197,0.9951214235866361,-0.13099596536016833
356,2023-06-05,-0.0030098736473771954,0.0003643016580457194,0.08873788673070086,0.0002166666666666,0.862161700077106,0.9951214235866361,-0.1336115577034952
357,2023-06-06,0.0036253950980391423,5.422220390390019e-05,0.08233821957389423,0.000215873015873,0.8652873768782827,0.9951214235866361,-0.13047055729179557
358,2023-06-07,-0.003058196727159845,9.40678971934575e-05,0.0818822977049456,0.0002150793650793,0.8626411578542609,0.9951214235866361,-0.13312974938765487
359,2023-06-08,0.005805219537825672,0.000535309171661259,0.08309597197666242,0.000213492063492,0.867648979157969,0.9951214235866361,-0.1280973772720403
360,2023-06-09,-0.0011857557050921558,0.00020626208788261037,0.08108242516668555,0.0002130952380952,0.8666201594309151,0.9951214235866361,-0.12913124078122473
361,2023-06-12,0.0049586370451870435,0.0004678276002149611,0.08266752331960796,0.0002142857142857,0.8709174142575752,0.9951214235866361,-0.12481291869026634
362,2023-06-13,0.0023988220455307685,0.0007043830987577429,0.08215780934594147,0.0002126984126984,0.8730065901507328,0.9951214235866361,-0.122713500625657
363,2023-06-14,0.0032333280631701867,0.0008628680254393399,0.08255782814021301,0.0002126984126984,0.8758293068579996,0.9951214235866361,-0.1198769455677896
364,2023-06-15,0.009984245041599938,0.001766413699594038,0.08015511333371696,0.0002115079365079,0.8845738012722845,0.9951214235866361,-0.11108958132557711
365,2023-06-16,-0.0024740296164958253,0.0013793499582809262,0.08013305934009492,0.0002119047619047,0.8823853394899606,0.9951214235866361,-0.11328877202778931
366,2023-06-20,-0.004646348396839133,0.0011364997683860213,0.08277919689754391,0.0002138888888888,0.878285469782427,0.9951214235866361,-0.11740874132033718
367,2023-06-21,-0.0017033339640754042,0.0011032641266531416,0.08304163502603894,0.0002142857142857,0.8767894563115928,0.9951214235866361,-0.11891208898764227
368,2023-06-22,-0.004275249252487305,0.0008889025837504593,0.0850797460385442,0.0002142857142857,0.8730409628439079,0.9951214235866361,-0.1226789594205735
369,2023-06-23,-0.005569870466581802,0.0009735046893990865,0.08311275063954782,0.0002146825396825,0.8681782377688475,0.9951214235866361,-0.12756552397420762
370,2023-06-26,0.002794468220320389,0.0015539532197524693,0.07420107287392204,0.0002182539682539,0.8706043342638664,0.9951214235866361,-0.12512753355664152
371,2023-06-27,0.006623601739163018,0.0017898134379600425,0.07625447583267662,0.000215873015873,0.8763708706464194,0.9951214235866361,-0.11933272676636153
372,2023-06-28,0.0006850421374062245,0.0013896350846846887,0.07152960630062413,0.000215873015873,0.8769712216208077,0.9951214235866361,-0.11872943257516178
373,2023-06-29,-0.0006588996024342877,0.0012975468594083298,0.07188150541062886,0.0002166666666666,0.8763933856315355,0.9951214235866361,-0.11931010140167497
374,2023-06-30,0.009437346298928862,0.0017787628328271017,0.07675818943220225,0.0002154761904761,0.8846642135058309,0.9951214235866361,-0.11099872584663406
375,2023-07-03,0.00034168700482934983,0.0014978057610768238,0.07513973850653496,0.000215873015873,0.8849664917712234,0.9951214235866361,-0.11069496566397907
376,2023-07-05,-0.00395301850079421,0.0009215817310792113,0.07331647380861005,0.000215873015873,0.8814682028566688,0.9951214235866361,-0.11421040491755885
377,2023-07-06,-0.009582976971415292,0.000608576810886921,0.08090110328249327,0.0002166666666666,0.8730211133676585,0.9951214235866361,-0.12269890620875312
378,2023-07-07,-0.0017333204862427438,0.00035339987830206927,0.08051203929470149,0.0002166666666666,0.8715078879869359,0.9951214235866361,-0.12421955016722475
379,2023-07-10,0.003038364085746448,0.0006437122979642736,0.08002543446145537,0.0002174603174603,0.8741558462542403,0.9951214235866361,-0.12155861030145387
380,2023-07-11,0.007185560628558899,0.0007094428260944273,0.08128022638074399,0.0002178571428571,0.8804371460863093,0.9951214235866361,-0.11524651643713946
381,2023-07-12,0.009146802998224618,0.0012014694310142737,0.08598920706013706,0.0002170634920634,0.8884903312138799,0.9951214235866361,-0.10715385062099692
382,2023-07-13,0.008570969353265775,0.0013734852552084991,0.08884114443127965,0.0002170634920634,0.896105554613387,0.9951214235866361,-0.09950129363748816
383,2023-07-14,-0.0029026124723651203,0.001121035992451552,0.08996127162141683,0.0002178571428571,0.8935045074540106,0.9951214235866361,-0.10211509241392458
384,2023-07-17,0.0004536643951245522,0.0009886710558779505,0.08965371114792056,0.0002178571428571,0.8939098586359256,0.9951214235866361,-0.10170775400043319
385,2023-07-18,0.003137552020783741,0.0006626380548867029,0.08395384481408864,0.0002178571428571,0.8967145473192872,0.9951214235866361,-0.09888931534874301
386,2023-07-19,0.0048010925942891195,0.0010090724458764622,0.08431086497613113,0.0002178571428571,0.9010197568916133,0.9951214235866361,-0.09456299951402891
387,2023-07-20,-0.0054451749470765575,0.0009710330863413467,0.08502838048219169,0.0002178571428571,0.8961135466845661,0.9951214235866361,-0.09949326238523126
388,2023-07-21,0.0019049543682051339,0.0011428563402594676,0.08451559181949572,0.0002182539682539,0.8978206020997306,0.9951214235866361,-0.09777783814181396
389,2023-07-24,0.0012384680888678612,0.0014054143088954281,0.08218805179580911,0.0002186507936507,0.8989325242649593,0.9951214235866361,-0.09666046478528312
390,2023-07-25,-2.2183967885619146e-05,0.001669589856452389,0.07841582171904338,0.0002186507936507,0.8989125823747096,0.9951214235866361,-0.09668050444052212
391,2023-07-26,0.0011287134591690515,0.0015902682011594681,0.07832699995153701,0.0002186507936507,0.8999271971050524,0.9951214235866361,-0.09566091556795431
392,2023-07-27,-0.01028499821690831,0.0007850967746798811,0.08614662527031543,0.0002186507936507,0.8906714474874796,0.9951214235866361,-0.10496204143881849
393,2023-07-28,0.0054429408827010905,0.0010116633815986844,0.08764071996118374,0.0002190476190476,0.8955193195220638,0.9951214235866361,-0.10009040274259651
394,2023-07-31,0.0017660469700118316,0.0011271370279056423,0.08746070163858825,0.000220238095238,0.8971008487028928,0.9951214235866361,-0.0985011201250755
395,2023-08-01,-0.006454581802386103,0.000370378546890644,0.08574363312074303,0.0002198412698412,0.8913104378899499,0.9951214235866361,-0.10431991838998766
396,2023-08-02,-0.009981181434565452,-0.00012118661689006083,0.0929417757830276,0.0002194444444444,0.8824141066948483,0.9951214235866361,-0.11325986379186359
397,2023-08-03,-0.007681465684820704,-0.00029873172089132244,0.09573409232369133,0.0002198412698412,0.8756358730144701,0.9951214235866361,-0.12007132771949969
398,2023-08-04,0.0010754379312697343,0.00020881184590320262,0.08963572734042789,0.0002198412698412,0.8765775650462903,0.9951214235866361,-0.11912501904851747
399,2023-08-07,0.005326093945751007,0.0005449744379029051,0.09103344227566337,0.0002206349206349,0.8812462995084643,0.9951214235866361,-0.1144333961455084
400,2023-08-08,-0.0014282036711922544,0.0003322807351915382,0.09080661109720786,0.0002210317460317,0.8799877003082818,0.9951214235866361,-0.11569816562021862
401,2023-08-09,-0.0008194251016001758,-4.890906148270342e-05,0.08736312667315728,0.000220238095238,0.8792666162975498,0.9951214235866361,-0.11642278474070045
402,2023-08-10,-0.0033676127014463167,-0.0006448336186098908,0.08131207308170707,0.0002198412698412,0.8763055868725483,0.9951214235866361,-0.11939833059351634
403,2023-08-11,-0.0016123954936115782,-0.001129755754175479,0.07410194050635724,0.0002198412698412,0.8748926356932484,0.9951214235866361,-0.12081820875693416
404,2023-08-14,-6.557976150048947e-06,-0.0009918483972128568,0.07390777406246148,0.0002206349206349,0.8748868981682096,0.9951214235866361,-0.1208239744101528
405,2023-08-15,-0.008862203272060732,-0.0014354611432692986,0.0785139182774943,0.0002206349206349,0.8671334726365802,0.9951214235866361,-0.1286154110608525
406,2023-08-16,-0.006984835599158859,-0.0019174796013618034,0.0789144148968793,0.0002206349206349,0.861076687887686,0.9951214235866361,-0.134701889158233
407,2023-08-17,-0.006074691502728784,-0.0024353740821721802,0.07619396020082547,0.0002206349206349,0.8558459126485768,0.9951214235866361,-0.13995830823949085
408,2023-08-18,0.0017342084309369407,-0.0020934986832191562,0.07667794701849535,0.000220238095238,0.8573301278458748,0.9951214235866361,-0.1384668166866826
409,2023-08-21,-0.001290278446940716,-0.00224565262679753,0.07536621792430466,0.0002210317460317,0.8562239332600023,0.9951214235866361,-0.13957843438443596
410,2023-08-22,0.0004412619906516593,-0.0022836148219506826,0.0749513087642747,0.0002210317460317,0.8566017523372363,0.9951214235866361,-0.13919876305159273
411,2023-08-23,0.013128734837074173,-0.0016573805931430733,0.091883099576491,0.0002210317460317,0.8678478496046449,0.9951214235866361,-0.12789753186427177
412,2023-08-24,-0.008874114028688287,-0.0021337057116124704,0.0945562714097576,0.0002214285714285,0.8601464688277013,0.9951214235866361,-0.1356366686112087
413,2023-08-25,0.004278498405049503,-0.001440205872471622,0.09216565728838111,0.000222619047619,0.8638266041226895,0.9951214235866361,-0.13193849147647851
414,2023-08-28,0.005718864383653538,-0.0014270666581405532,0.0924298781882045,0.0002214285714285,0.868766711322659,0.9951214235866361,-0.126974165432563
415,2023-08-29,0.011402186327067118,-0.0009682028792331585,0.10214171830141139,0.0002206349206349,0.8786725512399133,0.9951214235866361,-0.11701976219848187
416,2023-08-30,0.0014866503690748852,-0.0005900489663064447,0.10045775080291901,0.0002206349206349,0.8799788301125101,0.9951214235866361,-0.11570707930206836
417,2023-08-31,-0.0017150711323124647,-0.0001964246661991596,0.0946333641070523,0.0002206349206349,0.878469603823938,0.9951214235866361,-0.11722370456286568
418,2023-09-01,-0.002300466079443682,5.981341024736524e-05,0.09103820633951125,0.0002194444444444,0.8764487142985187,0.9951214235866361,-0.11925450148625583
419,2023-09-05,-0.007888431677471367,-0.00036703752350221105,0.09498814444057153,0.000220238095238,0.8695349084969672,0.9951214235866361,-0.1262022021765219
420,2023-09-06,-0.002685956621587665,-0.0007485637409945288,0.09297095715269502,0.000220238095238,0.8671993754517882,0.9951214235866361,-0.12854918515751457
421,2023-09-07,0.0008547198921142988,-0.0006398530951227881,0.0930969402846114,0.0002194444444444,0.8679405880084159,0.9951214235866361,-0.12780433881106945
422,2023-09-08,0.0005889026081212389,-0.0005727898708503398,0.0931904928013062,0.000220238095238,0.8684517204843882,0.9951214235866361,-0.12729070051140334
423,2023-09-11,0.002625955202778367,-0.0002873818754110692,0.09323850074272687,0.000220238095238,0.870732235798156,0.9951214235866361,-0.12499900498589833
424,2023-09-12,-0.0020789898024176786,-0.00030960065202088346,0.09333600745605013,0.0002206349206349,0.8689219923592952,0.9951214235866361,-0.12681812313163798
425,2023-09-13,-0.00114115375370503,-0.00036362902238064445,0.09337233765456207,0.000220238095238,0.8679304187660376,0.9951214235866361,-0.12781455790809348
426,2023-09-14,0.006553080624265872,0.00037043211553967003,0.09093165133249481,0.000220238095238,0.8736180367764643,0.9951214235866361,-0.12209905638675422
427,2023-09-15,-0.0067376146879396795,0.00038220453988344045,0.09068338082216154,0.0002206349206349,0.8677319350602302,0.9951214235866361,-0.12801401467899898
428,2023-09-18,-0.0003085178452779788,0.0006567842378572884,0.08765970994472058,0.000220238095238,0.8674642242733465,0.9951214235866361,-0.1282830379163028
429,2023-09-19,-0.0024440727543463556,0.0004578184671295123,0.08820587431935759,0.0002198412698412,0.8653440785974298,0.9951214235866361,-0.13041357759283312
430,2023-09-20,-0.0023381452607683954,0.00040792004742343235,0.08854159043012218,0.0002206349206349,0.8633207784411232,0.9951214235866361,-0.132446796965213
431,2023-09-21,-0.018655511801397982,-0.0005014501331503602,0.11045274570454158,0.0002210317460317,0.8472150874705227,0.9951214235866361,-0.14863144598276923
432,2023-09-22,0.0004926557938993161,-0.0011031681828253532,0.09887166515915384,0.0002206349206349,0.8476324728920439,0.9951214235866361,-0.1482120143318889
433,2023-09-25,-0.0044593985278344635,-0.0008929436351656475,0.0956292766192368,0.0002214285714285,0.8438525418902844,0.9951214235866361,-0.15201047642120447
434,2023-09-26,-0.010795564355971003,-0.0016107561475951955,0.0995350691406869,0.0002214285714285,0.8347426774673581,0.9951214235866361,-0.16116500189618854
435,2023-09-27,-0.0027912329173525085,-0.002015998876214531,0.09593967535604273,0.0002214285714285,0.8324127162284922,0.9951214235866361,-0.16350638575512322
436,2023-09-28,0.005443660498592353,-0.002299738201379996,0.08726777222869728,0.0002206349206349,0.8369440884503512,0.9951214235866361,-0.1589527985099337
437,2023-09-29,-0.0013622802546411966,-0.002435401564414095,0.08626253269921413,0.000220238095238,0.8358039360444165,0.9951214235866361,-0.1600985405057449
438,2023-10-02,-0.009004381741438123,-0.0027825115934200792,0.08914322850663817,0.0002230158730158,0.8282780383432761,0.9951214235866361,-0.16766133387222226
439,2023-10-03,-0.01366084800485736,-0.0033234821612969207,0.09673269222785,0.0002230158730158,0.8169630579557072,0.9951214235866361,-0.17903178587875945
440,2023-10-04,0.008381360202148252,-0.00254873016702932,0.10325726928105136,0.000222619047619,0.8238103196162826,0.9951214235866361,-0.1721509555616949
441,2023-10-05,0.0010276010447398628,-0.0023718940876803897,0.10399378783078372,0.000222619047619,0.8246568679613878,0.9951214235866361,-0.17130025701874307
442,2023-10-06,0.0039753513052611985,-0.002223292591816252,0.10576061946948655,0.0002234126984126,0.8279351687178307,0.9951214235866361,-0.16800588441381303
443,2023-10-09,0.009315379863662572,-0.001807746055838093,0.1127721044488277,0.0002234126984126,0.8356476993169227,0.9951214235866361,-0.16025554318279578
444,2023-10-10,0.004300748511809067,-0.001727993993503298,0.11374678092169344,0.000222619047619,0.8392416099161567,0.9951214235866361,-0.15664401345983925
445,2023-10-11,0.008645655983357326,-0.0012172965751330595,0.11926309568594462,0.000222619047619,0.8464974041624108,0.9951214235866361,-0.14935264772870804
446,2023-10-12,-0.01110154271987782,-0.001691600811617478,0.12407693656558601,0.0002234126984126,0.8370999770678361,0.9951214235866361,-0.15879614564949873
447,2023-10-13,0.0003247113840010496,-0.0019881898230586603,0.12069197984079645,0.0002230158730158,0.837371792959937,0.9951214235866361,-0.15852299718172558
448,2023-10-16,0.003711422582037795,-0.0014906166197263993,0.12093859697067952,0.000222619047619,0.84047963354189,0.9951214235866361,-0.15539992043120032
449,2023-10-17,-0.003133105413604049,-0.0016251207896466884,0.12098653830298053,0.0002230158730158,0.837846322252016,0.9951214235866361,-0.1580461415128277
450,2023-10-18,-0.012227903755964716,-0.0020910175040094675,0.1264449972415206,0.000222619047619,0.8276012180612294,0.9951214235866361,-0.16834147226137197
451,2023-10-19,-0.012419563094856229,-0.002571085019918412,0.1314181889539868,0.0002222222222222,0.8173227725161382,0.9951214235866361,-0.17867030781999704
452,2023-10-20,-0.005256991509720773,-0.0019330602441242591,0.11829706281649606,0.0002214285714285,0.8130261136403194,0.9951214235866361,-0.18298803103846895
453,2023-10-23,5.8172587949088285e-05,-0.00195374992059808,0.11819433687908117,0.0002214285714285,0.8130734094734201,0.9951214235866361,-0.18294050333784895
454,2023-10-24,0.008411545968861884,-0.0013408478017077775,0.12306556870425087,0.0002214285714285,0.819912613833265,0.9951214235866361,-0.17606776982238026
455,2023-10-25,-0.013253326637733723,-0.0014578841008393354,0.1257107989718726,0.0002218253968253,0.8090460441477347,0.9951214235866361,-0.1869876127962805
456,2023-10-26,0.0009608057377374765,-0.0012792155934540981,0.12588116834622676,0.0002218253968253,0.8098233802290457,0.9951214235866361,-0.1862064658298036
457,2023-10-27,-0.005968799331370515,-0.0018226660615475682,0.12440072617324778,0.0002218253968253,0.8049897069786063,0.9951214235866361,-0.19106383613243239
458,2023-10-30,0.006258032104869087,-0.0014597940444280306,0.12751776090413103,0.0002222222222222,0.8100273584089676,0.9951214235866361,-0.1860014876481595
459,2023-10-31,0.0047417966028735535,-0.0008052141232703318,0.12615385576686952,0.0002218253968253,0.8138683433853058,0.9951214235866361,-0.1821416722675454
460,2023-11-01,0.011172045155337807,0.0003773045986437238,0.12357165222484333,0.0002210317460317,0.8229609172681065,0.9951214235866361,-0.17300452209944928
461,2023-11-02,0.019145895518034643,0.0008899015184478377,0.13722859158564638,0.0002198412698412,0.8387172410055476,0.9951214235866361,-0.1571709530856783
462,2023-11-03,0.010593853971307441,0.0013454373720939126,0.14129062196532935,0.0002194444444444,0.8476024889799783,0.9951214235866361,-0.14824214523989165
463,2023-11-06,-0.00415511287414411,0.0009582724111698504,0.142188101537019,0.0002206349206349,0.8440806049658609,0.9951214235866361,-0.15178129526785877
464,2023-11-07,0.0018875789932938755,0.0006045676078189601,0.13897925993364332,0.000220238095238,0.8456738737844413,0.9951214235866361,-0.15018021545908744
465,2023-11-08,0.0038220831916012618,0.0005817740211423979,0.13882866941106362,0.0002198412698412,0.8489061096830091,0.9951214235866361,-0.14693213354470347
466,2023-11-09,-0.010145866842469686,-0.0003130603991350788,0.1403290181625823,0.0002198412698412,0.8402932213324064,0.9951214235866361,-0.1555872465253486
467,2023-11-10,0.008835380932353858,0.0006363169176378582,0.13799187619776912,0.0002194444444444,0.8477175320377529,0.9951214235866361,-0.14812653818426225
468,2023-11-13,-0.001558036974850984,0.0005466622338829994,0.13819941750351758,0.000220238095238,0.8463967567786086,0.9951214235866361,-0.1494537885356655
469,2023-11-14,0.024018191073880164,0.0015136512096850172,0.16020911884622835,0.0002190476190476,0.8667256758072297,0.9951214235866361,-0.1290252071115502
470,2023-11-15,-0.002643204712524225,0.001536979814498342,0.16003898047286802,0.0002194444444444,0.8644347424164703,0.9951214235866361,-0.13132737178860276
471,2023-11-16,0.0024596594338621627,0.002236387585442479,0.15200796021841723,0.0002186507936507,0.8665609574856132,0.9951214235866361,-0.12919073296368477
472,2023-11-17,0.0032073872401228937,0.002980528077584342,0.1423563767223825,0.0002182539682539,0.8693403540434412,0.9951214235866361,-0.12639771043201176
473,2023-11-20,0.005508324092342469,0.0034931621538730685,0.13936039207986667,0.0002198412698412,0.8741289624600641,0.9951214235866361,-0.12158562589325894
474,2023-11-21,-0.0017948727952088895,0.0034049218975322113,0.14008185833354092,0.0002194444444444,0.8725600121658404,0.9951214235866361,-0.1231622679562635
475,2023-11-22,0.003731754579889739,0.003182074688533539,0.1389075142202383,0.0002198412698412,0.8758161919874691,0.9951214235866361,-0.11989012473388905
476,2023-11-24,-0.00045946080500986044,0.0037913063948537213,0.12633539128612634,0.0002198412698412,0.8754137887748578,0.9951214235866361,-0.12029450072567605
477,2023-11-27,0.00250814855733352,0.0038649893862630577,0.12601187446574277,0.0002178571428571,0.8776094566062432,0.9951214235866361,-0.11808806864679289
478,2023-11-28,0.0020743051552985,0.004247994361818725,0.12108723001145423,0.0002170634920634,0.8794298864264203,0.9951214235866361,-0.11625871418106759
479,2023-11-29,0.0036350632462185243,0.004123091082835364,0.12087934375255746,0.0002162698412698,0.8826266696841951,0.9951214235866361,-0.11304625871382135
480,2023-11-30,0.0008842413128300807,0.003939397973785676,0.12136819984201974,0.0002162698412698,0.8834071246493355,0.9951214235866361,-0.11226197757320688
481,2023-12-01,0.011776252078978627,0.003968169732054286,0.1218390131101514,0.0002154761904761,0.8938103496375717,0.9951214235866361,-0.10180775084101512
482,2023-12-04,-0.0028289987938496432,0.00292174619339313,0.11060998187698586,0.0002166666666666,0.8912817612365166,0.9951214235866361,-0.10434873563053104
483,2023-12-05,0.0022487026195975425,0.002524358033787896,0.10703662554878439,0.0002162698412698,0.8932859888678087,0.9951214235866361,-0.10233468228609743
484,2023-12-06,0.00119687295602054,0.0027792145018909744,0.10440164610172294,0.0002162698412698,0.8943551387098767,0.9951214235866361,-0.1012602909437681
485,2023-12-07,0.002681050066128189,0.0028169988386926087,0.10435243261603531,0.000215873015873,0.896752949613657,0.9951214235866361,-0.09885072478737067
486,2023-12-08,-0.0007140062803436206,0.002600994578123805,0.10498310740758532,0.000215873015873,0.8961126623757163,0.9951214235866361,-0.09949415102939951
487,2023-12-11,0.0034507529405128287,0.003248452663027734,0.09419315859202093,0.0002170634920634,0.8992049257804401,0.9951214235866361,-0.09638672782311519
488,2023-12-12,0.003183841611324264,0.0029793317429787055,0.09197796647567855,0.0002166666666666,0.9020678518402476,0.9951214235866361,-0.09350976628661356
489,2023-12-13,0.01852525351984866,0.003935678909392975,0.10489829165569477,0.000215873015873,0.9187788874876934,0.9951214235866361,-0.07671680489380628
490,2023-12-14,0.00944271081301714,0.00324160842078045,0.0785915908181141,0.0002154761904761,0.9274546508233452,0.9951214235866361,-0.06799850868390012
491,2023-12-15,-0.004706981079427654,0.0031433333556898104,0.08083192850842112,0.000215873015873,0.9230891393298926,0.9951214235866361,-0.07238542206952336
492,2023-12-18,0.0009232987524911748,0.0030701733232435724,0.08117015974707392,0.0002166666666666,0.923941426380674,0.9951214235866361,-0.07152895668692749
493,2023-12-19,0.005084315077640891,0.003159550839315858,0.08146998928613958,0.0002154761904761,0.9286390357056784,0.9951214235866361,-0.06680831736225779
494,2023-12-20,-0.00729810671711283,0.0025497208007703677,0.08858563236203758,0.000215873015873,0.9218617289214216,0.9951214235866361,-0.07361884984967015
495,2023-12-21,0.006360254196366264,0.002938060181321566,0.08804904009082902,0.0002150793650793,0.9277250038512636,0.9951214235866361,-0.06772683025199189
496,2023-12-22,0.0008504583685069258,0.002800855599827146,0.0882871835822544,0.000215873015873,0.928513995344462,0.9951214235866361,-0.06693397073304519
497,2023-12-26,0.004056711250625541,0.0030159114120002608,0.08756898954167816,0.0002162698412698,0.9322807085157392,0.9951214235866361,-0.06314879127454132
498,2023-12-27,0.005880013636853494,0.0031764764157869254,0.08810003689669207,0.000215873015873,0.9377625317951872,0.9951214235866361,-0.057640093391532976
499,2023-12-28,-0.0004852072066269205,0.0030545948747428588,0.08894559838416068,0.0002162698412698,0.9373075226566555,0.9951214235866361,-0.05809733320945565
500,2023-12-29,-0.003742019375542377,0.002703305226087577,0.09195904053977691,0.0002142857142857,0.9338000997460326,0.9951214235866361,-0.061621951238460926
501,2024-01-02,-0.0034294524313502927,0.002497891238269464,0.09422049710183,0.0002166666666666,0.9305976767235634,0.9951214235866361,-0.06484007411931192
502,2024-01-03,-0.006431482220143945,0.0016308562716445798,0.09272823369959167,0.0002174603174603,0.9246125543116086,0.9951214235866361,-0.07085453855560464
503,2024-01-04,-0.00402144877919544,0.0015740729390090657,0.09353932890589672,0.0002174603174603,0.9208942722838435,0.9951214235866361,-0.07459104943722517
504,2024-01-05,-0.0020237373748742756,0.0013706234154627886,0.09431869719496774,0.0002170634920634,0.919030624126715,0.9951214235866361,-0.07646383411752222
505,2024-01-08,0.010860196870719832,0.0018307816971151357,0.09987123516748388,0.0002178571428571,0.9290114776349516,0.9951214235866361,-0.06643404953880883
506,2024-01-09,-0.0037879361866817044,0.0015227347326956168,0.10167510795131081,0.0002170634920634,0.9254924414409755,0.9951214235866361,-0.06997033778521466
507,2024-01-10,0.002023347825897803,0.0016530849282309229,0.1013580362457305,0.0002166666666666,0.9273650345602499,0.9951214235866361,-0.06808856429015198
508,2024-01-11,0.0002923535521004597,0.0015026849573541432,0.10124266868508258,0.0002166666666666,0.9276361530221974,0.9951214235866361,-0.0678161166716792
509,2024-01-12,0.0024794183847202294,0.0014691409941825228,0.10112462367514262,0.0002162698412698,0.9299361511543318,0.9951214235866361,-0.06550484281341495
510,2024-01-16,-0.008591246030611345,0.00017787911082728442,0.08599297636134534,0.0002162698412698,0.9219468408870052,0.9951214235866361,-0.07353332062321971
511,2024-01-17,-0.0064538094236709035,-0.0005790980433007176,0.08194976460060861,0.0002170634920634,0.915996771677165,0.9951214235866361,-0.07951256000929874
512,2024-01-18,0.0022878808890543145,-0.00024600937813490956,0.08108808142808008,0.0002162698412698,0.9180924631855206,0.9951214235866361,-0.07740659438672948
513,2024-01-19,0.0073435002010450645,5.97145003676566e-05,0.08520027037497713,0.0002162698412698,0.9248344753735015,0.9951214235866361,-0.07063152952712548
514,2024-01-22,0.003353337845145862,-2.2712986894011457e-05,0.08411816233276163,0.0002166666666666,0.927935757820267,0.9951214235866361,-0.06751504306300349
515,2024-01-23,-0.0018361448941755544,0.0002373804332458588,0.08020265521234916,0.0002162698412698,0.9262319333164224,0.9951214235866361,-0.06922722055557895
516,2024-01-24,-0.0023509160447857877,-0.00017743719728519126,0.07745306562506873,0.000215873015873,0.9240544398031959,0.9951214235866361,-0.07141538921682467
517,2024-01-25,0.0058002327131447245,5.826634293565629e-05,0.08013235560751002,0.000215873015873,0.929414170593669,0.9951214235866361,-0.06602938238043732
518,2024-01-26,-0.0007100245236287305,-0.00016872107488597572,0.07882610918254673,0.000215873015873,0.9287542637399394,0.9951214235866361,-0.06669252442329587
519,2024-01-29,0.006779496709469701,-0.00012588854761853724,0.07975193311406026,0.0002150793650793,0.9350507502148703,0.9951214235866361,-0.060365169463700186
520,2024-01-30,0.00010322265479687995,-9.786807802692774e-05,0.0797445778681372,0.0002150793650793,0.9351472686356772,0.9951214235866361,-0.06026817786195271
521,2024-01-31,-0.0056066629542108615,-0.0001866606293920937,0.081068832106128,0.0002150793650793,0.9299042130878861,0.9951214235866361,-0.06553693745602718
522,2024-02-01,0.012856906591409494,0.0005888802764536105,0.09178347879273771,0.0002150793650793,0.9418599046945152,0.9951214235866361,-0.05352263314777683
523,2024-02-02,-0.00517687630725781,0.0006486234151624739,0.0906704976611801,0.0002154761904761,0.9369840124691461,0.9951214235866361,-0.05842242940358977
524,2024-02-05,-0.009745734336201139,0.00037603838863839315,0.09637435200018046,0.0002150793650793,0.927852415206354,0.9951214235866361,-0.06759879426354809
525,2024-02-06,0.005911983927833755,0.0007539298792435375,0.09779476577532327,0.000215873015873,0.9333378637724555,0.9951214235866361,-0.06208645332094154
526,2024-02-07,0.0016809718579699953,0.00031682392625545,0.09075884676698866,0.0002154761904761,0.9349067784554349,0.9951214235866361,-0.060509847043765164
527,2024-02-08,-0.0003171861251662978,0.0004820977387085645,0.08956956686678169,0.000215873015873,0.9346102389969849,0.9951214235866361,-0.06080784028501329
528,2024-02-09,0.002242132583163416,0.0004925160604831176,0.0896201941584794,0.000215873015873,0.9367057590663982,0.9951214235866361,-0.05870204694186465
529,2024-02-12,0.00012433232415190855,0.00048451504962842467,0.08962681233688567,0.0002154761904761,0.9368222218704695,0.9951214235866361,-0.05858501317964149
530,2024-02-13,-0.013940302985174917,-0.0002973764441761062,0.10219005535576714,0.0002162698412698,0.9237626362543504,0.9951214235866361,-0.07170862333070172
531,2024-02-14,0.007454367328447056,0.00046670038244572246,0.10088967365220664,0.0002154761904761,0.930648702269285,0.9951214235866361,-0.0647887984211789
532,2024-02-15,0.008843346897757655,0.0011951363977518443,0.10158241144827265,0.0002154761904761,0.9388787515834002,0.9951214235866361,-0.05651840134294872
533,2024-02-16,-0.004589960815128287,0.0008676201261241014,0.10342749420804616,0.000215873015873,0.9345693349034758,0.9951214235866361,-0.06084894491057913
534,2024-02-20,-0.0010375150090495178,0.0004685241637386451,0.10085845241986217,0.000215873015873,0.9335997051915161,0.9951214235866361,-0.06182332822599901
535,2024-02-21,-7.658208103971048e-05,0.000305194643444094,0.10032075407768086,0.000215873015873,0.9335282081832346,0.9951214235866361,-0.06189517574790626
536,2024-02-22,0.010226489804220187,0.0008796058195581768,0.10563814942816759,0.0002162698412698,0.9430749248861723,0.9951214235866361,-0.05230165632740258
537,2024-02-23,0.0032405836478848916,0.0011458677096853522,0.10525871839269203,0.0002166666666666,0.9461310380664886,0.9951214235866361,-0.049230560571769666
538,2024-02-26,-0.003948501702908738,0.000681642261301854,0.10524458479768775,0.0002170634920634,0.9423952380515083,0.9951214235866361,-0.05298467532242557
539,2024-02-27,-0.00022103421533889016,0.0007049275140775605,0.1051767230708766,0.0002162698412698,0.9421869364595264,0.9951214235866361,-0.053193998111629615
540,2024-02-28,0.0014301571696662843,0.00045019705980120744,0.1028914766238278,0.0002162698412698,0.9435344118618699,0.9951214235866361,-0.05183991671974586
541,2024-02-29,0.0038991867700185843,0.0006309572557641458,0.10356822439515334,0.0002162698412698,0.947213428757659,0.9951214235866361,-0.04814286346715979
542,2024-03-01,0.008452902639036605,0.0013004603792521202,0.10434767995561495,0.0002150793650793,0.9552201316493355,0.9951214235866361,-0.04009690776577557
543,2024-03-04,-0.0001464943372212334,0.0006812508112220856,0.09555426382321042,0.0002174603174603,0.9550801973092491,0.9951214235866361,-0.040237528133069134
544,2024-03-05,-0.003027605404111489,0.0007835970447052438,0.09417411547382575,0.0002170634920634,0.9521885913425158,0.9951214235866361,-0.04314331017955675
545,2024-03-06,0.006123976635646139,0.0015392975671741618,0.0876360719598049,0.0002170634920634,0.9580197720286262,0.9951214235866361,-0.03728354216743468
546,2024-03-07,0.005303096673708513,0.0015103029360253406,0.08727792225656128,0.0002170634920634,0.9631002434950181,0.9951214235866361,-0.03217816372217841
547,2024-03-08,-0.001308189748040469,0.0013679619071676995,0.08781685944388101,0.0002166666666666,0.9618403256301427,0.9951214235866361,-0.03344425832632669
548,2024-03-11,-0.001740281958463429,0.001300195438915455,0.08829799560356152,0.0002174603174603,0.9601664522645259,0.9951214235866361,-0.03512633784541075
549,2024-03-12,0.002914787471747972,0.0013322266240861484,0.08841907197059705,0.0002174603174603,0.9629651334103791,0.9951214235866361,-0.032313936183143044
550,2024-03-13,-0.0026337901795130325,0.0012008874572449607,0.08940454955113787,0.0002174603174603,0.9604288852987894,0.9951214235866361,-0.034862618234875464
551,2024-03-14,-0.007628484202755115,0.0015014502564078085,0.07786473663306194,0.0002174603174603,0.9531022687194179,0.9951214235866361,-0.042225153505159096
552,2024-03-15,-0.002743851666976915,0.0010158207804352383,0.07603348360841299,0.0002174603174603,0.9504870974705927,0.9951214235866361,-0.044853145614302536
553,2024-03-18,0.0014228999150612135,0.0006624661622115982,0.07055591200043757,0.0002174603174603,0.9518395454808504,0.9951214235866361,-0.043494067236326206
554,2024-03-19,0.0031665586756816455,0.0010318242332025473,0.068362547769299,0.0002174603174603,0.9548536012514497,0.9951214235866361,-0.040465235076592276
555,2024-03-20,0.005708918835988231,0.0013530829877281547,0.06976963331876787,0.0002170634920634,0.9603047829612453,0.9951214235866361,-0.03498732898333545
556,2024-03-21,0.0027280966210080013,0.0014866391163970932,0.06972195260767018,0.0002174603174603,0.9629245871947797,0.9951214235866361,-0.03235468117630502
557,2024-03-22,-0.0011635089575517928,0.0009442582229793799,0.06252482664056186,0.0002166666666666,0.9618042158121317,0.9951214235866361,-0.03348054517248944
558,2024-03-25,-0.003530595783459958,0.0006218211072010536,0.06377860020189456,0.0002166666666666,0.9584084739032714,0.9951214235866361,-0.03689293468433552
559,2024-03-26,-0.0005155208198362601,0.0007852963873473623,0.06175556978567891,0.0002166666666666,0.9579143943810667,0.9951214235866361,-0.03738943642823711
560,2024-03-27,0.01019254514143738,0.0012811811186224226,0.06964896646267402,0.0002162698412698,0.9676779800874283,0.9951214235866361,-0.02757798480540752
561,2024-03-28,0.0007148299328793924,0.001247117916870666,0.06967376383537821,0.0002166666666666,0.9683697052729832,0.9951214235866361,-0.02688286844155552
562,2024-04-01,-0.007880003910961345,0.0006862040749192408,0.07571127327698748,0.000215873015873,0.9607389482081756,0.9951214235866361,-0.03455103524405945
563,2024-04-02,-0.0063497220130525785,-1.86828132754822e-05,0.07392176719221813,0.0002150793650793,0.9546385229599411,0.9951214235866361,-0.040681367788049205
564,2024-04-03,0.00100533485910652,3.616619607345843e-05,0.07400431285579899,0.0002150793650793,0.9555982543449187,0.9951214235866361,-0.039716931326096105
565,2024-04-04,-0.0054245654553009585,-7.797475874508771e-05,0.07570102728510082,0.0002146825396825,0.9504145490652534,0.9951214235866361,-0.04492604968773495
566,2024-04-05,0.0019122792469213057,-0.00027853177725579406,0.07269981815611667,0.0002154761904761,0.9522320070834028,0.9951214235866361,-0.043099681593277706
567,2024-04-08,0.0021698438217417695,-0.00042773429401611515,0.07044399746555513,0.0002154761904761,0.9542982018208375,0.9951214235866361,-0.041023357349360245
568,2024-04-09,0.0042878311915449845,-0.00016125710641680784,0.07220789842422887,0.0002154761904761,0.9583900714166402,0.9951214235866361,-0.03691142738903963
569,2024-04-10,-0.01714325400601708,-0.0008947319658241245,0.09313380372458618,0.0002162698412698,0.9419601469854999,0.9951214235866361,-0.05342189941960185
570,2024-04-11,0.002323682022302416,-0.0009228798443691509,0.09285123696545625,0.0002162698412698,0.9441489628447756,0.9951214235866361,-0.051222352904577884
571,2024-04-12,-0.008276352621092739,-0.0011915732939681847,0.09615972691584693,0.0002162698412698,0.9363348531014333,0.9951214235866361,-0.05907477127095018
572,2024-04-15,-0.010445614085733489,-0.001325722336014774,0.09898936712878038,0.0002162698412698,0.9265542605709137,0.9951214235866361,-0.06890331309378439
573,2024-04-16,-0.005344887289454957,-0.0014495811751803948,0.09986507038964385,0.0002162698412698,0.921601932480598,0.9951214235866361,-0.07387991994088294
574,2024-04-17,-0.0004899164156168263,-0.0015406676671174445,0.09939052548148229,0.0002162698412698,0.9211504245652116,0.9951214235866361,-0.07433364137093623
575,2024-04-18,-0.002125627689135753,-0.0017926765416325587,0.09791217040401275,0.0002166666666666,0.9191924017168966,0.9951214235866361,-0.07630126341373966
576,2024-04-19,-0.0006605528094177791,-0.002095984715223321,0.09417828266424687,0.0002162698412698,0.918585226593547,0.9951214235866361,-0.07691141520924738
577,2024-04-22,0.00592547979509209,-0.0019437283736002692,0.09685516937779175,0.0002150793650793,0.9240282847937972,0.9951214235866361,-0.07144167245098965
578,2024-04-23,0.007031753820414299,-0.0015534777651256934,0.10172513562685594,0.0002162698412698,0.9305258242155668,0.9951214235866361,-0.06491227888376938
579,2024-04-24,-0.0010668617354533958,-0.0014361570961729999,0.10147951271439347,0.0002166666666666,0.9295330818198599,0.9951214235866361,-0.0659098881927207
580,2024-04-25,-0.004231229641985433,-0.0016130956115134366,0.1018703334329801,0.0002170634920634,0.9256000138908577,0.9951214235866361,-0.06986223796208513
581,2024-04-26,0.004678757063728349,-0.0018756569485472,0.09540452478922112,0.0002166666666666,0.9299306714940365,0.9951214235866361,-0.06551034933770983
582,2024-04-29,0.005183669010702054,-0.001662855087698502,0.0981498682712194,0.0002162698412698,0.9347511242979616,0.9951214235866361,-0.06066626429474986
583,2024-04-30,-0.011811021394836595,-0.0018500463964544662,0.10215043996678357,0.0002166666666666,0.9237107587700308,0.9951214235866361,-0.07176075514405622
584,2024-05-01,6.243176934291731e-05,-0.0015447057401499185,0.10100007502937092,0.0002166666666666,0.923768427667062,0.9951214235866361,-0.0717028035256263
585,2024-05-02,0.008432516983094348,-0.0011910304009124034,0.10649060939641594,0.0002166666666666,0.9315581206218109,0.9951214235866361,-0.06387492165099729
586,2024-05-03,0.009102941664680852,-0.0004992443475799361,0.11100884261540328,0.0002162698412698,0.9400380398510909,0.9951214235866361,-0.05535342967194157
587,2024-05-06,0.005527267227292977,-0.00032710206280033266,0.11269190317837599,0.0002162698412698,0.9452338813011686,0.9951214235866361,-0.050132115642392505
588,2024-05-07,0.004332644495462053,-0.00022411155452793817,0.11354156731478099,0.0002162698412698,0.9493292436739124,0.9951214235866361,-0.04601667578181434
589,2024-05-08,-0.0026281073434033294,-0.0005534419609540483,0.11260240293510604,0.0002162698412698,0.9468343045173054,0.9951214235866361,-0.048523846361676504
590,2024-05-09,0.007251151121828364,0.0006081963784671633,0.09809149068854567,0.0002166666666666,0.9536999431466916,0.9951214235866361,-0.04162454898282908
591,2024-05-10,-0.00028266106262081047,0.00048408480299462866,0.09793254823785895,0.0002170634920634,0.9534303693073404,0.9951214235866361,-0.0418954444062033
592,2024-05-13,0.001054171666069924,0.0009283954833357078,0.09260482415846293,0.0002162698412698,0.9544354485882347,0.9951214235866361,-0.040885437730563856
593,2024-05-14,0.004902051910794935,0.001659236721265633,0.0836853528297843,0.000215873015873,0.959114140702717,0.9951214235866361,-0.03618380835791968
594,2024-05-15,0.01117282352994097,0.002445794379332105,0.08580101825739919,0.0002162698412698,0.9698301537418594,0.9951214235866361,-0.025415260133403006
595,2024-05-16,-0.0012394160831158002,0.0024101039189750114,0.08616265809790019,0.0002162698412698,0.9686281306514211,0.9951214235866361,-0.026623176134352944
596,2024-05-17,-0.000469207588530589,0.0024889810666228764,0.08525021314064243,0.0002166666666666,0.9681736429820552,0.9951214235866361,-0.027079891926610533
597,2024-05-20,-0.0008973356314874196,0.0024777056941433697,0.0853643056134769,0.0002162698412698,0.9673048662747404,0.9951214235866361,-0.02795292780617542
598,2024-05-21,0.0011825411741555798,0.002251851474098774,0.0845276595815562,0.0002162698412698,0.9684487441070713,0.9951214235866361,-0.026803442120088894
599,2024-05-22,-0.0034576010192802504,0.0017523583864942716,0.08486320816567101,0.0002162698412698,0.965100234742326,0.9951214235866361,-0.030168367530574502
600,2024-05-23,-0.00853326569623411,0.0013968153407428092,0.0916579301087161,0.0002166666666666,0.9568647780157717,0.9951214235866361,-0.038444198531048634
601,2024-05-24,0.004032536599139824,0.0017903280188916308,0.08971416370199503,0.0002166666666666,0.9607233702535481,0.9951214235866361,-0.03456668956950981
602,2024-05-28,-0.004904786304867664,0.0013339688108632492,0.09194124160712755,0.0002166666666666,0.9560112274243622,0.9951214235866361,-0.039301933648772436
603,2024-05-29,-0.009297690172570964,0.000644380278326439,0.09779998472385792,0.0002166666666666,0.9471225312302711,0.9951214235866361,-0.04823420661909428
604,2024-05-30,0.004065057361578384,0.0014003840286319143,0.08721418174194133,0.0002166666666666,0.9509726386481655,0.9951214235866361,-0.04436522407421273
605,2024-05-31,0.009414247928320142,0.0018457086076308297,0.09132623684846221,0.0002166666666666,0.9599253308414482,0.9951214235866361,-0.03536864136472262
606,2024-06-03,0.003453614270296424,0.0016086180022595,0.08838279943367801,0.0002190476190476,0.9632405426624611,0.9951214235866361,-0.03203717673896456
607,2024-06-04,0.004417842848613661,0.0013855180586372527,0.08479450185239049,0.0002190476190476,0.9674959880053572,0.9951214235866361,-0.027760869102496866
608,2024-06-05,0.006222842425380301,0.0014186406871176014,0.08525556915668007,0.0002186507936507,0.9735165630859022,0.9951214235866361,-0.021710778191132984
609,2024-06-06,0.0006886668327607825,0.001245117941274684,0.08461836158944157,0.0002186507936507,0.9741869916540428,0.9951214235866361,-0.021037062851225863
610,2024-06-07,-0.007665398354371756,0.0010052469407523777,0.08919879434254019,0.0002190476190476,0.9667194602913675,0.9951214235866361,-0.028541203738637
611,2024-06-10,0.0004819845527588666,0.0006829056755585922,0.08626029936814195,0.0002190476190476,0.9671854041380793,0.9951214235866361,-0.02807297560519728
612,2024-06-11,0.0006286057656376572,0.0007262993340470907,0.08618950593086594,0.0002190476190476,0.9677933824595611,0.9951214235866361,-0.027462016673883594
613,2024-06-12,0.007006314899477064,0.0010097347261140972,0.08889851476339174,0.0002186507936507,0.9745740476547028,0.9951214235866361,-0.020648109310998586
614,2024-06-13,0.002117609740374851,0.0008771422418083789,0.08787984670206309,0.0002186507936507,0.9766378151507329,0.9951214235866361,-0.018574224208021017
615,2024-06-14,0.0002598103114790811,0.00035747494569114626,0.07950219943809328,0.0002186507936507,0.9768915557256894,0.9951214235866361,-0.01831923967151894
616,2024-06-17,0.0013628449693021002,0.0004813921386634273,0.07935453092178915,0.0002190476190476,0.9782229074679639,0.9951214235866361,-0.016981360985844574
617,2024-06-18,0.0039877943491383756,0.0006936303261714731,0.0801794985483778,0.0002182539682539,0.9821238592505624,0.9951214235866361,-0.013061284812086127
618,2024-06-20,-0.0017830783701951892,0.0006514521005187223,0.08045916958794377,0.0002182539682539,0.9803726554402802,0.9951214235866361,-0.014821073887845926
619,2024-06-21,-0.0011197066117773343,0.0005418212535695358,0.08066269338032836,0.0002178571428571,0.9792749256959781,0.9951214235866361,-0.015924185245197342
620,2024-06-24,0.0027381168939200995,0.0008368554399124097,0.07964091275836763,0.0002182539682539,0.9819562949138185,0.9951214235866361,-0.013229670631919044
621,2024-06-25,-0.0005915157976168416,0.001215034006513232,0.07227910961073046,0.0002178571428571,0.9813754522528076,0.9951214235866361,-0.013813360870359892
622,2024-06-26,-0.004829030099218749,0.0007930546399247285,0.07441382520876103,0.0002182539682539,0.9766363606552444,0.9951214235866361,-0.018575685834164357
623,2024-06-27,0.003073936386976071,0.001172993815726811,0.07180325864564722,0.0002178571428571,0.9796384787011064,0.9951214235866361,-0.015558849923786977
624,2024-06-28,-0.0034553146052626153,0.0014512021760748276,0.06343289161034915,0.0002174603174603,0.9762535195577733,0.9951214235866361,-0.018960403807666837
625,2024-07-01,-0.004391943239985452,0.001048487861714645,0.0657641741472374,0.0002170634920634,0.9719658695120394,0.9951214235866361,-0.023269074030321857
626,2024-07-02,0.005036947544475238,0.0008400449862934591,0.06026645582208452,0.0002170634920634,0.9768616106117918,0.9951214235866361,-0.018349331591145934
627,2024-07-03,0.005387249795857477,0.000932122868463033,0.06167873257443446,0.0002170634920634,0.9821242081241413,0.9951214235866361,-0.013060934228156906
628,2024-07-05,0.005594154359236673,0.000988137702302224,0.06264341888117601,0.0002166666666666,0.9876183625443307,0.9951214235866361,-0.007539844751068503
629,2024-07-08,0.00045312071771286077,0.0007133890495561555,0.05968721720255946,0.0002166666666666,0.988065872885593,0.9951214235866361,-0.0070901404932207646
630,2024-07-09,-0.0015359677446334745,0.0006074540696802385,0.06019416776115649,0.0002166666666666,0.9865482355752676,0.9951214235866361,-0.008615218010751713
631,2024-07-10,0.007431192480507422,0.001326339347531628,0.05666522226894917,0.0002166666666666,0.9938794654051325,0.9951214235866361,-0.001248046873543629
632,2024-07-11,0.004725441399240742,0.001528408721173622,0.0577645163737173,0.000215873015873,0.9985759845768132,0.9985759845768132,0.0
633,2024-07-12,0.006528834208664914,0.001809371980365396,0.060172284456099394,0.0002154761904761,1.0050955216248696,1.0050955216248696,0.0
634,2024-07-15,-0.0016084814380740143,0.0013991435833391544,0.058164088287359125,0.0002154761904761,1.0034788441348446,1.0050955216248696,-0.0016084814380741275
635,2024-07-16,0.007983186573951726,0.0016784567658904342,0.062466946221474244,0.0002154761904761,1.0114898029705863,1.0114898029705863,0.0
636,2024-07-17,-0.003717316163625185,0.001489069790885469,0.06507005168904581,0.0002154761904761,1.0077297755766617,1.0114898029705863,-0.0037173161636252505
637,2024-07-18,-0.006913946437460196,0.0010949368667539313,0.07129167061429055,0.0002154761904761,1.0007623858848909,1.0114898029705863,-0.010605561276239017
638,2024-07-19,-0.00533745640433092,0.000650877307064917,0.073798475991323,0.0002154761904761,0.995420860279136,1.0114898029705863,-0.015886410959614627
639,2024-07-22,0.006292211233798684,0.0010354149072551015,0.07571945114089174,0.0002154761904761,1.001684258598542,1.0114898029705863,-0.009694160379320693
640,2024-07-23,-0.0024997399863871663,0.0009696990322736809,0.0763625399325348,0.0002146825396825,0.9991803084035885,1.0114898029705863,-0.012169667485373292
641,2024-07-24,-0.013086197838685807,0.00021616023548292346,0.09017176900408537,0.0002142857142857,0.9861048372113,1.0114898029705863,-0.025096610647714512
642,2024-07-25,-0.0012629084908086514,0.00018418915485474206,0.09027747388658168,0.0002138888888888,0.9848594770395583,1.0114898029705863,-0.02632782441584569
643,2024-07-26,0.010714674808445889,0.0009243655790292486,0.09531851142463388,0.000213492063492,0.9954119260680533,1.0114898029705863,-0.015895243684429516
644,2024-07-29,0.0015335617304967583,0.000851014404911186,0.09502973655885429,0.0002146825396825,0.9969384517039513,1.0114898029705863,-0.014386058291344095
645,2024-07-30,0.0010730905857985963,0.0010666527473426723,0.09372997411024596,0.0002142857142857,0.9980082569710954,1.0114898029705863,-0.013328405249264708
646,2024-07-31,0.009244540402503842,0.0017160091112707338,0.09560838716873923,0.0002146825396825,1.0072343846246972,1.0114898029705863,-0.004207079827588611
647,2024-08-01,-0.004351778148706393,0.001268926935404942,0.09702072646026749,0.0002130952380952,1.0028511240390616,1.0114898029705863,-0.008540549698231481
648,2024-08-02,-0.0011010644334302358,0.0009599595911531461,0.09615004683495297,0.0002099206349206,1.0017469203343567,1.0114898029705863,-0.009632210436147037
649,2024-08-05,-0.017553088815390198,-0.0001422900838290858,0.11389115553175745,0.0002123015873015,0.9841631676711842,1.0114898029705863,-0.02701622420626304
650,2024-08-06,0.002336431679596755,-5.260860945366232e-05,0.11420164399640166,0.0002119047619047,0.9864625976740236,1.0114898029705863,-0.024742914088764723
651,2024-08-07,-0.0038102593455250225,-0.00016090820949611699,0.11484380182540142,0.0002119047619047,0.9827039193422252,1.0114898029705863,-0.028458896514647503
652,2024-08-08,0.011084238724547425,1.3046373553406981e-05,0.11852484976483618,0.0002119047619047,0.9935964441797628,1.0114898029705863,-0.017690102992905632
653,2024-08-09,0.004895694994435729,2.1153687610311103e-05,0.11861157558406213,0.0002115079365079,0.9984607893180227,1.0114898029705863,-0.012881013347143422
654,2024-08-12,-0.00037510480337066927,-0.0003076053129628119,0.1162259733775192,0.0002115079365079,0.9980862618799723,1.0114898029705863,-0.013251286420535302
655,2024-08-13,0.011230852992545932,0.000303791564685757,0.12274265323718983,0.0002111111111111,1.009295621961026,1.0114898029705863,-0.002169256677740372
656,2024-08-14,0.003731193733664387,0.00010131571514826465,0.12024917205379596,0.0002111111111111,1.013061499461102,1.013061499461102,0.0
657,2024-08-15,0.005654446941427101,0.0005475901487221829,0.12088003312163578,0.0002119047619047,1.0187898019582073,1.0187898019582073,0.0
658,2024-08-16,0.0025499318513600763,0.0009982510196183865,0.11792905684086058,0.0002115079365079,1.0213876465240612,1.0213876465240612,0.0
659,2024-08-19,0.0073381987174575124,0.0016018536444654548,0.117522492892459,0.0002107142857142,1.0288827920418109,1.0288827920418109,0.0
660,2024-08-20,0.0007609848983354692,0.0013384619142053017,0.11629658417830624,0.0002099206349206,1.029665756308712,1.029665756308712,0.0
661,2024-08-21,0.004408761951876025,0.0016674381969797394,0.11588535456699242,0.0002087301587301,1.0342053075182753,1.0342053075182753,0.0
662,2024-08-22,-0.005265251657839695,0.002039864205591459,0.10609269286445794,0.0002095238095238,1.028759956308318,1.0342053075182753,-0.0052652516578397535
663,2024-08-23,0.01116404006190555,0.0026316236604826113,0.10988409687689635,0.0002083333333333,1.0402450736746283,1.0402450736746283,0.0
664,2024-08-26,-0.0020484918478912775,0.002023853819704651,0.10690897780594918,0.0002079365079365,1.0381141401213967,1.0402450736746283,-0.002048491847891354
665,2024-08-27,0.0015328854176719076,0.002023821614332039,0.10690901691200132,0.0002075396825396,1.0397054501486678,1.0402450736746283,-0.0005187465335012575
666,2024-08-28,-0.003430931066224795,0.0018093443928071157,0.10853977004151526,0.000206746031746,1.0361382924200295,1.0402450736746283,-0.003947897816128698
667,2024-08-29,-0.0001375401612070408,0.0013625786516780261,0.10525811697094742,0.0002071428571428,1.0359957817922574,1.0402450736746283,-0.004084894982833598
668,2024-08-30,0.0031816780099451786,0.0017213146592328626,0.10332219290428712,0.000206746031746,1.0392919867895818,1.0402450736746283,-0.0009162137934282111
669,2024-09-03,-0.005879979446178542,0.0014937472776734195,0.10625171630775175,0.0002059523809523,1.033180971268681,1.0402450736746283,-0.006790805921333076
670,2024-09-04,0.0019519374387118407,0.002422558051678279,0.08057761506455323,0.0002055555555555,1.035197675887465,1.0402450736746283,-0.004852123710938128
671,2024-09-05,-0.0009137475954904808,0.002267787610007458,0.0814037479008378,0.000204365079365,1.0342517665002655,1.0402450736746283,-0.0057614376900547715
672,2024-09-06,-0.008723243810301347,0.002033835968827633,0.08757125781492638,0.0002035714285714,1.0252297361798488,1.0402450736746283,-0.014434423074687897
673,2024-09-09,0.008271071904490817,0.0018998756440630326,0.08439249201745562,0.0002027777777777,1.0337094850464144,1.0402450736746283,-0.006282739321347819
674,2024-09-10,0.004525811901909919,0.0018822621634665656,0.0842366326321728,0.0002007936507936,1.0383878597369545,1.0402450736746283,-0.0017853619158351153
675,2024-09-11,0.0034370975660242623,0.002063795609628229,0.08398419684465108,0.0002023809523809,1.0419569001222455,1.0419569001222455,0.0
676,2024-09-12,0.004024631088911476,0.0017206421856456359,0.07753575121566075,0.0002007936507936,1.0461503922557833,1.0461503922557833,0.0
677,2024-09-13,0.004797603639998379,0.0017714236097567783,0.0779709567355334,0.0001972222222222,1.0511694071856554,1.0511694071856554,0.0
678,2024-09-16,0.004329345016380474,0.001708323518087891,0.07727144823906354,0.0001968253968253,1.0557202822200262,1.0557202822200262,0.0
679,2024-09-17,-0.0035414710504141017,0.001418256713241502,0.07929028492525558,0.0001964285714285,1.051981479403209,1.0557202822200262,-0.0035414710504141356
680,2024-09-18,-0.004608911405703795,0.0008493467073766777,0.07885081071923541,0.0001920634920634,1.0471329899641983,1.0557202822200262,-0.008134060129800669
681,2024-09-19,0.007802919068137246,0.001184676905938667,0.08244292567973467,0.0001904761904761,1.0553036839384655,1.0557202822200262,-0.0003946104745516932
682,2024-09-20,-0.003283611761472488,0.0008183733957792141,0.08295737161306661,0.000188492063492,1.05183847634996,1.0557202822200262,-0.0036769264884287667
683,2024-09-23,0.0029673969395147834,0.0012104042813675226,0.08020672034819243,0.0001873015873015,1.0549596986255447,1.0557202822200262,-0.0007204404493225125
684,2024-09-24,0.0016556452285477357,0.0007576235750171503,0.07164514471457128,0.0001861111111111,1.0567063376168842,1.0567063376168842,0.0
685,2024-09-25,-0.0046085175475713315,0.0006357175893181002,0.07343501532416785,0.0001861111111111,1.051836487917347,1.0567063376168842,-0.0046085175475713
686,2024-09-26,0.003972206173683832,0.0007518757205567635,0.07429168596366352,0.0001857142857142,1.056014599308358,1.0567063376168842,-0.0006546173557415713
687,2024-09-27,6.929840224705237e-05,0.000918553314293518,0.07278273238338527,0.0001857142857142,1.0560877794328396,1.0567063376168842,-0.0005853643174313916
688,2024-09-30,0.000908590767571954,0.0009683690728068034,0.07268161768021887,0.0001876984126984,1.0570473310389779,1.0570473310389779,0.0
689,2024-10-01,-0.0032291123784219974,0.0006630933400274141,0.07360864110963461,0.0001869047619047,1.0536340064177419,1.0570473310389779,-0.00322911237842205
690,2024-10-02,-0.0024709151153280234,0.0008254297367345818,0.07067947105701385,0.0001861111111111,1.0510305662252606,1.0570473310389779,-0.005692048631165236
691,2024-10-03,-0.005629890951173868,0.00046439028959716696,0.07396055834146484,0.0001857142857142,1.0451133787510618,1.0570473310389779,-0.011289893969256837
692,2024-10-04,0.00024877358315754025,0.0005197484409613585,0.07379707562778076,0.0001876984126984,1.0453733753510996,1.0570473310389779,-0.011043929013475506
693,2024-10-07,-0.007774874963561069,0.000564908862234705,0.07235954610223636,0.0001892857142857,1.037245728067509,1.0570473310389779,-0.018732938809850497
694,2024-10-08,0.0044584152185788975,0.00038335378195318505,0.06833695985499669,0.000188492063492,1.041870200206931,1.0570473310389779,-0.014358042810750038
695,2024-10-09,0.002014817882725324,0.0002637826381824901,0.06695878319671635,0.000188492063492,1.0439693789177866,1.0570473310389779,-0.012372153769440786
696,2024-10-10,-0.003051469614046219,-4.5196751344675704e-05,0.06685672714880085,0.000188492063492,1.0407837380800242,1.0570473310389779,-0.015385870132199386
697,2024-10-11,0.004289994182416718,-3.25604135587118e-05,0.06706625474089178,0.0001876984126984,1.0452486942615415,1.0570473310389779,-0.011161881243141103
698,2024-10-14,0.004441753468049035,-4.95056598420139e-05,0.06675393581236885,0.0001876984126984,1.0498914312742513,1.0570473310389779,-0.006769706099813866
699,2024-10-15,-0.0013167087063248616,-0.0003183653609232204,0.06492763447750279,0.0001876984126984,1.0485090300859967,1.0570473310389779,-0.008077501075177795
700,2024-10-16,0.004537421729305938,6.634381906344818e-05,0.06589866359998947,0.0001873015873015,1.0532665577424825,1.0570473310389779,-0.0035767303747687995
701,2024-10-17,-0.004069554087566119,9.202750087952798e-05,0.06544142102253894,0.0001880952380952,1.048980232517125,1.0570473310389779,-0.00763172876461804
702,2024-10-18,0.0035070086023822134,-0.00011253966415642596,0.060574583710065015,0.0001876984126984,1.0526590152162913,1.0570473310389779,-0.0041514847006643985
703,2024-10-21,-0.009326510230841203,-0.00040029673412636475,0.0677522974961271,0.0001876984126984,1.0428413801412895,1.0570473310389779,-0.013439276066971595
704,2024-10-22,-0.0012271176730730689,-0.0006000355252019767,0.06667480838998428,0.0001873015873015,1.0415616910535062,1.0570473310389779,-0.014649902166869677
705,2024-10-23,-0.004066034047183755,-0.0008724964430939524,0.06717993105648414,0.0001876984126984,1.0373266657554403,1.0570473310389779,-0.018656369213055024
706,2024-10-24,0.002578948598591323,-0.0005302361504195404,0.06675608988470119,0.0001865079365079,1.0400018779063718,1.0570473310389779,-0.016125534431700395
707,2024-10-25,-0.00373286388814274,-0.0008971442486017581,0.06553292017727523,0.0001876984126984,1.0361196924527345,1.0570473310389779,-0.019798203894686006
708,2024-10-28,0.0018322659823246257,-0.0008131934114552072,0.06614224233551913,0.0001865079365079,1.0380181393188324,1.0570473310389779,-0.01800221348786868
709,2024-10-29,-0.0005189769794332593,-0.0008811728279792647,0.06585826398785258,0.0001865079365079,1.0374794318002918,1.0570473310389779,-0.018511847732922915
710,2024-10-30,-0.0018046892033141432,-0.0008133431529741288,0.06540166918694156,0.0001853174603174,1.0356071038710613,1.0570473310389779,-0.020283128804500117
711,2024-10-31,-0.009415213566878735,-0.0011440240316194009,0.07173650883210486,0.0001841269841269,1.0258566418167385,1.0570473310389779,-0.029507372381879837
712,2024-11-01,-0.002905449772618804,-0.0010142887374024931,0.07019413327482078,0.0001829365079365,1.0228760668700327,1.0570473310389779,-0.03232708996612099
713,2024-11-04,0.0041390272663771105,-0.0008290385620110851,0.07233704983289853,0.0001845238095238,1.0271097788009322,1.0570473310389779,-0.028321865406556457
714,2024-11-05,0.00890994970392239,-3.452310165472987e-05,0.07518523587124866,0.0001841269841269,1.0362612752704554,1.0570473310389779,-0.019664262098927687
715,2024-11-06,-0.001713327039542933,-0.0003284155901367218,0.07356036459406447,0.0001841269841269,1.0344858208075032,1.0570473310389779,-0.021343897826504032
716,2024-11-07,0.009803708121603584,4.248394504795729e-05,0.08123459188560467,0.0001837301587301,1.0446276178506375,1.0570473310389779,-0.01174943904936876
717,2024-11-08,0.004517106678503352,0.0004028923399312702,0.08183126010469781,0.0001837301587301,1.0493463122397795,1.0570473310389779,-0.00728540584046411
718,2024-11-11,-0.0019188629562687993,0.0001072324761843408,0.08093680016749762,0.0001837301587301,1.0473327604729255,1.0570473310389779,-0.009190289101344118
719,2024-11-12,-0.008905953713206812,-0.0005283726276849853,0.08503371071320792,0.0001837301587301,1.0380052633858285,1.0570473310389779,-0.01801439452520326
720,2024-11-13,-0.001626114798698842,-0.0005431062511313653,0.08507659740524336,0.0001825396825396,1.0363173476659095,1.0570473310389779,-0.019611215850375063
721,2024-11-14,-0.0034599248946170424,-0.0009239322808419834,0.08355610888122479,0.0001829365079365,1.0327317674759968,1.0570473310389779,-0.023003287411057727
722,2024-11-15,-0.006372909250027055,-0.00103361586000679,0.08501690934138659,0.0001825396825396,1.0261502616422522,1.0570473310389779,-0.02922959879796183
723,2024-11-18,0.00394739151584104,-0.001012645245080179,0.08532638734714373,0.0001837301587301,1.0302008784790369,1.0570473310389779,-0.025397587952427303
724,2024-11-19,0.0023285333060012866,-0.0004576431718972034,0.08042904764435274,0.0001833333333333,1.0325997355364471,1.0570473310389779,-0.02312819377586528
725,2024-11-20,-8.621714056486791e-05,-0.00040331457511109855,0.08038861006262821,0.0001833333333333,1.0325107077399012,1.0570473310389779,-0.02321241686969633
726,2024-11-21,0.0038819613172922877,-2.483860537414414e-05,0.08054049913834503,0.0001837301587301,1.0365188743670375,1.0570473310389779,-0.01942056525677316
727,2024-11-22,0.003439496730340108,1.6139877090083724e-05,0.0809451898551563,0.0001837301587301,1.0400839776463588,1.0570473310389779,-0.016047865497134994
728,2024-11-25,0.009630378313979858,0.0006524847438578265,0.08621222514333562,0.0001833333333333,1.0501003798294024,1.0570473310389779,-0.00657203419902419
729,2024-11-26,0.00129522211744788,0.0006269112264827433,0.08613966671495327,0.0001829365079365,1.0514604930668978,1.0570473310389779,-0.005285324325627561
730,2024-11-27,0.0020920102115013443,0.0007512439498605818,0.08617687256749983,0.0001825396825396,1.053660159155384,1.0570473310389779,-0.0032043710665865532
731,2024-11-29,0.005300751370439533,0.0010895982628964709,0.08703242390049538,0.000181746031746,1.0592453496880043,1.0592453496880043,0.0
732,2024-12-02,-0.001007910540554381,0.0014899460260547736,0.07872257557822546,0.0001789682539682,1.0581777251350206,1.0592453496880043,-0.0010079105405543798
733,2024-12-03,-0.0017980190658602128,0.0015426808216147064,0.0780339497447252,0.0001781746031746,1.0562751014101592,1.0592453496880043,-0.002804117364045955
734,2024-12-04,0.003978262174686264,0.0015350253410579997,0.07796851242974685,0.0001773809523809,1.060477240692162,1.060477240692162,0.0
735,2024-12-05,-0.00020780516314995875,0.001100846537864078,0.0733632947270238,0.0001769841269841,1.0602568680461433,1.060477240692162,-0.00020780516314988784
736,2024-12-06,0.0007047801057158897,0.0012159944971621174,0.07266948873949995,0.0001753968253968,1.0610041159936907,1.0610041159936907,0.0
737,2024-12-09,-0.004206118244919638,0.0005488599082800591,0.06785488572721073,0.0001753968253968,1.0565414072234747,1.0610041159936907,-0.004206118244919788
738,2024-12-10,-0.005663002062392217,6.409282538027005e-05,0.06949742338572337,0.000175,1.0505582110553653,1.0610041159936907,-0.009845301051016442
739,2024-12-11,0.0008214605842105634,0.000194584422545954,0.06915973565772468,0.0001738095238095,1.051421203217166,1.0610041159936907,-0.009031927993559008
740,2024-12-12,-0.0058736536693968265,0.00033897966272738186,0.06479196703128903,0.000172619047619,1.0452455192088077,1.0610041159936907,-0.01485253124595487
741,2024-12-13,-0.0032586731305921926,0.00026123878978007956,0.06565688739145516,0.0001722222222222,1.04183940572049,1.0610041159936907,-0.01806280483205458
742,2024-12-16,0.00030672926330152983,0.00044060327349048777,0.06424848154269897,0.0001734126984126,1.0421589683538852,1.0610041159936907,-0.017761615959572374
743,2024-12-17,-0.0022796811259463163,0.0006355188984467134,0.06021720849482105,0.0001738095238095,1.0397831782234932,1.0610041159936907,-0.020000806264849347
744,2024-12-18,-0.02364993222724798,-0.0006786393750337161,0.10228494145113902,0.0001730158730158,1.015192376527475,1.0610041159936907,-0.04317772077944326
745,2024-12-19,-0.005714377535058943,-0.0010616351293699176,0.10309690779527536,0.000172619047619,1.0093911840172833,1.0610041159936907,-0.048645364516865186
746,2024-12-20,0.007527626292277722,-0.0006990711563774133,0.10729292647217595,0.0001722222222222,1.0169895036332852,1.0610041159936907,-0.04148392234952203
747,2024-12-23,0.0014395023702651268,-0.0008153787252834685,0.10630802861924359,0.0001730158730158,1.0184534624343,1.0610041159936907,-0.04010413618380693
748,2024-12-24,0.006162947966818939,-0.000685690571165429,0.10808524146820796,0.0001746031746031,1.0247301381299092,1.0610041159936907,-0.034188347921543016
749,2024-12-26,0.0012104980754823833,-0.0010866372491891182,0.10170682570739373,0.000172619047619,1.0259705719900043,1.0610041159936907,-0.03301923477542357
750,2024-12-27,-0.006712614170141481,-0.0014679627866933736,0.1031170717917469,0.0001710317460317,1.019083627390316,1.0610041159936907,-0.039510203562324264
751,2024-12-30,-0.004436985319996684,-0.0017788673358123271,0.10275669847855161,0.0001734126984126,1.0145619682957363,1.0610041159936907,-0.0437718826891248
752,2024-12-31,-0.0006726681018250742,-0.0020633158821106415,0.09960634393531852,0.0001734126984126,1.0138795048223388,1.0610041159936907,-0.04441510684170813
753,2025-01-02,-0.002236298102258117,-0.0021218105279060574,0.09953321317515092,0.0001730158730158,1.0116121680097863,1.0610041159936907,-0.04655207952482454
754,2025-01-03,0.005907254971467934,-0.0017548927166047173,0.10335466622215649,0.0001722222222222,1.0175880190184594,1.0610041159936907,-0.040919819556561876
755,2025-01-06,-0.0005174791699331825,-0.001968975637777072,0.10136667509321269,0.000172619047619,1.0170614384150438,1.0610041159936907,-0.04141612357223712
756,2025-01-07,-0.007000205146306248,-0.00229242325602261,0.10260305218370393,0.000172619047619,1.009941799699741,1.0610041159936907,-0.048126407357172996
757,2025-01-08,0.001780529415272395,-0.0022411970984246806,0.10306562952992705,0.000172619047619,1.0117400307818196,1.0610041159936907,-0.0464315684258515
758,2025-01-10,-0.013813154403626732,-0.0026986750107440664,0.11047971687935276,0.0001730158730158,0.9977647095203003,1.0610041159936907,-0.05960335640560932
759,2025-01-13,0.0022231387678514998,-0.002323144495018175,0.11118884617195642,0.0001734126984126,0.9999828789272289,1.0610041159936907,-0.057512724170077245
760,2025-01-14,0.002666264349353396,-0.0022352966966780402,0.11202673271296826,0.0001730158730158,1.0026490976272764,1.0610041159936907,-0.0549998039468127
761,2025-01-15,0.012246938714498898,-0.0013724113450639581,0.12177374033217887,0.000172619047619,1.0149284796780653,1.0610041159936907,-0.043426444460559877
762,2025-01-16,0.0049432297799774285,-0.000981844539798738,0.12347562829488086,0.0001722222222222,1.0199455043633572,1.0610041159936907,-0.038697881574078385
763,2025-01-17,0.003690102402976073,-0.0008207315331475692,0.12447273775204376,0.0001722222222222,1.023709207719913,1.0610041159936907,-0.035150578316888836
764,2025-01-21,0.011162747414790933,-0.00018061588835055733,0.13102530693759304,0.0001730158730158,1.0351366150318861,1.0610041159936907,-0.024380207929333264
765,2025-01-22,-0.002278191456338094,0.000837086053121342,0.10004412551684462,0.0001730158730158,1.0327783756393778,1.0610041159936907,-0.02660285660426298
766,2025-01-23,0.0025988105788897183,0.001232952153785564,0.09729159660136731,0.0001730158730158,1.0354623710076378,1.0610041159936907,-0.024073181810545186
767,2025-01-24,0.0013985482466840437,0.0009410912944715793,0.09457384471955067,0.000172619047619,1.036910515091118,1.0610041159936907,-0.022708301070074266
768,2025-01-27,0.002192174027678284,0.0009769328019674439,0.09465972641923555,0.0001714285714285,1.039183603391327,1.0610041159936907,-0.020565907590214594
769,2025-01-28,-0.00022762624453804853,0.0006726197442837778,0.09281900871327628,0.0001710317460317,1.0389470579303015,1.0610041159936907,-0.02078885249444251
770,2025-01-29,-0.0035146808505411445,0.00044761122399694317,0.09391085438305746,0.0001710317460317,1.0352954906010678,1.0610041159936907,-0.02423046716321664
771,2025-01-30,0.007262844969940665,0.001113109278286569,0.09295865019375105,0.0001706349206349,1.042814681247382,1.0610041159936907,-0.01714360431983175
772,2025-01-31,-0.005036366670698485,0.001084567309205531,0.09343153989123489,0.0001710317460317,1.0375626841430325,1.0610041159936907,-0.022093629513118218
773,2025-02-03,-0.0016816028654485578,0.0010365227966520317,0.09373551100444633,0.0001722222222222,1.0358179157602951,1.0610041159936907,-0.02373807966786945
774,2025-02-04,0.00440350059204607,0.001352703686856993,0.09363637739151995,0.0001718253968253,1.0403791405655973,1.0610041159936907,-0.019439109723695003
775,2025-02-05,0.009146413591627323,0.0015069493354360117,0.09625720953767217,0.0001718253968253,1.049894878477312,1.0610041159936907,-0.010470494269453567
776,2025-02-06,0.0017323730869471972,0.00161408515719222,0.09597611604488908,0.0001722222222222,1.05171368810891,1.0610041159936907,-0.008756259984985748
777,2025-02-07,-0.006409215806917703,0.0016422275066869127,0.09532740444233218,0.000172619047619,1.0449730281147307,1.0610041159936907,-0.015109355031998173
778,2025-02-10,0.003165690022044505,0.001708187535580823,0.09547337665313867,0.000172619047619,1.048281088803139,1.0610041159936907,-0.011991496544418001
779,2025-02-11,0.0003177730417999072,0.002381088842505901,0.07735775891171043,0.000172619047619,1.0486142042733892,1.0610041159936907,-0.011677534076950824
780,2025-02-12,-0.004868970417659341,0.002043369357481575,0.08133896996797155,0.000172619047619,1.0435085327332447,1.0610041159936907,-0.016489646926638346
781,2025-02-13,0.010899132375597708,0.002435410692064637,0.08694032652176398,0.0001722222222222,1.05488187036657,1.0610041159936907,-0.005770237395720912
782,2025-02-14,-0.0002825469257630636,0.00183876851871883,0.07965271391534086,0.0001722222222222,1.054583816737055,1.0610041159936907,-0.00605115395864686
783,2025-02-18,0.0004055201543972206,0.001622687107976915,0.07897245415584028,0.0001722222222222,1.0550114717292431,1.0610041159936907,-0.005648087669137047
784,2025-02-19,0.0004588776664833075,0.0014688192633820218,0.07869939728000137,0.0001722222222222,1.0554955929315033,1.0610041159936907,-0.005191801783943517
785,2025-02-20,0.0012013617884599622,0.0009944675668900707,0.07036269373986398,0.0001718253968253,1.056763625004739,1.0610041159936907,-0.003996677227760093
786,2025-02-21,-0.005459307174397572,0.0008429858660300955,0.07303897900948404,0.0001714285714285,1.0509944277651082,1.0610041159936907,-0.009434165313494391
787,2025-02-24,0.0005024996323848147,0.0007431615352441477,0.07276449460214203,0.0001710317460317,1.0515225520786986,1.0610041159936907,-0.008936406345711578
788,2025-02-25,0.00619360278680448,0.0009714974657260731,0.07516499284825863,0.0001706349206349,1.058035265087641,1.0610041159936907,-0.002798152110153884
789,2025-02-26,-0.00029796673028920507,0.0008529193343942881,0.07515042527518057,0.0001710317460317,1.057720005779172,1.0610041159936907,-0.003095285084208088
790,2025-02-27,-0.006994702687731845,0.0005306775990041073,0.07988349073699891,0.0001714285714285,1.0503215688118808,1.0610041159936907,-0.010068337173042119
791,2025-02-28,0.00998457940708955,0.0011734995160341403,0.08480552393218603,0.0001714285714285,1.060808587918662,1.0610041159936907,-0.00018428587795404905
792,2025-03-03,-0.001258108316993091,0.0007677398357039615,0.08219308680649011,0.000172619047619,1.0594739758114637,1.0610041159936907,-0.001442162343351372
793,2025-03-04,-0.008166566446023255,0.0006186827035456391,0.08562193206775089,0.0001722222222222,1.050821711190167,1.0610041159936907,-0.009596951274771781
794,2025-03-05,0.00691884442178962,0.001028227812461743,0.08786457623525946,0.000172619047619,1.0580921831249304,1.0610041159936907,-0.0027445066657758588
795,2025-03-06,-0.01187636812519087,0.0002529959687837933,0.0975493645261088,0.0001722222222222,1.0455258908477518,1.0610041159936907,-0.01458828001948198
796,2025-03-07,0.0043698034863306765,2.5538344722048285e-05,0.09337646801378223,0.0001722222222222,1.0500946335306274,1.0610041159936907,-0.0102822244500399
797,2025-03-10,-0.010819601400383166,-0.0005721747261032071,0.10034889664767534,0.0001718253968253,1.0387330281631446,1.0610041159936907,-0.02099057628036438
798,2025-03-11,-0.007940989623824389,-0.000645116336432097,0.10160399058823391,0.0001722222222222,1.0304844599645775,1.0610041159936907,-0.028764879955748168
799,2025-03-12,-0.0004189776208352519,-0.000815814795616847,0.1006644180321962,0.000172619047619,1.0300527100372339,1.0610041159936907,-0.029171805735615952
800,2025-03-13,-0.0062544687827595265,-0.0011287786920244393,0.10229326483872325,0.0001722222222222,1.0236102775177092,1.0610041159936907,-0.03524382037006524
801,2025-03-14,0.011639540702513787,-0.0003426591148733379,0.11035537770099518,0.0001718253968253,1.035524631006388,1.0610041159936907,-0.02401450154926099
802,2025-03-17,0.009230452886334499,-0.0004221200429334908,0.1083466557902889,0.0001722222222222,1.0450829923255314,1.0610041159936907,-0.015005713388065667
803,2025-03-18,-0.004264241472553899,-0.0006117245451616257,0.10915695091479453,0.0001722222222222,1.040626506087396,1.0610041159936907,-0.01920596687526499
804,2025-03-19,0.0053007551455392515,-0.00037861811701200523,0.11103281977416543,0.0001718253968253,1.0461426123941233,1.0610041159936907,-0.014007017857464943
805,2025-03-20,-0.002471814203771724,-0.0005181748727384353,0.11121826551670581,0.0001718253968253,1.0435567422256367,1.0610041159936907,-0.016444209315544023
806,2025-03-21,-0.0037323172880461253,-0.0007531119716196775,0.11156974982372507,0.0001718253968253,1.039661857355571,1.0610041159936907,-0.020115151596873493
807,2025-03-24,0.0058316683606648425,-0.0002154464699500387,0.11242142473169758,0.0001718253968253,1.0457248205149012,1.0610041159936907,-0.01440078812934631
808,2025-03-25,-0.00032072130251648706,-0.0002546474668501007,0.11239134815013577,0.0001718253968253,1.0453894342883918,1.0610041159936907,-0.014716890792336734
809,2025-03-26,-0.005375839378731962,-0.000805573284256598,0.11116677584658813,0.0001718253968253,1.039769588601434,1.0610041159936907,-0.02001361453001471
810,2025-03-27,-0.0008070395774147192,-0.0008298148484054321,0.11115147328985707,0.0001718253968253,1.0389304533920405,1.0610041159936907,-0.020804502328416463
811,2025-03-28,-0.0050965822783971,-0.0007394281622466346,0.1100136424356219,0.0001718253968253,1.0336354588547956,1.0610041159936907,-0.025795052748935676
812,2025-03-31,0.004699767427082774,-0.0009910858755802904,0.10492834893051134,0.0001714285714285,1.0384933051157992,1.0610041159936907,-0.021216516070542202
813,2025-04-01,0.0029732186860877436,-0.0007895941135288222,0.10581273786385235,0.0001714285714285,1.0415809728159466,1.0610041159936907,-0.01830637872648888
814,2025-04-02,0.0028958436732154564,-0.0002628126792793599,0.1029968919570626,0.0001714285714285,1.0445972284862173,1.0610041159936907,-0.015463547464288019
815,2025-04-03,-0.020834543517113238,-0.0015844025811318767,0.1217728225241333,0.0001710317460317,1.0228335220714653,1.0610041159936907,-0.03597591502882769
816,2025-04-04,-0.03816513044276642,-0.002836248405778332,0.17303178061321167,0.0001698412698412,0.9837969472803736,1.0610041159936907,-0.072768019981721
817,2025-04-07,-0.01611868308398971,-0.003811890623412636,0.17679586655402615,0.000170238095238,0.9679394360681648,1.0610041159936907,-0.0877137784129759
818,2025-04-08,-0.013474109779083341,-0.00393829578430312,0.1783538799328433,0.0001710317460317,0.9548973138470783,1.0610041159936907,-0.10000602311258455
819,2025-04-09,0.05563515001156635,-0.0009108605635702276,0.27184632079981075,0.000172619047619,1.0080231691486023,1.0610041159936907,-0.049934723198946984
820,2025-04-10,-0.023960759761817954,-0.002031897808378928,0.28330054221928674,0.0001722222222222,0.9838701681582863,1.0610041159936907,-0.07269900905442206
821,2025-04-11,0.013007974693889772,-0.001114638595205152,0.2875100079842222,0.0001722222222222,0.9966683264077624,1.0610041159936907,-0.06063670123058307
822,2025-04-14,0.010775046675019962,-0.0011558049774667626,0.28704201767701726,0.0001718253968253,1.0074074741443202,1.0610041159936907,-0.050515017841541776
823,2025-04-15,0.001731872707067032,-0.0015128802240985469,0.2847898053779744,0.0001718253968253,1.009152175653686,1.0610041159936907,-0.048870630715171504
824,2025-04-16,-0.006939026406647636,-0.0016402509352458673,0.28526573802484934,0.0001718253968253,1.0021496420584992,1.0610041159936907,-0.05547054252477701
825,2025-04-17,0.0028496282372075777,-0.0017569712642140425,0.28463995282034493,0.0001722222222222,1.0050053959764165,1.0610041159936907,-0.05277898471188136
826,2025-04-21,-0.016445257321661046,-0.002422373317446867,0.289162076152249,0.0001722222222222,0.9884778236299264,1.0610041159936907,-0.06835627804877953
827,2025-04-22,0.016697089609988412,-0.0014495444175404606,0.29656137230553437,0.0001718253968253,1.0049825264285617,1.0610041159936907,-0.05280053933877682
828,2025-04-23,0.007316467883439228,-0.001378839678360728,0.2970648815644906,0.0001718253968253,1.0123354488065939,1.0610041159936907,-0.045870384905638106
829,2025-04-24,0.011381140493514645,-0.0008216081642640076,0.300337763124777,0.0001714285714285,1.023856980776027,1.0610041159936907,-0.035011301707226106
830,2025-04-25,0.0037901004147450268,-0.0003851348407651033,0.3002648853872331,0.0001714285714285,1.0277375015435057,1.0610041159936907,-0.031353897641602346
831,2025-04-28,0.0039328664397156295,-0.00015942503042556283,0.3006296845414064,0.0001714285714285,1.0317794558721634,1.0610041159936907,-0.027544341893675717
832,2025-04-29,0.005472596050569729,0.0003438691757157148,0.30067211189297566,0.0001710317460317,1.0374259680474283,1.0610041159936907,-0.022222484899768857
833,2025-04-30,0.0003069757705526087,0.00013468862064284974,0.30025503750070986,0.0001710317460317,1.0377444326833607,1.0610041159936907,-0.02192233089364215
834,2025-05-01,-0.0004480966331157424,-2.8231156462078175e-05,0.300081359576884,0.0001710317460317,1.0372794228970408,1.0610041159936907,-0.02236060420409436
835,2025-05-02,0.007683581043502185,0.0001997563373610994,0.3011256947088531,0.0001718253968253,1.0452494434076274,1.0610041159936907,-0.014848832675176005
836,2025-05-05,-0.002625514360696283,0.0010668529638571448,0.29155368563693346,0.0001718253968253,1.0425051259834508,1.0610041159936907,-0.017435361212444045
837,2025-05-06,-0.0033329459959624383,0.0027255284137049536,0.2551984037885632,0.0001718253968253,1.039030512698034,1.0610041159936907,-0.02071019609106539
838,2025-05-07,0.0023944936013480795,0.003607108255863896,0.24586103628027975,0.0001722222222222,1.0415184646122948,1.0610041159936907,-0.01836529292173994
839,2025-05-08,-0.0025373083611091732,0.004127908323386475,0.23911357687368776,0.0001722222222222,1.0388758111037844,1.0610041159936907,-0.02085600287156464
840,2025-05-09,0.0012910317050826333,0.0015400931659348693,0.14858326606207076,0.0001722222222222,1.040217032713563,1.0610041159936907,-0.019591896927430352
841,2025-05-12,0.00934142722660371,0.0031259115939549485,0.11825698162727752,0.0001753968253968,1.0499341444245303,1.0610041159936907,-0.010433485980205437
842,2025-05-13,-0.00173833555945217,0.0024237063437958085,0.11367459563418993,0.000175,1.0481090065661942,1.0610041159936907,-0.012153684639969131
843,2025-05-14,-0.004226035018486327,0.0017093691202955093,0.11164796829595068,0.000175,1.0436796612012547,1.0610041159936907,-0.01632835776156316
844,2025-05-15,0.010299800853306264,0.0021173656986878536,0.1155467019301209,0.0001738095238095,1.0544293538662737,1.0610041159936907,-0.006196735741462622
845,2025-05-16,0.005646510597706874,0.002716676984609497,0.11126322108585252,0.0001734126984126,1.0603832003874127,1.0610041159936907,-0.0005852150777911902
846,2025-05-19,0.0020101515525153832,0.002676701904386059,0.11128858189785118,0.0001742063492063,1.062514731323933,1.062514731323933,0.0
847,2025-05-20,-0.002613822396564819,0.0033353416627239746,0.0895312871127203,0.0001738095238095,1.0597375065225183,1.062514731323933,-0.0026138223965649354
848,2025-05-21,-0.014412204411427666,0.0018539467093232084,0.095678163228594,0.0001730158730158,1.044464352956059,1.062514731323933,-0.016988355865318105
849,2025-05-22,-0.00019404623722646115,0.0014963031797677,0.09379414138569493,0.0001734126984126,1.0442616785784509,1.062514731323933,-0.01717910557601221
850,2025-05-23,-0.0014036050726987386,0.0008875057718527769,0.08702921527911119,0.0001730158730158,1.0427959475891733,1.062514731323933,-0.018558597968979962
851,2025-05-27,0.014401060092861821,0.0013927895660488146,0.09849536347701877,0.000172619047619,1.0578133146949977,1.062514731323933,-0.004424801360708663
852,2025-05-28,-0.005355176195095639,0.0009505018215339924,0.10070760861218657,0.000172619047619,1.0521485380132878,1.062514731323933,-0.009756281964889535
853,2025-05-29,0.005310559063215564,0.0009427857745171272,0.1006174552041961,0.0001730158730158,1.0577360349676834,1.062514731323933,-0.004497534213285692
854,2025-05-30,0.001486752596279548,0.0009989656233612672,0.1006065201743056,0.0001730158730158,1.05930862676385,1.062514731323933,-0.003017468337674689
855,2025-06-02,0.0017354273136640345,0.0011029429541603041,0.10049507902002726,0.0001761904761904,1.061146979888336,1.062514731323933,-0.0012872776209820191
856,2025-06-03,-0.00023581547846724077,0.000725828834066522,0.09766561834187835,0.0001757936507936,1.0608967450055495,1.062514731323933,-0.0015227895394610558
857,2025-06-04,0.004067333344487254,0.0010445358676466905,0.09752367294548527,0.0001761904761904,1.0652117657115685,1.0652117657115685,0.0
858,2025-06-05,-0.002001749262229484,0.0011079261883006407,0.096877675987932,0.0001761904761904,1.0630794788454372,1.0652117657115685,-0.002001749262229513
859,2025-06-06,0.001988561806285625,0.0010885961028214762,0.09681993883017886,0.0001757936507936,1.0651934780941152,1.0652117657115685,-1.71680580725031e-05
860,2025-06-09,-0.0004394185864963187,0.0011884956158982787,0.09610007391314472,0.0001761904761904,1.064725412281626,1.0652117657115685,-0.0004565791006049258
861,2025-06-10,0.00437809803210834,0.0013354987743280744,0.09673448530926623,0.0001765873015873,1.069386884513872,1.069386884513872,0.0
862,2025-06-11,-0.001161042677668884,0.0008353811598389031,0.09253278428190029,0.0001765873015873,1.068145280702012,1.069386884513872,-0.001161042677669033
863,2025-06-12,0.0063077884422464625,0.0012185299218245523,0.09390071735018304,0.0001769841269841,1.0748829151582642,1.0748829151582642,0.0
864,2025-06-13,-0.00974660075738075,0.000955645839020056,0.09970207046174923,0.0001765873015873,1.064406460523287,1.0748829151582642,-0.009746600757380763
865,2025-06-16,0.0015119465234146644,0.0005371765852156941,0.09379722606177229,0.0001757936507936,1.0660157861707753,1.0748829151582642,-0.00824939057309626
866,2025-06-17,-0.0033396515424622387,0.00010926410235049828,0.09278964209226184,0.0001753968253968,1.0624556649062011,1.0748829151582642,-0.011561492025606634
867,2025-06-18,0.0002199015897059337,2.4014104121476873e-05,0.09253442826240764,0.0001753968253968,1.0626893005959062,1.0748829151582642,-0.011344132826376363
868,2025-06-20,-0.002356183467511013,3.62826245526105e-05,0.09244615076634194,0.0001742063492063,1.0601854096347412,1.0748829151582642,-0.01367358743566871
869,2025-06-23,0.008149957149197645,0.0011106712702966728,0.08024948045248743,0.0001738095238095,1.068825875293469,1.0748829151582642,-0.005635069438147511
870,2025-06-24,0.007686056637172607,0.0014859142643156762,0.08322284783915083,0.0001738095238095,1.0770409315062501,1.0770409315062501,0.0
871,2025-06-25,-0.005397098259783009,0.0012957479220735682,0.08607094751597116,0.0001738095238095,1.0712280357691026,1.0770409315062501,-0.005397098259783073
872,2025-06-26,0.005192032702387864,0.000857222808241475,0.07337959748971944,0.0001742063492063,1.0767898867625305,1.0770409315062501,-0.00023308746805794645
873,2025-06-27,0.002106454607493831,0.0012125385607457354,0.06988948360789983,0.0001742063492063,1.0790580957808042,1.0790580957808042,0.0
874,2025-06-30,0.005900218583002985,0.0012406175854975173,0.07035343990573352,0.000175,1.0854247744096701,1.0854247744096701,0.0
875,2025-07-01,0.0014129264358296043,0.0012371020540475198,0.07035065028756124,0.0001746031746031,1.0869583997675378,1.0869583997675378,0.0
876,2025-07-02,-0.0005959238920189285,0.001126085329967379,0.07060566367582645,0.000175,1.0863106552874857,1.0869583997675378,-0.0005959238920189014
877,2025-07-03,0.0020586629346807956,0.0012353462067839522,0.07049531223293172,0.0001753968253968,1.088547002769075,1.088547002769075,0.0
878,2025-07-07,-0.007247603445474559,0.0006965396929762468,0.07548787945180634,0.0001753968253968,1.0806576457612447,1.088547002769075,-0.007247603445474593
879,2025-07-08,0.0001694151072013687,0.000799928472472954,0.07488227423123978,0.0001753968253968,1.0808407254921493,1.088547002769075,-0.007079416191787979
880,2025-07-09,0.00529024152060319,0.0009571513160118857,0.07640068797293194,0.0001753968253968,1.0865586339753066,1.088547002769075,-0.0018266264926642961
881,2025-07-10,0.0007998211382455432,0.0010161627314757837,0.07623569009566554,0.0001753968253968,1.0874276865387034,1.088547002769075,-0.0010282663288991856
882,2025-07-11,-0.006182263318715619,0.0005132883814365477,0.07909142359346083,0.000175,1.0807049222404594,1.088547002769075,-0.007204172634407646
883,2025-07-14,0.0019263471062295197,0.0006603069425745669,0.07899095085187226,0.0001753968253968,1.0827867350401053,1.088547002769075,-0.005291703265285275
884,2025-07-15,-0.007919947660363946,-1.720430040688112e-05,0.08150993758997847,0.0001753968253968,1.0742111207712512,1.088547002769075,-0.013169740912754024
885,2025-07-16,0.004225276832673811,0.0006481232038814314,0.07457073347705978,0.000175,1.0787499601332466,1.088547002769075,-0.009000109881251106
886,2025-07-17,0.0022437501961986013,0.0006829709978235235,0.07472048505901865,0.000175,1.0811704055679447,1.088547002769075,-0.006776553683364495
887,2025-07-18,-9.735864242710736e-06,0.0008415384110720725,0.07333932848860387,0.0001746031746031,1.0811598794396529,1.088547002769075,-0.006786223572000538
888,2025-07-21,0.0038470312520111336,0.001014258871181844,0.07402506368038929,0.000175,1.0853191352842777,1.088547002769075,-0.002965299134154109
889,2025-07-22,0.005811551523915839,0.0014031986326783607,0.07474306001191255,0.000175,1.0916265233588742,1.0916265233588742,0.0
890,2025-07-23,0.005015386776031285,0.0012539333768132959,0.07191312136977829,0.000175,1.0971014525884932,1.0971014525884932,0.0
891,2025-07-24,-0.0018117285794729964,0.0008016578903063625,0.06866222249543771,0.0001753968253968,1.0951138025322573,1.0971014525884932,-0.001811728579472982
892,2025-07-25,0.002373709575899885,0.0011716963586722144,0.06500199082262595,0.0001753968253968,1.097713284652028,1.097713284652028,0.0
893,2025-07-28,-0.0072188001158159255,0.0005807043197101294,0.06939907683452676,0.0001746031746031,1.0897891118656493,1.097713284652028,-0.007218800115815993
894,2025-07-29,0.005353009822129713,0.0007353021870737427,0.07118665475326971,0.0001746031746031,1.0956227636855163,1.097713284652028,-0.0019044326016101065
895,2025-07-30,-0.005428800855901275,0.0001958250709354447,0.07164608397135996,0.000175,1.0896748458882755,1.097713284652028,-0.00732289467217373
896,2025-07-31,-0.0058691079006633114,-0.0001509384688975513,0.07447248279952592,0.000175,1.0832794266411185,1.097713284652028,-0.013149023713860841
897,2025-08-01,-0.0017017050534511395,-0.00020359471468003756,0.07465402562353227,0.000172619047619,1.0814360045665037,1.097713284652028,-0.014828353007210193
898,2025-08-04,0.009790740577937064,0.00016459945880835616,0.08204535954690932,0.000172619047619,1.0920240639388552,1.097713284652028,-0.005182792986764606
899,2025-08-05,-0.0016354997698427294,0.0004318424909813004,0.07785318635643632,0.0001722222222222,1.0902380588336205,1.097713284652028,-0.00680981629987043
900,2025-08-06,0.001908714391654333,0.0005146662664314416,0.07801229574809272,0.0001714285714285,1.0923190119068453,1.097713284652028,-0.004914099902592284
901,2025-08-07,0.0003178036573166213,0.0002778835110368431,0.07605402301637844,0.0001714285714285,1.0926661548837857,1.097713284652028,-0.004597857964197205
902,2025-08-08,0.001201303056117609,0.00029700169760217955,0.07610144080392835,0.0001714285714285,1.093978778074964,1.097713284652028,-0.0034020783289036016
903,2025-08-11,-0.0022084512959076696,0.0004862308415454152,0.07302115768447485,0.0001722222222222,1.0915627792248288,1.097713284652028,-0.005603016300516961
904,2025-08-12,0.004979829856758947,0.0006316347820468165,0.074530452036957,0.0001718253968253,1.0969985761433394,1.097713284652028,-0.0006510885116192133
905,2025-08-13,0.006219299881882622,0.001304932284058558,0.07004856900450315,0.000170238095238,1.103821139258373,1.103821139258373,0.0
906,2025-08-14,-0.003149168310397858,0.0009537682296265735,0.07082856847802589,0.0001706349206349,1.1003450207062733,1.103821139258373,-0.0031491683103979096
907,2025-08-15,0.00017678152603093744,0.00085534115009478,0.07071606852926866,0.0001706349206349,1.1005395413781942,1.103821139258373,-0.002972943499146563
908,2025-08-18,-0.0021702450259359265,0.0007524597614427222,0.07144140898686498,0.0001718253968253,1.0981511009126723,1.103821139258373,-0.00513673650924118
909,2025-08-19,0.0031291353761759475,0.0007182742435458086,0.07109202200743056,0.0001706349206349,1.1015873643709249,1.103821139258373,-0.0020236746769942693
910,2025-08-20,0.0013515941360033494,0.0005058953203118804,0.06870467292055214,0.0001706349206349,1.103076263392904,1.103821139258373,-0.0006748157278174682
911,2025-08-21,-0.0038661191138713176,8.296646841175649e-05,0.06824674904706249,0.0001714285714285,1.098811639166943,1.103821139258373,-0.004538325923705178
912,2025-08-22,0.011264040568273487,0.0007056221421139699,0.07800646015463295,0.0001694444444444,1.1111886980474106,1.1111886980474106,0.0
913,2025-08-25,-0.0059209318114275935,0.0003106392189078996,0.08100585670633018,0.000170238095238,1.1046094255366428,1.1111886980474106,-0.005920931811427721
914,2025-08-26,0.0005244145228363873,0.0006793637255103907,0.07623795157988524,0.0001698412698412,1.1051886987614563,1.1111886980474106,-0.005399622311221819
915,2025-08-27,0.001674077132955446,0.0005041764545973303,0.07444024629816867,0.0001690476190476,1.1070388698896538,1.1111886980474106,-0.003734584562503973
916,2025-08-28,0.0022187312046582147,0.0008683446479573059,0.07141272188192285,0.0001690476190476,1.1094950915750477,1.1111886980474106,-0.0015241393971510142
917,2025-08-29,-0.0026262209650261027,0.001022767835368602,0.06837677203632801,0.0001678571428571,1.1065813123049597,1.1111886980474106,-0.00414635763533866
918,2025-09-02,-0.007745119855965039,0.000734986178106035,0.07435441024177039,0.0001666666666666,1.0980107074107868,1.1111886980474106,-0.011859363454452265
919,2025-09-03,0.004059958999087589,0.0004620918172084411,0.06793296357386014,0.000165873015873,1.1024685858634335,1.1111886980474106,-0.007847552984745154
920,2025-09-04,0.0063486868784294,0.0008422911814118758,0.07041175893287038,0.0001650793650793,1.1094678137083855,1.1111886980474106,-0.001548687762977674
921,2025-09-05,0.004353103684475814,0.0009586906715462321,0.07138071484520625,0.0001615079365079,1.1142974421360468,1.1142974421360468,0.0
922,2025-09-08,0.004005163087399549,0.0011342792158358951,0.07210279974500691,0.0001626984126984,1.118760385119674,1.118760385119674,0.0
923,2025-09-09,-0.001159368557153325,0.0010218662818706128,0.07253757509368809,0.0001626984126984,1.1174633295061773,1.118760385119674,-0.001159368557153373
924,2025-09-10,0.00041978390890029,0.0011470203392424203,0.07162850255018698,0.0001623015873015,1.1179324226306901,1.118760385119674,-0.0007400713325178554
925,2025-09-11,0.009550778663402695,0.0013646845681302177,0.07630765735475241,0.0001619047619047,1.1286095477598772,1.1286095477598772,0.0
926,2025-09-12,-0.0033125637767218315,0.0009107862986728629,0.07580925194358754,0.0001619047619047,1.1248709566539055,1.1286095477598772,-0.003312563776721844
927,2025-09-15,0.0022909080197350694,0.0011698375524887166,0.07446876512423758,0.0001611111111111,1.127447932549671,1.1286095477598772,-0.001029244535908802
928,2025-09-16,-0.0017528355918808186,0.0010779510230643473,0.07509039044420876,0.0001603174603174,1.1254717016855054,1.1286095477598772,-0.00278027603133435
929,2025-09-17,-0.0008215594497296583,0.0011421741457408362,0.0744983095944727,0.0001595238095238,1.1245470597735823,1.1286095477598772,-0.0035995513190175688
930,2025-09-18,0.0004919836860912468,0.001016595493832041,0.07417147041190662,0.0001599206349206,1.1251003185812327,1.1286095477598772,-0.003109338553452634
931,2025-09-19,-0.0003387049062740944,0.0009361050632474008,0.07430627770662962,0.0001599206349206,1.1247192415832787,1.1286095477598772,-0.0034469903115033063
932,2025-09-22,0.0012410489138075167,0.0011793035407559166,0.07222445286837487,0.0001587301587301,1.126115073176384,1.1286095477598772,-0.0022102192812778476
933,2025-09-23,0.0007527527479757105,0.0006787660255036415,0.06221677908672105,0.0001587301587301,1.1269627593922547,1.1286095477598772,-0.001459130281939558
934,2025-09-24,-0.0039948825277652256,0.0007704826580589925,0.059959300688921705,0.0001595238095238,1.1224606755553164,1.1286095477598772,-0.005448183755635827
935,2025-09-25,-0.0037449453419953495,0.0005671798073527192,0.06197032264856462,0.0001603174603174,1.1182571216768227,1.1286095477598772,-0.009172725947253046
936,2025-09-26,0.005504864446408294,0.0007495982508504739,0.06421273495117558,0.0001595238095238,1.1244129755478842,1.1286095477598772,-0.003718356113788457
937,2025-09-29,0.0032849372191302755,0.0008003699658253339,0.06462499603525702,0.0001603174603174,1.1281066015809347,1.1286095477598772,-0.00044563346105019885
938,2025-09-30,0.002434324009371706,0.0010413482979395154,0.06361384264802748,0.0001595238095238,1.1308527785662938,1.1308527785662938,0.0
939,2025-10-01,0.0030643247811936738,0.0015560837568518349,0.05527597762098557,0.0001591269841269,1.1343180787595362,1.1343180787595362,0.0
940,2025-10-02,0.0003440937960337157,0.0013791377948016506,0.054650372073120575,0.0001595238095238,1.1347083905731663,1.1347083905731663,0.0
941,2025-10-03,0.001688888707354427,0.0011572426437980806,0.05161074484302927,0.0001599206349206,1.1366247867601458,1.1366247867601458,0.0
942,2025-10-06,-0.0016953396431415582,0.0008692215329591578,0.05114252024427988,0.0001595238095238,1.1346978216997738,1.1366247867601458,-0.0016953396431417245
943,2025-10-07,-0.0015561442665399839,0.0006043973732477515,0.05046987906746821,0.0001591269841269,1.1329320681902804,1.1366247867601458,-0.0032488457166161
944,2025-10-08,0.0017875428966552807,0.0007447264900957804,0.050203974499297276,0.0001591269841269,1.1349572328611668,1.1366247867601458,-0.0014671102710439587
945,2025-10-09,-0.003944505604334736,0.0005369031799417316,0.052770640958565845,0.0001599206349206,1.1304803876954657,1.1366247867601458,-0.005405828850692407
946,2025-10-10,-0.010052778209855832,-0.00039659952830867445,0.05425304167348321,0.0001595238095238,1.1191159190873714,1.1366247867601458,-0.015404263462071688
947,2025-10-13,0.006672539619345154,7.888158578975345e-05,0.058361731082033165,0.0001595238095238,1.1265832643961218,1.1366247867601458,-0.00883450940098407
948,2025-10-14,0.003126310968105972,0.00011866267856932021,0.05883055629284907,0.0001595238095238,1.1301053140120878,1.1366247867601458,-0.005735817856516334
949,2025-10-15,0.002991436898161691,0.0003445804161903921,0.05922316766013089,0.0001599206349206,1.133485952747232,1.1366247867601458,-0.002761539295531912
950,2025-10-16,-0.0011211975404333981,0.0003303119356806901,0.059306545722898986,0.0001595238095238,1.132215091084896,1.1366247867601458,-0.003879640604899315
951,2025-10-17,0.0034669690320084257,0.0004719779045338892,0.060295881208495834,0.0001587301587301,1.13614044574326,1.1366247867601458,-0.0004261221667234416
952,2025-10-20,0.007218692045187919,0.0008318539498416042,0.06454899417850735,0.0001575396825396,1.1443418937411631,1.1443418937411631,0.0
953,2025-10-21,-0.0003477765862056592,0.0007561955926981196,0.064656643389381,0.0001571428571428,1.1439439184239057,1.1443418937411631,-0.00034777658620566143
954,2025-10-22,-0.0011689967914381393,0.0006646837098688886,0.06499973630928801,0.0001571428571428,1.142606651653683,1.1443418937411631,-0.0015163668279303266
955,2025-10-23,0.0005398927461666715,0.0008806253895799313,0.06276350691686716,0.000156746031746,1.1432235366966326,1.1443418937411631,-0.0009772927572146983
956,2025-10-24,0.0029579945742142654,0.001199813004637532,0.06080367251170664,0.0001559523809523,1.1466051857152952,1.1466051857152952,0.0
957,2025-10-27,0.00600764148923554,0.0012237547685816866,0.06127532072541798,0.000154365079365,1.1534935786007712,1.1534935786007712,0.0
958,2025-10-28,-0.0028625337153405012,0.0009310180574164115,0.06236065285666113,0.000154365079365,1.1501916643415977,1.1534935786007712,-0.0028625337153405095
959,2025-10-29,-0.008736837612023934,0.0003990579802070953,0.07044990184323544,0.0001559523809523,1.1401426265475416,1.1534935786007712,-0.011574361835134606
960,2025-10-30,-0.003606355570062498,8.140653490918246e-05,0.0710572303521899,0.0001555555555555,1.1360308668356263,1.1534935786007712,-0.015138976140922966
961,2025-10-31,5.353693256648467e-05,6.757049379169527e-05,0.07105082448523108,0.000154365079365,1.1360916864435375,1.1534935786007712,-0.015086249702701227
962,2025-11-03,-0.0009571554876654561,-5.843161073306107e-05,0.07088108528728729,0.0001579365079365,1.135004270051367,1.1534935786007712,-0.01602896530367548
963,2025-11-04,-0.003939638714187251,-0.00016530299506857022,0.07195240310785733,0.0001571428571428,1.1305327632883047,1.1534935786007712,-0.01990545568560409
964,2025-11-05,0.0003108272362932717,-7.639959017174853e-05,0.07178815672818531,0.0001571428571428,1.1308841636626565,1.1534935786007712,-0.019600815607088706
965,2025-11-06,-0.0031947341949755564,-0.00031365088024940744,0.07223151792844748,0.0001559523809523,1.1272712893544472,1.1534935786007712,-0.02273293040619484
966,2025-11-07,0.0035415558531257042,4.282823677251828e-05,0.07214519648233186,0.0001555555555555,1.131263583587321,1.1534935786007712,-0.019271884495807856
967,2025-11-10,0.006189047924100155,0.0008162485288656605,0.06510315688937802,0.000156746031746,1.1382650281209323,1.1534935786007712,-0.013202111188439947
968,2025-11-11,0.0057454373669046785,0.0007721008025589713,0.06412421436045264,0.000156746031746,1.144804858546939,1.1534935786007712,-0.0075325257244793775
969,2025-11-12,0.0005614904305867607,0.0006499664912485327,0.06355071777839501,0.000156746031746,1.1454476555199025,1.1534935786007712,-0.006975264735004982
970,2025-11-13,-0.009876092711378036,3.722698603235521e-05,0.07256944444081975,0.0001571428571428,1.1341351082779574,1.1534935786007712,-0.016782469085173668
971,2025-11-14,-0.001120137228010656,3.727747710010482e-05,0.0725692312690722,0.000156746031746,1.1328647213215814,1.1534935786007712,-0.017883807644784033
972,2025-11-17,-0.005924845306264911,-0.0004099517771033874,0.07424991301317412,0.0001575396825396,1.1261526730948261,1.1534935786007712,-0.023702694157266557
973,2025-11-18,-0.0035725462864584848,-0.0009238202690865495,0.06954086665883777,0.0001563492063492,1.1221294405445759,1.1534935786007712,-0.027190561471734487
974,2025-11-19,-0.001645610602747394,-0.0009856218889218703,0.0695507359004376,0.000156746031746,1.1202828524395607,1.1534935786007712,-0.02879142699822934
975,2025-11-20,-0.0069102127234435574,-0.001259013123779271,0.07252154176936776,0.0001563492063492,1.1125414596187773,1.1534935786007712,-0.03550268483650365
976,2025-11-21,0.00985920223195523,-0.0008152364815988634,0.08200021522936583,0.0001547619047619,1.1235102308605935,1.1534935786007712,-0.025993510754128812
977,2025-11-24,0.005469968040855797,-0.0006956186974730762,0.08389640924783108,0.0001551587301587,1.1296557959169755,1.1534935786007712,-0.020665726386367655
978,2025-11-25,0.007801487837687301,-0.0006101974427848972,0.08590833775204687,0.0001547619047619,1.1384687918695948,1.1534935786007712,-0.013025461961740592
979,2025-11-26,0.005445122380018938,-0.00021459477157730484,0.08795973559978919,0.0001555555555555,1.144667893767157,1.1534935786007712,-0.007651264816159631
980,2025-11-28,0.0021401509843645304,0.00030335706634595534,0.0825873715254238,0.0001539682539682,1.1471176558867733,1.1534935786007712,-0.005527488693722993
981,2025-12-01,-0.007147981700347619,0.00013470820299904486,0.08555775348968236,0.0001511904761904,1.138918079874349,1.1534935786007712,-0.01263596000603906
982,2025-12-02,0.000670760619688798,0.0001640998071477264,0.08557708935354025,0.0001496031746031,1.1396820212713803,1.1534935786007712,-0.01197367509071423
983,2025-12-03,0.0031878396380999314,0.00036148052742226874,0.08609582205017503,0.000147619047619,1.1433151447936192,1.1534935786007712,-0.008824005608682128
984,2025-12-04,-0.0011483171266794235,0.0004944006030178795,0.08487309322051008,0.0001472222222222,1.1420022564316608,1.1534935786007712,-0.009962189978595104
985,2025-12-05,-0.0003054413709762507,0.000465054478862188,0.0849167255930759,0.0001472222222222,1.1416534416967983,1.1534935786007712,-0.01026458848460643
986,2025-12-08,-0.004298249426658879,0.00041250613449631554,0.08559928023071078,0.0001480158730158,1.1367463304455818,1.1534935786007712,-0.014518718149696519
987,2025-12-09,-0.0012280634527028736,0.00018538140564733555,0.08499490409445125,0.0001480158730158,1.1353503338221675,1.1534935786007712,-0.015728951695259563
988,2025-12-10,0.005022321343256045,0.00012982299703571124,0.08404731924812567,0.0001464285714285,1.1410524280357954,1.1534935786007712,-0.010785626201809673
989,2025-12-11,0.003237546556941857,1.0399625132719766e-05,0.08236823239135564,0.000145238095238,1.144746638395473,1.1534935786007712,-0.007582998611841862
990,2025-12-12,-0.005856588899182594,-0.0002952232000943924,0.0847920728198733,0.0001440476190476,1.1380423279406695,1.1534935786007712,-0.013395177005531833
991,2025-12-15,0.0014294348618026525,0.0002431352557713547,0.07742023049453885,0.0001448412698412,1.139669085318435,1.1534935786007712,-0.011984889676720845
992,2025-12-16,-0.0023027248643763803,0.00018682155880155832,0.0777901113219705,0.0001444444444444,1.1370447409785112,1.1534935786007712,-0.01426001663764187
993,2025-12-17,-0.0037695521986357283,0.0002894545639267575,0.07599407579928795,0.0001444444444444,1.1327585914752085,1.1534935786007712,-0.017975814959208525
994,2025-12-18,0.0037153202709111436,0.0006364958285634064,0.07551941951355584,0.0001436507936507,1.136967152432165,1.1534935786007712,-0.01432728059800159
995,2025-12-19,0.0023734182891617193,0.0008278781567495546,0.07527206108570317,0.0001436507936507,1.1396656510659235,1.1534935786007712,-0.011987866938645064
996,2025-12-22,0.003167425092537838,0.0013077656717962879,0.07013879326087731,0.0001444444444444,1.143275456646213,1.1534935786007712,-0.008858412516654868
997,2025-12-23,0.002087134960744503,0.0009376672303100627,0.06300364832922319,0.0001448412698412,1.1456616268215405,1.1534935786007712,-0.006789766258370578
998,2025-12-24,0.0038006237042124942,0.0008581746428508578,0.06174332164351545,0.0001464285714285,1.1500158555574451,1.1534935786007712,-0.003014947900745746
999,2025-12-26,8.394614800680066e-06,0.00048707496557054257,0.056368929729636794,0.0001444444444444,1.150025509497567,1.1534935786007712,-0.0030065785952714252
1000,2025-12-29,-0.0003739878735181391,0.0002099744773068722,0.05344852542395998,0.0001460317460317,1.1495954139027784,1.1534935786007712,-0.003379442044854186
1001,2025-12-30,-0.0004532435293923217,8.647950046130781e-05,0.05302178175345549,0.0001448412698412,1.1490743672200079,1.1534935786007712,-0.0038311538640066756
1002,2025-12-31,-0.006562151844283049,0.00011437616027390632,0.052044461597580055,0.0001456349206349,1.1415339667419366,1.1534935786007712,-0.010368165094895465
1003,2026-01-02,0.0008688447282827063,0.0001238087368736163,0.05207565790200656,0.0001448412698412,1.1425257825110962,1.1534935786007712,-0.00950832869219731
1004,2026-01-05,0.005537530531566737,0.0002356987794196547,0.054401790009280936,0.0001444444444444,1.1488525539148535,1.1534935786007712,-0.004023450821067698
1005,2026-01-06,0.0036285389618945126,0.0004631681169707945,0.05537844017440713,0.0001440476190476,1.1530212101682056,1.1534935786007712,-0.00040951110723874695
1006,2026-01-07,-0.0022621991205640205,0.0003699891765142341,0.05613037330759806,0.0001436507936507,1.1504128466005714,1.1534935786007712,-0.0026707838321361477
1007,2026-01-08,0.0006935138505667679,0.0006076921897154553,0.05350142162521219,0.0001436507936507,1.151210673843559,1.1534935786007712,-0.001979122207148687
1008,2026-01-09,0.0050514944991748995,0.0009067187588524923,0.05518240115680809,0.0001436507936507,1.1570260082298711,1.1570260082298711,0.0
1009,2026-01-12,0.0012585616261127012,0.00072749210565519,0.05314825054142488,0.0001456349206349,1.1584821967642436,1.1584821967642436,0.0
1010,2026-01-13,-0.0010940345385329797,0.0005212263392040074,0.05268681582641964,0.0001456349206349,1.157214777228708,1.1584821967642436,-0.001094034538532851
1011,2026-01-14,0.002151904660849851,0.0009025831753960285,0.04752262141438433,0.0001456349206349,1.1597049931014307,1.1597049931014307,0.0
1012,2026-01-15,0.0014776138443220559,0.0009048774126588574,0.047529643978863965,0.0001460317460317,1.1614185892545668,1.1614185892545668,0.0
1013,2026-01-16,0.0006578923504731429,0.001045859184794549,0.04609705791884595,0.0001456349206349,1.1621826776601347,1.1621826776601347,0.0
1014,2026-01-20,-0.013927982198979644,0.00056212442287341,0.06779359881334127,0.0001468253968253,1.145995818013722,1.1621826776601347,-0.013927982198979505
1015,2026-01-21,0.007967057863109996,0.000764588117740022,0.07176868854891028,0.0001468253968253,1.1551260330067192,1.1621826776601347,-0.006071889375965256
1016,2026-01-22,0.0017406685433355574,0.0007344571774625859,0.07162329127799895,0.0001472222222222,1.157136724555962,1.1621826776601347,-0.004341789979465105
1017,2026-01-23,0.002120416407363311,0.0006845996210257036,0.07126610448580459,0.0001468253968253,1.1595903362522733,1.1621826776601347,-0.002230579974811464
1018,2026-01-26,0.0037452144580099743,0.0007635557875621547,0.07190585066811524,0.0001456349206349,1.1639332507449738,1.1639332507449738,0.0
1019,2026-01-27,0.0021834980476939077,0.0006865498039184124,0.0712605587240803,0.0001456349206349,1.1664746967256214,1.1664746967256214,0.0
1020,2026-01-28,-0.0036168706467695636,0.0005139181247960199,0.07278551928773633,0.0001460317460317,1.162255708634835,1.1664746967256214,-0.003616870646769632
1021,2026-01-29,0.0019014539088625434,0.0006222724953855762,0.07286254117020105,0.0001456349206349,1.1644656842951167,1.1664746967256214,-0.001722294050736095
1022,2026-01-30,-0.00324470870847271,0.0004893455820960339,0.07401428464395077,0.0001456349206349,1.1606873323485667,1.1664746967256214,-0.004961414416703835
1023,2026-02-02,0.0008569519575092721,0.0008426362393242396,0.06942819026616405,0.0001464285714285,1.161681985630079,1.1664746967256214,-0.0041087141529909665
1024,2026-02-03,-0.003282943984751913,0.0006449320148940197,0.0708828592306281,0.0001464285714285,1.1578682487431602,1.1664746967256214,-0.00737816945932912
1025,2026-02-04,0.0010327232669514635,0.00043041738324567326,0.06864754779610141,0.0001464285714285,1.1590640062237014,1.1664746967256214,-0.006353065799646007
1026,2026-02-05,-0.0035734390630114163,8.746604872634332e-05,0.06895274522850067,0.0001456349206349,1.154922161627331,1.1664746967256214,-0.009903802569159126
1027,2026-02-06,0.012740298716947818,0.0008018707076554784,0.08103739282620073,0.0001460317460317,1.1696362149612864,1.1696362149612864,0.0
1028,2026-02-09,0.003661101574001509,0.0009431844087714185,0.08163721384979039,0.0001464285714285,1.1739183719488904,1.1739183719488904,0.0
1029,2026-02-10,0.0038526560239374773,0.0008860968623315412,0.0809800358377141,0.0001464285714285,1.1784410756361903,1.1784410756361903,0.0
1030,2026-02-11,-0.0006658030234606857,0.0007944604504470943,0.08114272643750062,0.0001468253968253,1.1776564660050615,1.1784410756361903,-0.0006658030234606427
1031,2026-02-12,-0.004034114472549604,0.0006544566440653502,0.08263043939578954,0.0001468253968253,1.1729056650118588,1.1784410756361903,-0.004697231570397475
1032,2026-02-13,0.005625156810984963,0.0008198496035955936,0.08428295703896119,0.0001460317460317,1.179503443302043,1.179503443302043,0.0
1033,2026-02-17,0.0014302678260002066,0.0008175950312945533,0.08427846080421976,0.0001464285714285,1.1811904491276546,1.1811904491276546,0.0
1034,2026-02-18,-0.0006266120121510516,0.0007564281568838774,0.08442646427829137,0.0001468253968253,1.1804503010035932,1.1811904491276546,-0.0006266120121509733
1035,2026-02-19,-0.0012231906033989932,0.0013614182328639082,0.06605601273043502,0.0001464285714285,1.179006385287626,1.1811904491276546,-0.0018490361496247276
1036,2026-02-20,0.0041153653996915795,0.0011780043060344598,0.06245208041261352,0.0001464285714285,1.1838584273716541,1.1838584273716541,0.0
1037,2026-02-23,-0.003016774395115329,0.0009514594042034653,0.06406563091044037,0.0001464285714285,1.1802869935805178,1.1838584273716541,-0.0030167743951153847
1038,2026-02-24,0.0038786392282762097,0.001035184300437413,0.06475565197861098,0.0001464285714285,1.1848649010144434,1.1848649010144434,0.0
1039,2026-02-25,0.0033500977882919523,0.0010163692209270308,0.06456147660549383,0.0001464285714285,1.1888343142987565,1.1888343142987565,0.0
1040,2026-02-26,0.0007502159961771924,0.00094811769466433,0.0644257762530803,0.0001460317460317,1.1897261968181478,1.1897261968181478,0.0
1041,2026-02-27,0.001906830050427244,0.0012111510611975114,0.062300738523349934,0.0001456349206349,1.1919948024820213,1.1919948024820213,0.0
1042,2026-03-02,-0.004833708477909713,0.000890429042779785,0.06563968741803408,0.000147619047619,1.1862330470996396,1.1919948024820213,-0.0048337084779097594
1043,2026-03-03,-0.009036119532282996,0.000614647574979295,0.0729009638541827,0.0001472222222222,1.175514103492903,1.1919948024820213,-0.013826150042602015
1044,2026-03-04,0.003928777178078563,0.0007609249664349756,0.07380068180086802,0.0001472222222222,1.1801324364752155,1.1919948024820213,-0.009951692727271477
1045,2026-03-05,-0.00809719314576856,0.0005316750063865639,0.07883693950340846,0.0001468253968253,1.1705766761994894,1.1919948024820213,-0.017968305094899883
1046,2026-03-06,-0.007416655620668174,0.00012932363078562882,0.08345826321654093,0.0001464285714285,1.1618949121145314,1.1919948024820213,-0.025251695984591982
1047,2026-03-09,0.005687694013759444,0.0005703299677747174,0.0844414111820949,0.0001472222222222,1.1685034148507827,1.1919948024820213,-0.019707625890921565
1048,2026-03-10,-0.0034302314706220723,-0.00019969527925242024,0.07286257156849275,0.0001472222222222,1.1644951776636323,1.1919948024820213,-0.023070255643001247
1049,2026-03-11,-0.00564939360999323,-0.0006430521927759793,0.07377899927222659,0.0001472222222222,1.1579164860480713,1.1919948024820213,-0.028589316298184064
1050,2026-03-12,-0.008872773836482016,-0.0012490250432721456,0.07710312614716913,0.000147619047619,1.147642554945833,1.1919948024820213,-0.037208423597012596
1051,2026-03-13,-0.0036949938038688436,-0.0013932722232915817,0.07752730754894645,0.000147619047619,1.1434020228162518,1.1919948024820213,-0.04076593250623872
1052,2026-03-16,0.009263533449235441,-0.00076005089368277,0.08513204179115084,0.000147619047619,1.1539939657005336,1.1919948024820213,-0.0318800356363641
1053,2026-03-17,0.0022598218265491342,-0.0009203049405606666,0.08271555808830885,0.000147619047619,1.1566017864519296,1.1919948024820213,-0.029692257010177303
1054,2026-03-18,-0.01227626100795688,-0.0015729967897967186,0.09101863692817973,0.0001480158730158,1.1424030410391766,1.1919948024820213,-0.04160400812116183
1055,2026-03-19,-0.0006180947052476012,-0.001572591203753697,0.09101975756487117,0.0001480158730158,1.1416969277682514,1.1919948024820213,-0.0421963876092728
1056,2026-03-20,-0.018469286631256746,-0.0023938338717469235,0.10817522885894038,0.0001484126984126,1.1206105999632743,1.1919948024820213,-0.05988633706297031
1057,2026-03-23,0.00966522295521348,-0.002129554940531595,0.11393789716332003,0.0001484126984126,1.1314415512578948,1.1919948024820213,-0.05079992890744156
1058,2026-03-24,-0.004691396162336117,-0.002209298834208775,0.11424945419315652,0.0001484126984126,1.1261335107064159,1.1919948024820213,-0.055253002478254376
1059,2026-03-25,0.005944955530025987,-0.0021109028198397378,0.11584981572206791,0.0001480158730158,1.1328283243484376,1.1919948024820213,-0.0496365235908619
1060,2026-03-26,-0.010991947072948706,-0.0027938573370416744,0.11796524291752283,0.0001480158730158,1.1203763353644625,1.1919948024820213,-0.06008286862361467
1061,2026-03-27,-0.009485065039773305,-0.003281251672086936,0.11941026207766021,0.0001480158730158,1.1097494929545078,1.1919948024820213,-0.06899804374671681
1062,2026-03-30,0.003597000601496216,-0.0032007673601312705,0.12047432560318821,0.0001472222222222,1.1137412625481753,1.1919948024820213,-0.06564922915007954
1063,2026-03-31,0.01662221252102268,-0.0021790568363725853,0.13840313594313636,0.0001468253968253,1.1322541065076832,1.1919948024820213,-0.050118252067830715
1064,2026-04-01,0.0046655408761096025,-0.0015265968169253185,0.13798780661313895,0.0001468253968253,1.1375366843237378,1.1919948024820213,-0.04568653994538274
1065,2026-04-02,0.0037915176299525098,-0.0015331329858837024,0.13792023434376277,0.0001468253968253,1.141849674717069,1.1919948024820213,-0.04206824363708461
1066,2026-04-06,0.001783565780276309,-0.0010626206560720418,0.13623187888777616,0.000147619047619,1.143886238723114,1.1919948024820213,-0.04035970933659583
1067,2026-04-07,-0.0002615065221262838,-0.00072189927042719,0.13426758442202807,0.0001472222222222,1.1435871050111173,1.1919948024820213,-0.0406106615314995
1068,2026-04-08,0.017661170514399836,-0.00015173372277764755,0.1472485340767379,0.0001464285714285,1.1637841918707874,1.1919948024820213,-0.023666722835110177
1069,2026-04-09,0.0015340124289535315,8.465884386880982e-05,0.1468595205769115,0.0001460317460317,1.1655694512857369,1.1919948024820213,-0.022169015453138208
1070,2026-04-10,-0.001953716095814987,0.0002606434874011071,0.14559394462624725,0.0001464285714285,1.1632922594879698,1.1919948024820213,-0.024079419586633954
1071,2026-04-13,0.00590072555067646,0.0009641434582181774,0.1428858713574073,0.0001472222222222,1.1701565278464345,1.1919948024820213,-0.018320780082357935
1072,2026-04-14,0.007322751274617346,0.0014887979857651388,0.14345544398742066,0.0001472222222222,1.1787252930522238,1.1919948024820213,-0.011132187323440568
1073,2026-04-15,0.001326288689494044,0.001110833949586977,0.14064270762674544,0.0001472222222222,1.1802886230764196,1.1919948024820213,-0.00982066312808294
1074,2026-04-16,0.00110322412449985,0.0010557578685370112,0.14058070680471332,0.0001468253968253,1.1815907459592703,1.1919948024820213,-0.008728273396064523
1075,2026-04-17,0.01008508721586877,0.0021205839744334706,0.13509486133616208,0.0001468253968253,1.1935071916857332,1.1935071916857332,0.0
1076,2026-04-20,-0.0008241664019404989,0.0021107710364957136,0.13514937337203933,0.0001472222222222,1.1925235431578713,1.1935071916857332,-0.000824166401940607
1077,2026-04-21,-0.009808138569717618,0.0025232066584737673,0.12113511630440287,0.0001464285714285,1.1808271069989282,1.1935071916857332,-0.010624221433383485
1078,2026-04-22,0.002535863634162582,0.0021837133574713436,0.11832377598153025,0.0001464285714285,1.1838215235178002,1.1935071916857332,-0.008115299375995089
1079,2026-04-23,-0.0009259216059557512,0.002363021669679933,0.11626814992473827,0.0001464285714285,1.1827253975915797,1.1935071916857332,-0.009033706850919865
1080,2026-04-24,0.003094924604915914,0.0022273059113413576,0.11557896660255082,0.0001464285714285,1.1863858435254448,1.1935071916857332,-0.0059667408876104
1081,2026-04-27,-0.002942055061196364,0.0026106341023771837,0.10702562763625767,0.0001460317460317,1.182895431049969,1.1935071916857332,-0.008891241468579558
1082,2026-04-28,-0.00035340591948424785,0.0030454750128671385,0.09834477899428605,0.0001460317460317,1.182477388802505,1.1935071916857332,-0.009241505170697217
1083,2026-04-29,-0.00412803693967617,0.0026776160823351203,0.10139252441616642,0.0001460317460317,1.1775960784611965,1.1935071916857332,-0.013331392835650546
1084,2026-04-30,0.009455115357142312,0.0023363257411979596,0.09153308687771951,0.0001460317460317,1.1887303852271656,1.1935071916857332,-0.004002327335640765
1085,2026-05-01,0.0007693442094398452,0.002150792566594638,0.09127857444540127,0.0001460317460317,1.1896449280656254,1.1935071916857332,-0.003236062293560771
1086,2026-05-04,-0.0058512552196266585,0.001691612907090868,0.09512561309313303,0.0001468253968253,1.1826840119707789,1.1935071916857332,-0.009068382486801307
1087,2026-05-05,0.005921745826123635,0.0018886690997502644,0.0962494972328686,0.0001464285714285,1.1896875660822899,1.1935071916857332,-0.00320033731681868
1088,2026-05-06,0.010923708858838033,0.002421298403605708,0.10079290532361634,0.0001464285714285,1.2026833666871526,1.2026833666871526,0.0
1089,2026-05-07,-0.005136322399867683,0.0013357035029263028,0.08741086817376933,0.0001464285714285,1.1965059971708891,1.2026833666871526,-0.00513632239986761
1090,2026-05-08,0.005263805602515811,0.001513312701667364,0.08846601252753643,0.0001464285714285,1.2028041721422411,1.2028041721422411,0.0
1091,2026-05-11,-0.0008767494135480838,0.001564596829394359,0.0880117038916121,0.0001468253968253,1.2017496142897022,1.2028041721422411,-0.0008767494135480947
1092,2026-05-12,-0.0023789809926511155,0.0011703250892359028,0.08754413343509235,0.0001468253968253,1.1988906747993813,1.2028041721422411,-0.0032536446360089677
1093,2026-05-13,0.0007073461400272931,0.0008553057971125672,0.08463733435818392,0.0001464285714285,1.1997387054905153,1.2028041721422411,-0.002548599948956065
1094,2026-05-14,0.001995548662356847,0.0008871753196298436,0.0847159758613347,0.0001464285714285,1.2021328424594346,1.2028041721422411,-0.0005581371418181824
1095,2026-05-15,-0.01167729967369878,0.0002785789482870516,0.09522245199074808,0.0001464285714285,1.1880951770104404,1.2028041721422411,-0.012228919280853012
1096,2026-05-18,0.004798733183933771,2.684780390919461e-05,0.08997931335951348,0.0001460317460317,1.1937965287620322,1.2028041721422411,-0.007488869417675792
1097,2026-05-19,-0.004163684238948452,-0.00013217685499594602,0.09111379263688567,0.0001456349206349,1.1888259369707144,1.2028041721422411,-0.011621372369062355
1098,2026-05-20,0.010096263831851424,0.0008156518307930559,0.09056804784979164,0.0001448412698412,1.2008286372805186,1.2028041721422411,-0.0016424409787372252
1099,2026-05-21,0.0025743140691732455,0.0008174828038888018,0.09057734724220928,0.0001460317460317,1.203919947336136,1.203919947336136,0.0
1100,2026-05-22,0.003323807866950427,0.0010198508740271912,0.09074288684815404,0.0001460317460317,1.2079215459282704,1.2079215459282704,0.0
1101,2026-05-26,0.00513571135081691,0.0011170311952605721,0.09160221487937019,0.0001460317460317,1.2141250823225904,1.2141250823225904,0.0
1102,2026-05-27,-0.00141222807550412,0.001189880099341155,0.0908986566778198,0.0001460317460317,1.2124104607941608,1.2141250823225904,-0.0014122280755040073
1103,2026-05-28,0.0022408411693194768,0.0013134156749984752,0.09078785621841069,0.0001464285714285,1.215127280068822,1.215127280068822,0.0
1104,2026-05-29,-0.00014902194817151054,0.0015028925793558398,0.08880768377694889,0.0001464285714285,1.2149461994342698,1.215127280068822,-0.0001490219481714572
1105,2026-06-01,-0.0016691219197449499,0.0009731669947421608,0.08451352405772435,0.00015,1.2129183061014832,1.215127280068822,-0.0018178951321162762
1106,2026-06-02,0.0022389972209626444,0.0010431504714813419,0.08462213468908077,0.0001496031746031,1.2156340268180992,1.2156340268180992,0.0
1107,2026-06-03,-0.004629413153970846,0.0011013334269887615,0.083465794242206,0.00015,1.210006354663933,1.2156340268180992,-0.004629413153970807
1108,2026-06-04,0.005800993468323171,0.0010955833147125488,0.08337892697056933,0.00015,1.217025593623968,1.217025593623968,0.0
1109,2026-06-05,-0.013102887690047277,-4.8540330472465886e-05,0.08904345062928494,0.00015,1.2010790439548,1.217025593623968,-0.013102887690047305
1110,2026-06-08,-0.00127290387368,0.00013543198029837615,0.08724970543542421,0.0001507936507936,1.1995501857871542,1.217025593623968,-0.014359112847230127
1111,2026-06-09,0.004281074487034699,8.863526051356128e-05,0.08658577800763297,0.0001503968253968,1.2046855494834454,1.217025593623968,-0.010139510791862039
1112,2026-06-10,-0.006784450087979576,-0.00019268381922127168,0.08977543546694854,0.0001503968253968,1.1965124205012647,1.217025593623968,-0.01685516987495772
1113,2026-06-11,0.013113478446907328,0.0005450523445672256,0.10043043451068798,0.00015,1.212202860338965,1.217025593623968,-0.0039627213349247015
1114,2026-06-12,0.00323240070903878,0.0006652930383296774,0.10086183599511304,0.00015,1.2161211857242233,1.217025593623968,-0.0007431297291387029
1115,2026-06-15,0.005766439076816621,0.0008448592485420476,0.10232377430827781,0.0001503968253968,1.2231338744517282,1.2231338744517282,0.0
1116,2026-06-16,-0.001138441679837266,0.0013467096292021198,0.09207247094048011,0.0001503968253968,1.2217414078690316,1.2231338744517282,-0.001138441679837121
1117,2026-06-17,-0.009934766660726665,0.0006451143985040037,0.09899782990939907,0.0001519841269841,1.2096036920621052,1.2231338744517282,-0.011061898188117758
1118,2026-06-18,0.00451759898047239,0.001058508837524044,0.09824934394332749,0.0001519841269841,1.2150681964681407,1.2231338744517282,-0.0065942724276220055
1119,2026-06-22,-0.00023749843423663975,0.0005664249200912788,0.09263284625654784,0.0001527777777777,1.2147796196739888,1.2231338744517282,-0.006830204732482081
1120,2026-06-23,-0.004803613713399813,0.00021509502568303805,0.0941314808409315,0.0001527777777777,1.2089442876341643,1.2231338744517282,-0.011601008780763533
1121,2026-06-24,0.002749966273757105,0.00018776923553097505,0.09391343202870044,0.0001527777777777,1.2122688436520095,1.2231338744517282,-0.008882944889895161
1122,2026-06-25,0.002306695402708329,5.305419038294741e-05,0.09253663031433945,0.0001523809523809,1.215065178620508,1.2231338744517282,-0.00659673973532704
1123,2026-06-26,0.0016124002862980792,0.00019708411237352833,0.0925263407160948,0.0001519841269841,1.2170243500623865,1.2231338744517282,-0.004994976034066845
1124,2026-06-29,0.00556958222473108,0.00035559559120265226,0.09415693818647557,0.0001535714285714,1.2238026672495588,1.2238026672495588,0.0
1125,2026-06-30,-0.001381420002182659,0.00029690996958307386,0.09433677060397748,0.0001535714285714,1.2221120817662958,1.2238026672495588,-0.001381420002182554
1126,2026-07-01,-0.0022999437126712224,0.0002668708365865846,0.09452753545283679,0.0001527777777777,1.2193012927676579,1.2238026672495588,-0.0036781865266052316
1127,2026-07-02,0.004358571753407813,0.00036780295717921173,0.09536615672459169,0.0001515873015873,1.2246157049412085,1.2246157049412085,0.0
1128,2026-07-06,0.002383649836093278,0.0007017583376584558,0.09381762380340226,0.0001535714285714,1.2275347599655688,1.2275347599655688,0.0
1129,2026-07-07,-0.0034294588847043487,0.00026221298751428817,0.09294106585181079,0.0001531746031746,1.2233249799767214,1.2275347599655688,-0.0034294588847043617
1130,2026-07-08,-0.005765489393362385,0.000611612906404045,0.08253999636411184,0.0001535714285714,1.2162719127800303,1.2275347599655688,-0.009175175769242094
1131,2026-07-09,0.0040966892857274,0.0008673078187567783,0.08308935154517594,0.0001519841269841,1.2212546008936476,1.2275347599655688,-0.00511607432778316
1132,2026-07-10,0.002077773282319613,0.0007623887137703457,0.08229551359593563,0.0001519841269841,1.2237920910742943,1.2275347599655688,-0.0030489310880120746
