,Date,portfolio_return,rf_rate,portfolio_value,running_peak,drawdown,Rebalanced
0,2022-01-03,-0.003995534414004827,3.174603174603174e-06,0.9960044655859952,0.9960044655859952,0.0,0.0
1,2022-01-04,-0.0003100524657367941,3.174603174603174e-06,0.9956956519455554,0.9960044655859952,-0.0003100524657367876,0.0
2,2022-01-05,-0.013460591638830717,3.5714285714285718e-06,0.982292999378157,0.9960044655859952,-0.01376647061493963,0.0
3,2022-01-06,-0.0010777888661556434,3.968253968253968e-06,0.9812342949201246,0.9960044655859952,-0.014829422132340175,0.0
4,2022-01-07,-0.00359269827589267,3.968253968253968e-06,0.9777090161605183,0.9960044655859952,-0.01836884276890549,0.0
5,2022-01-10,-0.002501611922925534,5.158730158730158e-06,0.9752631676285394,0.9960044655859952,-0.020824502975750003,0.0
6,2022-01-11,0.00617242904493339,4.365079365079366e-06,0.9812829103308636,0.9960044655859952,-0.014780611697830404,0.0
7,2022-01-12,0.0019203195878724608,4.7619047619047615e-06,0.9831672871248165,0.9960044655859952,-0.012888675608121902,0.0
8,2022-01-13,-0.004502424522314537,4.7619047619047615e-06,0.9787406506217282,0.9960044655859952,-0.017333069841318327,0.0
9,2022-01-14,-0.004622924972060282,5.158730158730158e-06,0.9742160060267985,0.9960044655859952,-0.021875865331966726,0.0
10,2022-01-18,-0.013221424881185795,6.349206349206349e-06,0.9613354822850663,0.9960044655859952,-0.03480806010295501,0.0
11,2022-01-19,-0.004107193829946445,6.746031746031747e-06,0.9573870911237164,0.9960044655859952,-0.03877229048321418,0.0
12,2022-01-20,-0.006133989438261948,6.746031746031747e-06,0.9515144888184353,0.9960044655859952,-0.044668451101154916,0.0
13,2022-01-21,-0.006796823912774781,6.746031746031747e-06,0.9450472123874825,0.9960044655859952,-0.05116167141733874,0.0
14,2022-01-24,-0.0008733232411820526,7.5396825396825394e-06,0.9442218806928901,0.9960044655859952,-0.05199031398181431,0.0
15,2022-01-25,-0.007588496470914955,7.5396825396825394e-06,0.9370566562834914,0.9960044655859952,-0.05918428213855653,0.0
16,2022-01-26,-0.008276541026978463,7.5396825396825394e-06,0.9293010684231578,0.9960044655859952,-0.06697098202626295,0.0
17,2022-01-27,-0.0017454439193016367,7.936507936507936e-06,0.9276790255240781,0.9960044655859952,-0.06859953185221723,0.0
18,2022-01-28,0.015183405871647444,7.5396825396825394e-06,0.9417643526872245,0.9960044655859952,-0.05445770051528709,0.0
19,2022-01-31,0.009909647389907055,8.730158730158731e-06,0.9510969053467389,0.9960044655859952,-0.04508770973515186,0.0
20,2022-02-01,0.002113248524046398,7.5396825396825394e-06,0.953106809478188,0.9960044655859952,-0.043069742747155804,0.0
21,2022-02-02,0.007543114392961718,7.5396825396825394e-06,0.9602962031707927,0.9960044655859952,-0.03585150835061135,0.0
22,2022-02-03,-0.013680824438754978,7.936507936507936e-06,0.9471585594060101,0.9960044655859952,-0.049041854597757006,0.0
23,2022-02-04,-0.003741849885468041,9.126984126984127e-06,0.9436144342589767,0.9960044655859952,-0.05260019722521525,0.0
24,2022-02-07,-0.0007373225165674838,1.0714285714285714e-05,0.9429186860896396,0.9960044655859952,-0.053298736431992566,0.0
25,2022-02-08,0.0012104520359518644,9.92063492063492e-06,0.944060043932954,0.9960044655859952,-0.052152799960068386,0.0
26,2022-02-09,0.012001568656419295,1.0317460317460317e-05,0.9553902453659975,0.9960044655859952,-0.04077714671299437,0.0
27,2022-02-10,-0.01672046330779723,1.5873015873015872e-05,0.9394156778237279,0.9960044655859952,-0.05681579723538033,0.0
28,2022-02-11,-0.007020941583587698,1.4285714285714284e-05,0.9328200952270211,0.9960044655859952,-0.0634378384255534,0.0
29,2022-02-14,-0.006672979939125918,1.7063492063492063e-05,0.9265954054447576,0.9960044655859952,-0.06968749894148418,0.0
30,2022-02-15,0.007674769742845025,1.5873015873015872e-05,0.9337068118263242,0.9960044655859952,-0.06254756470696987,0.0
31,2022-02-16,0.0020759465090963254,1.507936507936508e-05,0.9356451372228545,0.9960044655859952,-0.060601463596479554,0.0
32,2022-02-17,-0.009904265957942457,1.4285714285714284e-05,0.9263782589415438,0.9960044655859952,-0.06990551654152188,0.0
33,2022-02-18,-0.0018490102291966342,1.3888888888888888e-05,0.9246653760646556,0.9960044655859952,-0.0716252707555558,0.0
34,2022-02-22,-0.005934474658892547,1.4682539682539685e-05,0.9191779728224446,0.9960044655859952,-0.0771346870602132,0.0
35,2022-02-23,-0.012970110990420388,1.3492063492063494e-05,0.9072561324949879,0.9960044655859952,-0.08910435259825122,0.0
36,2022-02-24,0.006535021910165706,1.26984126984127e-05,0.9131850711989749,0.9960044655859952,-0.0831516295846062,0.0
37,2022-02-25,0.016399310077760392,1.3095238095238093e-05,0.9281606763399486,0.9960044655859952,-0.06811594886387484,0.0
38,2022-02-28,-0.0022687326859758905,1.3888888888888888e-05,0.9260549278756987,0.9960044655859952,-0.07023014467022692,0.0
39,2022-03-01,-0.006025648123065976,1.26984126984127e-05,0.9204748467376885,0.9960044655859952,-0.07583261065387803,0.0
40,2022-03-02,0.005013041312673789,1.3492063492063494e-05,0.9250892251716617,0.9960044655859952,-0.07119972135125996,0.0
41,2022-03-03,-0.0009142282176258646,1.507936507936508e-05,0.9242434824981881,0.9960044655859952,-0.07204885677453943,0.0
42,2022-03-04,-0.0020006848954138485,1.3492063492063494e-05,0.9223943625230693,0.9960044655859952,-0.07390539461047263,0.0
43,2022-03-07,-0.01968728243876943,1.507936507936508e-05,0.904234924188149,0.9960044655859952,-0.09213768067179695,0.0
44,2022-03-08,-0.005991836282473613,1.4285714285714284e-05,0.8988168965615188,0.9960044655859952,-0.09757744305623828,0.0
45,2022-03-09,0.015994722446024286,1.507936507936508e-05,0.9131932233518171,0.9960044655859952,-0.08314344472889135,0.0
46,2022-03-10,-0.0062005616558472336,1.5476190476190476e-05,0.9075309124667222,0.9960044655859952,-0.08882847032941754,0.0
47,2022-03-11,-0.006795234988753422,1.5873015873015872e-05,0.901364026656953,0.9960044655859952,-0.0950200949885911,0.0
48,2022-03-14,-0.00729219230797045,1.785714285714286e-05,0.894791106835084,0.9960044655859952,-0.10161938249078306,0.0
49,2022-03-15,0.010873102870937675,1.825396825396825e-05,0.904520262587702,0.9960044655859952,-0.0918511976193489,0.0
50,2022-03-16,0.01635362977527966,1.7460317460317463e-05,0.9193124520863001,0.9960044655859952,-0.07699966832435201,0.0
51,2022-03-17,0.007422862428182812,1.5873015873015872e-05,0.9261363819466522,0.9960044655859952,-0.07014836384115652,0.0
52,2022-03-18,0.007450839008084733,1.6666666666666664e-05,0.9330368750280668,0.9960044655859952,-0.06322018899873272,0.0
53,2022-03-21,-0.0072958317931018,2.1428571428571428e-05,0.9262295949311007,0.9960044655859952,-0.0700547769269717,0.0
54,2022-03-22,0.0033773821382765364,2.023809523809524e-05,0.9293578262209641,0.9960044655859952,-0.06691399654098928,0.0
55,2022-03-23,-0.004882129102807858,1.984126984126984e-05,0.9248205813306485,0.9960044655859952,-0.07146944287389911,0.0
56,2022-03-24,0.006449604702069578,2.0634920634920636e-05,0.9307853085005694,0.9960044655859952,-0.06548078782664335,0.0
57,2022-03-25,0.000599456352225443,2.1825396825396827e-05,0.9313432736663081,0.9960044655859952,-0.06492058434862935,0.0
58,2022-03-28,0.005668472326803011,2.341269841269841e-05,0.9366225672398397,0.9960044655859952,-0.05962011255764643,0.0
59,2022-03-29,0.014659431772355963,2.1825396825396827e-05,0.9503529218607412,0.9960044655859952,-0.045834677757589315,0.0
60,2022-03-30,-0.0021957685500794705,2.1825396825396827e-05,0.9482661668034431,0.9960044655859952,-0.04792980396374569,0.0
61,2022-03-31,-0.009158126662385049,2.0634920634920636e-05,0.9395818251382029,0.9960044655859952,-0.05664898341052749,1.0
62,2022-04-01,0.005898474686724468,2.1031746031746032e-05,0.945123924749887,1.0058984746867246,0.0,0.0
63,2022-04-04,0.0017355801921364556,2.6190476190476185e-05,0.9467642631127972,1.007644292154691,0.0,0.0
64,2022-04-05,-0.011717133612127497,2.57936507936508e-05,0.9356708997427171,1.007644292154691,-0.01171713361212745,0.0
65,2022-04-06,-0.00359227863274314,2.6587301587301588e-05,0.9323097091622918,1.007644292154691,-0.015267321036158688,0.0
66,2022-04-07,-0.0004196519443926605,2.6984126984126987e-05,0.9319184635800657,1.007644292154691,-0.01568056601959289,0.0
67,2022-04-08,-0.0024564411805078163,2.7777777777777776e-05,0.929629260689252,1.007644292154691,-0.018098488811996494,0.0
68,2022-04-11,-0.011847021251827296,3.0555555555555554e-05,0.9186159230815459,1.007644292154691,-0.02973109688224218,0.0
69,2022-04-12,-0.0027453739369106334,2.936507936507937e-05,0.9160939788682867,1.007644292154691,-0.03239484784065649,0.0
70,2022-04-13,0.007488059940314798,2.976190476190476e-05,0.922953745493014,1.007644292154691,-0.025149362462729807,0.0
71,2022-04-14,-0.009747618726783234,3.134920634920635e-05,0.9139571442794916,1.007644292154691,-0.03465183479300471,0.0
72,2022-04-18,-0.0034994273655226064,3.214285714285715e-05,0.9107588176378851,1.007644292154691,-0.03803000057958705,0.0
73,2022-04-19,0.008160278331263484,3.214285714285715e-05,0.9181908630824628,1.007644292154691,-0.03018005763799103,0.0
74,2022-04-20,0.0073269731185259795,3.2539682539682536e-05,0.9249184228539441,1.007644292154691,-0.02307421299049428,0.0
75,2022-04-21,-0.009715909401033201,3.2936507936507936e-05,0.9159319992541487,1.007644292154691,-0.032565935428611636,0.0
76,2022-04-22,-0.016753209920642175,3.2936507936507936e-05,0.9005871981976105,1.007644292154691,-0.04877356139675615,0.0
77,2022-04-25,0.003679208128234982,3.611111111111112e-05,0.9039006459374036,1.007644292154691,-0.045273801352055054,0.0
78,2022-04-26,-0.015213773263029359,3.2936507936507936e-05,0.8901489064578062,1.007644292154691,-0.05979878926655868,0.0
79,2022-04-27,-0.0022782467121201765,3.2539682539682536e-05,0.8881209276383714,1.007644292154691,-0.061940799583643624,0.0
80,2022-04-28,0.014148457963992191,3.2539682539682536e-05,0.9006864692500045,1.007644292154691,-0.048668708418816764,0.0
81,2022-04-29,-0.026041476430145986,3.3730158730158734e-05,0.8772312637900791,1.007644292154691,-0.0734427798257884,0.0
82,2022-05-02,-0.005621937316828158,3.571428571428572e-05,0.8722995246126893,1.007644292154691,-0.07865182643806246,0.0
83,2022-05-03,0.00625384765887683,3.611111111111112e-05,0.8777547529525279,1.007644292154691,-0.07288985531982162,0.0
84,2022-05-04,0.017363091721423266,3.531746031746032e-05,0.8929952892369579,1.007644292154691,-0.056792356841877556,0.0
85,2022-05-05,-0.02733265911572824,3.3730158730158734e-05,0.868587353404293,1.007644292154691,-0.08257272982766806,0.0
86,2022-05-06,-0.008528362455175156,3.3730158730158734e-05,0.8611797256304798,1.007644292154691,-0.09039688211395958,0.0
87,2022-05-09,-0.020187062514460907,3.650793650793651e-05,0.843795036672991,1.007644292154691,-0.10875909711807363,0.0
88,2022-05-10,0.0009105254452123849,3.531746031746032e-05,0.8445633335244258,1.007644292154691,-0.10794759959818556,0.0
89,2022-05-11,-0.003524935532423451,3.611111111111112e-05,0.8415863022207035,1.007644292154691,-0.1110920268011456,0.0
90,2022-05-12,0.0011754931924499714,3.809523809523809e-05,0.842575581189823,1.007644292154691,-0.1100471215299359,0.0
91,2022-05-13,0.014346551057832755,4.0873015873015874e-05,0.8546636347854458,1.007644292154691,-0.09727936711989993,0.0
92,2022-05-16,-0.0018056334683473085,4.246031746031746e-05,0.8531204255222979,1.007644292154691,-0.09890934970719578,0.0
93,2022-05-17,0.009494857358051275,4.206349206349207e-05,0.8612206822718722,1.007644292154691,-0.090353622515992,0.0
94,2022-05-18,-0.02053614648404505,4.0873015873015874e-05,0.8435345281856479,1.007644292154691,-0.10903425377268439,0.0
95,2022-05-19,-0.000861855831381131,4.166666666666667e-05,0.8428075230335598,1.007644292154691,-0.10980213779663128,0.0
96,2022-05-20,0.004963920875573834,4.0873015873015874e-05,0.8469911528912367,1.007644292154691,-0.10538326604504866,0.0
97,2022-05-23,0.008238898969206094,4.246031746031746e-05,0.8539694274277191,1.007644292154691,-0.09801260915783272,0.0
98,2022-05-24,0.0033976978621057113,4.206349206349207e-05,0.856870957525594,1.007644292154691,-0.0949479285283219,0.0
99,2022-05-25,0.005721547034154008,4.206349206349207e-05,0.8617735850112772,1.007644292154691,-0.0897696305330381,0.0
100,2022-05-26,0.008385157679180943,4.246031746031746e-05,0.8689996924053498,1.007644292154691,-0.08213720536067859,0.0
101,2022-05-27,0.015577652831290902,4.2857142857142856e-05,0.882536667924139,1.007644292154691,-0.06783905739902873,0.0
102,2022-05-31,-0.00953980877270841,4.603174603174603e-05,0.8741174368772394,1.007644292154691,-0.0767316945368296,0.0
103,2022-06-01,-0.006871769791840484,4.563492063492063e-05,0.8681107030799854,1.007644292154691,-0.08307618178807519,0.0
104,2022-06-02,0.012026247823094582,4.642857142857143e-05,0.8785508175331062,1.007644292154691,-0.07204902871536034,0.0
105,2022-06-03,-0.010490941064060923,4.801587301587301e-05,0.8693339926845838,1.007644292154691,-0.08178410766544564,0.0
106,2022-06-06,-0.0026276975831968797,5e-05,0.8670496458530156,1.007644292154691,-0.08419690134658608,0.0
107,2022-06-07,0.008217858961076414,5e-05,0.874174937554887,1.007644292154691,-0.07667096064573564,0.0
108,2022-06-08,-0.012259714318116725,5.07936507936508e-05,0.8634578025564066,1.007644292154691,-0.08799071088984001,0.0
109,2022-06-09,-0.015658722729136012,5.158730158730159e-05,0.8499371562378667,1.007644292154691,-0.10227161147441255,0.0
110,2022-06-10,-0.018837174649478573,5.515873015873015e-05,0.8339267415847329,1.007644292154691,-0.11918227791686398,0.0
111,2022-06-13,-0.03404919036820621,6.865079365079365e-05,0.8055322112073764,1.007644292154691,-0.14917340821576242,0.0
112,2022-06-14,-0.006471720538038916,7.261904761904762e-05,0.8003190318520538,1.007644292154691,-0.15467972014412223,0.0
113,2022-06-15,0.01572356486776135,6.904761904761904e-05,0.8129029000642836,1.007644292154691,-0.1413882718897741,0.0
114,2022-06-16,-0.017807608531380352,6.30952380952381e-05,0.7984270434459151,1.007644292154691,-0.15667809342441297,0.0
115,2022-06-17,0.00230886061861916,6.468253968253968e-05,0.800270500203368,1.007644292154691,-0.15473098068550173,0.0
116,2022-06-21,0.011073295625285112,6.746031746031747e-05,0.8091321320323146,1.007644292154691,-0.14537106695173752,0.0
117,2022-06-22,0.00610867207640986,6.388888888888888e-05,0.8140748548933864,1.007644292154691,-0.14015041905273362,0.0
118,2022-06-23,0.0093323272115894,6.547619047619048e-05,0.8216720678139787,1.007644292154691,-0.1321260214105856,0.0
119,2022-06-24,0.017106551680644254,6.865079365079365e-05,0.8357280435065805,1.007644292154691,-0.11727969034355934,0.0
120,2022-06-27,-0.0037736333668993765,7.103174603174604e-05,0.8325743122759505,1.007644292154691,-0.12061075315771874,0.0
121,2022-06-28,-0.009995458096951201,7.103174603174604e-05,0.8242523506249982,1.007644292154691,-0.12940065152544022,0.0
122,2022-06-29,0.0017036466117689643,7.063492063492064e-05,0.8256565853493831,1.007644292154691,-0.12791745789520326,0.0
123,2022-06-30,-0.001813403550186759,6.825396825396825e-05,0.8241593367662755,1.007644292154691,-0.129498895473112,0.0
124,2022-07-01,0.0074400561223814865,6.865079365079365e-05,0.8302911284856014,1.0074400561223815,0.0,0.0
125,2022-07-05,-0.005756412632407812,7.53968253968254e-05,0.8255116301450107,1.0074400561223815,-0.005756412632407892,0.0
126,2022-07-06,-0.002297636503488128,7.53968253968254e-05,0.8236149044895356,1.0074400561223815,-0.008040822992102625,0.0
127,2022-07-07,0.006867522842421195,7.738095238095238e-05,0.8292710986594759,1.0074400561223815,-0.0012285206852516994,0.0
128,2022-07-08,-0.0009219414565289556,7.857142857142857e-05,0.8285065592549204,1.0074400561223815,-0.0021493295176305827,0.0
129,2022-07-11,-0.00599623278460007,8.650793650793651e-05,0.8235386410620599,1.0074400561223815,-0.008132674422112185,0.0
130,2022-07-12,-0.003317739302337995,8.80952380952381e-05,0.8208063545456142,1.0074400561223815,-0.011423431630886882,0.0
131,2022-07-13,0.0007118518082828932,9.484126984126983e-05,0.8213906470333476,1.0074400561223815,-0.010719711613067173,0.0
132,2022-07-14,-0.006759888156294124,9.523809523809524e-05,0.8158381381267761,1.0074400561223815,-0.01740713571778929,0.0
133,2022-07-15,0.01079578217240167,9.404761904761906e-05,0.8246457489539305,1.0074400561223815,-0.00679927719084239,0.0
134,2022-07-18,-0.004583899454251192,9.92063492063492e-05,0.82086565575535,1.0074400561223815,-0.01135200944208914,0.0
135,2022-07-19,0.014502774327201713,0.0001,0.8327704851137202,1.0104484023456337,0.0,0.0
136,2022-07-20,-0.0012244764342078742,9.96031746031746e-05,0.8317507772795946,1.0104484023456337,-0.0012244764342078662,0.0
137,2022-07-21,0.010418611223032481,9.84126984126984e-05,0.8404164652625257,1.0197257105161701,0.0,0.0
138,2022-07-22,-0.000844641839245317,9.88095238095238e-05,0.8397066143535743,1.0197257105161701,-0.0008446418392452637,0.0
139,2022-07-25,-0.001052176688957042,0.00010396825396819999,0.8388230946283884,1.0197257105161701,-0.0018959298157485982,0.0
140,2022-07-26,-0.005720807746777241,0.0001011904761904,0.8340243489704627,1.0197257105161701,-0.007605891312548518,0.0
141,2022-07-27,0.015319042202393784,9.682539682539682e-05,0.8468008031701654,1.0274721954770634,0.0,0.0
142,2022-07-28,0.009830516792144696,9.603174603174604e-05,0.8551252926853312,1.0375727781481623,0.0,0.0
143,2022-07-29,0.0069927558144796545,9.563492063492065e-05,0.8611049750478651,1.0448282712255035,0.0,0.0
144,2022-08-01,0.0009828530023772522,0.0001015873015873,0.8619513146579528,1.0458551838288461,0.0,0.0
145,2022-08-02,-0.009327046787153154,0.0001015873015873,0.85391185441789,1.0458551838288461,-0.009327046787153126,0.0
146,2022-08-03,0.009513537846072524,0.0001,0.8620355771621044,1.0459574243791774,0.0,0.0
147,2022-08-04,0.0036337564035701605,9.92063492063492e-05,0.8651680044607226,1.049758178867877,0.0,0.0
148,2022-08-05,-0.006921985903689383,0.00010238095238089999,0.8591793237295224,1.049758178867877,-0.0069219859036893094,0.0
149,2022-08-08,0.0031160408693749818,0.00010515873015870001,0.8618565616163855,1.049758178867877,-0.003827514225287487,0.0
150,2022-08-09,-0.0029747402053138545,0.0001059523809523,0.8592927622513317,1.049758178867877,-0.0067908685701491,0.0
151,2022-08-10,0.011956355937949234,0.00010515873015870001,0.8695667723717121,1.0550954573706588,0.0,0.0
152,2022-08-11,-0.0031512005962618735,0.00010396825396819999,0.8668265930401249,1.0550954573706588,-0.0031512005962618383,0.0
153,2022-08-12,0.011404234188973579,0.000104365079365,0.8767120865083845,1.063765278627199,0.0,0.0
154,2022-08-15,-0.0006581088866660317,0.0001079365079365,0.8761351144932058,1.063765278627199,-0.0006581088866661755,0.0
155,2022-08-16,-0.0001026258575279504,0.00010714285714279999,0.8760452003757706,1.063765278627199,-0.0007606672052052899,0.0
156,2022-08-17,-0.007669930941818372,0.0001063492063492,0.8693259941869771,1.063765278627199,-0.008424763882089903,0.0
157,2022-08-18,0.0011616462870486144,0.0001075396825396,0.8703358435003592,1.063765278627199,-0.00727290419072435,0.0
158,2022-08-19,-0.010356442783288178,0.00010873015873009998,0.8613222601349029,1.063765278627199,-0.01755402555789287,0.0
159,2022-08-22,-0.012948487374394505,0.00011190476190469998,0.8501694397242612,1.063765278627199,-0.030275214853981103,0.0
160,2022-08-23,-0.00024553217373999604,0.0001111111111111,0.8499606957736784,1.063765278627199,-0.030513313488407467,0.0
161,2022-08-24,0.0007799611607992423,0.00011190476190469998,0.8506236321045878,1.063765278627199,-0.029757151527016412,0.0
162,2022-08-25,0.009615548316132518,0.0001142857142857,0.8588028447379336,1.063765278627199,-0.020427734539142484,0.0
163,2022-08-26,-0.01958644732955295,0.0001146825396825,0.8419819480530037,1.063765278627199,-0.03961407512208226,0.0
164,2022-08-29,-0.004662996422730208,0.0001178571428571,0.8380557892412293,1.063765278627199,-0.04409235125422828,0.0
165,2022-08-30,-0.005956141195110988,0.0001178571428571,0.8330642106311283,1.063765278627199,-0.049785872179644586,0.0
166,2022-08-31,-0.007438031689114248,0.0001174603174603,0.826867852633387,1.063765278627199,-0.05685359497381648,0.0
167,2022-09-01,-0.0028530626911092826,0.0001178571428571,0.824508746812561,1.063765278627199,-0.059544450794250636,0.0
168,2022-09-02,-0.003659750087005056,0.0001166666666666,0.8214912508546773,1.063765278627199,-0.06298628307228071,0.0
169,2022-09-06,-0.006347070560560616,0.0001206349206349,0.8162771879206195,1.063765278627199,-0.06893357524983412,0.0
170,2022-09-07,0.013328570667476993,0.0001218253968253,0.827156996104069,1.063765278627199,-0.05652379061143631,0.0
171,2022-09-08,0.0006216349318635407,0.0001214285714285,0.8276711857869826,1.063765278627199,-0.055937292842298314,0.0
172,2022-09-09,0.010716428156828956,0.0001222222222222,0.8365408645869463,1.063765278627199,-0.04582031266550135,0.0
173,2022-09-12,0.005893555686374317,0.0001257936507936,0.8414710647563173,1.063765278627199,-0.04019680154338823,0.0
174,2022-09-13,-0.025387046994809037,0.0001301587301587,0.8201085992905767,1.063765278627199,-0.06456337044837435,0.0
175,2022-09-14,0.0017101860922400043,0.0001285714285714,0.8215111376112098,1.063765278627199,-0.06296359973434329,0.0
176,2022-09-15,-0.009727336284365238,0.0001277777777777,0.813520022514314,1.063765278627199,-0.0720784679104185,0.0
177,2022-09-16,-0.002800340481561834,0.0001269841269841,0.811241889462706,1.063765278627199,-0.07467696414044189,0.0
178,2022-09-19,0.0032901755037269493,0.0001337301587301,0.8139110176550134,1.063765278627199,-0.07163248895482255,0.0
179,2022-09-20,-0.010520996590394556,0.0001329365079365,0.8053478626133804,1.063765278627199,-0.08139984037316184,0.0
180,2022-09-21,-0.006485891085175354,0.0001313492063492,0.8001244640907913,1.063765278627199,-0.08735778095932623,0.0
181,2022-09-22,-0.007065310934225773,0.0001305555555555,0.794471335965909,1.063765278627199,-0.09380588200855033,0.0
182,2022-09-23,-0.014115683384461274,0.0001285714285714,0.7832568301293843,1.063765278627199,-0.10659743126297883,0.0
183,2022-09-26,-0.012655356669651865,0.0001345238095238,0.773344435580156,1.063765278627199,-0.11790375941992903,0.0
184,2022-09-27,-0.004948670532960224,0.0001329365079365,0.7695174087599717,1.063765278627199,-0.12226896309292257,0.0
185,2022-09-28,0.019888805194256814,0.0001349206349206,0.7848221905963879,1.063765278627199,-0.10481194148692474,0.0
186,2022-09-29,-0.011722495199759092,0.0001333333333333,0.7756221162344573,1.063765278627199,-0.11530577920572593,0.0
187,2022-09-30,-0.006735206438562252,0.0001321428571428,0.7703981411633037,1.063765278627199,-0.12126437741777829,0.0
188,2022-10-03,0.020948948127620087,0.0001373015873015,0.7865371718601488,1.0209489481276202,0.0,0.0
189,2022-10-04,0.02034120740868026,0.0001369047619047,0.8025362876075929,1.041716282435158,0.0,0.0
190,2022-10-05,-0.005440923562199587,0.0001373015873015,0.7981697490108285,1.041716282435158,-0.005440923562199607,0.0
191,2022-10-06,-0.00847247443522594,0.0001373015873015,0.7914072762173635,1.041716282435158,-0.013867299911640818,0.0
192,2022-10-07,-0.016930985238527145,0.0001369047619047,0.7780079713060644,1.041716282435158,-0.030563498100065645,0.0
193,2022-10-10,-0.007384383370420682,0.0001369047619047,0.7722628621806972,1.041716282435158,-0.03772218888337442,0.0
194,2022-10-11,-0.003918912540693169,0.0001456349206349,0.7692364315653856,1.041716282435158,-0.041493271464990156,0.0
195,2022-10-12,-0.001541687595759247,0.0001468253968253,0.7680505093006351,1.041716282435158,-0.04297098939882438,0.0
196,2022-10-13,0.0116176746203332,0.0001503968253968,0.776973470209671,1.041716282435158,-0.03185253775144059,0.0
197,2022-10-14,-0.014866369606565542,0.0001511904761904,0.7654226954270382,1.041716282435158,-0.0462453757588861,0.0
198,2022-10-17,0.014319104077337566,0.0001575396825396,0.7763828626660143,1.041716282435158,-0.03258846403013549,0.0
199,2022-10-18,0.007031259263636076,0.0001603174603174,0.781841811861263,1.041716282435158,-0.02578634270609892,0.0
200,2022-10-19,-0.010120707090666198,0.0001615079365079,0.7739290198921794,1.041716282435158,-0.03564607377529705,0.0
201,2022-10-20,-0.005626017948159506,0.0001623015873015,0.7695748813356645,1.041716282435158,-0.041071546272615334,0.0
202,2022-10-21,0.015000842956715749,0.0001623015873015,0.7811191532740139,1.041716282435158,-0.026686811131524713,0.0
203,2022-10-24,0.004355111749892589,0.0001650793650793,0.7845210144765037,1.041716282435158,-0.022447923426358263,0.0
204,2022-10-25,0.013000901146269287,0.0001642857142857,0.7947204946328836,1.041716282435158,-0.009738865513494233,0.0
205,2022-10-26,0.0018841750706162768,0.0001630952380952,0.7962178871769787,1.041716282435158,-0.007873040170494505,0.0
206,2022-10-27,-0.0020481557443701574,0.0001638888888888,0.794587108937587,1.041716282435158,-0.009905070702413754,0.0
207,2022-10-28,0.010279768086420237,0.000165873015873,0.8027552801419244,1.042000541343157,0.0,0.0
208,2022-10-31,-0.006798852026448949,0.0001674603174603,0.7972974657787889,1.042000541343157,-0.0067988520264488095,0.0
209,2022-11-01,0.002901422664159169,0.0001678571428571,0.7996107627160762,1.042000541343157,-0.003917155705649433,0.0
210,2022-11-02,-0.013757993750546677,0.0001674603174603,0.7886097228397586,1.042000541343157,-0.017621257252477984,0.0
211,2022-11-03,-0.006985301751017057,0.0001686507936507,0.783101045961937,1.042000541343157,-0.02448346920435429,0.0
212,2022-11-04,0.015744051122103045,0.0001670634920634,0.795430228863334,1.042000541343157,-0.009124887073051147,0.0
213,2022-11-07,0.002473219524980949,0.000170238095238,0.797397502436119,1.042000541343157,-0.006674235396942341,0.0
214,2022-11-08,0.008880643538196445,0.0001698412698412,0.8044789054135023,1.0442378588800023,0.0,0.0
215,2022-11-09,-0.010051860004073987,0.000170238095238,0.7963923960800551,1.0442378588800023,-0.010051860004073876,0.0
216,2022-11-10,0.040613015560042494,0.0001698412698412,0.828736292853954,1.0757246786740156,0.0,0.0
217,2022-11-11,0.006203720358129895,0.0001698412698412,0.8338775410654533,1.0823981737628483,0.0,0.0
218,2022-11-14,-0.004859578164346222,0.0001722222222222,0.8298252479751529,1.0823981737628483,-0.004859578164346123,0.0
219,2022-11-15,0.007830970671763743,0.0001710317460317,0.8363235851547353,1.0855732126921849,0.0,0.0
220,2022-11-16,-0.001195182678288875,0.0001714285714285,0.8353240256923139,1.0855732126921849,-0.0011951826782889974,0.0
221,2022-11-17,-0.0031764768402591514,0.0001714285714285,0.8326706382705903,1.0855732126921849,-0.004367863048450715,0.0
222,2022-11-18,0.0015709870741221937,0.0001722222222222,0.8339787530803145,1.0855732126921849,-0.0028037378307190775,0.0
223,2022-11-21,-0.002871063094552418,0.000175,0.8315843474607048,1.0855732126921849,-0.005666751217058841,0.0
224,2022-11-22,0.009271706455943914,0.0001746031746031,0.8392945534237182,1.0894296190231978,0.0,0.0
225,2022-11-23,0.007072422698451439,0.0001746031746031,0.8452303992740389,1.097134525789143,0.0,0.0
226,2022-11-25,0.0012263149183054372,0.000175,0.8462669179220739,1.098479958225506,0.0,0.0
227,2022-11-28,-0.010084097595050814,0.000175,0.8377330797302849,1.098479958225506,-0.0100840975950508,0.0
228,2022-11-29,-0.0006873638319344215,0.0001738095238095,0.8371572523104632,1.098479958225506,-0.010764529983020577,0.0
229,2022-11-30,0.019363191052665568,0.0001734126984126,0.8533672881280752,1.1076964526932624,0.0,0.0
230,2022-12-01,0.0072585699689449576,0.0001718253968253,0.8595615142981615,1.1157367448994886,0.0,0.0
231,2022-12-02,0.0006858006675255158,0.0001722222222222,0.8601510021584464,1.1165019179039233,0.0,0.0
232,2022-12-05,-0.013530217366992553,0.0001730158730158,0.8485129721308061,1.1165019179039233,-0.01353021736699267,0.0
233,2022-12-06,-0.004387358499103741,0.0001734126984126,0.8447902415309282,1.1165019179039233,-0.017858213951936652,0.0
234,2022-12-07,0.004115422199266429,0.000170238095238,0.8482669100446483,1.1165019179039233,-0.013816285842807141,0.0
235,2022-12-08,0.0029772206535988717,0.0001698412698412,0.8507923878089978,1.1165019179039233,-0.010880199320775441,0.0
236,2022-12-09,-0.004611965799506915,0.0001710317460317,0.8468685624139418,1.1165019179039233,-0.015441986013123188,0.0
237,2022-12-12,0.004802735412599137,0.0001738095238095,0.8509358480484642,1.1165019179039233,-0.010713414373589969,0.0
238,2022-12-13,0.008943716769920196,0.000172619047619,0.8585463772627816,1.1165019179039233,-0.0018655153474659292,0.0
239,2022-12-14,-0.002192943103344579,0.0001718253968253,0.8566636339058616,1.1165019179039233,-0.004054367481795107,0.0
240,2022-12-15,-0.015329216284824108,0.0001722222222222,0.8435316517783753,1.1165019179039233,-0.019321433490592677,0.0
241,2022-12-16,-0.005470093830167917,0.0001710317460317,0.838917454494431,1.1165019179039233,-0.02468583726663376,0.0
242,2022-12-19,-0.006582223939744875,0.0001734126984126,0.8333955119419879,1.1165019179039233,-0.031105573497349548,0.0
243,2022-12-20,0.00044672986258540353,0.000172619047619,0.8337678146045171,1.1165019179039233,-0.030672739423338147,0.0
244,2022-12-21,0.008199551324666602,0.0001718253968253,0.840604336593222,1.1165019179039233,-0.022724690799841296,0.0
245,2022-12-22,-0.008171935000568245,0.000172619047619,0.8337349725933864,1.1165019179039233,-0.030710921104285305,0.0
246,2022-12-23,0.00203512548514443,0.0001722222222222,0.8354317278839675,1.1165019179039233,-0.028738296197352464,0.0
247,2022-12-27,-0.0026486186622194517,0.0001769841269841,0.8332189878184838,1.1165019179039233,-0.03131079807194326,0.0
248,2022-12-28,-0.007841062790186306,0.0001769841269841,0.8266856654170236,1.1165019179039233,-0.03890635092843653,0.0
249,2022-12-29,0.011110532884518074,0.0001765873015873,0.8358705836877991,1.1165019179039233,-0.02822808833532553,0.0
250,2022-12-30,-0.0037804273102110897,0.0001753968253968,0.8327106357054236,1.1165019179039233,-0.031901801409478625,1.0
251,2023-01-03,0.0036867927906352087,0.0001797619047619,0.8357806672738276,1.0036867927906352,0.0,0.0
252,2023-01-04,0.008393069783564515,0.0001805555555555,0.842795432738011,1.0121108060833692,0.0,0.0
253,2023-01-05,-0.007811677651188945,0.0001849206349206,0.8362117864915674,1.0121108060833692,-0.007811677651189064,0.0
254,2023-01-06,0.020189846034729765,0.0001853174603174,0.8530947737132585,1.024479257420036,0.0,0.0
255,2023-01-09,0.0009212903130954608,0.0001865079365079,0.853880721664433,1.0254231002358645,0.0,0.0
256,2023-01-10,0.002235641258534328,0.0001876984126984,0.855789692635653,1.027715578426206,0.0,0.0
257,2023-01-11,0.007718069560129819,0.0001873015873015,0.862394737012257,1.0356475587485285,0.0,0.0
258,2023-01-12,0.00733958085857502,0.0001849206349206,0.868724352916568,1.0432487777469492,0.0,0.0
259,2023-01-13,0.0026658930557041825,0.0001853174603174,0.8710402791363294,1.0460299674189166,0.0,0.0
260,2023-01-17,-0.0024666310949333636,0.0001869047619047,0.8688917440988723,1.0460299674189166,-0.0024666310949333914,0.0
261,2023-01-18,-0.004439039962944144,0.0001861111111111,0.8650346989233452,1.0460299674189166,-0.006894721583873276,0.0
262,2023-01-19,-0.0013892796860770944,0.0001869047619047,0.8638329237883792,1.0460299674189166,-0.008274422573312679,0.0
263,2023-01-20,0.006088057781857475,0.0001873015873015,0.8690919885422737,1.0460299674189166,-0.0022367399541930455,0.0
264,2023-01-23,0.004536678339614261,0.0001876984126984,0.8730347793418257,1.0484251574404861,0.0,0.0
265,2023-01-24,0.0013142565642998408,0.0001873015873015,0.8741821710314378,1.0498030570858294,0.0,0.0
266,2023-01-25,0.0025766164884678906,0.0001873015873015,0.8764346032272421,1.052507996952361,0.0,0.0
267,2023-01-26,0.0016835292812147067,0.0001869047619047,0.877910106544845,1.054279924983943,0.0,0.0
268,2023-01-27,-0.0008366773814893021,0.0001876984126984,0.8771755790157181,1.054279924983943,-0.0008366773814892925,0.0
269,2023-01-30,-0.006512388912758793,0.0001873015873015,0.8714630705003934,1.054279924983943,-0.007343617525745305,0.0
270,2023-01-31,0.008709088507410026,0.0001865079365079,0.8790527195123206,1.0556520858745115,0.0,0.0
271,2023-02-01,0.009711819343483929,0.0001849206349206,0.8875899207176225,1.0659043882220969,0.0,0.0
272,2023-02-02,0.0013455992657991239,0.0001849206349206,0.8887842610632709,1.0673386683843007,0.0,0.0
273,2023-02-03,-0.012492527240951594,0.0001865079365079,0.8776810994706089,1.0673386683843007,-0.012492527240951734,0.0
274,2023-02-06,-0.005447311224972326,0.0001869047619047,0.8729000973655165,1.0673386683843007,-0.017871787782056114,0.0
275,2023-02-07,0.0048970544392490335,0.0001869047619047,0.8771747366623412,1.0673386683843007,-0.013062252460502521,0.0
276,2023-02-08,-0.0047588950541904455,0.0001873015873015,0.873000354146378,1.0673386683843007,-0.01775898562606215,0.0
277,2023-02-09,-0.005623042131842826,0.0001892857142857,0.8680914363738992,1.0673386683843007,-0.023282168233510925,0.0
278,2023-02-10,-0.00014503821340455063,0.0001900793650793,0.8679655299428958,1.0673386683843007,-0.02342382964283074,0.0
279,2023-02-13,0.006134351304486331,0.000190873015873,0.8732899354237501,1.0673386683843007,-0.01743316833826991,0.0
280,2023-02-14,-0.001482104613495541,0.0001904761904761,0.8719956283815393,1.0673386683843007,-0.01888943517254349,0.0
281,2023-02-15,-0.0016625498086157181,0.0001900793650793,0.8705458922164598,1.0673386683843007,-0.020520580354328133,0.0
282,2023-02-16,-0.006902554219285872,0.0001920634920634,0.8645369019950592,1.0673386683843007,-0.027281490155107058,0.0
283,2023-02-17,0.0016066160984259514,0.0001920634920634,0.8659258808994879,1.0673386683843007,-0.025718704937953252,0.0
284,2023-02-21,-0.013038435683022404,0.00019285714285709998,0.8546355619951154,1.0673386683843007,-0.03842180894079139,0.0
285,2023-02-22,-0.0017844235730709807,0.0001920634920634,0.8531105301519065,1.0673386683843007,-0.04013767173226834,0.0
286,2023-02-23,0.0038279864993265326,0.0001920634920634,0.8563762257437613,1.0673386683843007,-0.03646333169844729,0.0
287,2023-02-24,-0.009684583817405234,0.00019285714285709998,0.8480825784063126,1.0673386683843007,-0.04579478332375708,0.0
288,2023-02-27,0.003644653253865376,0.0001940476190476,0.8511735453352478,1.0673386683843007,-0.042317036175942624,0.0
289,2023-02-28,-0.002349415526217257,0.0001936507936507,0.8491737849923318,1.0673386683843007,-0.04456703140034468,0.0
290,2023-03-01,-0.001741148692943015,0.00019444444444440004,0.8476952471665109,1.0673386683843007,-0.04623058226481658,0.0
291,2023-03-02,0.0032789553638786174,0.0001948412698412,0.8504748020441419,1.0673386683843007,-0.043103214916630384,0.0
292,2023-03-03,0.012125045398367451,0.0001948412698412,0.8607868476290947,1.0673386683843007,-0.03150079795594274,0.0
293,2023-03-06,-0.0019533265147441826,0.0001956349206349,0.8591054498560777,1.0673386683843007,-0.03339259312680409,0.0
294,2023-03-07,-0.011476972493783098,0.0002,0.8492455202388204,1.0673386683843007,-0.04448631974777473,0.0
295,2023-03-08,0.0010991008162318083,0.00020079365079360003,0.8501789266832961,1.0673386683843007,-0.04343611388188884,0.0
296,2023-03-09,-0.005735525673470628,0.0002003968253968,0.8453027036222603,1.0673386683843007,-0.048922510609033965,0.0
297,2023-03-10,-5.214087226509171e-06,0.0001988095238095,0.8452982961402308,1.0673386683843007,-0.0489274696100227,0.0
298,2023-03-13,0.003468240267116078,0.0001932539682539,0.8482299937286288,1.0673386683843007,-0.04562892156317633,0.0
299,2023-03-14,0.005679953338468497,0.0001936507936507,0.8530479005132969,1.0673386683843007,-0.04020813837007131,0.0
300,2023-03-15,-0.002600265542870863,0.000188492063492,0.8508297494511738,1.0673386683843007,-0.042703852076195425,0.0
301,2023-03-16,0.008260192378771953,0.0001880952380952,0.8578577668632229,1.0673386683843007,-0.03479640173088738,0.0
302,2023-03-17,-8.901077437142914e-05,0.000179365079365,0.8577814082790939,1.0673386683843007,-0.034882315250595486,0.0
303,2023-03-20,0.005506434717895939,0.000190873015873,0.8625047256060075,1.0673386683843007,-0.02956795772443599,0.0
304,2023-03-21,0.0033295010355946153,0.0001896825396825,0.8653764359831181,1.0673386683843007,-0.026336903234705278,0.0
305,2023-03-22,-0.0021683297880078496,0.0001900793650793,0.8635000144791358,1.0673386683843007,-0.028448125930905288,0.0
306,2023-03-23,0.0037259972396616863,0.0001876984126984,0.866717413149533,1.0673386683843007,-0.024828126329935696,0.0
307,2023-03-24,0.002175149570183251,0.0001880952380952,0.8686026531582155,1.0673386683843007,-0.022706981648067615,0.0
308,2023-03-27,-0.0024062236508906425,0.0001948412698412,0.8665126009109598,1.0673386683843007,-0.025058567222676187,0.0
309,2023-03-28,0.00037763446017876056,0.0001904761904761,0.8668398259292429,1.0673386683843007,-0.0246903957410034,0.0
310,2023-03-29,0.007527459746167213,0.0001904761904761,0.8733649278252998,1.0673386683843007,-0.017348791954893583,0.0
311,2023-03-30,0.005863198746484446,0.0001972222222222,0.8784856399753487,1.0673386683843007,-0.011587312623651869,0.0
312,2023-03-31,0.007296776214219489,0.0001924603174603,0.8848957530976542,1.0673386683843007,-0.004375086436571252,0.0
313,2023-04-03,0.005111496120096324,0.00019444444444440004,0.8894188943063027,1.0051114961200964,0.0,0.0
314,2023-04-04,-0.0008629252528755015,0.0001936507936507,0.8886513922820213,1.0051114961200964,-0.0008629252528755682,0.0
315,2023-04-05,-0.0013156778007924158,0.00019285714285709998,0.8874822133725525,1.0051114961200964,-0.0021774677220691707,0.0
316,2023-04-06,2.41729130082038e-05,0.0001948412698412,0.8875036664028927,1.0051114961200964,-0.002153347444798781,0.0
317,2023-04-10,-0.00017700432747622705,0.0002015873015873,0.8873465744132883,1.0051114961200964,-0.002329970620458699,0.0
318,2023-04-11,0.0035456992009563794,0.0002,0.890492838453157,1.006325135289563,0.0,0.0
319,2023-04-12,-0.0005053255623796291,0.00019920634920629997,0.8900428496587707,1.006325135289563,-0.0005053255623796993,0.0
320,2023-04-13,0.007793085041211978,0.00020238095238089997,0.8969790292764841,1.0136550278793077,0.0,0.0
321,2023-04-14,-0.006696654876040283,0.00020396825396820002,0.8909722702863738,1.0136550278793077,-0.00669665487604032,0.0
322,2023-04-17,0.0004581319371664987,0.000206746031746,0.8913804531385219,1.0136550278793077,-0.006241590890344706,0.0
323,2023-04-18,0.0013804420666891706,0.0002063492063492,0.8926109522134588,1.0136550278793077,-0.004869764978283508,0.0
324,2023-04-19,-0.0031777665696566745,0.0002047619047619,0.8897744429698055,1.0136550278793077,-0.008032056571590007,0.0
325,2023-04-20,-0.0005147193431848323,0.0002031746031746,0.8893164588529374,1.0136550278793077,-0.008542641659891825,0.0
326,2023-04-21,-0.0006038984035831072,0.00020396825396820002,0.888779402063156,1.0136550278793077,-0.0091413811758142,0.0
327,2023-04-24,0.0022333046638561066,0.0002063492063492,0.8907643172469228,1.0136550278793077,-0.006928492001172293,0.0
328,2023-04-25,-0.006685355031985304,0.0002031746031746,0.8848092415363031,1.0136550278793077,-0.013567527604293472,0.0
329,2023-04-26,-0.006067304997763965,0.0002047619047619,0.8794408340030622,1.0136550278793077,-0.019552514274016608,0.0
330,2023-04-27,0.006314723176548274,0.00020555555555549997,0.8849942594199444,1.0136550278793077,-0.013361259812514237,0.0
331,2023-04-28,0.005722926640733729,0.00020238095238089997,0.8900590166440752,1.0136550278793077,-0.007714798681515367,0.0
332,2023-05-01,-0.004811420436236111,0.0002091269841269,0.8857765685019376,1.0136550278793077,-0.012489099977713747,0.0
333,2023-05-02,-0.0016033937950237311,0.0002079365079365,0.8843563198482243,1.0136550278793077,-0.014072468827327711,0.0
334,2023-05-03,0.0017037826588683083,0.00020873015873009996,0.8858630708102423,1.0136550278793077,-0.01239266259681493,0.0
335,2023-05-04,-0.003816336503378043,0.00020873015873009996,0.8824823192361145,1.0136550278793077,-0.01616170452955068,0.0
336,2023-05-05,0.006531072010718254,0.00020873015873009996,0.8882458748112313,1.0136550278793077,-0.009736185774930739,0.0
337,2023-05-08,-0.0023774832545028213,0.0002107142857142,0.8861340851179864,1.0136550278793077,-0.012090521410790922,0.0
338,2023-05-09,-0.0011620079473312532,0.0002099206349206,0.8851043902686783,1.0136550278793077,-0.013238480076155468,0.0
339,2023-05-10,0.002480941152444743,0.0002079365079365,0.8873002821747052,1.0136550278793077,-0.010790382813727573,0.0
340,2023-05-11,-0.002762898489572909,0.0002063492063492,0.8848487615652871,1.0136550278793077,-0.013523468570922459,0.0
341,2023-05-12,-0.002803507857948094,0.0002083333333333,0.8823680811091432,1.0136550278793077,-0.016289063278465354,0.0
342,2023-05-15,0.0034717214069916067,0.000206746031746,0.885431417265176,1.0136550278793077,-0.012873892961157485,0.0
343,2023-05-16,-0.009634508665356124,0.0002075396825396,0.8769007206029562,1.0136550278793077,-0.02238436799322241,0.0
344,2023-05-17,0.005999400168952252,0.00020873015873009996,0.8821615989342959,1.0136550278793077,-0.01651926060539055,0.0
345,2023-05-18,-0.0010606391870747443,0.0002107142857142,0.8812259437731337,1.0136550278793077,-0.017562378817325697,0.0
346,2023-05-19,0.0008642678018041532,0.0002099206349206,0.8819875589824514,1.0136550278793077,-0.01671328961405638,0.0
347,2023-05-22,0.00136211179615702,0.0002142857142857,0.8831889246406052,1.0136550278793077,-0.01537394318683516,0.0
348,2023-05-23,-0.004231790640310436,0.0002119047619047,0.8794514540156853,1.0136550278793077,-0.019540674518262913,0.0
349,2023-05-24,-0.008481275364882156,0.0002130952380952,0.8719925840641322,1.0136550278793077,-0.027856220041740154,0.0
350,2023-05-25,-0.0042132956352490805,0.000213492063492,0.8683186215157251,1.0136550278793077,-0.031952149186672885,0.0
351,2023-05-26,0.007187178941198093,0.0002119047619047,0.8745593828265331,1.0136550278793077,-0.024994616059235142,0.0
352,2023-05-30,0.0005888603336881164,0.000220238095238,0.8750743761565344,1.0136550278793077,-0.02442047406350012,0.0
353,2023-05-31,-0.003175639432564421,0.0002190476190476,0.872295455461185,1.0136550278793077,-0.027518562875666563,0.0
354,2023-06-01,0.0075152273247438344,0.0002182539682539,0.8788509541033168,1.0136550278793077,-0.02021014380658348,0.0
355,2023-06-02,0.00771022666349631,0.0002182539682539,0.8856270941628833,1.0136550278793077,-0.012655741932737996,0.0
356,2023-06-05,-0.0032904428830491583,0.0002166666666666,0.8827129887938596,1.0136550278793077,-0.01590454181981482,0.0
357,2023-06-06,0.0070820794501580105,0.000215873015873,0.8889644323121842,1.0136550278793077,-0.008935099598442964,0.0
358,2023-06-07,-0.0007609900112582862,0.0002150793650793,0.8882879392588308,1.0136550278793077,-0.009689290088157332,0.0
359,2023-06-08,0.005614739914037266,0.000213492063492,0.8932754450065451,1.0136550278793077,-0.0041289530179168255,0.0
360,2023-06-09,-0.002731860708121881,0.0002130952380952,0.8908351409168016,1.0136550278793077,-0.0068495340015234385,0.0
361,2023-06-12,0.0038048259837662798,0.0002142857142857,0.8942246136082138,1.0136550278793077,-0.0030707693027028915,0.0
362,2023-06-13,0.0026133380543717443,0.0002126984126984,0.8965615248201121,1.0136550278793077,-0.0004654562066060963,0.0
363,2023-06-14,-0.0009649016202472623,0.0002126984126984,0.8956964311521618,1.0136550278793077,-0.0014299087074054473,0.0
364,2023-06-15,0.009309502198151156,0.0002115079365079,0.904034919046849,1.0216287239284354,0.0,0.0
365,2023-06-16,-0.002651437177850586,0.0002119047619047,0.901637927252413,1.0216287239284354,-0.0026514371778506574,0.0
366,2023-06-20,-0.0057454748609452174,0.0002138888888888,0.8964575892077095,1.0216287239284354,-0.008381678273145177,0.0
367,2023-06-21,-0.001408864760265477,0.0002142857142857,0.8951946017012021,1.0216287239284354,-0.009778734382259624,0.0
368,2023-06-22,-0.005192409642603614,0.0002142857142857,0.8905463846193221,1.0216287239284354,-0.014920368830164343,0.0
369,2023-06-23,-0.005300715885455256,0.0002146825396825,0.8858258512516357,1.0216287239284354,-0.0201419960795447,0.0
370,2023-06-26,0.0014721680966969437,0.0002182539682539,0.8871299358090777,1.0216287239284354,-0.018699480386879852,0.0
371,2023-06-27,0.004935828254514435,0.000215873015873,0.8915086568116698,1.0216287239284354,-0.013855949556003555,0.0
372,2023-06-28,0.0010978402775387599,0.000215873015873,0.8924873909228922,1.0216287239284354,-0.012773320897971008,0.0
373,2023-06-29,0.0004250749676289058,0.0002166666666666,0.8928667649716979,1.0216287239284354,-0.012353675549309218,0.0
374,2023-06-30,0.007216750337599682,0.0002154761904761,0.899310361499239,1.0216287239284354,-0.0052260786039005636,0.0
375,2023-07-03,0.0005318295972842045,0.000215873015873,0.8997886413666287,1.0005318295972843,0.0,0.0
376,2023-07-05,-0.006385580167825884,0.000215873015873,0.894042968863083,1.0005318295972843,-0.006385580167825866,0.0
377,2023-07-06,-0.010086729696425049,0.0002166666666666,0.8850249990991716,1.0005318295972843,-0.016407900243143314,0.0
378,2023-07-07,0.0033619169020226223,0.0002166666666666,0.8880003796023558,1.0005318295972843,-0.013101145338274667,0.0
379,2023-07-10,0.005741030831916631,0.0002174603174603,0.8930984171604065,1.0005318295972843,-0.0074353285856785245,0.0
380,2023-07-11,0.006948188926800821,0.0002178571428571,0.8993038336930638,1.0005318295972843,-0.0005388017266239054,0.0
381,2023-07-12,0.009770520257772263,0.0002170634920634,0.9080905000180541,1.0097631906566469,0.0,0.0
382,2023-07-13,0.006906070244311498,0.0002170634920634,0.9143618367993708,1.0167366861814418,0.0,0.0
383,2023-07-14,-0.0061206116845916704,0.0002178571428571,0.9087653830571119,1.0167366861814418,-0.00612061168459177,0.0
384,2023-07-17,0.0021884419180428724,0.0002178571428571,0.9107541633150603,1.0167366861814418,-0.0039455643697234866,0.0
385,2023-07-18,0.006694222541746692,0.0002178571428571,0.9168509543651138,1.019504493239278,0.0,0.0
386,2023-07-19,0.00348494190061236,0.0002178571428571,0.9200461266725972,1.0230574071656302,0.0,0.0
387,2023-07-20,-0.0046136421853290345,0.0002178571428571,0.9158013630501319,1.0230574071656302,-0.004613642185329003,0.0
388,2023-07-21,0.00041450386640248956,0.0002182539682539,0.9161809662559729,1.0230574071656302,-0.004201050691450492,0.0
389,2023-07-24,-0.00016105245674400163,0.0002186507936507,0.9160334130605352,1.0230574071656302,-0.004361426558659787,0.0
390,2023-07-25,0.0007653126733970138,0.0002186507936507,0.9167344650408056,1.0230574071656302,-0.0035994517402822,0.0
391,2023-07-26,0.0036395445023150418,0.0002186507936507,0.9200709609231275,1.0230850219375638,0.0,0.0
392,2023-07-27,-0.00901912726189327,0.0002186507936507,0.9117727238365894,1.0230850219375638,-0.009019127261893245,0.0
393,2023-07-28,0.006935658660963048,0.0002190476190476,0.9180964682254964,1.0230850219375638,-0.0021460221890385878,0.0
394,2023-07-31,0.0031856404571379035,0.000220238095238,0.9210211934782311,1.0241416455413654,0.0,0.0
395,2023-08-01,-0.007184512966391826,0.0002198412698412,0.9144041047713651,1.0241416455413654,-0.007184512966391776,0.0
396,2023-08-02,-0.00907536821904952,0.0002194444444444,0.9061055508195547,1.0241416455413654,-0.01619467908479688,0.0
397,2023-08-03,-0.004099084986062991,0.0002198412698412,0.9023913471604018,1.0241416455413654,-0.020227380704969322,0.0
398,2023-08-04,0.0026840692477601903,0.0002198412698412,0.9048134280247598,1.0241416455413654,-0.017597603147722074,0.0
399,2023-08-07,0.0030260104074833543,0.0002206349206349,0.9075514028747934,1.0241416455413654,-0.014624843270510501,0.0
400,2023-08-08,-0.0026965593102555607,0.0002210317460317,0.9051041366898359,1.0241416455413654,-0.017281965823483958,0.0
401,2023-08-09,-0.0026031921189183698,0.000220238095238,0.9027479767344045,1.0241416455413654,-0.019840169665171103,0.0
402,2023-08-10,-0.002720181485857268,0.0002198412698412,0.9002923384016965,1.0241416455413654,-0.02250638228882884,0.0
403,2023-08-11,-0.001484445361378694,0.0002198412698412,0.8989559036160714,1.0241416455413654,-0.02395741815541752,0.0
404,2023-08-14,-0.0009528468031178283,0.0002206349206349,0.8980993363571669,1.0241416455413654,-0.02488743720923492,0.0
405,2023-08-15,-0.008581401789558652,0.0002206349206349,0.89039238510495,1.0241416455413654,-0.03325526990058869,0.0
406,2023-08-16,-0.006892761846166117,0.0002206349206349,0.8842551224447817,1.0241416455413654,-0.03991881109120021,0.0
407,2023-08-17,-0.005454844635940038,0.0002206349206349,0.8794316481333112,1.0241416455413654,-0.04515590481458631,0.0
408,2023-08-18,0.00251725185490451,0.000220238095238,0.8816453990808366,1.0241416455413654,-0.04275232174483612,0.0
409,2023-08-21,-0.00025879116921943916,0.0002210317460317,0.8814172370371716,1.0241416455413654,-0.04300004899072429,0.0
410,2023-08-22,-0.0008480022632247712,0.0002210317460317,0.8806697932253187,1.0241416455413654,-0.04381158711508615,0.0
411,2023-08-23,0.010219509585605201,0.0002210317460317,0.8896698066189378,1.0241416455413654,-0.034039810463964204,0.0
412,2023-08-24,-0.007725202781037354,0.0002214285714285,0.8827969269546402,1.0241416455413654,-0.04150204880653929,0.0
413,2023-08-25,0.0027856918883670655,0.000222619047619,0.8852561271931331,1.0241416455413654,-0.03883196883888329,0.0
414,2023-08-28,0.005856683046970167,0.0002214285714285,0.8904407917454916,1.0241416455413654,-0.03320271232549232,0.0
415,2023-08-29,0.010454077578338458,0.0002206349206349,0.8997495288613161,1.0241416455413654,-0.023095738477615813,0.0
416,2023-08-30,0.0010258113479022263,0.0002206349206349,0.9006725021382918,1.0241416455413654,-0.022093619000332132,0.0
417,2023-08-31,-0.0011344526003744958,0.0002206349206349,0.8996507318761552,1.0241416455413654,-0.023203007437179957,0.0
418,2023-09-01,0.001148353167350659,0.0002194444444444,0.9006838486436145,1.0241416455413654,-0.022081299516911956,0.0
419,2023-09-05,-0.009672339841803865,0.000220238095238,0.8919721283695097,1.0241416455413654,-0.031540061525639596,0.0
420,2023-09-06,-0.0027791706939769003,0.000220238095238,0.8894931855705009,1.0241416455413654,-0.034231577004938285,0.0
421,2023-09-07,-0.0010332408477054522,0.0002194444444444,0.8885741248774139,1.0241416455413654,-0.03522944838900077,0.0
422,2023-09-08,0.0004891494116883231,0.000220238095238,0.8890087703878392,1.0241416455413654,-0.03475753144126603,0.0
423,2023-09-11,0.0025219194727863392,0.000220238095238,0.8912507789173582,1.0241416455413654,-0.03232326766384741,0.0
424,2023-09-12,-0.0020067934004952036,0.0002206349206349,0.8894622227360406,1.0241416455413654,-0.0342651949441124,0.0
425,2023-09-13,-0.001343410464578189,0.000220238095238,0.88826730987817,1.0241416455413654,-0.03556257318723188,0.0
426,2023-09-14,0.006137814356336806,0.000220238095238,0.893719329725005,1.0241416455413654,-0.02964303530315182,0.0
427,2023-09-15,-0.0038446234614078383,0.0002206349206349,0.8902833154220307,1.0241416455413654,-0.03337369245556576,0.0
428,2023-09-18,-0.00024660031395993414,0.000220238095238,0.8900637712769343,1.0241416455413654,-0.03361206280648821,0.0
429,2023-09-19,-0.0016971595922604763,0.0002198412698412,0.8885531910097881,1.0241416455413654,-0.03525217736394093,0.0
430,2023-09-20,-0.0030740641226340367,0.0002206349206349,0.885821721524253,1.0241416455413654,-0.03821787403289578,0.0
431,2023-09-21,-0.01191465187422006,0.0002210317460317,0.8752674640896693,1.0241416455413654,-0.04967717324264098,0.0
432,2023-09-22,0.0011298763586717773,0.0002206349206349,0.8762564081048588,1.0241416455413654,-0.04860342594758171,0.0
433,2023-09-25,-0.002564999428724839,0.0002214285714285,0.8740088109186535,1.0241416455413654,-0.051043757616516916,0.0
434,2023-09-26,-0.00911368623463845,0.0002214285714285,0.8660433688496314,1.0241416455413654,-0.059692247060001535,0.0
435,2023-09-27,-0.0017750329769065402,0.0002214285714285,0.8645061133104921,1.0241416455413654,-0.061361324329910816,0.0
436,2023-09-28,0.0037788845353758337,0.0002206349206349,0.8677729820928191,1.0241416455413654,-0.05781431715411545,0.0
437,2023-09-29,-0.003819458475138203,0.000220238095238,0.8644585592218686,1.0241416455413654,-0.06141295624561505,0.0
438,2023-10-02,-0.010060189523893873,0.0002230158730158,0.8557619422805444,0.9899398104761061,0.0,0.0
439,2023-10-03,-0.010275994915521692,0.0002230158730158,0.8469681369127725,0.9899398104761061,-0.010275994915521669,0.0
440,2023-10-04,0.0035889329134632768,0.000222619047619,0.8500078487359934,0.9899398104761061,-0.006723941858429283,0.0
441,2023-10-05,0.0008010039593278793,0.000222619047619,0.8506887083882907,0.9899398104761061,-0.0059283238031523355,0.0
442,2023-10-06,0.004885446428256686,0.0002234126984126,0.8548447025002445,0.9899398104761061,-0.001071839883245329,0.0
443,2023-10-09,0.008650176281408323,0.0002234126984126,0.8622392598700998,0.9974327290439851,0.0,0.0
444,2023-10-10,0.004901704368247823,0.000222619047619,0.8664657018166797,1.0023218494089732,0.0,0.0
445,2023-10-11,0.003790221440385236,0.000222619047619,0.8697497986970638,1.0061208711727698,0.0,0.0
446,2023-10-12,-0.010282805917300344,0.0002234126984126,0.8608063303204508,1.0061208711727698,-0.010282805917300353,0.0
447,2023-10-13,0.002788638271775157,0.0002230158730158,0.8632068077977688,1.0061208711727698,-0.007522842671647378,0.0
448,2023-10-16,0.0037818038296768587,0.000222619047619,0.8664712866093015,1.0061208711727698,-0.003769488757196293,0.0
449,2023-10-17,0.00024012734255273704,0.0002230158730158,0.8666793500567532,1.0061208711727698,-0.003530266571961649,0.0
450,2023-10-18,-0.008478276188898173,0.000222619047619,0.8593314031597573,1.0061208711727698,-0.011978612185842286,0.0
451,2023-10-19,-0.006233970488326502,0.0002222222222222,0.8539743565527672,1.0061208711727698,-0.01813790835931106,0.0
452,2023-10-20,-0.004273469150976708,0.0002214285714285,0.8503249234843138,1.0061208711727698,-0.022333865718450974,0.0
453,2023-10-23,-0.0017421438282819376,0.0002214285714285,0.8488435351668312,1.0061208711727698,-0.024037100740409878,0.0
454,2023-10-24,0.005634502501303261,0.0002214285714285,0.8536263461889437,1.0061208711727698,-0.01853803534335252,0.0
455,2023-10-25,-0.007645599478381354,0.0002218253968253,0.8470998610417889,1.0061208711727698,-0.026041900428382614,0.0
456,2023-10-26,0.00022015092153400623,0.0002218253968253,0.8472863508568286,1.0061208711727698,-0.025827482655226386,0.0
457,2023-10-27,-0.00319021579021218,0.0002218253968253,0.8445833245614939,1.0061208711727698,-0.028935303202450413,0.0
458,2023-10-30,0.003482999508293434,0.0002222222222222,0.8475250078656544,1.0061208711727698,-0.02555308534098344,0.0
459,2023-10-31,0.0029611452156433748,0.0002218253968253,0.8500346524878338,1.0061208711727698,-0.02266760652174249,0.0
460,2023-11-01,0.007712632143013709,0.0002210317460317,0.8565906570712869,1.0061208711727698,-0.015129801289393563,0.0
461,2023-11-02,0.014713432095124183,0.0002198412698412,0.869194045537423,1.0061208711727698,-0.0006389804981536962,0.0
462,2023-11-03,0.01104208203432299,0.0002194444444444,0.8787917574919921,1.016580549891282,0.0,0.0
463,2023-11-06,-0.0056445867492139696,0.0002206349206349,0.8738313411823344,1.016580549891282,-0.005644586749213865,0.0
464,2023-11-07,-0.0001985554262028904,0.000220238095238,0.8736578372279565,1.016580549891282,-0.005842021412089005,0.0
465,2023-11-08,-0.0029583693032187207,0.0002198412698412,0.8710732347007849,1.016580549891282,-0.008783107858493344,0.0
466,2023-11-09,-0.00682320565009906,0.0002198412698412,0.8651297228841244,1.016580549891282,-0.015546384557426851,0.0
467,2023-11-10,0.005198744769425616,0.0002194444444444,0.8696273115058429,1.016580549891282,-0.010428461473402484,0.0
468,2023-11-13,0.0007715233205068254,0.000220238095238,0.8702982492568193,1.016580549891282,-0.009664983954119521,0.0
469,2023-11-14,0.022855607311371325,0.0002190476190476,0.8901894442856071,1.0297653193310974,0.0,0.0
470,2023-11-15,-0.0011124164280225998,0.0002194444444444,0.8891991829237315,1.0297653193310974,-0.0011124164280227333,0.0
471,2023-11-16,0.0003192120852652221,0.0002186507936507,0.8894830260491288,1.0297653193310974,-0.0007935594395250822,0.0
472,2023-11-17,0.005749316213484538,0.0002182539682539,0.8945969452324123,1.034863887561797,0.0,0.0
473,2023-11-20,0.0033049318820278445,0.0002198412698412,0.8975535271982755,1.0382840422173591,0.0,0.0
474,2023-11-21,-0.0015369194780644176,0.0002194444444444,0.8961740596997191,1.0382840422173591,-0.0015369194780644468,0.0
475,2023-11-22,0.0028002126668904477,0.0002198412698412,0.8986835376534289,1.0395912309114828,0.0,0.0
476,2023-11-24,0.0022587059241795807,0.0002198412698412,0.9007133994838894,1.0419393617834678,0.0,0.0
477,2023-11-27,0.0012317029098056736,0.0002178571428571,0.9018228107989347,1.0432227215272176,0.0,0.0
478,2023-11-28,0.002393270582781898,0.0002170634920634,0.9039811168029014,1.0457194357779382,0.0,0.0
479,2023-11-29,0.0040657955889714945,0.0002162698412698,0.9076565192401123,1.0499711172472261,0.0,0.0
480,2023-11-30,0.0005229762295133662,0.0002162698412698,0.9081312020242377,1.0505202271832221,0.0,0.0
481,2023-12-01,0.013800747463061652,0.0002154761904761,0.9206640914067009,1.065018191543416,0.0,0.0
482,2023-12-04,-0.004443185609593564,0.0002166666666666,0.9165734099644931,1.065018191543416,-0.0044431856095935585,0.0
483,2023-12-05,-0.0017795909895457495,0.0002162698412698,0.914942284182863,1.065018191543416,-0.0062148695460636505,0.0
484,2023-12-06,0.0010835481808052628,0.0002162698412698,0.9159336682304313,1.065018191543416,-0.0051380554758487795,0.0
485,2023-12-07,0.003663193652605338,0.000215873015873,0.9192889106301004,1.065018191543416,-0.0014936835154493178,0.0
486,2023-12-08,-0.0008157721864831452,0.000215873015873,0.9185389803054661,1.065018191543416,-0.0023082371964650017,0.0
487,2023-12-11,0.0014408316299861284,0.0002170634920634,0.9198624403216654,1.065018191543416,-0.0008707313476411516,0.0
488,2023-12-12,0.0015370475372534296,0.0002166666666666,0.9212763126201737,1.065726405033747,0.0,0.0
489,2023-12-13,0.01861114674245669,0.000215873015873,0.9384223212646973,1.085560795545141,0.0,0.0
490,2023-12-14,0.010926810712772246,0.0002154761904761,0.9486762843377969,1.0974225128752693,0.0,0.0
491,2023-12-15,-0.005931136233080345,0.000215873015873,0.943049556054297,1.0974225128752693,-0.005931136233080392,0.0
492,2023-12-18,0.0008013289341063116,0.0002166666666666,0.9438052489498593,1.0974225128752693,-0.005134560090049756,0.0
493,2023-12-19,0.007249958214980901,0.0002154761904761,0.9506477975678255,1.0997031464683975,0.0,0.0
494,2023-12-20,-0.008354255603996932,0.000215873015873,0.9427058428775671,1.0997031464683975,-0.008354255603997052,0.0
495,2023-12-21,0.00853670005723214,0.0002150793650793,0.950753439900413,1.0998253528268869,0.0,0.0
496,2023-12-22,0.002866498441905798,0.000215873015873,0.9534787731545241,1.1029780004871337,0.0,0.0
497,2023-12-26,0.0059799884559803935,0.0002162698412698,0.9591805652110105,1.109573796197247,0.0,0.0
498,2023-12-27,0.00463586315951901,0.000215873015873,0.9636271950565988,1.1147176284818052,0.0,0.0
499,2023-12-28,-0.0022890604384753484,0.0002162698412698,0.9614213941669558,1.1147176284818052,-0.00228906043847521,0.0
500,2023-12-29,-0.0038195369638690524,0.0002142857142857,0.9577492096140806,1.1147176284818052,-0.006099854251387038,0.0
501,2024-01-02,-0.004425328576630645,0.0002166666666666,0.9535108546675299,0.9955746714233693,0.0,0.0
502,2024-01-03,-0.00862910863207386,0.0002174603174603,0.9452829059207422,0.9955746714233693,-0.00862910863207389,0.0
503,2024-01-04,-0.0021625422783870946,0.0002174603174603,0.943238691671652,0.9955746714233693,-0.010772990098219304,0.0
504,2024-01-05,-0.0006138447369860875,0.0002170634920634,0.9426596895650476,0.9955746714233693,-0.011380221891931996,0.0
505,2024-01-08,0.007605145376459427,0.0002178571428571,0.949828753544718,0.9955746714233693,-0.003861624757377058,0.0
506,2024-01-09,-0.0036571797686276875,0.0002170634920634,0.9463550590435934,0.9955746714233693,-0.007504681870068031,0.0
507,2024-01-10,0.0005456122147862033,0.0002166666666666,0.9468714019233323,0.9955746714233693,-0.006963164301378222,0.0
508,2024-01-11,1.2902596980997588e-06,0.0002166666666666,0.9468726236333416,0.9955746714233693,-0.006961883025970339,0.0
509,2024-01-12,0.0025002405219571146,0.0002162698412698,0.9492400329360816,0.9955746714233693,-0.004479048886063763,0.0
510,2024-01-16,-0.009475374574859226,0.0002162698412698,0.9402456280625605,0.9955746714233693,-0.013911982794988509,0.0
511,2024-01-17,-0.00634816793658189,0.0002170634920634,0.9342767909139825,0.9955746714233693,-0.020171835128456883,0.0
512,2024-01-18,0.004202320155012937,0.0002162698412698,0.9382029211028012,0.9955746714233693,-0.016054283482767828,0.0
513,2024-01-19,0.005379563557573484,0.0002162698412698,0.9432500433467749,0.9955746714233693,-0.010761084963561096,0.0
514,2024-01-22,0.004673847671435311,0.0002166666666666,0.9476586503654525,0.9955746714233693,-0.00613753296402475,0.0
515,2024-01-23,-0.00022322657183294247,0.0002162698412698,0.9474471077736636,0.9955746714233693,-0.00635938947541459,0.0
516,2024-01-24,-0.0026341639361847314,0.000215873015873,0.9449513767709237,0.9955746714233693,-0.008976801737187068,0.0
517,2024-01-25,0.006238934752338202,0.000215873015873,0.9508468667547296,0.9955746714233693,-0.002793872665171948,0.0
518,2024-01-26,-0.001169435825455282,0.000215873015873,0.9497349123642248,0.9955746714233693,-0.003960041235840817,0.0
519,2024-01-29,0.006927526732063895,0.0002150793650793,0.9563142263580023,0.9985017129310327,0.0,0.0
520,2024-01-30,0.00027100922332029125,0.0002150793650793,0.9565733963337377,0.9987723161047382,0.0,0.0
521,2024-01-31,-0.006658117026500228,0.0002150793650793,0.950204418716511,0.9987723161047382,-0.00665811702650021,0.0
522,2024-02-01,0.009749408282437779,0.0002150793650793,0.9594683495463547,1.0017949792231797,0.0,0.0
523,2024-02-02,-0.006266195767826797,0.0002154761904761,0.9534561330350636,1.0017949792231797,-0.006266195767826832,0.0
524,2024-02-05,-0.007913991076214811,0.0002150793650793,0.9459104897066618,1.0017949792231797,-0.014130596226653247,0.0
525,2024-02-06,0.005529905720173557,0.000215873015873,0.951141285534463,1.0017949792231797,-0.008678831371382922,0.0
526,2024-02-07,-0.00015675795524522235,0.0002154761904761,0.9509921865713933,1.0017949792231797,-0.008834228850768344,0.0
527,2024-02-08,0.0007631896593790616,0.000215873015873,0.951717973974335,1.0017949792231797,-0.008077781383496685,0.0
528,2024-02-09,0.0031436346670332222,0.000215873015873,0.9547098275905593,1.0017949792231797,-0.004959540310053301,0.0
529,2024-02-12,0.0039975076260122845,0.0002154761904761,0.9585262874069815,1.0017949792231797,-0.0009818584842519185,0.0
530,2024-02-13,-0.017337513157650326,0.0002162698412698,0.9419078252871093,1.0017949792231797,-0.018302348657512568,0.0
531,2024-02-14,0.00859096688473024,0.0002154761904761,0.949999724222619,1.0017949792231797,-0.009868616644011952,0.0
532,2024-02-15,0.010010174713895849,0.0002154761904761,0.9595093874402403,1.0018378274902142,0.0,0.0
533,2024-02-16,-0.0034077948840712576,0.000215873015873,0.9562395762585031,1.0018378274902142,-0.00340779488407128,0.0
534,2024-02-20,-0.0006170477793853805,0.000215873015873,0.9556495307514123,1.0018378274902142,-0.004022739891190952,0.0
535,2024-02-21,-0.0008457066874631008,0.000215873015873,0.9548413315523849,1.0018378274902142,-0.004865044520626083,0.0
536,2024-02-22,0.005913111336804393,0.0002162698412698,0.9604874146548369,1.002859000052696,0.0,0.0
537,2024-02-23,0.0029527626911469273,0.0002166666666666,0.9633235060581459,1.0058202046925326,0.0,0.0
538,2024-02-26,-0.0013437069508125295,0.0002170634920634,0.9620290815671745,1.0058202046925326,-0.0013437069508125399,0.0
539,2024-02-27,0.0026731406069594064,0.0002162698412698,0.9646007205701875,1.0071537631013734,0.0,0.0
540,2024-02-28,-0.0019106596668150956,0.0002162698412698,0.9627576968788133,1.0071537631013734,-0.0019106596668151399,0.0
541,2024-02-29,0.0034683561217539096,0.0002162698412698,0.9660968834305486,1.0087159286926808,0.0,0.0
542,2024-03-01,0.009596157501440085,0.0002150793650793,0.9753677012855985,1.0183957256186271,0.0,0.0
543,2024-03-04,0.0018058582068423942,0.0002174603174603,0.977129077053654,1.0202348038975486,0.0,0.0
544,2024-03-05,-0.0010567752600719852,0.0002170634920634,0.9760964712191268,1.0202348038975486,-0.0010567752600719738,0.0
545,2024-03-06,0.00670060611640937,0.0002170634920634,0.9826369092043833,1.0259856122463737,0.0,0.0
546,2024-03-07,0.006234630066131026,0.0002170634920634,0.9887632868225991,1.032382252991903,0.0,0.0
547,2024-03-08,8.593668619565894e-05,0.0002166666666666,0.9888482578629004,1.0324709725016121,0.0,0.0
548,2024-03-11,-0.0011685743395161673,0.0002174603174603,0.9876927151630867,1.0324709725016121,-0.0011685743395160042,0.0
549,2024-03-12,-0.00021260970975759818,0.0002174603174603,0.9874827221015862,1.0324709725016121,-0.0013809355990225258,0.0
550,2024-03-13,0.0009425912930060182,0.0002174603174603,0.9884135147174331,1.0324709725016121,-0.0004396459638882355,0.0
551,2024-03-14,-0.008228983436911093,0.0002174603174603,0.9802798762760042,1.0324709725016121,-0.00866501156144428,0.0
552,2024-03-15,-0.0007253216120563968,0.0002174603174603,0.9795688580958772,1.0324709725016121,-0.009384048253346378,0.0
553,2024-03-18,-0.00019417500470120827,0.0002174603174603,0.9793786503082513,1.0324709725016121,-0.009576401110433896,0.0
554,2024-03-19,0.0028728193278217415,0.0002174603174603,0.9821922282241129,1.0324709725016121,-0.006731093052813164,0.0
555,2024-03-20,0.009192935982282076,0.0002170634920634,0.991221458500472,1.0349488661023054,0.0,0.0
556,2024-03-21,0.0030975037215515066,0.0002174603174603,0.994291770657059,1.0381546240666728,0.0,0.0
557,2024-03-22,-0.003591029708237754,0.0002166666666666,0.9907212393699731,1.0381546240666728,-0.0035910297082376585,0.0
558,2024-03-25,-0.0008204562375684582,0.0002166666666666,0.9899083959494405,1.0381546240666728,-0.0044085396630826335,0.0
559,2024-03-26,0.0003052285720279429,0.0002166666666666,0.9902105442755746,1.0381546240666728,-0.004104656703320719,0.0
560,2024-03-27,0.010394570561927528,0.0002162698412698,1.0005033576492117,1.0446402331695568,0.0,0.0
561,2024-03-28,0.0024852807293010027,0.0002166666666666,1.0029898893635782,1.0472364574101056,0.0,0.0
562,2024-04-01,-0.003818887765670725,0.000215873015873,0.9991595835459962,0.9961811122343293,0.0,0.0
563,2024-04-02,-0.004138799729527057,0.0002150793650793,0.9950242621318617,0.9961811122343293,-0.004138799729527021,0.0
564,2024-04-03,0.003171404851427369,0.0002150793650793,0.9981798869040746,0.9961811122343293,-0.0009805206876409844,0.0
565,2024-04-04,-0.006021429210845775,0.0002146825396825,0.9921694173753915,0.9961811122343293,-0.006996045762576508,0.0
566,2024-04-05,0.003823286134790013,0.0002154761904761,0.9959627649522056,0.9961811122343293,-0.003199507512548827,0.0
567,2024-04-08,0.002287387775211066,0.0002154761904761,0.9982409180053226,0.9961811122343293,-0.0009194382517088151,0.0
568,2024-04-09,0.0031697698425069256,0.0002154761904761,1.0014051119627723,0.9984199467834999,0.0,0.0
569,2024-04-10,-0.015070466937710733,0.0002162698412698,0.9863134693316827,0.9984199467834999,-0.015070466937710747,0.0
570,2024-04-11,0.004389655469919369,0.0002162698412698,0.9906430456473898,0.9984199467834999,-0.010746965625418659,0.0
571,2024-04-12,-0.010554785368261524,0.0002162698412698,0.9801870209240208,0.9984199467834999,-0.02118831907814378,0.0
572,2024-04-15,-0.00418407316893711,0.0002162698412698,0.9760858467092322,0.9984199467834999,-0.025283738769731112,0.0
573,2024-04-16,-0.0037502893047743936,0.0002162698412698,0.9724252423977768,0.9984199467834999,-0.02893920673941275,0.0
574,2024-04-17,-0.0021271355746325616,0.0002162698412698,0.9703567620710019,0.9984199467834999,-0.031004784697888255,0.0
575,2024-04-18,-0.0006912095685732057,0.0002166666666666,0.9696860421921287,0.9984199467834999,-0.031674563462606664,0.0
576,2024-04-19,0.0015843684657515164,0.0002162698412698,0.9712223821790573,0.9984199467834999,-0.0301403791763718,0.0
577,2024-04-22,0.0021382339654374472,0.0002150793650793,0.9732990828646256,0.9984199467834999,-0.028066592393420353,0.0
578,2024-04-23,0.0064431727659476044,0.0002162698412698,0.9795702170084607,0.9984199467834999,-0.021804257531215065,0.0
579,2024-04-24,-0.00162169352413823,0.0002166666666666,0.9779816543310994,0.9984199467834999,-0.023390591232116287,0.0
580,2024-04-25,-0.0026561609761215337,0.0002170634920634,0.9753839776255023,0.9984199467834999,-0.02598462303259863,0.0
581,2024-04-26,0.003881871948678264,0.0002166666666666,0.9791702933274369,0.9984199467834999,-0.022203620063167673,0.0
582,2024-04-29,0.0038958077790490634,0.0002162698412698,0.9829849525731955,0.9984199467834999,-0.018394313319883948,0.0
583,2024-04-30,-0.013432564498630242,0.0002166666666666,0.969780943796573,0.9984199467834999,-0.031579795018436774,0.0
584,2024-05-01,0.0011390042437457743,0.0002166666666666,0.9708855284070611,0.9984199467834999,-0.030476760295233607,0.0
585,2024-05-02,0.0076050333801454964,0.0002166666666666,0.9782691452588969,0.9984199467834999,-0.02310350369445202,0.0
586,2024-05-03,0.006639454451197369,0.0002162698412698,0.9847643186898551,0.9984199467834999,-0.016617443903697127,0.0
587,2024-05-06,0.007267473591669824,0.0002162698412698,0.9919210673699523,0.9984199467834999,-0.009470737146758501,0.0
588,2024-05-07,0.0009220006595194005,0.0002162698412698,0.9928356192482586,0.9984199467834999,-0.008557468513134436,0.0
589,2024-05-08,-0.0019061769185276542,0.0002162698412698,0.9909430989069554,0.9984199467834999,-0.01044733338270143,0.0
590,2024-05-09,0.007289602311888178,0.0002166666666666,0.9981666800116973,0.9984199467834999,-0.003233887976392791,0.0
591,2024-05-10,0.00020452702733770044,0.0002170634920634,0.9983708320755476,0.9984199467834999,-0.0030300223665495896,0.0
592,2024-05-13,-0.0008893813057588888,0.0002162698412698,0.9974828997212846,0.9984199467834999,-0.003916708827059745,0.0
593,2024-05-14,0.005658586659090298,0.000215873015873,1.0031272431503182,1.0001369443383197,0.0,0.0
594,2024-05-15,0.010187129019772444,0.0002162698412698,1.013346229799539,1.010325468427735,0.0,0.0
595,2024-05-16,-0.0032087182884907267,0.0002162698412698,1.010094687219408,1.010325468427735,-0.003208718288490564,0.0
596,2024-05-17,0.002759006064747699,0.0002166666666666,1.012881544587416,1.010325468427735,-0.0004585650969608501,0.0
597,2024-05-20,0.0004887493380888841,0.0002162698412698,1.0133765897718956,1.0103557378977253,0.0,0.0
598,2024-05-21,-3.319023303470165e-05,0.0002162698412698,1.013342955566729,1.0103557378977253,-3.3190233034607886e-05,0.0
599,2024-05-22,-0.006351124318854342,0.0002162698412698,1.0069070884782896,1.0103557378977253,-0.006384103756592707,0.0
600,2024-05-23,-0.010415177240310098,0.0002166666666666,0.9964199726872637,1.0103557378977253,-0.01673278942475731,0.0
601,2024-05-24,0.004957691934620192,0.0002166666666666,1.0013599159493498,1.0103557378977253,-0.011858053505311994,0.0
602,2024-05-28,-0.0018786695493415856,0.0002166666666666,0.9994786915673245,1.0103557378977253,-0.013714445690618637,0.0
603,2024-05-29,-0.00987659171261928,0.0002166666666666,0.9896072486052512,1.0103557378977253,-0.023455585422586744,0.0
604,2024-05-30,0.005466162571733608,0.0002166666666666,0.9950166027082935,1.0103557378977253,-0.01811763489398821,0.0
605,2024-05-31,0.006647260645033527,0.0002166666666666,1.0016307374126314,1.0103557378977253,-0.011590806890366512,0.0
606,2024-06-03,0.001674803936376864,0.0002190476190476,1.003308272514446,1.0103557378977253,-0.009935415282995463,0.0
607,2024-06-04,-0.00249155778256268,0.0002190476190476,1.000808471979753,1.0103557378977253,-0.012402218404286902,0.0
608,2024-06-05,0.007807127270057196,0.0002186507936507,1.0086219110934505,1.0103557378977253,-0.0046919168317428595,0.0
609,2024-06-06,0.000187981546242415,0.0002186507936507,1.0088115133998719,1.0103557378977253,-0.004504817279281204,0.0
610,2024-06-07,-0.01174320347704784,0.0002190476190476,0.9969648345280286,1.0103557378977253,-0.016195119770391453,0.0
611,2024-06-10,0.002298652689621577,0.0002190476190476,0.9992565104263746,1.0103557378977253,-0.013933694036388777,0.0
612,2024-06-11,-0.0013316340429028772,0.0002190476190476,0.9979258664394985,1.0103557378977253,-0.015246773497969546,0.0
613,2024-06-12,0.006643606779059476,0.0002186507936507,1.0045556934907747,1.0103557378977253,-0.008704460286680149,0.0
614,2024-06-13,-0.003805719371686845,0.0002186507936507,1.0007326364281186,1.0103557378977253,-0.012477052925233934,0.0
615,2024-06-14,-0.0027533912981280474,0.0002186507936507,0.9979772278952247,1.0103557378977253,-0.015196090014411356,0.0
616,2024-06-17,0.001945124747816796,0.0002190476190476,0.9999184180989613,1.0103557378977253,-0.013280523557351653,0.0
617,2024-06-18,0.003425043551047232,0.0002182539682539,1.0033431822284444,1.0103557378977253,-0.00990096637786908,0.0
618,2024-06-20,0.001248482828742334,0.0002182539682539,1.0045958389627923,1.0103557378977253,-0.008664844735637556,0.0
619,2024-06-21,-0.002856998247834113,0.0002178571428571,1.0017257104110942,1.0103557378977253,-0.01149708753724421,0.0
620,2024-06-24,0.003814202795648252,0.0002182539682539,1.005546495416217,1.0103557378977253,-0.007726736965022352,0.0
621,2024-06-25,-0.0018887283137351389,0.0002178571428571,1.0036472912795473,1.0103557378977253,-0.009600871571878833,0.0
622,2024-06-26,-0.005124833530905436,0.0002182539682539,0.9985037659879955,1.0103557378977253,-0.014676502234226785,0.0
623,2024-06-27,0.004127759447601866,0.0002178571428571,1.0026253493415185,1.0103557378977253,-0.010609323857379893,0.0
624,2024-06-28,-1.0490707700260091e-05,0.0002174603174603,1.0026148310920457,1.0103557378977253,-0.010619703265764668,1.0
625,2024-07-01,-0.0025956718846679235,0.0002170634920634,1.000012371963829,0.9974043281153321,0.0,0.0
626,2024-07-02,0.003213011591001206,0.0002170634920634,1.0032254233060933,1.0006089997824814,0.0,0.0
627,2024-07-03,0.005107700996502719,0.0002170634920634,1.0083495988004307,1.00571981136778,0.0,0.0
628,2024-07-05,0.004035217419126276,0.0002166666666666,1.0124185086660793,1.0097781094693719,0.0,0.0
629,2024-07-08,-0.00042707594169528107,0.0002166666666666,1.011986129078101,1.0097781094693719,-0.0004270759416952208,0.0
630,2024-07-09,-0.0011708207271514388,0.0002166666666666,1.0108012747425865,1.0097781094693719,-0.001597396639482107,0.0
631,2024-07-10,0.007176796104655191,0.0002166666666666,1.0180555893937395,1.0154004886252044,0.0,0.0
632,2024-07-11,0.010716645757029223,0.000215873015873,1.0289657305062356,1.026282175963315,0.0,0.0
633,2024-07-12,0.00629443508888977,0.0002154761904761,1.0354424885055993,1.0327420425028007,0.0,0.0
634,2024-07-15,0.0015046602767497352,0.0002154761904761,1.0370004776869124,1.034295968430284,0.0,0.0
635,2024-07-16,0.01385238082551288,0.0002154761904761,1.0513654032200703,1.048623430071273,0.0,0.0
636,2024-07-17,-0.0037689914804043844,0.0002154761904761,1.047402815972542,1.048623430071273,-0.003768991480404549,0.0
637,2024-07-18,-0.008031772340673269,0.0002154761904761,1.0389903150056703,1.048623430071273,-0.011770492139553279,0.0
638,2024-07-19,-0.007726807117720705,0.0002154761904761,1.0309622372444416,1.048623430071273,-0.019406350934830896,0.0
639,2024-07-22,0.005466381328521728,0.0002154761904761,1.0365978699685254,1.048623430071273,-0.014046052120714192,0.0
640,2024-07-23,-0.0005125340802542595,0.0002146825396825,1.0360665782326475,1.048623430071273,-0.014551387120563697,0.0
641,2024-07-24,-0.00927994175613839,0.0002142857142857,1.0264519407311667,1.048623430071273,-0.023696292851752232,0.0
642,2024-07-25,-0.0009620498296329869,0.0002138888888888,1.0254644428164599,1.048623430071273,-0.024635545666884195,0.0
643,2024-07-26,0.01062637909051821,0.000213492063492,1.0363614167296744,1.048623430071273,-0.014270953223724181,0.0
644,2024-07-29,-0.002196769774146159,0.0002146825396825,1.0340847692943114,1.048623430071273,-0.016436372999180104,0.0
645,2024-07-30,0.0029082075823033656,0.0002142857142857,1.0370921024611175,1.048623430071273,-0.01357596580145859,0.0
646,2024-07-31,0.00911669948677981,0.0002146825396825,1.0465469594993682,1.048623430071273,-0.004583034315133516,0.0
647,2024-08-01,-0.011423555595336643,0.0002130952380952,1.0345916721243966,1.048623430071273,-0.01595423536317586,0.0
648,2024-08-02,-0.010614353307372936,0.0002099206349206,1.0236101505876025,1.048623430071273,-0.026399244779655162,0.0
649,2024-08-05,-0.017530859724746377,0.0002123015873015,1.0056653846248247,1.048623430071273,-0.04346730304733004,0.0
650,2024-08-06,0.0008118189588664737,0.0002119047619047,1.0064818028503388,1.048623430071273,-0.04269077166916824,0.0
651,2024-08-07,-0.003543294621491507,0.0002119047619047,1.0029155412916702,1.048623430071273,-0.046082800309017125,0.0
652,2024-08-08,0.013712207760134248,0.0002119047619047,1.016667727559729,1.048623430071273,-0.03300248948088902,0.0
653,2024-08-09,0.0023748118810369054,0.0002115079365079,1.0190821221582045,1.048623430071273,-0.03070605230397505,0.0
654,2024-08-12,0.0007835887287976371,0.0002115079365079,1.0198806634228468,1.048623430071273,-0.02994652449166868,0.0
655,2024-08-13,0.00979901565722199,0.0002111111111111,1.0298744900122252,1.048623430071273,-0.020440955296819885,0.0
656,2024-08-14,4.556273005900187e-05,0.0002111111111111,1.0299214139056083,1.048623430071273,-0.020396323912489245,0.0
657,2024-08-15,0.008926141760992969,0.0002119047619047,1.0391146384488121,1.048623430071273,-0.011652242630142307,0.0
658,2024-08-16,0.0064547430673484755,0.0002115079365079,1.04582185645752,1.048623430071273,-0.005272711795129892,0.0
659,2024-08-19,0.0062281041133877045,0.0002107142857142,1.0523353438635938,1.0495908410983645,0.0,0.0
660,2024-08-20,-0.0016050606180444138,0.0002099206349206,1.0506462818461821,1.0495908410983645,-0.0016050606180444404,0.0
661,2024-08-21,0.00518959947226824,0.00020873015873009996,1.0560987152359915,1.0533443975546346,0.0,0.0
662,2024-08-22,-0.006456719035130858,0.0002095238095238,1.04927978255835,1.0533443975546346,-0.006456719035130898,0.0
663,2024-08-23,0.01410937248426521,0.0002083333333333,1.0640844618506744,1.0613093172496535,0.0,0.0
664,2024-08-26,-0.0006415052706439456,0.0002079365079365,1.0634018460599868,1.0613093172496535,-0.0006415052706439939,0.0
665,2024-08-27,-0.00010239207486850856,0.0002075396825396,1.0632929621385496,1.0613093172496535,-0.000743831660456884,0.0
666,2024-08-28,-0.0038214161427307636,0.000206746031746,1.0592296772485814,1.0613093172496535,-0.004562405312872997,0.0
667,2024-08-29,0.002820743689473371,0.00020714285714280002,1.0622174926763832,1.0613093172496535,-0.001754530999394599,0.0
668,2024-08-30,0.001996789346310599,0.000206746031746,1.0643385172492241,1.0615627100687814,0.0,0.0
669,2024-09-03,-0.010465157589655385,0.0002059523809523,1.053200046937471,1.0615627100687814,-0.010465157589655383,0.0
670,2024-09-04,0.00012597887612327414,0.00020555555555549997,1.053332727895717,1.0615627100687814,-0.010340497102323765,0.0
671,2024-09-05,-0.00016229910169136223,0.000204365079365,1.0531617729401974,1.0615627100687814,-0.010501117950624361,0.0
672,2024-09-06,-0.010188591841950827,0.0002035714285714,1.0424315374921644,1.0615627100687814,-0.020582718187892257,0.0
673,2024-09-09,0.0057504859734195555,0.0002027777777777,1.0484260254267634,1.0615627100687814,-0.014950592846706856,0.0
674,2024-09-10,0.0005428348639783757,0.00020079365079360003,1.0489951476256674,1.0615627100687814,-0.014415873685762692,0.0
675,2024-09-11,0.0018943030085622039,0.00020238095238089997,1.050982262289782,1.0615627100687814,-0.012548878710094469,0.0
676,2024-09-12,0.007491693089111206,0.00020079365079360003,1.0588558988409567,1.0615627100687814,-0.005151197968891741,0.0
677,2024-09-13,0.008635710215675467,0.0001972222222222,1.0679998715435057,1.065214515508657,0.0,0.0
678,2024-09-16,0.004593233269415164,0.0001968253968253,1.0729054440852106,1.0701072942603553,0.0,0.0
679,2024-09-17,-0.0008674502721355129,0.0001964285714285,1.0719747519657632,1.0701072942603553,-0.0008674502721355282,0.0
680,2024-09-18,-0.003421599408531356,0.0001920634920634,1.0683068837884766,1.0701072942603553,-0.004286081613328774,0.0
681,2024-09-19,0.01160670810400874,0.0001904761904761,1.0807064099541126,1.0778879151199183,0.0,0.0
682,2024-09-20,-0.0017963727492988028,0.000188492063492,1.0787650584092785,1.0778879151199183,-0.0017963727492986692,0.0
683,2024-09-23,0.0010888617693403952,0.0001873015873015,1.0799396844394806,1.0778879151199183,-0.0007094669815685961,0.0
684,2024-09-24,0.00399597700018604,0.0001861111111111,1.084255098580089,1.0814273487248562,0.0,0.0
685,2024-09-25,-0.005558185347863669,0.0001861111111111,1.0782286077778147,1.0814273487248562,-0.0055581853478635646,0.0
686,2024-09-26,0.006715564067988006,0.0001857142857142,1.085469521073284,1.0826386039901232,0.0,0.0
687,2024-09-27,0.00035933578921190103,0.0001857142857142,1.0858595691203046,1.0830276347873193,0.0,0.0
688,2024-09-30,-0.001592876763683073,0.0001876984126984,1.08412992864403,1.0830276347873193,-0.0015928767636831376,0.0
689,2024-10-01,-0.002117987231237173,0.0001869047619047,1.0818337552981598,0.9978820127687629,0.0,0.0
690,2024-10-02,-0.00016322507875158815,0.0001861111111111,1.0816571728982551,0.9978820127687629,-0.0001632250787515499,0.0
691,2024-10-03,-0.0036144755822304906,0.0001857142857142,1.0777475494584698,0.9978820127687629,-0.0037771106879205263,0.0
692,2024-10-04,0.002727054631358834,0.0001876984126984,1.0806866259046564,0.9978820127687629,-0.0010603564437562385,0.0
693,2024-10-07,-0.006206501294009118,0.0001892857142857,1.0739793429625608,0.9978820127687629,-0.007260276634125096,0.0
694,2024-10-08,0.003917518458114752,0.000188492063492,1.0781866768622508,0.9978820127687629,-0.0033712004437355114,0.0
695,2024-10-09,0.0015887509579690041,0.000188492063492,1.0798996469779851,0.9978820127687629,-0.0017878054837009438,0.0
696,2024-10-10,-0.0003642623796085012,0.000188492063492,1.0795062801628386,0.9978820127687629,-0.002151416633029646,0.0
697,2024-10-11,0.005009859822420287,0.0001876984126984,1.0849144553038765,1.0007236463445188,0.0,0.0
698,2024-10-14,0.003380928875681186,0.0001876984126984,1.0885824739134573,1.004107021817022,0.0,0.0
699,2024-10-15,-0.005171561785318125,0.0001876984126984,1.0829528023911994,1.004107021817022,-0.0051715617853180795,0.0
700,2024-10-16,0.003628716349739841,0.0001873015873015,1.086882530931233,1.004107021817022,-0.0015616115663821262,0.0
701,2024-10-17,-0.0009075556155660414,0.0001880952380952,1.085896124586826,1.004107021817022,-0.0024677499326017927,0.0
702,2024-10-18,0.004423530410093434,0.0001876984126984,1.0906996191161384,1.0060598737277973,0.0,0.0
703,2024-10-21,-0.0047375233420533635,0.0001876984126984,1.085532404211407,1.0060598737277973,-0.00473752334205324,0.0
704,2024-10-22,0.00029024458720897556,0.0001873015873015,1.0858474741159694,1.0060598737277973,-0.004448653795350976,0.0
705,2024-10-23,-0.007725655932620993,0.0001876984126984,1.077458590135644,1.0060598737277973,-0.012139940959385753,0.0
706,2024-10-24,0.003590619459042088,0.0001865079365079,1.081327333915697,1.0060598737277973,-0.008592911408584092,0.0
707,2024-10-25,-0.0008399647976712319,0.0001876984126984,1.0804190570204482,1.0060598737277973,-0.009425658463162567,0.0
708,2024-10-28,0.001680108509795142,0.0001865079365079,1.082234278272293,1.0060598737277973,-0.007761386082361876,0.0
709,2024-10-29,0.0029375104113167553,0.0001865079365079,1.0854133527322016,1.0060598737277973,-0.004846674823468344,0.0
710,2024-10-30,-0.0029127847181841717,0.0001853174603174,1.0822517773054503,1.0060598737277973,-0.007745342221292639,0.0
711,2024-10-31,-0.011203693239222145,0.0001841269841269,1.070126560384917,1.0060598737277973,-0.018862259022234595,0.0
712,2024-11-01,-0.0007458379362151446,0.0001829365079365,1.0693284193996304,1.0060598737277973,-0.019594028770108296,0.0
713,2024-11-04,0.0011839076570072452,0.0001845238095238,1.070594405503213,1.0060598737277973,-0.018433318633793605,0.0
714,2024-11-05,0.008473321389894949,0.0001841269841269,1.0796658959792653,1.0060598737277973,-0.010116188676965288,0.0
715,2024-11-06,0.0003169541805152538,0.0001841269841269,1.0800081005985558,1.0060598737277973,-0.009802440864742024,0.0
716,2024-11-07,0.011529041848964557,0.0001837301587301,1.0924595591875774,1.0076832401020106,0.0,0.0
717,2024-11-08,0.0006108011744677289,0.0001837301587301,1.0931268347693877,1.0082987342085563,0.0,0.0
718,2024-11-11,-0.004358948226381581,0.0001837301587301,1.0883619514917595,1.0082987342085563,-0.004358948226381609,0.0
719,2024-11-12,-0.007545003002341053,0.0001837301587301,1.0801502573001205,1.0082987342085563,-0.011871062951267497,0.0
720,2024-11-13,-0.0036689537343676686,0.0001825396825396,1.076187235979921,1.0082987342085563,-0.015496462304889214,0.0
721,2024-11-14,-0.003388706190704713,0.0001829365079365,1.0725403536309983,1.0082987342085563,-0.01883265553784741,0.0
722,2024-11-15,-0.006736619105927659,0.0001825396825396,1.0653150577928492,1.0082987342085563,-0.025442406216663493,0.0
723,2024-11-18,0.006168912813292798,0.0001837301587301,1.0718868935030614,1.0082987342085563,-0.019430445389081563,0.0
724,2024-11-19,0.0041465460962555895,0.0001833333333333,1.076331521916944,1.0082987342085563,-0.0153644685303026,0.0
725,2024-11-20,0.00043313968431771315,0.0001833333333333,1.0767977238125683,1.0082987342085563,-0.014937983807033706,0.0
726,2024-11-21,0.003729618971101734,0.0001837301587301,1.0808137690313389,1.0082987342085563,-0.011264077823728624,0.0
727,2024-11-22,0.004113553343396681,0.0001837301587301,1.0852597541245268,1.0082987342085563,-0.0071968598653240345,0.0
728,2024-11-25,-6.128431655978448e-05,0.0001833333333333,1.0851932447222055,1.0082987342085563,-0.007257703127245607,0.0
729,2024-11-26,0.0013574021735201934,0.0001829365079365,1.0866662883912808,1.0082987342085563,-0.005910152575725247,0.0
730,2024-11-27,-9.058554693720491e-06,0.0001825396825396,1.0866564447652736,1.0082987342085563,-0.005919157592978674,0.0
731,2024-11-29,0.0076117936246862875,0.000181746031746,1.094927849363762,1.0099599876679337,0.0,0.0
732,2024-12-02,6.89163785435157e-05,0.0001789682539682,1.0950033078259065,1.0100295904527576,0.0,0.0
733,2024-12-03,0.001165085450414456,0.0001781746031746,1.09627908024801,1.0112063612330822,0.0,0.0
734,2024-12-04,0.005133940864038764,0.0001773809523809,1.101907312216486,1.0163978348929925,0.0,0.0
735,2024-12-05,-0.0011439154532339824,0.0001769841269841,1.1006468234140099,1.0163978348929925,-0.0011439154532340012,0.0
736,2024-12-06,0.0030099888431844414,0.0001753968253968,1.1039597580727725,1.0182910082129595,0.0,0.0
737,2024-12-09,-0.004231475521114456,0.0001753968253968,1.099288379380192,1.0182910082129595,-0.0042314755211144695,0.0
738,2024-12-10,-0.001982805220560931,0.000175,1.0971087046426549,1.0182910082129595,-0.0062058905499216,0.0
739,2024-12-11,0.006637633137204532,0.0001738095238095,1.1043909097357063,1.0186887019317126,0.0,0.0
740,2024-12-12,-0.007662175048772663,0.000172619047619,1.0959288732630381,1.0186887019317126,-0.007662175048772646,0.0
741,2024-12-13,-0.000934735363448847,0.0001722222222222,1.0949044697893744,1.0186887019317126,-0.008589748306242484,0.0
742,2024-12-16,0.003790956670704773,0.0001734126984126,1.099055205192907,1.0186887019317126,-0.00483135499917875,0.0
743,2024-12-17,-0.0036555575298408234,0.0001738095238095,1.0950375456618533,1.0186887019317126,-0.00846925123287301,0.0
744,2024-12-18,-0.022956950124429235,0.0001730158730158,1.0698988233417168,1.0186887019317126,-0.031231773179157818,0.0
745,2024-12-19,-0.002321404890592859,0.000172619047619,1.0674151549807718,1.0186887019317126,-0.03348067647875075,0.0
746,2024-12-20,0.007401327720289657,0.0001722222222222,1.0753154443563882,1.0186887019317126,-0.026327150217377415,0.0
747,2024-12-23,0.002101671135950984,0.0001730158730158,1.0775754037878342,1.0186887019317126,-0.024280810093130212,0.0
748,2024-12-24,0.0063615992513603396,0.0001746031746031,1.0844305066698552,1.0186887019317126,-0.018073675625080665,0.0
749,2024-12-26,0.002116450290299105,0.000172619047619,1.0867256499305058,1.0186887019317126,-0.01599547737080509,0.0
750,2024-12-27,-0.006999468815015044,0.0001710317460317,1.0791191476333404,1.0186887019317126,-0.022882986340781897,0.0
751,2024-12-30,-0.005084167370293378,0.0001734126984126,1.073632725274284,1.0186887019317126,-0.027850812778586587,0.0
752,2024-12-31,-0.0019245780963266918,0.0001734126984126,1.0715664352477217,1.0186887019317126,-0.029721789810674748,1.0
753,2025-01-02,0.0018294958032053026,0.0001730158730158,1.073526861543863,1.0018294958032052,0.0,0.0
754,2025-01-03,0.005113535881100913,0.0001722222222222,1.0790163796696932,1.0069523868767403,0.0,0.0
755,2025-01-06,0.003413315423749786,0.000172619047619,1.0826994029208985,1.0103894329898484,0.0,0.0
756,2025-01-07,-0.006506510503946903,0.000172619047619,1.0756548078831767,1.0103894329898484,-0.006506510503946905,0.0
757,2025-01-08,0.0018963537258049365,0.000172619047619,1.077694629885786,1.0103894329898484,-0.004622495423578066,0.0
758,2025-01-10,-0.008499584442689563,0.0001730158730158,1.0685346733756385,1.0103894329898484,-0.013082790576079084,0.0
759,2025-01-13,-0.0028372052580102154,0.0001734126984126,1.065503021181971,1.0103894329898484,-0.015882877271877316,0.0
760,2025-01-14,0.0030410272068951433,0.0001730158730158,1.0687432448584144,1.0103894329898484,-0.012890150326889671,0.0
761,2025-01-15,0.01430422972546182,0.000172619047619,1.0840307937504048,1.0116319045583038,0.0,0.0
762,2025-01-16,0.0021912975533042544,0.0001722222222222,1.0864062277764566,1.0138486910756068,0.0,0.0
763,2025-01-17,0.0055745385597405816,0.0001722222222222,1.0924624411847388,1.0195004296977503,0.0,0.0
764,2025-01-21,0.010740303026437024,0.0001730158730158,1.104195818848064,1.030450173248287,0.0,0.0
765,2025-01-22,0.0032651767609460907,0.0001730158730158,1.1078012133753008,1.0338147752072901,0.0,0.0
766,2025-01-23,0.0026050678110380926,0.0001730158730158,1.1106871106572938,1.0365079328007583,0.0,0.0
767,2025-01-24,0.0005207543985610045,0.000172619047619,1.1112655058555936,1.0370476988659076,0.0,0.0
768,2025-01-27,-0.011879918665426314,0.0001714285714285,1.0980637620303353,1.0370476988659076,-0.01187991866542637,0.0
769,2025-01-28,0.0057276699488890935,0.0001710317460317,1.1043531088420806,1.0370476988659076,-0.006220292969672414,0.0
770,2025-01-29,-0.0015273242300723393,0.0001710317460317,1.1026664035803904,1.0370476988659076,-0.007738116795574124,0.0
771,2025-01-30,0.008334801851861248,0.0001706349206349,1.1118569095629374,1.0375996046441125,0.0,0.0
772,2025-01-31,-0.003233320272045333,0.0001710317460317,1.1082619200776338,1.0375996046441125,-0.00323332027204537,0.0
773,2025-02-03,-0.002369951648917858,0.0001722222222222,1.105635392912713,1.0375996046441125,-0.0055956091082529635,0.0
774,2025-02-04,0.0071263431487006024,0.0001718253968253,1.1135145301199574,1.0391465181181583,0.0,0.0
775,2025-02-05,0.007672719914041997,0.0001718253968253,1.122058215229784,1.0471195983013308,0.0,0.0
776,2025-02-06,0.002508504653000964,0.0001722222222222,1.1248729034836258,1.0497463026859182,0.0,0.0
777,2025-02-07,-0.005871350427062989,0.000172619047619,1.1182683804813656,1.0497463026859182,-0.0058713504270628825,0.0
778,2025-02-10,0.007768042498319616,0.000172619047619,1.1269551367854718,1.051689470401287,0.0,0.0
779,2025-02-11,-0.0016094100607225452,0.000172619047619,1.1251414038503462,1.051689470401287,-0.0016094100607226824,0.0
780,2025-02-12,-0.0014341670731111674,0.000172619047619,1.12352776309635,1.051689470401287,-0.003041268970917721,0.0
781,2025-02-13,0.010095597318142031,0.0001722222222222,1.1348704469683237,1.0590761427740754,0.0,0.0
782,2025-02-14,-5.061790049393284e-05,0.0001722222222222,1.1348130022089655,1.0590761427740754,-5.061790049398773e-05,0.0
783,2025-02-18,0.003770400739504815,0.0001722222222222,1.1390917019916937,1.0630154739107345,0.0,0.0
784,2025-02-19,-0.0009083937153400677,0.0001722222222222,1.1380569582484086,1.0630154739107345,-0.0009083937153400168,0.0
785,2025-02-20,-0.002459511324487218,0.0001718253968253,1.135257894271685,1.0630154739107345,-0.003365670835197343,0.0
786,2025-02-21,-0.008516668364828861,0.0001714285714285,1.1255892792776192,1.0630154739107345,-0.01185367489769762,0.0
787,2025-02-24,-0.0025060370788717243,0.0001710317460317,1.1227685108081689,1.0630154739107345,-0.01433000622775471,0.0
788,2025-02-25,-0.0015993488345240191,0.0001706349206349,1.1209728122989675,1.0630154739107345,-0.01590643638351974,0.0
789,2025-02-26,0.0022595653287353443,0.0001710317460317,1.1235057236000932,1.0630154739107345,-0.013682812686940271,0.0
790,2025-02-27,-0.013346908521214508,0.0001714285714285,1.1085103954841418,1.0630154739107345,-0.026847097958909494,0.0
791,2025-02-28,0.007581151218291534,0.0001714285714285,1.1169141804193552,1.0630154739107345,-0.01946947865001669,0.0
792,2025-03-03,-0.003676970983503802,0.000172619047619,1.1128073193868893,1.0630154739107345,-0.023074860925460516,0.0
793,2025-03-04,-0.00437845416911513,0.0001722222222222,1.107934943539898,1.0630154739107345,-0.027352282873554734,0.0
794,2025-03-05,0.007821213365579414,0.000172619047619,1.1166003391285049,1.0630154739107345,-0.019744997548365006,0.0
795,2025-03-06,-0.014941930000208563,0.0001722222222222,1.0999161750230375,1.0630154739107345,-0.03439189917735175,0.0
796,2025-03-07,0.0027181651457514147,0.0001722222222222,1.1029059288332335,1.0630154739107345,-0.03176721689324036,0.0
797,2025-03-10,-0.018343008257227435,0.0001718253968253,1.0826753162737004,1.0630154739107345,-0.049527518828686,0.0
798,2025-03-11,-0.001080824664036365,0.0001722222222222,1.0815051340887285,1.0630154739107345,-0.0505548129288238,0.0
799,2025-03-12,0.00541862481101639,0.000172619047619,1.0873654046415433,1.0630154739107345,-0.045410125681459745,0.0
800,2025-03-13,-0.00419783943854663,0.0001722222222222,1.0828008192618277,1.0630154739107345,-0.04941734070351134,0.0
801,2025-03-14,0.012283856864758354,0.0001718253968253,1.096101789538683,1.0630154739107345,-0.03774051937859202,0.0
802,2025-03-17,0.0066344510580464405,0.0001722222222222,1.1033738232160146,1.0630154739107345,-0.03135645594926806,0.0
803,2025-03-18,-0.00418662364229697,0.0001722222222222,1.098754412281447,1.0630154739107345,-0.035411801911748975,0.0
804,2025-03-19,0.008461854499633572,0.0001718253968253,1.108051912249003,1.0630154739107345,-0.027249596927462538,0.0
805,2025-03-20,-0.0025818562650264,0.0001718253968253,1.1051910814773884,1.0630154739107345,-0.029761098649942364,0.0
806,2025-03-21,-0.0013698797743463454,0.0001718253968253,1.1036771025680847,1.0630154739107345,-0.031090209297185867,0.0
807,2025-03-24,0.007761598835946846,0.0001718253968253,1.1122434014826381,1.0630154739107345,-0.023569920193529548,0.0
808,2025-03-25,0.0032601675405948775,0.0001718253968253,1.1158695013173925,1.0630154739107345,-0.020386594541684122,0.0
809,2025-03-26,-0.009829278676499428,0.0001718253968253,1.1049013090223374,1.0630154739107345,-0.030015487699168508,0.0
810,2025-03-27,-0.0006954495608131017,0.0001718253968253,1.104132905892236,1.0630154739107345,-0.03069006300224364,0.0
811,2025-03-28,-0.007635278471118574,0.0001718253968253,1.0957025436866235,1.0630154739107345,-0.03809101429604378,0.0
812,2025-03-31,0.0032100412952158503,0.0001714285714285,1.0992197940991306,1.0630154739107345,-0.035003246729695014,1.0
813,2025-04-01,0.0031109396930439335,0.0001714285714285,1.1026394005879732,1.003110939693044,0.0,0.0
814,2025-04-02,0.00399371793159088,0.0001714285714285,1.1070430313341801,1.0071170818402713,0.0,0.0
815,2025-04-03,-0.022049258705013657,0.0001710317460317,1.0826335531387103,1.0071170818402713,-0.02204925870501362,0.0
816,2025-04-04,-0.03736358399264996,0.0001698412698412,1.042182483442751,1.0071170818402713,-0.05858900336806305,0.0
817,2025-04-07,-0.013058837934926194,0.000170238095238,1.0285727912928533,1.0071170818402713,-0.070882737003237,0.0
818,2025-04-08,-0.009215860598512943,0.0001710317460317,1.019093607832875,1.0071170818402713,-0.07944535217868709,0.0
819,2025-04-09,0.05886228069805865,0.000172619047619,1.0790797818347309,1.0071170818402713,-0.025259406100726522,0.0
820,2025-04-10,-0.016943552248381837,0.0001722222222222,1.0607963371710416,1.0071170818402713,-0.04177497428207755,0.0
821,2025-04-11,0.013924292817673514,0.0001722222222222,1.0755671759897267,1.0071170818402713,-0.028432368438758515,0.0
822,2025-04-14,0.006070262192438431,0.0001718253968253,1.082096150753565,1.0071170818402713,-0.022534698177495427,0.0
823,2025-04-15,0.002084395003275208,0.0001718253968253,1.0843516665632589,1.0071170818402713,-0.02049727438650173,0.0
824,2025-04-16,-0.004326268365150998,0.0001718253968253,1.0796604702515074,1.0071170818402713,-0.02473486604190256,0.0
825,2025-04-17,0.0007252248539805306,0.0001722222222222,1.0804434668583942,1.0071170818402713,-0.024027579527535536,0.0
826,2025-04-21,-0.007899237154799055,0.0001722222222222,1.0719087876813265,1.0071170818402713,-0.03173701713339072,0.0
827,2025-04-22,0.011629136687628154,0.0001718253968253,1.0843741614899425,1.0071170818402713,-0.020476954556064242,0.0
828,2025-04-23,0.006307312346512009,0.0001718253968253,1.0912136480269465,1.0071170818402713,-0.014298796757842624,0.0
829,2025-04-24,0.01451805775862587,0.0001714285714285,1.1070559507960027,1.007128835141924,0.0,0.0
830,2025-04-25,0.0024725768501798234,0.0001714285714285,1.109793231711795,1.0096190385848447,0.0,0.0
831,2025-04-28,0.004102691603029377,0.0001714285714285,1.1143463710846377,1.0137611941367053,0.0,0.0
832,2025-04-29,0.0024469008945552442,0.0001710317460317,1.1170730662168893,1.0162417673095039,0.0,0.0
833,2025-04-30,-0.0009330308403729152,0.0001710317460317,1.116030802595159,1.0162417673095039,-0.0009330308403729948,0.0
834,2025-05-01,-0.0013580792506159654,0.0001710317460317,1.1145151443191064,1.0162417673095039,-0.002289842961164301,0.0
835,2025-05-02,0.010368384083243306,0.0001718253968253,1.1260708654019982,1.0244273906338028,0.0,0.0
836,2025-05-05,0.003707115134933448,0.0001718253968253,1.1302453397501375,1.028225060918262,0.0,0.0
837,2025-05-06,0.0009690978356109441,0.0001718253968253,1.1313406580625986,1.0292215115993189,0.0,0.0
838,2025-05-07,-0.001228445847639006,0.0001722222222222,1.1299508673289365,1.0292215115993189,-0.001228445847639037,0.0
839,2025-05-08,-0.001891521834819284,0.0001722222222222,1.1278135405911107,1.0292215115993189,-0.003117644050314783,0.0
840,2025-05-09,0.0015278975441005425,0.0001722222222222,1.1295367241299832,1.0292215115993189,-0.001594509946902134,0.0
841,2025-05-12,0.010027264513740948,0.0001753968253968,1.140862887640819,1.0378842282182676,0.0,0.0
842,2025-05-13,0.0050949159446181435,0.000175,1.146675488157683,1.0431721611212845,0.0,0.0
843,2025-05-14,-0.0024025624902131466,0.000175,1.1439205286413885,1.0431721611212845,-0.0024025624902132003,0.0
844,2025-05-15,0.006204860853483301,0.0001738095238095,1.1510183963490512,1.0471230617643426,0.0,0.0
845,2025-05-16,0.0012419042142697459,0.0001734126984126,1.152447850946179,1.0484234883076067,0.0,0.0
846,2025-05-19,0.003004369426599529,0.0001742063492063,1.1559102300353121,1.0515733397820068,0.0,0.0
847,2025-05-20,0.0006914262961802798,0.0001738095238095,1.1567094567643825,1.0523004252414943,0.0,0.0
848,2025-05-21,-0.008553045589601231,0.0001730158730158,1.1468160680467538,1.0523004252414943,-0.008553045589601238,0.0
849,2025-05-22,-0.0006135382260271179,0.0001734126984126,1.146112452550785,1.0523004252414943,-0.009161336195210201,0.0
850,2025-05-23,0.002320373835623494,0.0001730158730158,1.1487718618983662,1.0523004252414943,-0.006862220084393411,0.0
851,2025-05-27,0.00715521136641421,0.000172619047619,1.1569915673820381,1.0525570714729122,0.0,0.0
852,2025-05-28,-0.003426568463439564,0.000172619047619,1.1530270565647813,1.0525570714729122,-0.003426568463439472,0.0
853,2025-05-29,0.0036645287504450765,0.0001730158730158,1.157252357363604,1.0527943215506181,0.0,0.0
854,2025-05-30,-0.0011705984512747148,0.0001730158730158,1.15589767954634,1.0527943215506181,-0.0011705984512747625,0.0
855,2025-06-02,0.006850815837995364,0.0001761904761904,1.1638165216764782,1.0587659792191866,0.0,0.0
856,2025-06-03,0.0007594229858721137,0.0001757936507936,1.164700350694377,1.059570030440465,0.0,0.0
857,2025-06-04,0.004325885063916616,0.0001761904761904,1.169738710545384,1.0641536086093208,0.0,0.0
858,2025-06-05,-0.003499928400338471,0.0001761904761904,1.1656447088113708,1.0641536086093208,-0.0034999284003386366,0.0
859,2025-06-06,3.0146201919273503e-05,0.0001757936507936,1.1656798485721287,1.0641536086093208,-0.003469887707967634,0.0
860,2025-06-09,0.0016672212093184196,0.0001761904761904,1.1676232947389433,1.0641536086093208,-0.0018084515690297565,0.0
861,2025-06-10,0.00279501508148613,0.0001765873015873,1.1708868194572333,1.0651980848078142,0.0,0.0
862,2025-06-11,0.0023803958782997233,0.0001765873015873,1.1736739936162248,1.0677336779384634,0.0,0.0
863,2025-06-12,0.00455940680068985,0.0001769841269841,1.1790252508045114,1.0726019101309816,0.0,0.0
864,2025-06-13,-0.005891495640312483,0.0001765873015873,1.1720790286795784,1.0726019101309816,-0.00589149564031255,0.0
865,2025-06-16,0.0025367828342265724,0.0001757936507936,1.1750523386398897,1.0726019101309816,-0.003369658251094143,0.0
866,2025-06-17,-0.004158905562313827,0.0001753968253968,1.1701654069327103,1.0726019101309816,-0.007514549722964281,0.0
867,2025-06-18,-0.0006352825200976575,0.0001753968253968,1.169422021304063,1.0726019101309816,-0.008145058380976566,0.0
868,2025-06-20,-0.001189973513164604,0.0001742063492063,1.1680304400729997,1.0726019101309816,-0.009325339490404705,0.0
869,2025-06-23,0.007398998269673968,0.0001738095238095,1.1766726952780264,1.0726019101309816,-0.001995339391484219,0.0
870,2025-06-24,0.007227201397646279,0.0001738095238095,1.185176745825912,1.0781981476209026,0.0,0.0
871,2025-06-25,-0.0009010557337271206,0.0001738095238095,1.1841088355236054,1.0781981476209026,-0.0009010557337271186,0.0
872,2025-06-26,0.004857615971682741,0.0001742063492063,1.1898607815152553,1.0824593842857522,0.0,0.0
873,2025-06-27,-0.0025294985212587226,0.0001742063492063,1.1868510304279087,1.0824593842857522,-0.0025294985212587218,0.0
874,2025-06-30,0.006848806295967665,0.000175,1.1949795432374792,1.0871161069445894,0.0,1.0
875,2025-07-01,0.001100371143892792,0.0001746031746031,1.1962944642444,1.0011003711438928,0.0,0.0
876,2025-07-02,0.0009024522121270698,0.000175,1.1973740628300127,1.0020038163883929,0.0,0.0
877,2025-07-03,0.0024440458725529094,0.0001753968253968,1.2003004999661744,1.0044527596801192,0.0,0.0
878,2025-07-07,-0.005608769656739514,0.0001753968253968,1.1935682909429948,1.0044527596801192,-0.0056087696567395096,0.0
879,2025-07-08,-0.0020866271262617603,0.0001753968253968,1.1910777589700672,1.0044527596801192,-0.0076836933720905165,0.0
880,2025-07-09,0.003760839316907221,0.0001753968253968,1.1955572110354957,1.0044527596801192,-0.0039517511913160774,0.0
881,2025-07-10,0.0005637072880257116,0.0001753968253968,1.1962311553486082,1.0044527596801192,-0.0033902715342373213,0.0
882,2025-07-11,-0.0026561263339639077,0.000175,1.1930538142753786,1.0044527596801192,-0.006037392878699865,0.0
883,2025-07-14,0.0015150841544292663,0.0001753968253968,1.1948613912047688,1.0044527596801192,-0.004531455882555102,0.0
884,2025-07-15,-0.003236509253197403,0.0001753968253968,1.1909942112558463,1.0044527596801192,-0.007753299036858063,0.0
885,2025-07-16,0.003666223197626084,0.000175,1.1953606618613908,1.0044527596801192,-0.004115501164019042,0.0
886,2025-07-17,0.002883048206886649,0.000175,1.1988069442741531,1.0044527596801192,-0.001244318145383727,0.0
887,2025-07-18,0.00027928301137553286,0.0001746031746031,1.199141750687608,1.0044527596801192,-0.0009653826509268271,0.0
888,2025-07-21,0.004954399336497405,0.000175,1.2050827777815811,1.0084547343101202,0.0,0.0
889,2025-07-22,0.0028487384101050844,0.000175,1.2085157433780036,1.0113275580466017,0.0,0.0
890,2025-07-23,0.0014536869964960274,0.000175,1.210272546999213,1.0127977117669322,0.0,0.0
891,2025-07-24,-0.001995081612897439,0.0001753968253968,1.2078579544941004,1.0127977117669322,-0.001995081612897298,0.0
892,2025-07-25,0.00039238910147689003,0.0001753968253968,1.2083319047915762,1.0127977117669322,-0.0016034753597018447,0.0
893,2025-07-28,-0.003788048721253214,0.0001746031746031,1.2037546846647809,1.0127977117669322,-0.005385450038169148,0.0
894,2025-07-29,0.002369706625503391,0.0001746031746031,1.2066072301165116,1.0127977117669322,-0.003028505349302657,0.0
895,2025-07-30,-0.005363785212711699,0.000175,1.2001352480980616,1.0127977117669322,-0.008376046309805152,0.0
896,2025-07-31,-0.0017589950828319051,0.000175,1.1980242160979238,1.0127977117669322,-0.010120307968364606,0.0
897,2025-08-01,0.00015985572446916216,0.000172619047619,1.1982157271269196,1.0127977117669322,-0.009962070033057602,0.0
898,2025-08-04,0.008431682121934103,0.000172619047619,1.208318701251556,1.0127977117669322,-0.0016143849189187431,0.0
899,2025-08-05,-0.0019284233624687831,0.0001722222222222,1.2059885512387545,1.0127977117669322,-0.003539695063793924,0.0
900,2025-08-06,0.003498954077161077,0.0001714285714285,1.210208249797121,1.0127977117669322,-5.312621710829024e-05,0.0
901,2025-08-07,0.001462817954235597,0.0001714285714285,1.211978564153288,1.014225365624046,0.0,0.0
902,2025-08-08,0.0014875024598574407,0.0001714285714285,1.2137813852487607,1.0157340283502618,0.0,0.0
903,2025-08-11,-0.0030013461837447154,0.0001722222222222,1.210138407120244,1.0157340283502618,-0.003001346183744702,0.0
904,2025-08-12,0.004798852050227662,0.0001718253968253,1.215945682296312,1.0175451865912537,0.0,0.0
905,2025-08-13,0.005011114298383997,0.000170238095238,1.2220389250909252,1.022644221825033,0.0,0.0
906,2025-08-14,-0.004330766845891415,0.0001706349206349,1.2167465594297526,1.022644221825033,-0.004330766845891398,0.0
907,2025-08-15,-0.000510199408678685,0.0001706349206349,1.2161257760546198,1.022644221825033,-0.004838756699886315,0.0
908,2025-08-18,5.984700422235285e-05,0.0001718253968253,1.2161985575390744,1.022644221825033,-0.004779199280756541,0.0
909,2025-08-19,-0.0025628699658060993,0.0001706349206349,1.2130815987835006,1.022644221825033,-0.007329820780265561,0.0
910,2025-08-20,0.0016914332734484752,0.0001706349206349,1.2151334453630913,1.022644221825033,-0.005650785409573089,0.0
911,2025-08-21,-0.0032778637461420997,0.0001714285714285,1.211150403495811,1.022644221825033,-0.008910126651084038,0.0
912,2025-08-22,0.01046170248863599,0.0001694444444444,1.2238210986861755,1.0241356060125995,0.0,0.0
913,2025-08-25,-0.004179682850571125,0.000170238095238,1.2187059146278298,1.0241356060125995,-0.0041796828505712424,0.0
914,2025-08-26,0.002285016477587827,0.0001698412698412,1.2214906777240881,1.0241356060125995,-0.0019042170171681416,0.0
915,2025-08-27,0.0005736483177526512,0.0001690476190476,1.2221913837965153,1.0241356060125995,-0.0013316610503038007,0.0
916,2025-08-28,0.0032095856464137776,0.0001690476190476,1.2261141117191192,1.026054478219174,0.0,0.0
917,2025-08-29,-0.0016434994213579547,0.0001678571428571,1.2240989938859899,1.026054478219174,-0.0016434994213578857,0.0
918,2025-09-02,0.0003594469148375678,0.0001666666666666,1.224538992492798,1.026054478219174,-0.0012846432573169198,0.0
919,2025-09-03,0.004494370157237368,0.000165873015873,1.2300425239970312,1.0293419087866205,0.0,0.0
920,2025-09-04,0.002900559459430529,0.0001650793650793,1.2336103354755126,1.0323275761971398,0.0,0.0
921,2025-09-05,0.004649532703813366,0.0001615079365079,1.2393460470740683,1.0371274170237168,0.0,0.0
922,2025-09-08,0.005297844094280375,0.0001626984126984,1.2459119092103292,1.042621956385012,0.0,0.0
923,2025-09-09,0.0010740337792599557,0.0001626984126984,1.2472500606868033,1.0437417675851677,0.0,0.0
924,2025-09-10,0.0031557868555531364,0.0001623015873015,1.2511861160339066,1.0470355941359049,0.0,0.0
925,2025-09-11,0.006270322310670754,0.0001619047619047,1.2590314562520757,1.0536008447818817,0.0,0.0
926,2025-09-12,-0.0013247025814408153,0.0001619047619047,1.2573636140318634,1.0536008447818817,-0.0013247025814409064,0.0
927,2025-09-15,0.004355039763600566,0.0001611111111111,1.2628394825682765,1.0567875322341906,0.0,0.0
928,2025-09-16,0.00034580393917604075,0.0001603174603174,1.2632761774358956,1.0571529735257092,0.0,0.0
929,2025-09-17,-0.0006422317375160887,0.0001595238095238,1.2624648613814982,1.0571529735257092,-0.0006422317375159858,0.0
930,2025-09-18,-2.422093950886254e-05,0.0001599206349206,1.2624342832964586,1.0571529735257092,-0.0006664371215686637,0.0
931,2025-09-19,0.0028712801819676175,0.0001599206349206,1.2660590858351244,1.0594818070316698,0.0,0.0
932,2025-09-22,0.004153427151616127,0.0001587301587301,1.2713175700177823,1.0638822875356384,0.0,0.0
933,2025-09-23,0.00022908407080920426,0.0001587301587301,1.2716088086220134,1.064126006020929,0.0,0.0
934,2025-09-24,-0.0036945369307443657,0.0001595238095238,1.2669108029170995,1.064126006020929,-0.0036945369307445075,0.0
935,2025-09-25,-0.0028194120281921906,0.0001603174603174,1.2633388593607084,1.064126006020929,-0.006503532537075585,0.0
936,2025-09-26,0.0036554987557965023,0.0001595238095238,1.2679569929892507,1.064126006020929,-0.0028718074363767165,0.0
937,2025-09-29,0.005755408397303161,0.0001603174603174,1.2752546033141203,1.0671769324679454,0.0,0.0
938,2025-09-30,0.0032359289396776585,0.0001595238095238,1.2793812365904418,1.0706302411874749,0.0,1.0
939,2025-10-01,0.002824066409853447,0.0001591269841269,1.2829942941660937,1.0028240664098536,0.0,0.0
940,2025-10-02,0.00032304063252272855,0.0001595238095238,1.283408753454404,1.0031480193305757,0.0,0.0
941,2025-10-03,0.0019061309832531623,0.0001599206349206,1.2858550986435417,1.0050601508510106,0.0,0.0
942,2025-10-06,0.0031927335878284583,0.0001595238095238,1.2899604914060616,1.0082690401524208,0.0,0.0
943,2025-10-07,-0.0004953194910476037,0.0001591269841269,1.289321548831987,1.0082690401524208,-0.00049531949104753,0.0
944,2025-10-08,0.004909700030757259,0.0001591269841269,1.2956517308799431,1.0127174714027092,0.0,0.0
945,2025-10-09,-0.005771512026408031,0.0001599206349206,1.288173861333133,1.0127174714027092,-0.005771512026408021,0.0
946,2025-10-10,-0.009049408026848862,0.0001595238095238,1.2765166504524081,1.0127174714027092,-0.014768691285998004,0.0
947,2025-10-13,0.010936826393635779,0.0001595238095238,1.2904776914469915,1.0127174714027092,-0.00399338750501832,0.0
948,2025-10-14,0.0022257616255851338,0.0001595238095238,1.293349987171288,1.0127174714027092,-0.00177651420809799,0.0
949,2025-10-15,0.0039835586544724085,0.0001599206349206,1.2985021227059457,1.0149454170255472,0.0,0.0
950,2025-10-16,0.00224201718652719,0.0001595238095238,1.3014133867817943,1.0172209420939053,0.0,0.0
951,2025-10-17,-0.0008467806073299869,0.0001587301587301,1.3003113751637478,1.0172209420939053,-0.0008467806073299,0.0
952,2025-10-20,0.010847677316798027,0.0001575396825396,1.314416733372886,1.0273847198789743,0.0,0.0
953,2025-10-21,-0.010638008611467027,0.0001571428571428,1.300433956844209,1.0273847198789743,-0.01063800861146691,0.0
954,2025-10-22,-0.0020483086224648735,0.0001571428571428,1.2977702667574589,1.0273847198789743,-0.012664527309167006,0.0
955,2025-10-23,0.002359480755959162,0.000156746031746,1.3008323307275291,1.0273847198789743,-0.010334928261677145,0.0
956,2025-10-24,0.002696862792394401,0.0001559523809523,1.304340497039412,1.0273847198789743,-0.007665937352773655,0.0
957,2025-10-27,0.0011606450033052448,0.000154365079365,1.3058543733199095,1.0273847198789743,-0.006514189781352542,0.0
958,2025-10-28,-0.001261882939468624,0.000154365079365,1.3042065379647867,1.0273847198789743,-0.007767852575871537,0.0
959,2025-10-29,-0.004230914072666564,0.0001559523809523,1.2986885521696478,1.0273847198789743,-0.011965901531760359,0.0
960,2025-10-30,-0.002080396357642633,0.0001555555555555,1.2959867652360018,1.0273847198789743,-0.014021404071440369,0.0
961,2025-10-31,-0.0010371648267105788,0.000154365079365,1.2946426133472166,1.0273847198789743,-0.015044026391026977,0.0
962,2025-11-03,-0.0004517930217971621,0.0001579365079365,1.294057702848785,1.0273847198789743,-0.01548902262668106,0.0
963,2025-11-04,-0.007754319133509792,0.0001571428571428,1.284023166443719,1.0273847198789743,-0.02312323493567736,0.0
964,2025-11-05,0.003156289860832936,0.0001571428571428,1.2880759157450397,1.0273847198789743,-0.020039928706821808,0.0
965,2025-11-06,-0.003494472965874891,0.0001559523809523,1.2835747692794741,1.0273847198789743,-0.023464372683592694,0.0
966,2025-11-07,0.002293140064296072,0.0001555555555555,1.2865181860084285,1.0273847198789743,-0.0212250397123811,0.0
967,2025-11-10,0.010955439151005407,0.000156746031746,1.3006125577119056,1.0273847198789743,-0.01050213019242241,0.0
968,2025-11-11,0.003988271418293171,0.000156746031746,1.3057997536021013,1.0273847198789743,-0.00655574411980675,0.0
969,2025-11-12,0.0033916419235792378,0.000156746031746,1.3102285587902178,1.0273847198789743,-0.0031863369328245517,0.0
970,2025-11-13,-0.009615076883781238,0.0001571428571428,1.297630610462124,1.0273847198789743,-0.012770776942019113,0.0
971,2025-11-14,-0.0034507592170869407,0.000156746031746,1.2931527996726977,1.0273847198789743,-0.016177467282863955,0.0
972,2025-11-17,-0.006754057357923335,0.0001575396825396,1.2844187714911492,1.0273847198789743,-0.02282226109885299,0.0
973,2025-11-18,-0.002855103311580679,0.0001563492063492,1.2807516232032086,1.0273847198789743,-0.02561220449719248,0.0
974,2025-11-19,0.00020180168803470702,0.000156746031746,1.2810100810427243,1.0273847198789743,-0.02541557139525963,0.0
975,2025-11-20,-0.007276934209153251,0.0001563492063492,1.2716882549617143,1.0273847198789743,-0.03250755816348139,0.0
976,2025-11-21,0.006150388472757481,0.0001547619047619,1.2795096317459718,1.0273847198789743,-0.026557103801730153,0.0
977,2025-11-24,0.008066920964721232,0.0001551587301587,1.2898313348188661,1.0273847198789743,-0.018704416894429254,0.0
978,2025-11-25,0.006031406002977272,0.0001547619047619,1.297610831274521,1.0273847198789743,-0.012785824823791203,0.0
979,2025-11-26,0.006275346137754538,0.0001555555555555,1.3057537883928678,1.0273847198789743,-0.0065907141624627075,0.0
980,2025-11-28,0.004341978400549606,0.0001539682539682,1.3114233431385054,1.0273847198789743,-0.00227735250045058,0.0
981,2025-12-01,-0.0040164447829784105,0.0001511904761904,1.3061560836936807,1.0273847198789743,-0.006284650422859528,0.0
982,2025-12-02,0.00035016054230989536,0.00014960317460309996,1.3066134480162883,1.0273847198789743,-0.005936690517149845,0.0
983,2025-12-03,0.002544895119766261,0.000147619047619,1.309938642203566,1.0273847198789743,-0.003406903652108273,0.0
984,2025-12-04,0.00022564443967104222,0.0001472222222222,1.3102342225744894,1.0273847198789743,-0.003182027961302847,0.0
985,2025-12-05,0.0004184491646885054,0.0001472222222222,1.310782488990472,1.0273847198789743,-0.0027649103135566344,0.0
986,2025-12-08,-0.002810819959188809,0.00014801587301580002,1.3070981154082624,1.0273847198789743,-0.0055679586076509135,0.0
987,2025-12-09,-0.0001393988791381636,0.00014801587301580002,1.3069159073960508,1.0273847198789743,-0.0057065813196001125,0.0
988,2025-12-10,0.005566701126578529,0.00014642857142849996,1.3141911176500958,1.0273847198789743,-0.00017164702568239765,0.0
989,2025-12-11,0.003536562221144834,0.000145238095238,1.3188388363081411,1.0308411586704636,0.0,0.0
990,2025-12-12,-0.005614555490843682,0.0001440476190476,1.3114341424782094,1.0308411586704636,-0.0056145554908436646,0.0
991,2025-12-15,0.0006909170355894045,0.00014484126984120002,1.312340234668301,1.0308411586704636,-0.004927517647290158,0.0
992,2025-12-16,-0.001354758276252291,0.0001444444444444,1.3105623308741252,1.0308411586704636,-0.006275600328228381,0.0
993,2025-12-17,-0.004055949651260735,0.0001444444444444,1.3052467560452607,1.0308411586704636,-0.010306096460526493,0.0
994,2025-12-18,0.004856797098045357,0.0001436507936507,1.3115860747022545,1.0308411586704636,-0.005499353981862964,0.0
995,2025-12-19,0.004336809688747257,0.0001436507936507,1.3172741738986493,1.0308411586704636,-0.001186393944746067,0.0
996,2025-12-22,0.006392629424951852,0.0001444444444444,1.325695019543443,1.036200142403548,0.0,0.0
997,2025-12-23,0.004229674866009536,0.00014484126984120002,1.3313022784475999,1.040582932102028,0.0,0.0
998,2025-12-24,0.0019149087273872085,0.00014642857142849996,1.3338516007993897,1.0425755534402803,0.0,0.0
999,2025-12-26,0.002030788186330538,0.0001444444444444,1.3365603708726113,1.044692803557564,0.0,0.0
1000,2025-12-29,-0.007798650538794882,0.0001460317460317,1.3261370036161737,1.044692803557564,-0.007798650538794805,0.0
1001,2025-12-30,-0.00048607621418522175,0.00014484126984120002,1.325492399961965,1.044692803557564,-0.008280936014450346,0.0
1002,2025-12-31,-0.005868046503414951,0.0001456349206349,1.317714348919065,1.044692803557564,-0.014100389600240737,1.0
1003,2026-01-02,0.007063964643330493,0.00014484126984120002,1.3270226364898388,1.0070639646433306,0.0,0.0
1004,2026-01-05,0.009660134224277623,0.0001444444444444,1.3398418532769856,1.0167923377142185,0.0,0.0
1005,2026-01-06,0.006995077722536573,0.0001440476190476,1.3492141511765654,1.0239048791442091,0.0,0.0
1006,2026-01-07,-0.0037430419675777774,0.0001436507936507,1.3441639859854617,1.0239048791442091,-0.003743041967577798,0.0
1007,2026-01-08,-0.0022959206128127263,0.0001436507936507,1.3410778921830373,1.0239048791442091,-0.006030368853182644,0.0
1008,2026-01-09,0.007339302062014802,0.0001436507936507,1.3509204679224587,1.0251997855458073,0.0,0.0
1009,2026-01-12,0.0058171788331253,0.0001456349206349,1.358779013873693,1.031163556038009,0.0,0.0
1010,2026-01-13,-0.0012218090212825039,0.0001456349206349,1.3571188454166128,1.031163556038009,-0.0012218090212825494,0.0
1011,2026-01-14,-0.0009204492889972807,0.0001456349206349,1.3558696863402642,1.031163556038009,-0.002141133697034947,0.0
1012,2026-01-15,0.0014100231469793,0.0001460317460317,1.3577814939822916,1.031163556038009,-0.0007341295981291296,0.0
1013,2026-01-16,-0.001470155004331248,0.0001456349206349,1.3557853447241253,1.031163556038009,-0.002203205318157875,0.0
1014,2026-01-20,-0.005246801116780147,0.0001468253968253,1.3486718086633127,1.031163556038009,-0.007438446654814301,0.0
1015,2026-01-21,0.011501986845309101,0.0001468253968253,1.3641842140651972,1.035265507417637,0.0,0.0
1016,2026-01-22,0.006218057928813428,0.0001472222222222,1.3726667905338272,1.0417028483144621,0.0,0.0
1017,2026-01-23,0.002615272065522547,0.0001468253968253,1.3762566876463809,1.0444271846742343,0.0,0.0
1018,2026-01-26,0.00446249743526982,0.0001456349206349,1.3823982295852757,1.0490879383071692,0.0,0.0
1019,2026-01-27,0.01031653894307892,0.0001456349206349,1.3966597947556354,1.0599108948774294,0.0,0.0
1020,2026-01-28,0.00760861518484279,0.0001460317460317,1.4072864416780724,1.067975349006774,0.0,0.0
1021,2026-01-29,-0.0005490067036744606,0.0001456349206349,1.406513831987601,1.067975349006774,-0.0005490067036744151,0.0
1022,2026-01-30,-0.024305584207104165,0.0001456349206349,1.3723276916057696,1.067975349006774,-0.02484124698211221,0.0
1023,2026-02-02,-0.0023035477680276905,0.00014642857142849996,1.3691664692147687,1.067975349006774,-0.027087571751099104,0.0
1024,2026-02-03,0.006574653805045674,0.00014642857142849996,1.3781682647513327,1.067975349006774,-0.020691009352736156,0.0
1025,2026-02-04,-0.010907844635665916,0.00014642857142849996,1.3631354194376197,1.067975349006774,-0.03137315967302734,0.0
1026,2026-02-05,-0.008198564294326053,0.0001456349206349,1.3519596660594873,1.067975349006774,-0.039314509100658035,0.0
1027,2026-02-06,0.01986777200886242,0.0001460317460317,1.378820092469935,1.067975349006774,-0.02022782879524776,0.0
1028,2026-02-09,0.008494599830779496,0.00014642857142849996,1.3905326173941055,1.067975349006774,-0.011905056275529402,0.0
1029,2026-02-10,-0.0028574187064097168,0.00014642857142849996,1.3865592834812905,1.067975349006774,-0.014728457251436566,0.0
1030,2026-02-11,0.004703533406287782,0.0001468253968253,1.393081011390943,1.067975349006774,-0.010094199635854118,0.0
1031,2026-02-12,-0.013260944822418939,0.0001468253968253,1.3746074409657283,1.067975349006774,-0.023221285833875505,0.0
1032,2026-02-13,0.00703451001478955,0.0001460317460317,1.3842771307756059,1.067975349006774,-0.01635012618684062,0.0
1033,2026-02-17,-0.005333005422159398,0.00014642857142849996,1.3768947733314083,1.067975349006774,-0.021595936297392537,0.0
1034,2026-02-18,0.006755750606752031,0.0001468253968253,1.3861967310317755,1.067975349006774,-0.01498608245038513,0.0
1035,2026-02-19,-0.000918854128232176,0.00014642857142849996,1.3849230184429249,1.067975349006774,-0.015891166554891867,0.0
1036,2026-02-20,0.00896952843468487,0.00014642857142849996,1.3973451248366984,1.067975349006774,-0.007064174390481459,0.0
1037,2026-02-23,-0.003159605303631571,0.00014642857142849996,1.3929300657692607,1.067975349006774,-0.010201459691242976,0.0
1038,2026-02-24,0.00393908045890439,0.00014642857142849996,1.3984169293719528,1.067975349006774,-0.006302563602860745,0.0
1039,2026-02-25,0.006558427711589832,0.00014642857142849996,1.407588345713902,1.0682044609050223,0.0,0.0
1040,2026-02-26,-0.003048980281022052,0.0001460317460317,1.4032966366040238,1.0682044609050223,-0.0030489802810219624,0.0
1041,2026-02-27,-6.366392149128615e-05,0.0001456349206349,1.4032072972371221,1.0682044609050223,-0.0031124500924720744,0.0
1042,2026-03-02,-0.00125928911678378,0.000147619047619,1.40144025355912,1.0682044609050223,-0.004367819734727996,0.0
1043,2026-03-03,-0.0214988357396847,0.0001472222222222,1.3713109197488704,1.0682044609050223,-0.02577275243539523,0.0
1044,2026-03-04,0.008486259156228798,0.0001472222222222,1.3829482195976257,1.0682044609050223,-0.017505207535502554,0.0
1045,2026-03-05,-0.009915689120002446,0.0001468253968253,1.3692353349830348,1.0682044609050223,-0.027247320459601654,0.0
1046,2026-03-06,-0.0064353366681354045,0.00014642857142849996,1.3604238446245118,1.0682044609050223,-0.03350731144727492,0.0
1047,2026-03-09,0.010313815838835458,0.0001472222222222,1.3744550056207294,1.0682044609050223,-0.02353908384796133,0.0
1048,2026-03-10,0.0014444647975845426,0.0001472222222222,1.3764403574922126,1.0682044609050223,-0.0221286204283625,0.0
1049,2026-03-11,-0.0015773040291865883,0.0001472222222222,1.3742692925704052,1.0682044609050223,-0.023671020895387085,0.0
1050,2026-03-12,-0.01627253823314683,0.000147619047619,1.3519064429644136,1.0682044609050223,-0.03955837153599617,0.0
1051,2026-03-13,-0.004151142609180107,0.000147619047619,1.346294486525399,1.0682044609050223,-0.043545301703543426,0.0
1052,2026-03-16,0.010117661166778685,0.000147619047619,1.3599158379707652,1.0682044609050223,-0.03386821714480637,0.0
1053,2026-03-17,0.004094373378826174,0.000147619047619,1.3654838411751968,1.0682044609050223,-0.02991251289264618,0.0
1054,2026-03-18,-0.013736329817615817,0.00014801587301580002,1.3467271047721894,1.0682044609050223,-0.04323795456749502,0.0
1055,2026-03-19,-0.0054583841439559515,0.00014801587301580002,1.3393761508972652,1.0682044609050223,-0.04846032934582267,0.0
1056,2026-03-20,-0.020341474337091447,0.0001484126984126,1.3121312652960762,1.0682044609050223,-0.0678160491371591,0.0
1057,2026-03-23,0.0070176639896811065,0.0001484126984126,1.3213393616262792,1.0682044609050223,-0.06127429539343021,0.0
1058,2026-03-24,-0.0029289333728373117,0.0001484126984126,1.3174692466731686,1.0682044609050223,-0.06402376043759261,0.0
1059,2026-03-25,0.0104646531445456,0.00014801587301580002,1.331256105368209,1.0682044609050223,-0.05422909373903584,0.0
1060,2026-03-26,-0.023583566546802985,0.00014801587301580002,1.2998603384164202,1.0682044609050223,-0.07653374484487141,0.0
1061,2026-03-27,-0.0018054046574912546,0.00014801587301580002,1.297513564507355,1.0682044609050223,-0.07820097512296442,0.0
1062,2026-03-30,-0.004953417168250948,0.0001472222222222,1.2910864385408858,1.0682044609050223,-0.08276703023846743,0.0
1063,2026-03-31,0.02642719999408094,0.0001468253968253,1.3252062380618512,1.0682044609050223,-0.05852713110541463,1.0
1064,2026-04-01,0.00847027908746908,0.0001468253968253,1.3364311047466901,1.0084702790874691,0.0,0.0
1065,2026-04-02,-0.002533919542307596,0.0001468253968253,1.3330446958534248,1.0084702790874691,-0.00253391954230775,0.0
1066,2026-04-06,0.002363677735412278,0.000147619047619,1.336195583921323,1.0084702790874691,-0.00017623117610077177,0.0
1067,2026-04-07,0.002354166907314594,0.0001472222222222,1.3393412113466905,1.010666244150429,0.0,0.0
1068,2026-04-08,0.021377884187478352,0.00014642857142849996,1.367973492650377,1.0322721500700707,0.0,0.0
1069,2026-04-09,0.0030928573367736945,0.0001460317460317,1.3722044395036326,1.035464820562962,0.0,0.0
1070,2026-04-10,-0.001519724852111936,0.00014642857142849996,1.3701190663147407,1.035464820562962,-0.0015197248521119366,0.0
1071,2026-04-13,0.005228943898692962,0.0001472222222222,1.37728334204703,1.0392973580182832,0.0,0.0
1072,2026-04-14,0.011456594466776458,0.0001472222222222,1.3930623187627094,1.0512041663794907,0.0,0.0
1073,2026-04-15,-0.0004562700058910393,0.0001472222222222,1.392426706210321,1.0512041663794907,-0.0004562700058911018,0.0
1074,2026-04-16,0.002173390533160658,0.0001468253968253,1.3954529932317186,1.0530081682022603,0.0,0.0
1075,2026-04-17,0.01082436929595843,0.0001468253968253,1.4105578917656092,1.0644063174865424,0.0,0.0
1076,2026-04-20,-0.0030308093157203346,0.0001472222222222,1.4062827597668832,1.0644063174865424,-0.0030308093157201954,0.0
1077,2026-04-21,-0.008985848356552322,0.00014642857142849996,1.393646116141184,1.0644063174865424,-0.011989423279364031,0.0
1078,2026-04-22,0.008398049549414397,0.00014642857142849996,1.4053500252788866,1.0644063174865424,-0.0036920615007184354,0.0
1079,2026-04-23,-0.004535354782305852,0.00014642857142849996,1.3989762643209245,1.0644063174865424,-0.008210671474240483,0.0
1080,2026-04-24,0.008700700110525685,0.00014642857142849996,1.4111483372585243,1.0648518673760288,0.0,0.0
1081,2026-04-27,-0.0009262343784221551,0.0001460317460317,1.409841283155502,1.0648518673760288,-0.0009262343784222082,0.0
1082,2026-04-28,-0.006731236052539167,0.0001460317460317,1.4003513086819677,1.0648518673760288,-0.007651235728720174,0.0
1083,2026-04-29,-0.0008329293758524104,0.0001460317460317,1.399184914940453,1.0648518673760288,-0.00847779216557254,0.0
1084,2026-04-30,0.01000727201101261,0.0001460317460317,1.4131869389779677,1.066390195268618,0.0,0.0
1085,2026-05-01,0.0025746982769735824,0.0001460317460317,1.4168254689547959,1.0691358282669576,0.0,0.0
1086,2026-05-04,-0.00509796830851005,0.0001468253968253,1.4096025376153745,1.0691358282669576,-0.00509796830851017,0.0
1087,2026-05-05,0.012376714561766512,0.00014642857142849996,1.4270487858689818,1.0768503383715415,0.0,0.0
1088,2026-05-06,0.01657832806633928,0.00014642857142849996,1.4507068688077889,1.0947027165594134,0.0,0.0
1089,2026-05-07,-0.0052527536214528325,0.00014642857142849996,1.4430866630489922,1.0947027165594134,-0.0052527536214528325,0.0
1090,2026-05-08,0.013704129173297655,0.00014642857142849996,1.4628629090876786,1.1038756588009684,0.0,0.0
1091,2026-05-11,0.002089434002864724,0.0001468253968253,1.465919464591456,1.1061821341374019,0.0,0.0
1092,2026-05-12,-0.008958064484798444,0.0001468253968253,1.4527876634981245,1.1061821341374019,-0.008958064484798522,0.0
1093,2026-05-13,0.005083348836022538,0.00014642857142849996,1.4601726899763554,1.1061821341374019,-0.003920252615447928,0.0
1094,2026-05-14,0.0013363311088556494,0.00014642857142849996,1.4621239641662722,1.1061821341374019,-0.002589160262116863,0.0
1095,2026-05-15,-0.016900350353220673,0.00014642857142849996,1.4374135569120223,1.1061821341374019,-0.019445752899787228,0.0
1096,2026-05-18,-0.0011751624059702609,0.0001460317460317,1.4357243625381073,1.1061821341374019,-0.020598063387993748,0.0
1097,2026-05-19,-0.0066887485824011095,0.0001456349206349,1.4261211632434618,1.1061821341374019,-0.027149036703108198,0.0
1098,2026-05-20,0.013145300971707742,0.00014484126984120002,1.4448679551564192,1.1061821341374019,-0.014360617989954694,0.0
1099,2026-05-21,0.003944542423323183,0.0001460317460317,1.4505672981016338,1.1061821341374019,-0.0104727216335182,0.0
1100,2026-05-22,0.002142789268564148,0.0001460317460317,1.453675558141336,1.1061821341374019,-0.008352373200482988,0.0
1101,2026-05-26,0.014260618469360914,0.0001460317460317,1.4744058706542251,1.1125859721356146,0.0,0.0
1102,2026-05-27,-0.0011886407611578038,0.0001460317460317,1.4726533317378752,1.1125859721356146,-0.0011886407611577665,0.0
1103,2026-05-28,0.00447297045518934,0.00014642857142849996,1.479240466581475,1.1162341559340252,0.0,0.0
1104,2026-05-29,0.004146305858325657,0.00014642857142849996,1.4853738499939342,1.1208624041540378,0.0,0.0
1105,2026-06-01,0.0033972186954565006,0.00015,1.4904199898068757,1.1246702188684643,0.0,0.0
1106,2026-06-02,0.0039009497172992065,0.00014960317460309996,1.49623404324477,1.1290575008408141,0.0,0.0
1107,2026-06-03,-0.006237076007771489,0.00015,1.4869019177916372,1.1290575008408141,-0.006237076007771458,0.0
1108,2026-06-04,-0.0013447623508419766,0.00015,1.4849023880731962,1.1290575008408141,-0.007573450973618945,0.0
1109,2026-06-05,-0.029985620429583706,0.00015,1.4403766686894508,1.1290575008408141,-0.03733197677696565,0.0
1110,2026-06-08,0.006690111524574164,0.0001507936507936,1.4500129492403777,1.1290575008408141,-0.030891620340462222,0.0
1111,2026-06-09,-0.0029141638926877523,0.0001503968253968,1.4457873738597717,1.1290575008408141,-0.0337157609885671,0.0
1112,2026-06-10,-0.01608519148840877,0.0001503968253968,1.4225316070997136,1.1290575008408141,-0.049258628005297345,0.0
1113,2026-06-11,0.023379024290737186,0.00015,1.4557890080964393,1.1290575008408141,-0.027031222375224373,0.0
1114,2026-06-12,0.002578730839132202,0.00015,1.4595430961068874,1.1290575008408141,-0.024522197782850474,0.0
1115,2026-06-15,0.016984630480968464,0.0001503968253968,1.4843328962653115,1.1290575008408141,-0.007954067769804896,0.0
1116,2026-06-16,-0.0064133013819473094,0.0001503968253968,1.4748134220504234,1.1290575008408141,-0.014316357317931905,0.0
1117,2026-06-17,-0.009330578705705465,0.0001519841269841,1.4610525593397512,1.1290575008408141,-0.02351335612490335,0.0
1118,2026-06-18,0.01042908124537872,0.0001519841269841,1.4762899951848738,1.1290575008408141,-0.013329497580902738,0.0
1119,2026-06-22,0.0017137386360993531,0.0001527777777777,1.478819970387709,1.1290575008408141,-0.011638602219807725,0.0
1120,2026-06-23,-0.01991299584131553,0.0001527777777777,1.449372234467324,1.1290575008408141,-0.03131983862352161,0.0
1121,2026-06-24,-0.003410792453624155,0.0001527777777777,1.4444287265875104,1.1290575008408141,-0.03462380560791989,0.0
1122,2026-06-25,0.00995120824491988,0.0001523809523809,1.458802537640727,1.1290575008408141,-0.025017146062836115,0.0
1123,2026-06-26,-0.004363047725886854,0.0001519841269841,1.4524377125463557,1.1290575008408141,-0.02927104278648529,0.0
1124,2026-06-29,0.003214881718977311,0.0001535714285714,1.457107127996374,1.1290575008408141,-0.026150264007857804,0.0
1125,2026-06-30,0.0020317021113358015,0.0001535714285714,1.4600675356247668,1.1290575008408141,-0.024171691443118593,0.0
1126,2026-07-01,-0.01060604923174661,0.0001527777777777,1.4445819874602557,0.9893939507682534,0.0,0.0
1127,2026-07-02,-0.0038081780161011436,0.0001515873015873,1.4390807620931538,0.9893939507682534,-0.003808178016101116,0.0
1128,2026-07-06,0.009205902486438364,0.0001535714285714,1.4523287992590928,0.9946997408155079,0.0,0.0
1129,2026-07-07,-0.013175629150557843,0.0001535714285714,1.43319345359538,0.9946997408155079,-0.01317562915055781,0.0
1130,2026-07-08,-0.004100079207891986,0.0001535714285714,1.4273172469154067,0.9946997408155079,-0.017221687235318694,0.0
