,Date,portfolio_return,rf_rate,portfolio_value,running_peak,drawdown,Rebalanced
0,2022-01-03,-0.003995534414004813,3.174603174603174e-06,0.9960044655859952,0.9960044655859952,0.0,0.0
1,2022-01-04,-0.00031005246573677814,3.174603174603174e-06,0.9956956519455554,0.9960044655859952,-0.0003100524657367876,0.0
2,2022-01-05,-0.013460591638830722,3.5714285714285718e-06,0.982292999378157,0.9960044655859952,-0.01376647061493963,0.0
3,2022-01-06,-0.0010777888661556417,3.968253968253968e-06,0.9812342949201246,0.9960044655859952,-0.014829422132340175,0.0
4,2022-01-07,-0.0035926982758926664,3.968253968253968e-06,0.9777090161605183,0.9960044655859952,-0.01836884276890549,0.0
5,2022-01-10,-0.0025016119229255332,5.158730158730158e-06,0.9752631676285394,0.9960044655859952,-0.020824502975750003,0.0
6,2022-01-11,0.006172429044933397,4.365079365079366e-06,0.9812829103308636,0.9960044655859952,-0.014780611697830404,0.0
7,2022-01-12,0.0019203195878724627,4.7619047619047615e-06,0.9831672871248165,0.9960044655859952,-0.012888675608121902,0.0
8,2022-01-13,-0.004502424522314535,4.7619047619047615e-06,0.9787406506217282,0.9960044655859952,-0.017333069841318327,0.0
9,2022-01-14,-0.0046229249720602765,5.158730158730158e-06,0.9742160060267985,0.9960044655859952,-0.021875865331966726,0.0
10,2022-01-18,-0.013221424881185814,6.349206349206349e-06,0.9613354822850663,0.9960044655859952,-0.03480806010295501,0.0
11,2022-01-19,-0.004107193829946463,6.746031746031747e-06,0.9573870911237163,0.9960044655859952,-0.03877229048321429,0.0
12,2022-01-20,-0.006133989438261962,6.746031746031747e-06,0.9515144888184351,0.9960044655859952,-0.04466845110115503,0.0
13,2022-01-21,-0.006796823912774797,6.746031746031747e-06,0.9450472123874823,0.9960044655859952,-0.05116167141733885,0.0
14,2022-01-24,-0.0008733232411820494,7.5396825396825394e-06,0.94422188069289,0.9960044655859952,-0.05199031398181442,0.0
15,2022-01-25,-0.007588496470914959,7.5396825396825394e-06,0.9370566562834913,0.9960044655859952,-0.05918428213855664,0.0
16,2022-01-26,-0.00827654102697847,7.5396825396825394e-06,0.9293010684231577,0.9960044655859952,-0.06697098202626306,0.0
17,2022-01-27,-0.0017454439193016452,7.936507936507936e-06,0.927679025524078,0.9960044655859952,-0.06859953185221734,0.0
18,2022-01-28,0.01518340587164746,7.5396825396825394e-06,0.9417643526872244,0.9960044655859952,-0.0544577005152872,0.0
19,2022-01-31,0.009909647389907066,8.730158730158731e-06,0.9510969053467387,0.9960044655859952,-0.04508770973515197,0.0
20,2022-02-01,0.002113248524046401,7.5396825396825394e-06,0.9531068094781879,0.9960044655859952,-0.043069742747155915,0.0
21,2022-02-02,0.0075431143929617275,7.5396825396825394e-06,0.9602962031707926,0.9960044655859952,-0.03585150835061146,0.0
22,2022-02-03,-0.01368082443875499,7.936507936507936e-06,0.94715855940601,0.9960044655859952,-0.04904185459775712,0.0
23,2022-02-04,-0.0037418498854680485,9.126984126984127e-06,0.9436144342589766,0.9960044655859952,-0.05260019722521536,0.0
24,2022-02-07,-0.0007373225165674808,1.0714285714285714e-05,0.9429186860896395,0.9960044655859952,-0.05329873643199268,0.0
25,2022-02-08,0.001210452035951871,9.92063492063492e-06,0.9440600439329538,0.9960044655859952,-0.0521527999600685,0.0
26,2022-02-09,0.012001568656419308,1.0317460317460317e-05,0.9553902453659974,0.9960044655859952,-0.04077714671299448,0.0
27,2022-02-10,-0.016720463307797244,1.5873015873015872e-05,0.9394156778237278,0.9960044655859952,-0.05681579723538044,0.0
28,2022-02-11,-0.007020941583587708,1.4285714285714284e-05,0.932820095227021,0.9960044655859952,-0.0634378384255535,0.0
29,2022-02-14,-0.006672979939125926,1.7063492063492063e-05,0.9265954054447575,0.9960044655859952,-0.0696874989414843,0.0
30,2022-02-15,0.0076747697428450395,1.5873015873015872e-05,0.9337068118263241,0.9960044655859952,-0.06254756470696998,0.0
31,2022-02-16,0.0020759465090963254,1.507936507936508e-05,0.9356451372228544,0.9960044655859952,-0.060601463596479666,0.0
32,2022-02-17,-0.009904265957942469,1.4285714285714284e-05,0.9263782589415437,0.9960044655859952,-0.069905516541522,0.0
33,2022-02-18,-0.001849010229196639,1.3888888888888888e-05,0.9246653760646555,0.9960044655859952,-0.07162527075555591,0.0
34,2022-02-22,-0.005934474658892558,1.4682539682539685e-05,0.9191779728224445,0.9960044655859952,-0.07713468706021331,0.0
35,2022-02-23,-0.012970110990420398,1.3492063492063494e-05,0.9072561324949877,0.9960044655859952,-0.08910435259825145,0.0
36,2022-02-24,0.006535021910165709,1.26984126984127e-05,0.9131850711989746,0.9960044655859952,-0.08315162958460642,0.0
37,2022-02-25,0.016399310077760416,1.3095238095238093e-05,0.9281606763399484,0.9960044655859952,-0.06811594886387506,0.0
38,2022-02-28,-0.0022687326859758953,1.3888888888888888e-05,0.9260549278756984,0.9960044655859952,-0.07023014467022715,0.0
39,2022-03-01,-0.006025648123065992,1.26984126984127e-05,0.9204748467376883,0.9960044655859952,-0.07583261065387825,0.0
40,2022-03-02,0.005013041312673817,1.3492063492063494e-05,0.9250892251716615,0.9960044655859952,-0.07119972135126029,0.0
41,2022-03-03,-0.0009142282176258689,1.507936507936508e-05,0.9242434824981879,0.9960044655859952,-0.07204885677453965,0.0
42,2022-03-04,-0.002000684895413859,1.3492063492063494e-05,0.9223943625230691,0.9960044655859952,-0.07390539461047285,0.0
43,2022-03-07,-0.019687282438769455,1.507936507936508e-05,0.9042349241881487,0.9960044655859952,-0.09213768067179728,0.0
44,2022-03-08,-0.005991836282473619,1.4285714285714284e-05,0.8988168965615184,0.9960044655859952,-0.09757744305623861,0.0
45,2022-03-09,0.015994722446024304,1.507936507936508e-05,0.913193223351817,0.9960044655859952,-0.08314344472889146,0.0
46,2022-03-10,-0.0062005616558472405,1.5476190476190476e-05,0.9075309124667221,0.9960044655859952,-0.08882847032941765,0.0
47,2022-03-11,-0.00679523498875343,1.5873015873015872e-05,0.9013640266569529,0.9960044655859952,-0.09502009498859121,0.0
48,2022-03-14,-0.007292192307970456,1.785714285714286e-05,0.8947911068350839,0.9960044655859952,-0.10161938249078317,0.0
49,2022-03-15,0.010873102870937689,1.825396825396825e-05,0.9045202625877019,0.9960044655859952,-0.09185119761934901,0.0
50,2022-03-16,0.01635362977527968,1.7460317460317463e-05,0.9193124520863,0.9960044655859952,-0.07699966832435212,0.0
51,2022-03-17,0.007422862428182818,1.5873015873015872e-05,0.926136381946652,0.9960044655859952,-0.07014836384115664,0.0
52,2022-03-18,0.007450839008084738,1.6666666666666664e-05,0.9330368750280666,0.9960044655859952,-0.06322018899873283,0.0
53,2022-03-21,-0.007295831793101801,2.1428571428571428e-05,0.9262295949311006,0.9960044655859952,-0.07005477692697182,0.0
54,2022-03-22,0.0033773821382765442,2.023809523809524e-05,0.929357826220964,0.9960044655859952,-0.0669139965409894,0.0
55,2022-03-23,-0.004882129102807869,1.984126984126984e-05,0.9248205813306484,0.9960044655859952,-0.07146944287389922,0.0
56,2022-03-24,0.006449604702069592,2.0634920634920636e-05,0.9307853085005693,0.9960044655859952,-0.06548078782664346,0.0
57,2022-03-25,0.0005994563522254499,2.1825396825396827e-05,0.931343273666308,0.9960044655859952,-0.06492058434862946,0.0
58,2022-03-28,0.005668472326803007,2.341269841269841e-05,0.9366225672398396,0.9960044655859952,-0.05962011255764654,0.0
59,2022-03-29,0.014659431772355975,2.1825396825396827e-05,0.950352921860741,0.9960044655859952,-0.045834677757589426,0.0
60,2022-03-30,-0.0021957685500794783,2.1825396825396827e-05,0.948266166803443,0.9960044655859952,-0.0479298039637458,0.0
61,2022-03-31,-0.009158126662385068,2.0634920634920636e-05,0.9395818251382028,0.9960044655859952,-0.0566489834105276,1.0
62,2022-04-01,0.0019470507320562514,2.1031746031746032e-05,0.9414112386186648,1.0019470507320563,0.0,0.0
63,2022-04-04,0.004706577815558083,2.6190476190476185e-05,0.9458420638696645,1.0066627924933957,0.0,0.0
64,2022-04-05,-0.011283313217607612,2.57936507936508e-05,0.9351698316086348,1.0066627924933957,-0.01128331321760756,0.0
65,2022-04-06,-0.004768243880030942,2.6587301587301588e-05,0.9307107137822773,1.0066627924933957,-0.01599775550844218,0.0
66,2022-04-07,0.001982901784205688,2.6984126984126987e-05,0.9325562217172155,1.0066627924933957,-0.014046575702177488,0.0
67,2022-04-08,-0.0014202363365084553,2.7777777777777776e-05,0.9312317714852957,1.0066627924933957,-0.015446862581470211,0.0
68,2022-04-11,-0.008622187971636755,3.0555555555555554e-05,0.9232025161063893,1.0066627924933957,-0.023935864800357476,0.0
69,2022-04-12,-0.0010492001086520402,2.936507936507937e-05,0.9222338919261825,1.0066627924933957,-0.02495995139706031,0.0
70,2022-04-13,0.007586024651694592,2.976190476190476e-05,0.9292299809649628,1.0066627924933957,-0.01756327355196896,0.0
71,2022-04-14,-0.008439334347769214,3.134920634920635e-05,0.9213878984696282,1.0066627924933957,-0.02585438556199171,0.0
72,2022-04-18,-0.002836256805889956,3.214285714285715e-05,0.9187746057717291,1.0066627924933957,-0.028617312690869423,0.0
73,2022-04-19,0.0024247859856050664,3.214285714285715e-05,0.9210024375597342,1.0066627924933957,-0.026261917564022852,0.0
74,2022-04-20,0.004201258912638317,3.2539682539682536e-05,0.9248718072590937,1.0066627924933957,-0.022170991766613413,0.0
75,2022-04-21,-0.009685632204717503,3.2936507936507936e-05,0.9159138390974697,1.0066627924933957,-0.03164188389946565,0.0
76,2022-04-22,-0.014684549827476731,3.2936507936507936e-05,0.9024640566895674,1.0066627924933957,-0.045861786906185364,0.0
77,2022-04-25,0.0015783828370071363,3.611111111111112e-05,0.903888490467662,1.0066627924933957,-0.044355791526505484,0.0
78,2022-04-26,-0.01391230260624578,3.2936507936507936e-05,0.8913133202659731,1.0066627924933957,-0.05765100293869496,0.0
79,2022-04-27,-0.0020342847440864846,3.2539682539682536e-05,0.889500135176355,1.0066627924933957,-0.05956800912702209,0.0
80,2022-04-28,0.012324876937720497,3.2539682539682536e-05,0.9004631148784892,1.0066627924933957,-0.047977300571217185,0.0
81,2022-04-29,-0.018758235362280197,3.3730158730158734e-05,0.8835720158345466,1.0066627924933957,-0.06583556643733557,0.0
82,2022-05-02,-0.0031743062432803624,3.571428571428572e-05,0.8807672876682952,1.0066627924933957,-0.06880089043104409,0.0
83,2022-05-03,0.004747495756406255,3.611111111111112e-05,0.8849487266288818,1.0066627924933957,-0.0643800266099962,0.0
84,2022-05-04,0.017632161793033292,3.531746031746032e-05,0.9005522857553411,1.0066627924933957,-0.047883023862390295,0.0
85,2022-05-05,-0.02212662959125232,3.3730158730158734e-05,0.8806260989008771,1.0066627924933957,-0.06895016352093042,0.0
86,2022-05-06,-0.005639257271347469,3.3730158730158734e-05,0.8756600217693119,1.0066627924933957,-0.07420059308128191,0.0
87,2022-05-09,-0.016345241549515072,3.650793650793651e-05,0.8613471471982388,1.0066627924933957,-0.0893330080137662,0.0
88,2022-05-10,0.0017342604471819237,3.531746031746032e-05,0.8628409474869178,1.0066627924933957,-0.08775367426901037,0.0
89,2022-05-11,-0.003994496207039487,3.611111111111112e-05,0.8593943325949028,1.0066627924933957,-0.09139763875702844,0.0
90,2022-05-12,-0.0019821568684307445,3.809523809523809e-05,0.8576908782158594,1.0066627924933957,-0.09319863116803861,0.0
91,2022-05-13,0.010397162313618815,4.0873015873015874e-05,0.8666084294915799,1.0066627924933957,-0.08377047015008099,0.0
92,2022-05-16,0.0009155139415653603,4.246031746031746e-05,0.8674018215906575,1.0066627924933957,-0.08293164924182961,0.0
93,2022-05-17,0.007295125454787893,4.206349206349207e-05,0.8737296266988729,1.0066627924933957,-0.07624152057243327,0.0
94,2022-05-18,-0.01836425109120533,4.0873015873015874e-05,0.8576842364483497,1.0066627924933957,-0.09320565323627117,0.0
95,2022-05-19,0.002110344786790444,4.166666666666667e-05,0.8594942459054509,1.0066627924933957,-0.09129200451388719,0.0
96,2022-05-20,0.0031963400531046255,4.0873015873015874e-05,0.8622414817890514,1.0066627924933957,-0.08838746475133863,0.0
97,2022-05-23,0.008914002359368723,4.246031746031746e-05,0.8699275043920646,1.0066627924933957,-0.08026134846130195,0.0
98,2022-05-24,0.0023750820293329624,4.206349206349207e-05,0.8719936535745686,1.0066627924933957,-0.07807689371834947,0.0
99,2022-05-25,0.004487788005285882,4.206349206349207e-05,0.8759069762337659,1.0066627924933957,-0.07393949826018287,0.0
100,2022-05-26,0.008524719492385821,4.246031746031746e-05,0.8833738375075827,1.0066627924933957,-0.06604509224987287,0.0
101,2022-05-27,0.011947280962350789,4.2857142857142856e-05,0.8939277529390759,1.0066627924933957,-0.05488687056081554,0.0
102,2022-05-31,-0.007201415808702262,4.603174603174603e-05,0.8874902074872227,1.0066627924933957,-0.06169302319217096,0.0
103,2022-06-01,-0.005331782573429231,4.563492063492063e-05,0.8827583026648532,1.0066627924933957,-0.06669587197964211,0.0
104,2022-06-02,0.011734202678465928,4.642857142857143e-05,0.8931167675044211,1.0066627924933957,-0.055744292180802346,0.0
105,2022-06-03,-0.010120298865083754,4.801587301587301e-05,0.884078158895859,1.0066627924933957,-0.06530044214899378,0.0
106,2022-06-06,-0.0012401980375632258,5e-05,0.8829817268981438,1.0066627924933957,-0.06645965470635173,0.0
107,2022-06-07,0.006323704066474885,5e-05,0.8885654420351526,1.0066627924933957,-0.06055622182859988,0.0
108,2022-06-08,-0.008441813942247292,5.07936507936508e-05,0.8810643378979811,1.0066627924933957,-0.06848683141312462,0.0
109,2022-06-09,-0.013908823218793623,5.158730158730159e-05,0.8688097697777747,1.0066627924933957,-0.08144308340097783,0.0
110,2022-06-10,-0.013940220871629303,5.515873015873015e-05,0.8566983696916431,1.0066627924933957,-0.09424796970153093,0.0
111,2022-06-13,-0.02927180123991386,6.865079365079365e-05,0.8316212652914711,1.0066627924933957,-0.12076096310507622,0.0
112,2022-06-14,-0.0054702514287302256,7.261904761904762e-05,0.8270720878768479,1.0066627924933957,-0.12557062170284605,0.0
113,2022-06-15,0.01375259049095706,6.904761904761904e-05,0.8384464716079191,1.0066627924933957,-0.11354495254986319,0.0
114,2022-06-16,-0.01299013129554532,6.30952380952381e-05,0.8275549418574455,1.0066627924933957,-0.12506012000383937,0.0
115,2022-06-17,-0.0002235270136924054,6.468253968253968e-05,0.8273699609726257,1.0066627924933957,-0.12525569270237524,0.0
116,2022-06-21,0.009195591842627126,6.746031746031747e-05,0.8349781174365803,1.0066627924933957,-0.11721190108580459,0.0
117,2022-06-22,0.0019450938101721257,6.388888888888888e-05,0.8366022282044354,1.0066627924933957,-0.11549479541891305,0.0
118,2022-06-23,0.005462851797157632,6.547619047619048e-05,0.8411724621902881,1.0066627924933957,-0.11066287457247204,0.0
119,2022-06-24,0.01576030384320349,6.865079365079365e-05,0.8544295957789426,1.0066627924933957,-0.09664665125669303,0.0
120,2022-06-27,-0.0038684062870025333,7.103174603174604e-05,0.8511243149588302,1.0066627924933957,-0.10014118903035651,0.0
121,2022-06-28,-0.009030838610236186,7.103174603174604e-05,0.8434379486331891,1.0066627924933957,-0.10826766872422244,0.0
122,2022-06-29,0.0011772127643344646,7.063492063492064e-05,0.8444308545522441,1.0066627924933957,-0.10721791004147485,0.0
123,2022-06-30,-0.0032289637838482156,6.825396825396825e-05,0.8417042179049309,1.0066627924933957,-0.11010067107681931,1.0
124,2022-07-01,0.01026476596817985,6.865079365079365e-05,0.8503441147161548,1.0102647659681798,0.0,0.0
125,2022-07-05,-0.0029954334203628123,7.53968253968254e-05,0.8477969655361252,1.0102647659681798,-0.002995433420362681,0.0
126,2022-07-06,-0.0001970383766244014,7.53968253968254e-05,0.8476299169983288,1.0102647659681798,-0.0031918815816487367,0.0
127,2022-07-07,0.007190479976494493,7.738095238095238e-05,0.853724782943983,1.014281222290857,0.0,0.0
128,2022-07-08,-0.0017806820747048955,7.857142857142857e-05,0.8522045705262633,1.014281222290857,-0.0017806820747049423,0.0
129,2022-07-11,-0.005517931813362277,8.650793650793651e-05,0.8475021638150637,1.014281222290857,-0.007288788205797592,0.0
130,2022-07-12,-0.0033479873697619283,8.80952380952381e-05,0.844664737274765,1.014281222290857,-0.010612372804705617,0.0
131,2022-07-13,-0.0007274397340868293,9.484126984126983e-05,0.8440502945828893,1.014281222290857,-0.011332092677141303,0.0
132,2022-07-14,-0.006003277904551456,9.523809523809524e-05,0.8389832260990897,1.014281222290857,-0.017267340880111837,0.0
133,2022-07-15,0.013639708812811168,9.404761904761906e-05,0.8504267130019141,1.014281222290857,-0.00386315356887712,0.0
134,2022-07-18,-0.005787636660800418,9.92063492063492e-05,0.8455047521804202,1.014281222290857,-0.00962843170045602,0.0
135,2022-07-19,0.018028800661081208,0.0001,0.8607481888154778,1.0226254906479488,0.0,0.0
136,2022-07-20,-0.00016715561276428698,9.96031746031746e-05,0.8606043099245406,1.0226254906479488,-0.0001671556127643692,0.0
137,2022-07-21,0.009492035580497098,9.84126984126984e-05,0.8687731966550735,1.0321597280544934,0.0,0.0
138,2022-07-22,-0.00043723878327424197,9.88095238095238e-05,0.8683933353196267,1.0321597280544934,-0.0004372387832742852,0.0
139,2022-07-25,-0.0003874639811460794,0.00010396825396819999,0.868056864180723,1.0321597280544934,-0.0008245333501407659,0.0
140,2022-07-26,-0.005384512010942237,0.0001011904761904,0.8633828015693611,1.0321597280544934,-0.00620460565135561,0.0
141,2022-07-27,0.014693504570509058,9.682539682539682e-05,0.8760689207103194,1.040827528334033,0.0,0.0
142,2022-07-28,0.012864250606219294,9.603174603174604e-05,0.887338890854657,1.0542169944963737,0.0,0.0
143,2022-07-29,0.007378772932026878,9.563492063492065e-05,0.8938863630440301,1.0619958223198465,0.0,0.0
144,2022-08-01,-0.0010797913533482336,0.0001015873015873,0.8929211522783392,1.0619958223198465,-0.0010797913533483472,0.0
145,2022-08-02,-0.010361800213798456,0.0001015873015873,0.8836688816917564,1.0619958223198465,-0.011430402984870858,0.0
146,2022-08-03,0.009627705869156107,0.0001,0.8921765857704107,1.0619958223198465,-0.0019127456736190984,0.0
147,2022-08-04,0.000921289331291604,9.92063492063492e-05,0.8929985385405091,1.0619958223198465,-0.0009932185345101763,0.0
148,2022-08-05,-0.0048177912443240645,0.00010238095238089999,0.8886962580003346,1.0619958223198465,-0.005806224659274939,0.0
149,2022-08-08,0.003186342889661086,0.00010515873015870001,0.8915279490030823,1.0619958223198465,-0.0026383823922727645,0.0
150,2022-08-09,-0.0026088314086131687,0.0001059523809523,0.8892021028880667,1.0619958223198465,-0.005240330706033025,0.0
151,2022-08-10,0.014611872705683045,0.00010515873015870001,0.9021950108250927,1.0718670426420436,0.0,0.0
152,2022-08-11,-0.003114630640035355,0.00010396825396819999,0.8993850066010898,1.0718670426420436,-0.003114630640035365,0.0
153,2022-08-12,0.012604529441343902,0.000104365079365,0.9107213313958965,1.0819968725626143,0.0,0.0
154,2022-08-15,0.0018765408363348537,0.0001079365079365,0.9124303371647822,1.0840272838787646,0.0,0.0
155,2022-08-16,-0.0002366016906265543,0.00010714285714279999,0.9122144546044301,1.0840272838787646,-0.00023660169062666991,0.0
156,2022-08-17,-0.0075980067589554185,0.0001063492063492,0.9052834430127288,1.0840272838787646,-0.007832810748337415,0.0
157,2022-08-18,0.0005614850332557547,0.0001075396825396,0.9057917461168348,1.0840272838787646,-0.007275723721085092,0.0
158,2022-08-19,-0.010839180171645037,0.00010873015873009998,0.8959737061826853,1.0840272838787646,-0.018036041012438164,0.0
159,2022-08-22,-0.01522359997996648,0.00011190476190469998,0.8823337608871922,1.0840272838787646,-0.03298506751880903,0.0
160,2022-08-23,-0.003220197801861235,0.0001111111111111,0.8794924716498753,1.0840272838787646,-0.03609904687875187,0.0
161,2022-08-24,0.0011961165654909894,0.00011190476190469998,0.8805444471644404,1.0840272838787646,-0.03494610898123085,0.0
162,2022-08-25,0.011390959003295942,0.0001142857142857,0.8905746928626703,1.0840272838787646,-0.02395321967266495,0.0
163,2022-08-26,-0.021540642036756895,0.0001146825396825,0.8713911421967209,1.0840272838787646,-0.044977893978825234,0.0
164,2022-08-29,-0.006104821156587919,0.0001178571428571,0.866071455116175,1.0840272838787646,-0.05080813313667254,0.0
165,2022-08-30,-0.006778718304710138,0.0001178571428571,0.8602006006901921,1.0840272838787646,-0.05724243741926094,0.0
166,2022-08-31,-0.006985493297528444,0.0001174603174603,0.8541916751595409,1.0840272838787646,-0.06382806405386288,0.0
167,2022-09-01,-0.0012603787347517106,0.0001178571428571,0.8531150701367678,1.0840272838787646,-0.0650079952540007,0.0
168,2022-09-02,-0.007073163526611272,0.0001166666666666,0.847080847738674,1.0840272838787646,-0.07162134659964337,0.0
169,2022-09-06,-0.004116144101839195,0.0001206349206349,0.8435941409034734,1.0840272838787646,-0.07544268691811074,0.0
170,2022-09-07,0.014731746073500418,0.0001218253968253,0.8560217555763561,1.0840272838787646,-0.061822343351390696,0.0
171,2022-09-08,0.0019346295217307636,0.0001214285714285,0.857677840535938,1.0840272838787646,-0.060007317160210016,0.0
172,2022-09-09,0.011553935613417632,0.0001222222222222,0.8675873950825452,1.0840272838787646,-0.04914670222559547,0.0
173,2022-09-12,0.006589321729005663,0.0001257936507936,0.8733042075567741,1.0840272838787646,-0.04288122392947402,0.0
174,2022-09-13,-0.02917238035836027,0.0001301587301587,0.8478278450453715,1.0840272838787646,-0.07080265691313159,0.0
175,2022-09-14,0.000578385741025869,0.0001285714285714,0.8483182165817905,1.0840272838787646,-0.0702652224192909,0.0
176,2022-09-15,-0.009697791634323261,0.0001277777777777,0.8400914032777796,1.0840272838787646,-0.07928159656745248,0.0
177,2022-09-16,-0.0036161147145243695,0.0001269841269841,0.8370535363928414,1.0840272838787646,-0.0826110199340383,0.0
178,2022-09-19,0.002958723248287489,0.0001337301587301,0.8395301461510282,1.0840272838787646,-0.07989671983099444,0.0
179,2022-09-20,-0.01330853304307807,0.0001329365079365,0.828357231460317,1.0840272838787646,-0.09214194473816817,0.0
180,2022-09-21,-0.009552508092958076,0.0001313492063492,0.8204443423029321,1.0840272838787646,-0.1008142661583139,0.0
181,2022-09-22,-0.008884377412453045,0.0001305555555555,0.813155205120001,1.0840272838787646,-0.10880297158165697,0.0
182,2022-09-23,-0.013517895395507162,0.0001285714285714,0.8021630581168766,1.0840272838787646,-0.12085007978860307,0.0
183,2022-09-26,-0.01511699689512463,0.0001345238095238,0.7900367616579401,1.0840272838787646,-0.1341401864027877,0.0
184,2022-09-27,-0.007253672994726476,0.0001329365079365,0.7843060933350607,1.0840272838787646,-0.1404208503498967,0.0
185,2022-09-28,0.01988250333962637,0.0001349206349206,0.7999000618550844,1.0840272838787646,-0.12333026503630529,0.0
186,2022-09-29,-0.01610084948355847,0.0001333333333333,0.7870209913572666,1.0840272838787646,-0.13744539248574683,0.0
187,2022-09-30,-0.005060965877904474,0.0001321428571428,0.7830379049748128,1.0840272838787646,-0.14181075192220582,1.0
188,2022-10-03,0.01986417210809708,0.0001373015873015,0.7985923046863962,1.019864172108097,0.0,0.0
189,2022-10-04,0.020996891036094492,0.0001369047619047,0.8153602602901601,1.0412781490014673,0.0,0.0
190,2022-10-05,-0.0074445601458535855,0.0001373015873015,0.8092902617918911,1.0412781490014673,-0.007444560145853596,0.0
191,2022-10-06,-0.012392290287415269,0.0001373015873015,0.7992613019409877,1.0412781490014673,-0.019744595282879196,0.0
192,2022-10-07,-0.019076139984410993,0.0001369047619047,0.7840144814610388,1.0412781490014673,-0.03844408460373849,0.0
193,2022-10-10,-0.006398217842135918,0.0001369047619047,0.7789981860172619,1.0412781490014673,-0.04459632881783815,0.0
194,2022-10-11,-0.002353433252312684,0.0001456349206349,0.7771648657827976,1.0412781490014673,-0.04684480758697984,0.0
195,2022-10-12,-0.0038752256030506267,0.0001468253968253,0.7741531765971247,1.0412781490014673,-0.05053849899229934,0.0
196,2022-10-13,0.014982941348496455,0.0001503968253968,0.7857522682368316,1.0412781490014673,-0.03631277301004554,0.0
197,2022-10-14,-0.01710253803652779,0.0001511904761904,0.7723139101820232,1.0412781490014673,-0.05279427046495733,0.0
198,2022-10-17,0.02009379450132646,0.0001575396825396,0.7878326271837367,1.0412781490014673,-0.03376131318520115,0.0
199,2022-10-18,0.008298680964777363,0.0001603174603174,0.794370598810377,1.0412781490014673,-0.025742806587499723,0.0
200,2022-10-19,-0.01190704607986892,0.0001615079365079,0.7849119914858488,1.0412781490014673,-0.03734333188310612,0.0
201,2022-10-20,-0.006338551856842696,0.0001623015873015,0.779936786124758,1.0412781490014673,-0.04344518109430051,0.0
202,2022-10-21,0.013319891868445883,0.0001623015873015,0.790325459780163,1.0412781490014673,-0.030703974340235862,0.0
203,2022-10-24,0.004727170676963481,0.0001650793650793,0.7940614631188934,1.0412781490014673,-0.02612194659043998,0.0
204,2022-10-25,0.018974367777889144,0.0001642857142857,0.8091282773583599,1.0412781490014673,-0.007643226234232192,0.0
205,2022-10-26,0.00037777019748589546,0.0001630952380952,0.809433941907489,1.0412781490014673,-0.007268343419830403,0.0
206,2022-10-27,-0.0019362337633286393,0.0001638888888888,0.8078666885799834,1.0412781490014673,-0.009190503971226116,0.0
207,2022-10-28,0.015009969197830205,0.000165873015873,0.8199927426915221,1.047194187512414,0.0,0.0
208,2022-10-31,-0.005973540967330405,0.0001674603174603,0.8150944824501407,1.047194187512414,-0.005973540967330382,0.0
209,2022-11-01,0.0011388604984334545,0.0001678571428571,0.8160227613586942,1.047194187512414,-0.004841483498740362,0.0
210,2022-11-02,-0.017171314787728542,0.0001674603174603,0.8020105776494526,1.047194187512414,-0.021929663649272513,0.0
211,2022-11-03,-0.006533776826190842,0.0001686507936507,0.7967704195228467,1.047194187512414,-0.028320156947305608,0.0
212,2022-11-04,0.013327473419541895,0.0001670634920634,0.8073893561105147,1.047194187512414,-0.015370119666716198,0.0
213,2022-11-07,0.003143780178044817,0.000170238095238,0.8099276107642192,1.047194187512414,-0.01227465976621378,0.0
214,2022-11-08,0.006042770253111738,0.0001698412698412,0.8148218172377191,1.047194187512414,-0.006306062462004158,0.0
215,2022-11-09,-0.010878665100704963,0.000170238095238,0.8059576435712421,1.047194187512414,-0.017116126021080924,0.0
216,2022-11-10,0.04808313995284854,0.0001698412698412,0.8447106177431462,1.0787608267448012,0.0,0.0
217,2022-11-11,0.005528595303041161,0.0001698412698412,0.8493806808968298,1.0847248587846472,0.0,0.0
218,2022-11-14,-0.008934826996551154,0.0001722222222222,0.8417916114588039,1.0847248587846472,-0.008934826996551015,0.0
219,2022-11-15,0.009165468205299404,0.0001710317460317,0.8495070257091174,1.0848862108871251,0.0,0.0
220,2022-11-16,-0.002075881709538056,0.0001714285714285,0.8477435496123238,1.0848862108871251,-0.0020758817095379856,0.0
221,2022-11-17,-0.0032894506594985367,0.0001714285714285,0.8449549390339659,1.0848862108871251,-0.0053585038585780564,0.0
222,2022-11-18,0.004295386163699115,0.0001722222222222,0.8485843467880417,1.0848862108871251,-0.0010861345382110477,0.0
223,2022-11-21,-0.0013942003493343912,0.000175,0.8474012501953102,1.0848862108871251,-0.0024788205983926614,0.0
224,2022-11-22,0.009925244795361634,0.0001746031746031,0.8558119150433943,1.0929380424705268,0.0,0.0
225,2022-11-23,0.00648303718492746,0.0001746031746031,0.8613601755119245,1.100023600440685,0.0,0.0
226,2022-11-25,0.0018775375055028272,0.000175,0.8629774115471947,1.1020889360074506,0.0,0.0
227,2022-11-28,-0.012723109008148875,0.000175,0.8519976558685095,1.1020889360074506,-0.01272310900814877,0.0
228,2022-11-29,0.0008244551018637845,0.0001738095238095,0.8527000896826662,1.1020889360074506,-0.011909143538418543,0.0
229,2022-11-30,0.021334831044529868,0.0001734126984126,0.8708923020277013,1.112196863644442,0.0,0.0
230,2022-12-01,0.004392036686844032,0.0001718253968253,0.874717292968497,1.117081673072561,0.0,0.0
231,2022-12-02,0.0008677453517221619,0.0001722222222222,0.8754763248335413,1.1180510155018637,0.0,0.0
232,2022-12-05,-0.013647925870133987,0.0001730158730158,0.8635278888511558,1.1180510155018637,-0.01364792587013397,0.0
233,2022-12-06,-0.006389038841409773,0.0001734126984126,0.8580107756286453,1.1180510155018637,-0.019949767583054667,0.0
234,2022-12-07,0.0029422898178178953,0.000170238095238,0.8605352919973555,1.1180510155018637,-0.01706617576326408,0.0
235,2022-12-08,0.0040556777099832846,0.0001698412698412,0.8640253457997632,1.1180510155018637,-0.013079712961918344,0.0
236,2022-12-09,-0.005497556259825719,0.0001710317460317,0.8592753178513136,1.1180510155018637,-0.0185053627638736,0.0
237,2022-12-12,0.0072607103089943155,0.0001738095238095,0.8655142670099011,1.1180510155018637,-0.011379014533070664,0.0
238,2022-12-13,0.009397631262996994,0.000172619047619,0.8736480509441233,1.1180510155018637,-0.0020883190527917206,0.0
239,2022-12-14,-0.0027803642761826206,0.0001718253968253,0.8712189911133217,1.1180510155018637,-0.004862877041282632,0.0
240,2022-12-15,-0.015064593074849312,0.0001722222222222,0.8580944315331187,1.1180510155018637,-0.01985421285233202,0.0
241,2022-12-16,-0.010542937401885714,0.0001710317460317,0.8490475956565583,1.1180510155018637,-0.03018782853095181,0.0
242,2022-12-19,-0.008074677955760428,0.0001734126984126,0.8421918097525188,1.1180510155018637,-0.03801874949314099,0.0
243,2022-12-20,-0.002234681105839749,0.000172619047619,0.8403097796277719,1.1180510155018637,-0.04016847081782071,0.0
244,2022-12-21,0.009944638792796922,0.0001718253968253,0.8486663568602247,1.1180510155018637,-0.030623292958166015,0.0
245,2022-12-22,-0.007171102359170092,0.000172619047619,0.8425804835463961,1.1180510155018637,-0.037574792548958236,0.0
246,2022-12-23,0.002942514387828942,0.0001722222222222,0.8450597887421353,1.1180510155018637,-0.0347428425288242,0.0
247,2022-12-27,-0.00403360340940152,0.0001769841269841,0.8416511526971169,1.1180510155018637,-0.0386363070901492,0.0
248,2022-12-28,-0.009641758100096397,0.0001769841269841,0.833536155878144,1.1180510155018637,-0.04790554326340124,0.0
249,2022-12-29,0.013657461549951228,0.0001765873015873,0.8449201438775439,1.1180510155018637,-0.03490234982859952,0.0
250,2022-12-30,-0.00577812710465468,0.0001753968253968,0.8400380878929363,1.1180510155018637,-0.040478806719693505,1.0
251,2023-01-03,0.0035609688173894884,0.0001797619047619,0.8430294373293425,1.0035609688173894,0.0,0.0
252,2023-01-04,0.009840536214922153,0.0001805555555555,0.8513252990376273,1.0134365468749194,0.0,0.0
253,2023-01-05,-0.007150809095890221,0.0001849206349206,0.8452376343457075,1.0134365468749194,-0.007150809095890276,0.0
254,2023-01-06,0.02001486820176923,0.0001853174603174,0.8621549541963122,1.0263284089401845,0.0,0.0
255,2023-01-09,0.0012613781983493264,0.0001865079365079,0.8632424576591342,1.027622997219568,0.0,0.0
256,2023-01-10,0.003532819406964341,0.0001876984126984,0.866292137366468,1.0312534036871883,0.0,0.0
257,2023-01-11,0.007422023720405011,0.0001873015873015,0.8727217781588024,1.038907390911103,0.0,0.0
258,2023-01-12,0.00968557295902139,0.0001849206349206,0.8811745886140863,1.048969804243439,0.0,0.0
259,2023-01-13,0.0027047183281985925,0.0001853174603174,0.8835579176742536,1.051806972098703,0.0,0.0
260,2023-01-17,-0.0026652523004473106,0.0001869047619047,0.8812030129015939,1.051806972098703,-0.0026652523004473405,0.0
261,2023-01-18,-0.004377199353156029,0.0001861111111111,0.8773458116435219,1.051806972098703,-0.007030785312957755,0.0
262,2023-01-19,-0.0016823623335158009,0.0001869047619047,0.875869798096545,1.051806972098703,-0.008701319318088041,0.0
263,2023-01-20,0.005517224466450988,0.0001873015873015,0.8807021683760287,1.051806972098703,-0.0032321019834693487,0.0
264,2023-01-23,0.004694605049372167,0.0001876984126984,0.8848367172226798,1.0533292834877424,0.0,0.0
265,2023-01-24,0.0010860067685220954,0.0001873015873015,0.8857976558866205,1.0544732062190927,0.0,0.0
266,2023-01-25,0.0034572475416629654,0.0001873015873015,0.8888600776548454,1.0581187811190431,0.0,0.0
267,2023-01-26,0.0008760965895900751,0.0001869047619047,0.8896388049375015,1.0590457953745627,0.0,0.0
268,2023-01-27,-0.000586903879840916,0.0001876984126984,0.8891166724712266,1.0590457953745627,-0.0005869038798409498,0.0
269,2023-01-30,-0.00674304603100848,0.0001873015873015,0.883121317821816,1.0590457953745627,-0.00732599239097198,0.0
270,2023-01-31,0.01044843083611863,0.0001865079365079,0.8923485498309791,1.062271535888632,0.0,0.0
271,2023-02-01,0.010034762823533699,0.0001849206349206,0.9013030558844572,1.0729311788054654,0.0,0.0
272,2023-02-02,0.001975747855203101,0.0001849206349206,0.9030838034640091,1.0750510202807708,0.0,0.0
273,2023-02-03,-0.011862184550404302,0.0001865079365079,0.8923712567228379,1.0750510202807708,-0.011862184550404331,0.0
274,2023-02-06,-0.007196658229051497,0.0001869047619047,0.8859491657747744,1.0750510202807708,-0.018973474691396652,0.0
275,2023-02-07,0.0038731216483682946,0.0001869047619047,0.8893805546680905,1.0750510202807708,-0.015173839618600304,0.0
276,2023-02-08,-0.004917704608276632,0.0001873015873015,0.8850068438158876,1.0750510202807708,-0.020016923765859285,0.0
277,2023-02-09,-0.006488373093560398,0.0001892857142857,0.8792645892228558,1.0750510202807708,-0.026375419589841465,0.0
278,2023-02-10,8.940743842719169e-05,0.0001900793650793,0.879343202017478,1.0750510202807708,-0.026288370310117104,0.0
279,2023-02-13,0.006008417614130276,0.000190873015873,0.8846266632013454,1.0750510202807708,-0.020437904203205126,0.0
280,2023-02-14,-0.0014459147303112045,0.0001904761904761,0.8833475684781965,1.0750510202807708,-0.021854267466772215,0.0
281,2023-02-15,-0.0008524061819335349,0.0001900793650793,0.8825945975500298,1.0750510202807708,-0.022688044936015395,0.0
282,2023-02-16,-0.006150542923535115,0.0001920634920634,0.8771661615937181,1.0750510202807708,-0.028699044065320423,0.0
283,2023-02-17,0.0020351931331984673,0.0001920634920634,0.8789513641424678,1.0750510202807708,-0.026722259029532958,0.0
284,2023-02-21,-0.014977224199080862,0.00019285714285709998,0.8657871125016181,1.0750510202807708,-0.04129925796402256,0.0
285,2023-02-22,-0.001096625552497529,0.0001920634920634,0.8648376682310257,1.0750510202807708,-0.042350593694937544,0.0
286,2023-02-23,0.00416495535755447,0.0001920634920634,0.8684396785107394,1.0750510202807708,-0.0383620266694884,0.0
287,2023-02-24,-0.00916723144536729,0.00019285714285709998,0.8604784909814912,1.0750510202807708,-0.047177584537662964,0.0
288,2023-02-27,0.003367783396344958,0.0001940476190476,0.8633763961563307,1.0750510202807708,-0.043968685027203525,0.0
289,2023-02-28,-0.0017568796223731893,0.0001936507936507,0.8618595477594856,1.0750510202807708,-0.04564831696282978,0.0
290,2023-03-01,-0.0004469597442079827,0.00019444444444440004,0.8614743312364759,1.0750510202807708,-0.046074873746964395,0.0
291,2023-03-02,0.00223025601800559,0.0001948412698412,0.8633956395480734,1.0750510202807708,-0.04394737649341185,0.0
292,2023-03-03,0.01178535379470898,0.0001948412698412,0.8735710626249565,1.0750510202807708,-0.032679958079027016,0.0
293,2023-03-06,-0.004647218184671327,0.0001956349206349,0.8695113872971232,1.0750510202807708,-0.0371753053682391,0.0
294,2023-03-07,-0.011221717642955086,0.0002,0.8597539760215407,1.0750510202807708,-0.04797985223106127,0.0
295,2023-03-08,0.0009076337927716032,0.00020079365079360003,0.8605343177836475,1.0750510202807708,-0.04711576657354677,0.0
296,2023-03-09,-0.007711442464862666,0.0002003968253968,0.8538983569030191,1.0750510202807708,-0.054463878515289665,0.0
297,2023-03-10,-0.002147347265987981,0.0001988095238095,0.8520647406008918,1.0750510202807708,-0.05649427292065279,0.0
298,2023-03-13,-0.0003419541464941846,0.0001932539682539,0.8517733735297618,1.0750510202807708,-0.056816908616268424,0.0
299,2023-03-14,0.005764404452082874,0.0001936507936507,0.8566833397563024,1.0750510202807708,-0.05138001980516682,0.0
300,2023-03-15,-0.005282096231429834,0.000188492063492,0.8521582559158469,1.0750510202807708,-0.056390721827612955,0.0
301,2023-03-16,0.007545434423058401,0.0001880952380952,0.8585881601539277,1.0750510202807708,-0.049270779898173744,0.0
302,2023-03-17,-0.003005465097479023,0.000179365079365,0.8560077034054764,1.0750510202807708,-0.052128163386343296,0.0
303,2023-03-20,0.006110812663640053,0.000190873015873,0.86123860611962,1.0750510202807708,-0.04633589616365685,0.0
304,2023-03-21,0.00466781273642666,0.0001896825396825,0.8652587066543674,1.0750510202807708,-0.04188437071349671,0.0
305,2023-03-22,-0.004314633078451178,0.0001900793650793,0.8615254328172186,1.0750510202807708,-0.04601828810059749,0.0
306,2023-03-23,0.002035708210863791,0.0001876984126984,0.8632792472146725,1.0750510202807708,-0.04407625969667006,0.0
307,2023-03-24,0.002147912973906536,0.0001880952380952,0.8651334959098692,1.0750510202807708,-0.042023018692807224,0.0
308,2023-03-27,-0.0005319599401089769,0.0001948412698412,0.8646732795471986,1.0750510202807708,-0.04253262407040914,0.0
309,2023-03-28,0.0005740701443861193,0.0001904761904761,0.8651696626616352,1.0750510202807708,-0.04198297063566425,0.0
310,2023-03-29,0.007395058031789454,0.0001904761904761,0.8715676425243617,1.0750510202807708,-0.034898379108072475,0.0
311,2023-03-30,0.0045762907444008025,0.0001972222222222,0.8755561894599653,1.0750510202807708,-0.030481793492978304,0.0
312,2023-03-31,0.007895353046618087,0.0001924603174603,0.8824690146879034,1.0750510202807708,-0.022827104967481526,1.0
313,2023-04-03,0.004536486901192572,0.00019444444444440004,0.8864723238137434,1.0045364869011926,0.0,0.0
314,2023-04-04,0.0012904440484805767,0.0001936507936507,0.8876162667481516,1.005832785032196,0.0,0.0
315,2023-04-05,-0.0016279241987139236,0.00019285714285709998,0.8861712947483402,1.005832785032196,-0.001627924198713937,0.0
316,2023-04-06,0.001101628623680084,0.0001948412698412,0.8871475264121186,1.005832785032196,-0.0005280889429283286,0.0
317,2023-04-10,-0.002485550874386692,0.0002015873015873,0.884942476102135,1.005832785032196,-0.0030123272253812505,0.0
318,2023-04-11,0.0009494319571543836,0.0002,0.8857826687691897,1.005832785032196,-0.0020657552679600455,0.0
319,2023-04-12,-0.0007132166117636496,0.00019920634920629997,0.8851509138554112,1.005832785032196,-0.0027774985487508674,0.0
320,2023-04-13,0.009821226572041564,0.00020238095238089997,0.8938441815308349,1.0128901600550297,0.0,0.0
321,2023-04-14,-0.005404107333263951,0.00020396825396820002,0.8890137516346288,1.0128901600550297,-0.005404107333263908,0.0
322,2023-04-17,-0.0018938053136652617,0.000206746031746,0.8873301326678616,1.0128901600550297,-0.0072876783197457495,0.0
323,2023-04-18,0.0022992975782095007,0.0002063492063492,0.8893703686929771,1.0128901600550297,-0.005005137282647731,0.0
324,2023-04-19,-0.002727957379799271,0.0002047619047619,0.8869442042323263,1.0128901600550297,-0.007719440861259863,0.0
325,2023-04-20,0.0003572470521592768,0.0002031746031746,0.8872610624347181,1.0128901600550297,-0.007364951556592558,0.0
326,2023-04-21,-0.0007824438758672947,0.00020396825396820002,0.8865668304501205,1.0128901600550297,-0.008141632771218488,0.0
327,2023-04-24,0.0021491493245310907,0.0002063492063492,0.8884721949549341,1.0128901600550297,-0.00600998103125816,0.0
328,2023-04-25,-0.006327507460444067,0.0002031746031746,0.8828503805129596,1.0128901600550297,-0.012299460291889774,0.0
329,2023-04-26,-0.0031850400370031307,0.0002047619047619,0.8800384667043424,1.0128901600550297,-0.015445326055429698,0.0
330,2023-04-27,0.010074083169498593,0.00020555555555549997,0.88890404741028,1.0128901600550297,-0.0055268403851935766,0.0
331,2023-04-28,0.005276778032564722,0.00020238095238089997,0.8935945967607123,1.0128901600550297,-0.00027922626256304817,0.0
332,2023-05-01,-0.004623993696924285,0.0002091269841269,0.8894626209776852,1.0128901600550297,-0.004901928819009194,0.0
333,2023-05-02,0.0002928363021978462,0.0002079365079365,0.8897230879225556,1.0128901600550297,-0.004610527979520218,0.0
334,2023-05-03,9.031663562744049e-05,0.00020873015873009996,0.8898034447184968,1.0128901600550297,-0.00452062775126838,0.0
335,2023-05-04,-0.0027093192301770627,0.00020873015873009996,0.8873926831346433,1.0128901600550297,-0.007217699157746393,0.0
336,2023-05-05,0.0059991653820461776,0.00020873015873009996,0.8927162985995857,1.0128901600550297,-0.0012618339466253792,0.0
337,2023-05-08,-0.001386132067912118,0.0002107142857142,0.891478875910549,1.0128901600550297,-0.0026462169460397256,0.0
338,2023-05-09,-0.0016319047010935799,0.0002099206349206,0.890024067342025,1.0128901600550297,-0.00427380327325888,0.0
339,2023-05-10,0.004449876814309973,0.0002079365079365,0.8939845648034681,1.0130492401703615,0.0,0.0
340,2023-05-11,-0.0005136828624596632,0.0002063492063492,0.893525340253225,1.0130492401703615,-0.0005136828624595635,0.0
341,2023-05-12,-0.00270847004460344,0.0002083333333333,0.8911052536350551,1.0130492401703615,-0.0032207616124175775,0.0
342,2023-05-15,0.001903372143728262,0.000206746031746,0.892801358551954,1.0130492401703615,-0.001323519776623816,0.0
343,2023-05-16,-0.006349488961182351,0.0002075396825396,0.8871325261812997,1.0130492401703615,-0.007664605063594676,0.0
344,2023-05-17,0.004424331801412521,0.00020873015873009996,0.891057494828951,1.0130492401703615,-0.0032741840181101933,0.0
345,2023-05-18,0.0014584940895397576,0.0002107142857142,0.8923570969185991,1.0130492401703615,-0.0018204653066089538,0.0
346,2023-05-19,0.0011388335942117147,0.0002099206349206,0.8933733431586033,1.0130492401703615,-0.0006837049194454714,0.0
347,2023-05-22,9.270571557857595e-05,0.0002142857142857,0.8934561639736597,1.0130492401703615,-0.0005910625872207476,0.0
348,2023-05-23,-0.006284842649683995,0.0002119047619047,0.887840932568695,1.0130492401703615,-0.00687219050154797,0.0
349,2023-05-24,-0.0069565445111783985,0.0002130952380952,0.8816646276024347,1.0130492401703615,-0.013780928313613106,0.0
350,2023-05-25,0.003705524400209741,0.000213492063492,0.8849316573928174,1.0130492401703615,-0.01012646947952689,0.0
351,2023-05-26,0.009600399556908728,0.0002119047619047,0.8934273548843459,1.0130492401703615,-0.000623288075722539,0.0
352,2023-05-30,0.0020717169415625327,0.000220238095238,0.8952782834715152,1.0145152618056987,0.0,0.0
353,2023-05-31,-0.002874864178386156,0.0002190476190476,0.892704480004676,1.0145152618056987,-0.002874864178386116,0.0
354,2023-06-01,0.008037566934819225,0.0002182539682539,0.8998796520157265,1.0197294602281086,0.0,0.0
355,2023-06-02,0.0031217806533985876,0.0002182539682539,0.9026888789037762,1.0229128319287493,0.0,0.0
356,2023-06-05,-0.0011209557617602077,0.0002166666666666,0.9016770046038922,1.0229128319287493,-0.0011209557617601895,0.0
357,2023-06-06,0.0021330785433685854,0.000215873015873,0.9036003524754617,1.0239456994362932,0.0,0.0
358,2023-06-07,-0.008799304755372595,0.0002150793650793,0.895649297596968,1.0239456994362932,-0.008799304755372717,0.0
359,2023-06-08,0.008459835316169392,0.000213492063492,0.9032263431556811,1.0239456994362932,-0.00041391010833047304,0.0
360,2023-06-09,-0.0005393402351785172,0.0002130952380952,0.902739196847344,1.0239456994362932,-0.0009530271051337857,0.0
361,2023-06-12,0.006235533919218108,0.0002142857142857,0.9083682577294935,1.029348614637478,0.0,0.0
362,2023-06-13,0.0015340236220343572,0.0002126984126984,0.9097617160943566,1.03092765972764,0.0,0.0
363,2023-06-14,0.0031002611787382004,0.0002126984126984,0.9125822150246663,1.0341238047291812,0.0,0.0
364,2023-06-15,0.009858280362943702,0.0002115079365079,0.9215787063546156,1.0443184871261955,0.0,0.0
365,2023-06-16,-0.002780186849610445,0.0002119047619047,0.9190165453543274,1.0443184871261955,-0.0027801868496103443,0.0
366,2023-06-20,-0.004232762881319408,0.0002138888888888,0.9151265662338331,1.0443184871261955,-0.00700118185922971,0.0
367,2023-06-21,-0.0026544329988255084,0.0002142857142857,0.9126974240783202,1.0443184871261955,-0.009637030689897186,0.0
368,2023-06-22,-0.001574386474436099,0.0002142857142857,0.9112604855985986,1.0443184871261955,-0.01119624475356129,0.0
369,2023-06-23,-0.004255630711320812,0.0002146825396825,0.907382497490072,1.0443184871261955,-0.01540422838185751,0.0
370,2023-06-26,-0.002103377980296211,0.0002182539682539,0.9054739291251452,1.0443184871261955,-0.01747520544737191,0.0
371,2023-06-27,0.005645483861061351,0.000215873015873,0.9105857675786331,1.0443184871261955,-0.011928377576632565,0.0
372,2023-06-28,0.000566060455858655,0.000215873015873,0.911101214173327,1.0443184871261955,-0.011369069303622581,0.0
373,2023-06-29,-0.0017593553201355862,0.0002166666666666,0.9094982634049892,1.0443184871261955,-0.013108422391193919,0.0
374,2023-06-30,0.009371894832607055,0.0002154761904761,0.9180219854800595,1.0443184871261955,-0.003859378314658546,1.0
375,2023-07-03,-0.0005566686546122448,0.000215873015873,0.9175109514164979,0.9994433313453878,0.0,0.0
376,2023-07-05,-0.004302348124387531,0.000215873015873,0.9135634998955661,0.9994433313453878,-0.004302348124387567,0.0
377,2023-07-06,-0.008759893065749568,0.0002166666666666,0.905560781327709,0.9994433313453878,-0.013024553080635881,0.0
378,2023-07-07,0.0006294004470464399,0.0002166666666666,0.9061307416883043,0.9994433313453878,-0.012403350293121007,0.0
379,2023-07-10,0.0034365337277728687,0.0002174603174603,0.909244690543888,0.9994433313453878,-0.009009441096967885,0.0
380,2023-07-11,0.005146498289337574,0.0002178571428571,0.9139241167883615,0.9994433313453878,-0.003909309880823608,0.0
381,2023-07-12,0.011683478435949232,0.0002170634920634,0.9246019294989523,1.0071675233523432,0.0,0.0
382,2023-07-13,0.009116058042313798,0.0002170634920634,0.9330306543543,1.0163489209535566,0.0,0.0
383,2023-07-14,-0.0032369869714497044,0.0002178571428571,0.930010446282192,1.0163489209535566,-0.0032369869714495847,0.0
384,2023-07-17,0.003062860880258914,0.0002178571428571,0.9328589388963419,1.0163489209535566,-0.00018404053195530956,0.0
385,2023-07-18,0.005969583723220548,0.0002178571428571,0.9384277184340383,1.022227934926099,0.0,0.0
386,2023-07-19,0.0012130152448246348,0.0002178571428571,0.9395660455626648,1.0234679129948498,0.0,0.0
387,2023-07-20,-0.008637074741372774,0.0002178571428571,0.931450943402684,1.0234679129948498,-0.008637074741372763,0.0
388,2023-07-21,-0.0002089788130821847,0.0002182539682539,0.9312562898900874,1.0234679129948498,-0.00884424858882693,0.0
389,2023-07-24,-0.00037474956114049503,0.0002186507936507,0.9309073020041417,1.0234679129948498,-0.009215683771690242,0.0
390,2023-07-25,0.0030487097210002844,0.0002186507936507,0.933745368145112,1.0234679129948498,-0.006195069995390323,0.0
391,2023-07-26,0.001490265848207345,0.0002186507936507,0.9351368969781806,1.0234679129948498,-0.004714036448424275,0.0
392,2023-07-27,-0.007297115593512168,0.0002186507936507,0.9283130949451724,1.0234679129948498,-0.01197675317306035,0.0
393,2023-07-28,0.008840725126014498,0.0002190476190476,0.9365200558484625,1.0234679129948498,-0.0032419112297510377,0.0
394,2023-07-31,0.0013558880799278545,0.000220238095238,0.9377898722288008,1.0234679129948498,-0.0018904188186158466,0.0
395,2023-08-01,-0.006400214936478133,0.0002198412698412,0.9317878154812842,1.0234679129948498,-0.008278534668334836,0.0
396,2023-08-02,-0.011933679905835387,0.0002194444444444,0.920668157951173,1.0234679129948498,-0.020113421191348957,0.0
397,2023-08-03,-0.003503789784060274,0.0002198412698412,0.917442330264834,1.0234679129948498,-0.023546737775716475,0.0
398,2023-08-04,0.001949402536382234,0.0002198412698412,0.9192307946704367,1.0234679129948498,-0.021643237309677654,0.0
399,2023-08-07,0.004646753859449789,0.0002206349206349,0.9235022339132966,1.0234679129948498,-0.017097054246727583,0.0
400,2023-08-08,-0.0030935752158474045,0.0002210317460317,0.9206453102906826,1.0234679129948498,-0.02013773843929323,0.0
401,2023-08-09,-0.003874566209913534,0.000220238095238,0.917078209080115,1.0234679129948498,-0.023934279648305856,0.0
402,2023-08-10,-0.0014035908426721596,0.0002198412698412,0.9157910065038359,1.0234679129948498,-0.025304276555237704,0.0
403,2023-08-11,-0.0037803103047548193,0.0002198412698412,0.9123290323249478,1.0234679129948498,-0.02898892884257631,0.0
404,2023-08-14,0.002898134291686669,0.0002206349206349,0.9149730843788301,1.0234679129948498,-0.026174808359647472,0.0
405,2023-08-15,-0.007244268778691174,0.0002206349206349,0.9083447734303217,1.0234679129948498,-0.033229459791350724,0.0
406,2023-08-16,-0.0064786821032090285,0.0002206349206349,0.9024598964031553,1.0234679129948498,-0.03949285878811015,0.0
407,2023-08-17,-0.005516952452291718,0.0002206349206349,0.897481068064599,1.0234679129948498,-0.044791931016262776,0.0
408,2023-08-18,0.0010458044173062696,0.000220238095238,0.8984196577300297,1.0234679129948498,-0.043792970198272996,0.0
409,2023-08-21,0.004056589011320844,0.0002210317460317,0.9020641770411321,1.0234679129948498,-0.03991403126863158,0.0
410,2023-08-22,-0.0006325113155453748,0.0002210317460317,0.9014936112418054,1.0234679129948498,-0.04052129650775049,0.0
411,2023-08-23,0.011842355974493108,0.0002210317460317,0.9121694194948622,1.0234679129948498,-0.029158808151050097,0.0
412,2023-08-24,-0.009690778717343917,0.0002214285714285,0.9033297874978095,1.0234679129948498,-0.038567015310940644,0.0
413,2023-08-25,0.003510812463485934,0.000222619047619,0.9065012089743949,1.0234679129948498,-0.03519160440548785,0.0
414,2023-08-28,0.005680067673643109,0.0002214285714285,0.9116501971876086,1.0234679129948498,-0.029711427426411974,0.0
415,2023-08-29,0.012573924154924837,0.0002206349206349,0.9231132176228678,1.0234679129948498,-0.01751109250648153,0.0
416,2023-08-30,0.0016596013925642495,0.0002206349206349,0.9246452176043292,1.0234679129948498,-0.015880552547426374,0.0
417,2023-08-31,3.2905095034429766e-05,0.0002206349206349,0.9246756431430876,1.0234679129948498,-0.015848170003482598,0.0
418,2023-09-01,-0.0015541987640546844,0.0002194444444444,0.9232385134013631,1.0234679129948498,-0.01737773756130534,0.0
419,2023-09-05,-0.005533468057570449,0.000220238095238,0.9181298025779377,1.0234679129948498,-0.022815046463167454,0.0
420,2023-09-06,-0.004073617544037849,0.000220238095238,0.9143896929064522,1.0234679129948498,-0.02679572423366494,0.0
421,2023-09-07,-0.0011467987638185198,0.0002194444444444,0.9133410719369787,1.0234679129948498,-0.027911793694056608,0.0
422,2023-09-08,0.000376967800237586,0.000220238095238,0.9136853721117335,1.0234679129948498,-0.027545347741288584,0.0
423,2023-09-11,0.004261104245030434,0.000220238095238,0.917578680729461,1.0234679129948498,-0.023401617094449434,0.0
424,2023-09-12,-0.004710235699543049,0.0002206349206349,0.9132566688703495,1.0234679129948498,-0.028001625661727148,0.0
425,2023-09-13,0.0006638679260501349,0.000220238095238,0.913862950681064,1.0234679129948498,-0.027356347116830992,0.0
426,2023-09-14,0.0046156221522886546,0.000220238095238,0.9180809967603833,1.0234679129948498,-0.022866991526300562,0.0
427,2023-09-15,-0.006273523650216724,0.0002206349206349,0.9123213939143926,1.0234679129948498,-0.02899705856436774,0.0
428,2023-09-18,0.0015738506942637096,0.000220238095238,0.9137572515735964,1.0234679129948498,-0.027468844910857104,0.0
429,2023-09-19,-0.0016295646435914195,0.0002198412698412,0.9122682250636068,1.0234679129948498,-0.02905364729598159,0.0
430,2023-09-20,-0.004840113825433548,0.0002206349206349,0.9078527430149727,1.0234679129948498,-0.03375313816145853,0.0
431,2023-09-21,-0.013423722013847367,0.0002210317460317,0.8956659801632308,1.0234679129948498,-0.046723767431531615,0.0
432,2023-09-22,0.0023781006931531345,0.0002206349206349,0.8977959640514908,1.0234679129948498,-0.04445678056209412,0.0
433,2023-09-25,-0.0024925384211759846,0.0002214285714285,0.8955581731167156,1.0234679129948498,-0.04683850874963735,0.0
434,2023-09-26,-0.009265268484730704,0.0002214285714285,0.8872605861990942,1.0234679129948498,-0.055669805875378287,0.0
435,2023-09-27,-0.0025424088517007042,0.0002214285714285,0.8850048070309765,1.0234679129948498,-0.058070679319848884,0.0
436,2023-09-28,0.0042139102894602895,0.0002206349206349,0.8887341378935462,1.0234679129948498,-0.054101473663490385,0.0
437,2023-09-29,-0.0029433832176975643,0.000220238095238,0.8861182527470753,1.0234679129948498,-0.056885615511554244,1.0
438,2023-10-02,-0.005007705794529028,0.0002230158730158,0.8816808332381558,0.994992294205471,0.0,0.0
439,2023-10-03,-0.01087086117148647,0.0002230158730158,0.8720962033024633,0.994992294205471,-0.010870861171486501,0.0
440,2023-10-04,0.006302318046181786,0.000222619047619,0.8775924309425431,0.994992294205471,-0.004637054749843217,0.0
441,2023-10-05,0.0005047564829723562,0.000222619047619,0.8780354014114689,0.994992294205471,-0.00413463885031784,0.0
442,2023-10-06,0.006966681173258415,0.0002234126984126,0.8841523941119366,0.9977814940285403,0.0,0.0
443,2023-10-09,0.008599783516026771,0.0002234126984126,0.891755913296476,1.0063621988734834,0.0,0.0
444,2023-10-10,0.0036963711291319932,0.000222619047619,0.8950521741086178,1.0100820870508491,0.0,0.0
445,2023-10-11,0.005822329917157792,0.000222619047619,0.9002634631593476,1.0159631182050706,0.0,0.0
446,2023-10-12,-0.006349595707051863,0.0002234126984126,0.8945471541384553,1.0159631182050706,-0.006349595707051736,0.0
447,2023-10-13,0.001837028960879642,0.0002230158730158,0.8961904631674801,1.0159631182050706,-0.004524231137375878,0.0
448,2023-10-16,0.002917476300019245,0.000222619047619,0.8988050776040745,1.0159631182050706,-0.0016199541744758017,0.0
449,2023-10-17,-0.002527471657506483,0.0002230158730158,0.8965333732448073,1.0159631182050706,-0.0041433314437197,0.0
450,2023-10-18,-0.007457194013344697,0.000222619047619,0.8898477499410824,1.0159631182050706,-0.011569627830626872,0.0
451,2023-10-19,-0.005113817477867113,0.0002222222222222,0.885297230964793,1.0159631182050706,-0.0166242803434814,0.0
452,2023-10-20,-0.004738287590897055,0.0002214285714285,0.881102438081057,1.0159631182050706,-0.021283797313119246,0.0
453,2023-10-23,0.0012139043979726126,0.0002214285714285,0.8821720122057081,1.0159631182050706,-0.02009572941031057,0.0
454,2023-10-24,0.005572389942697217,0.0002214285714285,0.887087818654252,1.0159631182050706,-0.01463532070807061,0.0
455,2023-10-25,-0.010073328776880773,0.0002218253968253,0.8781518914029818,1.0159631182050706,-0.02456122308770381,0.0
456,2023-10-26,-0.004853311802136336,0.0002218253968253,0.8738899464643674,1.0159631182050706,-0.029295331615953657,0.0
457,2023-10-27,0.00042096228882259376,0.0002218253968253,0.8742578211764099,1.0159631182050706,-0.028886701556980032,0.0
458,2023-10-30,0.004821219262786463,0.0002222222222222,0.8784728098245075,1.0159631182050706,-0.024204751416178394,0.0
459,2023-10-31,0.0015818241977570216,0.0002218253968253,0.8798623993721595,1.0159631182050706,-0.02266121487991224,0.0
460,2023-11-01,0.009825744354101636,0.0002210317460317,0.8885077023751768,1.0159631182050706,-0.013058133829973895,0.0
461,2023-11-02,0.013828803136662392,0.0002198412698412,0.9007947004767315,1.016562628841193,0.0,0.0
462,2023-11-03,0.00798532899732901,0.0002194444444444,0.9079878425190887,1.0246802158788797,0.0,0.0
463,2023-11-06,-0.0023622499446834715,0.0002206349206349,0.9058429482883247,1.0246802158788797,-0.002362249944683481,0.0
464,2023-11-07,0.0026268659156390554,0.000220238095238,0.9082224762541052,1.0249450041667736,0.0,0.0
465,2023-11-08,-0.00010872558816674438,0.0002198412698412,0.9081237292311882,1.0249450041667736,-0.00010872558816676925,0.0
466,2023-11-09,-0.005175637260051387,0.0002198412698412,0.9034236102214425,1.0249450041667736,-0.005283800124012861,0.0
467,2023-11-10,0.007358078493586088,0.0002194444444444,0.9100710720584108,1.0270311769756224,0.0,0.0
468,2023-11-13,0.00033603308085219035,0.000220238095238,0.910376886044549,1.0273762934261528,0.0,0.0
469,2023-11-14,0.017338994052087584,0.0002190476190476,0.9261619054568335,1.0451899648671246,0.0,0.0
470,2023-11-15,-0.002026215761126234,0.0002194444444444,0.9242853016066421,1.0451899648671246,-0.002026215761126382,0.0
471,2023-11-16,0.003524184033939291,0.0002186507936507,0.927542653109369,1.0467481628257547,0.0,0.0
472,2023-11-17,0.0031652375024013462,0.0002182539682539,0.9304785459000676,1.0500613693663006,0.0,0.0
473,2023-11-20,0.004803564625398377,0.0002198412698412,0.9349481597278453,1.055105407014686,0.0,0.0
474,2023-11-21,-0.00021781442710790578,0.0002194444444444,0.9347445145300586,1.055105407014686,-0.00021781442710799848,0.0
475,2023-11-22,0.0019757613143446913,0.0002198412698412,0.936591346580663,1.056959772216761,0.0,0.0
476,2023-11-24,0.0004680556329530337,0.0002198412698412,0.9370297234362052,1.0574544881919519,0.0,0.0
477,2023-11-27,0.0017392085251164994,0.0002178571428571,0.9386594135194929,1.059293622052738,0.0,0.0
478,2023-11-28,0.003568583434531263,0.0002170634920634,0.9420090979532455,1.0630737997247002,0.0,0.0
479,2023-11-29,0.0024822407010050827,0.0002162698412698,0.944347391276902,1.0657126047785488,0.0,0.0
480,2023-11-30,-0.001287156817326384,0.0002162698412698,0.9431318680942956,1.0657126047785488,-0.0012871568173263848,0.0
481,2023-12-01,0.009384116169334869,0.0002154761904761,0.9519823271074943,1.0743287638599388,0.0,0.0
482,2023-12-04,-0.0081632340392243,0.0002166666666666,0.9442110725701105,1.0743287638599388,-0.008163234039224365,0.0
483,2023-12-05,0.0011864153139672317,0.0002162698412698,0.945331299046225,1.0743287638599388,-0.006986503711132741,0.0
484,2023-12-06,0.0003612519235803184,0.0002162698412698,0.9456728017964261,1.0743287638599388,-0.006627775675457248,0.0
485,2023-12-07,0.004961524566789691,0.000215873015873,0.950364780634684,1.0743287638599388,-0.0016991349805044464,0.0
486,2023-12-08,-0.0012293189419579139,0.000215873015873,0.9491964792080801,1.0743287638599388,-0.0029263651436458593,0.0
487,2023-12-11,0.001985964737907076,0.0002170634920634,0.9510815499451329,1.0743287638599388,-0.000946212063724361,0.0
488,2023-12-12,0.004038346467486846,0.0002166666666666,0.9549223467626459,1.0776466276394479,0.0,0.0
489,2023-12-13,0.015023828386004062,0.000215873015873,0.9692689362223681,1.0938370056338589,0.0,0.0
490,2023-12-14,0.005312238433089872,0.0002154761904761,0.9744179239173687,1.099647728614723,0.0,0.0
491,2023-12-15,-0.0031855485826982706,0.000215873015873,0.971313868280878,1.099647728614723,-0.003185548582698261,0.0
492,2023-12-18,0.0024328237089601165,0.0002166666666666,0.9736769036884735,1.099647728614723,-0.0007604747518560329,0.0
493,2023-12-19,0.004778918603106347,0.0002154761904761,0.9783300263569253,1.1040626048769246,0.0,0.0
494,2023-12-20,-0.007067455037835456,0.000215873015873,0.9714157228834834,1.1040626048769246,-0.007067455037835457,0.0
495,2023-12-21,0.007483066232141713,0.0002150793650793,0.9786848910767644,1.1044630759412988,0.0,0.0
496,2023-12-22,0.0007052785100439,0.000215873015873,0.9793751364985455,1.1052420300138972,0.0,0.0
497,2023-12-26,0.0046171181189798485,0.0002162698412698,0.9838970271865513,1.1103450630165324,0.0,0.0
498,2023-12-27,0.00456872382974256,0.000215873015873,0.9883921809806713,1.1154179229651728,0.0,0.0
499,2023-12-28,-0.0020413748243396992,0.0002162698412698,0.9863745020658431,1.1154179229651728,-0.002041374824339637,0.0
500,2023-12-29,-0.0021698979309365783,0.0002142857142857,0.9842341700746818,1.1154179229651728,-0.004206843180268649,1.0
501,2024-01-02,-0.007468979543196636,0.0002166666666666,0.9768829451926789,0.9925310204568034,0.0,0.0
502,2024-01-03,-0.005718834348344932,0.0002174603174603,0.9712963134513987,0.9925310204568034,-0.00571883434834497,0.0
503,2024-01-04,-0.0025021322013223197,0.0002174603174603,0.9688660016684862,0.9925310204568034,-0.00820665727009029,0.0
504,2024-01-05,-0.0004705076808782149,0.0002170634920634,0.9684101427729594,0.9925310204568034,-0.008673303655688636,0.0
505,2024-01-08,0.008553067921496852,0.0002178571428571,0.9766930204999631,0.9925310204568034,-0.00019441908946260522,0.0
506,2024-01-09,-0.0010503471346399614,0.0002170634920634,0.9756671537844581,0.9925310204568034,-0.001244562016568973,0.0
507,2024-01-10,0.0024716539027614163,0.0002166666666666,0.9780786653129055,0.9937458940677611,0.0,0.0
508,2024-01-11,0.0026385718270163136,0.0002166666666666,0.9806593961238059,0.9963679639870615,0.0,0.0
509,2024-01-12,0.0034093475270322916,0.0002162698412698,0.9840028048108416,0.999764928641095,0.0,0.0
510,2024-01-16,-0.007573201884659719,0.0002162698412698,0.9765507529149376,0.999764928641095,-0.007573201884659708,0.0
511,2024-01-17,-0.005633636685437649,0.0002170634920634,0.9710492207681243,0.999764928641095,-0.013164173902133869,0.0
512,2024-01-18,0.006493740096294159,0.0002162698412698,0.9773549620285014,0.999764928641095,-0.006755918529742666,0.0
513,2024-01-19,0.007121762268217767,0.0002162698412698,0.9843154517197314,1.0000825836447473,0.0,0.0
514,2024-01-22,0.0015052470588977644,0.0002166666666666,0.9857970896584604,1.0015879550124336,0.0,0.0
515,2024-01-23,-0.00011044838573283219,0.0002162698412698,0.9856882099612475,1.0015879550124336,-0.00011044838573281979,0.0
516,2024-01-24,0.00020883297951946334,0.000215873015873,0.985894054167011,1.001686472734637,0.0,0.0
517,2024-01-25,0.003836572530687469,0.000215873015873,0.9896765082133963,1.005529515540292,0.0,0.0
518,2024-01-26,-0.001310493146452358,0.000215873015873,0.9883795439321776,1.005529515540292,-0.001310493146452485,0.0
519,2024-01-29,0.006597007500455099,0.0002150793650793,0.9948998911967946,1.0108365686199487,0.0,0.0
520,2024-01-30,-9.166033896330465e-05,0.0002150793650793,0.9948086983355329,1.0108365686199487,-9.166033896346182e-05,0.0
521,2024-01-31,-0.006217183207679259,0.0002150793650793,0.9886237904013879,1.0108365686199487,-0.0063082736775225134,0.0
522,2024-02-01,0.009840208798432885,0.0002150793650793,0.9983520549220357,1.0143440303909408,0.0,0.0
523,2024-02-02,-0.0004915739190451284,0.0002154761904761,0.9978612910898109,1.0143440303909408,-0.0004915739190449742,0.0
524,2024-02-05,-0.005060328311555934,0.0002150793650793,0.9928117853475035,1.0143440303909408,-0.0055494147051812215,0.0
525,2024-02-06,0.003539823145459763,0.000215873015873,0.9963261634843618,1.0143440303909408,-0.0020292355063386003,0.0
526,2024-02-07,0.0030718739134988717,0.0002154761904761,0.9993867518353059,1.0153953014651727,0.0,0.0
527,2024-02-08,-0.001045371963426085,0.000215873015873,0.9983420209443178,1.0153953014651727,-0.0010453719634261338,0.0
528,2024-02-09,0.0024581561916393107,0.000215873015873,1.0007961015644757,1.0168272266838052,0.0,0.0
529,2024-02-12,-0.0007438656916337283,0.0002154761904761,1.0000516436802012,1.0168272266838052,-0.0007438656916336495,0.0
530,2024-02-13,-0.012674788573195267,0.0002162698412698,0.9873762005342782,1.0168272266838052,-0.0134092259244607,0.0
531,2024-02-14,0.006817080109321478,0.0002154761904761,0.9941072231913578,1.0168272266838052,-0.006683557582470301,0.0
532,2024-02-15,0.005614856004236015,0.0002154761904761,0.9996889921023481,1.0168272266838052,-0.0011062287916558944,0.0
533,2024-02-16,-0.0030983022340231965,0.000215873015873,0.996591653464789,1.0168272266838052,-0.00420110359454251,0.0
534,2024-02-20,-0.0003880943456314161,0.000215873015873,0.9962048818791759,1.0168272266838052,-0.004587567515623503,0.0
535,2024-02-21,-0.0008561630765108219,0.000215873015873,0.9953519680426711,1.0168272266838052,-0.005439802886216483,0.0
536,2024-02-22,0.011917473684035111,0.0002162698412698,1.0072140489281722,1.0233479791214182,0.0,0.0
537,2024-02-23,0.0020021934893952715,0.0002166666666666,1.0092306863393636,1.025396919782601,0.0,0.0
538,2024-02-26,-0.0019775685829618887,0.0002170634920634,1.0072348634410977,1.025396919782601,-0.0019775685829620526,0.0
539,2024-02-27,0.0003012803228155209,0.0002162698412698,1.0075383234859063,1.025396919782601,-0.0016768840626476544,0.0
540,2024-02-28,-0.0014756261658690683,0.0002162698412698,1.0060515735726547,1.025396919782601,-0.0031500357745166685,0.0
541,2024-02-29,0.0034435760972586146,0.0002162698412698,1.009515988724019,1.0256867922472337,0.0,0.0
542,2024-03-01,0.010865165718279366,0.0002150793650793,1.0204845472367583,1.0368310492200503,0.0,0.0
543,2024-03-04,0.0007559762349514674,0.0002174603174603,1.0212560093026044,1.0376148688529203,0.0,0.0
544,2024-03-05,-0.0028648069102702343,0.0002170634920634,1.0183303080299992,1.0376148688529203,-0.0028648069102702456,0.0
545,2024-03-06,0.006280591607752588,0.0002170634920634,1.0247260248165326,1.0411404683692072,0.0,0.0
546,2024-03-07,0.008031892205827769,0.0002170634920634,1.0329565137883654,1.0495027963822736,0.0,0.0
547,2024-03-08,-0.0031989554521398406,0.0002166666666666,1.0296521319167586,1.0495027963822736,-0.0031989554521397734,0.0
548,2024-03-11,-0.0015578815465119354,0.0002174603174603,1.028048055861119,1.0495027963822736,-0.0047518534049848515,0.0
549,2024-03-12,0.0037762457052340596,0.0002174603174603,1.0319302179168388,1.0495027963822736,-0.0009935518657632203,0.0
550,2024-03-13,-0.0008754629871590862,0.0002174603174603,1.0310268012057215,1.0495027963822736,-0.0018681450350379603,0.0
551,2024-03-14,-0.004669553461442766,0.0002174603174603,1.026212366437311,1.0495027963822736,-0.0065289750933659185,0.0
552,2024-03-15,-0.004033297193270005,0.0002174603174603,1.0220733469800605,1.0495027963822736,-0.010535938989717053,0.0
553,2024-03-18,0.0024860475083648094,0.0002174603174603,1.0246142698776863,1.0495027963822736,-0.008076084326225974,0.0
554,2024-03-19,0.002729608421772414,0.0002174603174603,1.0274110656178128,1.0495027963822736,-0.005368520452245229,0.0
555,2024-03-20,0.007810943057468879,0.0002170634920634,1.035436114947967,1.0520221167178125,0.0,0.0
556,2024-03-21,0.0018680645940967976,0.0002174603174603,1.0373703764937503,1.0539873619862599,0.0,0.0
557,2024-03-22,-0.0013629178409788926,0.0002166666666666,1.035956525899924,1.0539873619862599,-0.0013629178409789722,0.0
558,2024-03-25,-0.002050834842705333,0.0002166666666666,1.0338319501610804,1.0539873619862599,-0.0034109575642882195,0.0
559,2024-03-26,-0.00039345685407972457,0.0002166666666666,1.033425181894323,1.0539873619862599,-0.0038030723537354483,0.0
560,2024-03-27,0.005815504649903411,0.0002162698412698,1.0394350708449567,1.0560851293814413,0.0,0.0
561,2024-03-28,0.0012839851741233339,0.0002166666666666,1.0407696900653853,1.0574411270301791,0.0,1.0
562,2024-04-01,-0.001788434024349183,0.000215873015873,1.038908342140161,0.9982115659756509,0.0,0.0
563,2024-04-02,-0.002046201610156855,0.0002150793650793,1.0367825262176684,0.9982115659756509,-0.0020462016101568947,0.0
564,2024-04-03,0.003206868510719343,0.0002150793650793,1.04010735145346,0.9993636069360516,0.0,0.0
565,2024-04-04,-0.00759833504465358,0.0002146825396825,1.0322042673147094,0.9993636069360516,-0.00759833504465357,0.0
566,2024-04-05,0.006632874410552393,0.0002154761904761,1.039050748585844,0.9993636069360516,-0.0010158594361816542,0.0
567,2024-04-08,0.0013707040185630581,0.0002154761904761,1.0404749796224215,0.9997168341413314,0.0,0.0
568,2024-04-09,0.002404915715338367,0.0002154761904761,1.0429772342523318,1.0021210688666462,0.0,0.0
569,2024-04-10,-0.01080102257657572,0.0002162698412698,1.031712013598318,1.0021210688666462,-0.01080102257657567,0.0
570,2024-04-11,0.007702157981443736,0.0002162698412698,1.0396584225184058,1.0021210688666462,-0.0031820557773778457,0.0
571,2024-04-12,-0.009759674937880065,0.0002162698412698,1.029511694268197,1.0021210688666462,-0.012910674885236562,0.0
572,2024-04-15,-0.005996970758552645,0.0002162698412698,1.0233377427420827,1.0021210688666462,-0.018830220704029288,0.0
573,2024-04-16,-0.0019082946212623368,0.0002162698412698,1.0213849128318733,1.0021210688666462,-0.020702581716404933,0.0
574,2024-04-17,-0.0033498495437145124,0.0002162698412698,1.0179634270476665,1.0021210688666462,-0.02398308072620292,0.0
575,2024-04-18,-0.0022142502461426584,0.0002166666666666,1.015709401278762,1.0021210688666462,-0.026144226429944295,0.0
576,2024-04-19,-0.006179402709586454,0.0002162698412698,1.0094329238523474,1.0021210688666462,-0.032162073435889615,0.0
577,2024-04-22,0.0022625083222835986,0.0002150793650793,1.0117167742433504,1.0021210688666462,-0.029972332072416563,0.0
578,2024-04-23,0.007464793012887619,0.0002162698412698,1.0192690305507435,1.0021210688666462,-0.022731276314563065,0.0
579,2024-04-24,-0.0013925449008422033,0.0002166666666666,1.0178496526596637,1.0021210688666462,-0.024092166892483724,0.0
580,2024-04-25,-0.002269093193111217,0.0002170634920634,1.015540056941203,1.0021210688666462,-0.026306592713691956,0.0
581,2024-04-26,0.007896514022179677,0.0002166666666666,1.0235592832409242,1.0021210688666462,-0.018617809069751745,0.0
582,2024-04-29,0.0020840680334467316,0.0002162698412698,1.0256924504234641,1.0021210688666462,-0.016572541817040154,0.0
583,2024-04-30,-0.012572660598384558,0.0002166666666666,1.0127967673659646,1.0021210688666462,-0.02893684147190656,0.0
584,2024-05-01,-0.00031401606157940246,0.0002166666666666,1.012478732913896,1.0021210688666462,-0.029241770900492403,0.0
585,2024-05-02,0.007228862492671396,0.0002166666666666,1.0197978024508847,1.0021210688666462,-0.02222429314870289,0.0
586,2024-05-03,0.009380873859993574,0.0002162698412698,1.0293643969983752,1.0021210688666462,-0.013051902579364727,0.0
587,2024-05-06,0.008337591088145375,0.0002162698412698,1.037946816421243,1.0021210688666462,-0.004823132917848527,0.0
588,2024-05-07,0.0006208349120726975,0.0002162698412698,1.038591210041752,1.0021210688666462,-0.004205292375076719,0.0
589,2024-05-08,-0.00131394974764543,0.0002162698412698,1.0372265533834109,1.0021210688666462,-0.005513716579867212,0.0
590,2024-05-09,0.005246289022041975,0.0002166666666666,1.0426681436637966,1.0021210688666462,-0.0002963541085889698,0.0
591,2024-05-10,0.0017238800782901113,0.0002170634920634,1.0444655785049264,1.0035511107546848,0.0,0.0
592,2024-05-13,-0.001539706698432635,0.0002162698412698,1.04285740785742,1.0035511107546848,-0.001539706698432508,0.0
593,2024-05-14,0.005413200139252421,0.000215873015873,1.0485026037228542,1.0074299950616195,0.0,0.0
594,2024-05-15,0.012409624299857657,0.0002162698412698,1.0615141271124775,1.0199318228087417,0.0,0.0
595,2024-05-16,-0.003208262760705633,0.0002162698412698,1.0581085108684996,1.0199318228087417,-0.003208262760705627,0.0
596,2024-05-17,0.0020891905879160534,0.0002166666666666,1.0603191012104,1.0199318228087417,-0.0011257748451526384,0.0
597,2024-05-20,0.002542258430547449,0.0002162698412698,1.0630147063845228,1.021373620438293,0.0,0.0
598,2024-05-21,0.0006500726056790542,0.0002162698412698,1.0637057431245773,1.0220375874491032,0.0,0.0
599,2024-05-22,-0.005307665722971866,0.0002162698412698,1.0580599486124667,1.0220375874491032,-0.0053076657229718105,0.0
600,2024-05-23,-0.006247316432177542,0.0002166666666666,1.051449913309271,1.0220375874491032,-0.011521823487861793,0.0
601,2024-05-24,0.005272603509783008,0.0002166666666666,1.0569937918125465,1.0220375874491032,-0.006309969985039965,0.0
602,2024-05-28,0.001111172286203003,0.0002166666666666,1.0581682940206971,1.0220375874491032,-0.0052058091626112635,0.0
603,2024-05-29,-0.008112272344272418,0.0002166666666666,1.0495841446335272,1.0220375874491032,-0.0132758505651841,0.0
604,2024-05-30,-0.00047023491688423394,0.0002166666666666,1.0490905935205124,1.0220375874491032,-0.013739842713581307,0.0
605,2024-05-31,0.0028137896474403107,0.0002166666666666,1.0520425137717873,1.0220375874491032,-0.010964714093326,0.0
606,2024-06-03,0.004601502943856766,0.0002190476190476,1.0568834904959707,1.0220375874491032,-0.006413665313648065,0.0
607,2024-06-04,0.0002929406824961259,0.0002190476190476,1.0571930946669954,1.0220375874491032,-0.006122603454646325,0.0
608,2024-06-05,0.010455942048758956,0.0002186507936507,1.0682470443991816,1.026400993991351,0.0,0.0
609,2024-06-06,0.0012240258191869857,0.0002186507936507,1.0695546063627963,1.0276573353088354,0.0,0.0
610,2024-06-07,-0.009963106808039933,0.0002190476190476,1.0588985195825726,1.0276573353088354,-0.009963106808039912,0.0
611,2024-06-10,0.0027534155613696677,0.0002190476190476,1.0618141072443028,1.0276573353088354,-0.007237123819994973,0.0
612,2024-06-11,0.0015943223607281125,0.0002190476190476,1.063506981218419,1.0276573353088354,-0.005654339767600436,0.0
613,2024-06-12,0.007752185770709311,0.0002186507936507,1.0717514849052705,1.0297681563323955,0.0,0.0
614,2024-06-13,-0.00012752705806246974,0.0002186507936507,1.0716148075914265,1.0297681563323955,-0.00012752705806240439,0.0
615,2024-06-14,0.0016288664322278523,0.0002186507936507,1.0733603249797905,1.0313139739036383,0.0,0.0
616,2024-06-17,0.002687840252011271,0.0002190476190476,1.076245346066183,1.0340859811151581,0.0,0.0
617,2024-06-18,0.003581121422600101,0.0002182539682539,1.0800995113309542,1.03778916857494,0.0,0.0
618,2024-06-20,-0.0011740607642016158,0.0002182539682539,1.0788314088732671,1.03778916857494,-0.0011740607642015677,0.0
619,2024-06-21,-0.004537519896357016,0.0002178571428571,1.0739361898906898,1.03778916857494,-0.005706253336481337,0.0
620,2024-06-24,-0.0009371259176845334,0.0002182539682539,1.0729297764532038,1.03778916857494,-0.006638031776271536,0.0
621,2024-06-25,0.0025988439040015477,0.0002178571428571,1.0757181534621607,1.03778916857494,-0.004056439080686314,0.0
622,2024-06-26,-0.004075278315788601,0.0002182539682539,1.0713343025974562,1.03778916857494,-0.008115186278250142,0.0
623,2024-06-27,0.0029188453536265675,0.0002178571428571,1.0744613617487737,1.03778916857494,-0.005220027898385604,0.0
624,2024-06-28,-0.003391642508106377,0.0002174603174603,1.0708171729209486,1.03778916857494,-0.008593965937978454,1.0
625,2024-07-01,0.00010335936892596834,0.0002170634920634,1.0709278519081766,1.000103359368926,0.0,0.0
626,2024-07-02,0.0049442377583187435,0.0002170634920634,1.076222773830016,1.0050481081605391,0.0,0.0
627,2024-07-03,0.008284916141966983,0.0002170634920634,1.0851391892612727,1.0133748474552917,0.0,0.0
628,2024-07-05,0.007169904152924738,0.0002166666666666,1.0929195332408586,1.020640647982531,0.0,0.0
629,2024-07-08,-0.0015122400904499635,0.0002166666666666,1.0912667765070558,1.020640647982531,-0.0015122400904498123,0.0
630,2024-07-09,-0.00023735903816628765,0.0002166666666666,1.0910077544746013,1.020640647982531,-0.001749240184762746,0.0
631,2024-07-10,0.006857687833170851,0.0002166666666666,1.0984895450783567,1.0258422939575433,0.0,0.0
632,2024-07-11,-0.0016411429703943779,0.000215873015873,1.0966867666833997,1.0258422939575433,-0.0016411429703944158,0.0
633,2024-07-12,0.004477297278000506,0.0002154761904761,1.1015969593586905,1.0287442032273184,0.0,0.0
634,2024-07-15,-0.0007075452136280598,0.0002154761904761,1.1008175297027492,1.0287442032273184,-0.0007075452136279248,0.0
635,2024-07-16,0.006656645125530545,0.0002154761904761,1.1081452813459436,1.034859460017038,0.0,0.0
636,2024-07-17,-0.012862563738653948,0.0002154761904761,1.093891692032943,1.034859460017038,-0.012862563738653798,0.0
637,2024-07-18,-0.006062054823319558,0.0002154761904761,1.0872604606250653,1.034859460017038,-0.018846644995421102,0.0
638,2024-07-19,-0.007399313640615177,0.0002154761904761,1.0792154794678608,1.034859460017038,-0.02610650639864187,0.0
639,2024-07-22,0.007408634482972094,0.0002154761904761,1.0872109924836035,1.034859460017038,-0.01889128547920471,0.0
640,2024-07-23,-0.0009796805268234658,0.0002146825396825,1.086145873045719,1.034859460017038,-0.01985245858151763,0.0
641,2024-07-24,-0.016898063394880338,0.0002142857142857,1.0677921112269049,1.034859460017038,-0.03641505387274324,0.0
642,2024-07-25,-0.0062053616291420826,0.0002138888888888,1.061166075031997,1.034859460017038,-0.042394446923860296,0.0
643,2024-07-26,0.009610835601388125,0.000213492063492,1.0713647677248999,1.034859460017038,-0.03319105738226913,0.0
644,2024-07-29,-0.0005435344608108532,0.0002146825396825,1.0707824440535427,1.034859460017038,-0.03371655135960194,0.0
645,2024-07-30,-0.002346249894400278,0.0002142857142857,1.0682701208572565,1.034859460017038,-0.03598369379893518,0.0
646,2024-07-31,0.017564497910802366,0.0002146825396825,1.0870337491632263,1.034859460017038,-0.019051231402687274,0.0
647,2024-08-01,-0.012366631051404137,0.0002130952380952,1.0735908038469,1.034859460017038,-0.031182262904259517,0.0
648,2024-08-02,-0.009808512251155154,0.0002099206349206,1.0630604752946402,1.034859460017038,-0.04068492354769948,0.0
649,2024-08-05,-0.016355320407125867,0.0002123015873015,1.0456737806090448,1.034859460017038,-0.05637482899446333,0.0
650,2024-08-06,0.0021190974873017943,0.0002119047619047,1.0478896652900709,1.034859460017038,-0.05437519526563084,0.0
651,2024-08-07,-0.004884153124210183,0.0002119047619047,1.0427716117075168,1.034859460017038,-0.05899377161000485,0.0
652,2024-08-08,0.017510079094957515,0.0002119047619047,1.0610306251064918,1.034859460017038,-0.04251667812204829,0.0
653,2024-08-09,0.0050860186991641505,0.0002115079365079,1.0664270467061692,1.034859460017038,-0.037646900042839215,0.0
654,2024-08-12,0.003861484611632989,0.0002115079365079,1.070545038336454,1.034859460017038,-0.0339307883563974,0.0
655,2024-08-13,0.012524022372855948,0.0002111111111111,1.0839525683477298,1.034859460017038,-0.021831715936045604,0.0
656,2024-08-14,0.0017899203409378992,0.0002111111111111,1.0858927570984274,1.034859460017038,-0.020080872627539104,0.0
657,2024-08-15,0.010185124659352835,0.0002119047619047,1.0969527101961631,1.034859460017038,-0.010100274159166478,0.0
658,2024-08-16,0.005194096497050454,0.0002115079365079,1.1026503884256231,1.034859460017038,-0.004958639460745262,0.0
659,2024-08-19,0.006592770147182177,0.0002107142857142,1.1099199089892144,1.036516724850053,0.0,0.0
660,2024-08-20,0.00024710604713575166,0.0002099206349206,1.110194176910562,1.0367728544007209,0.0,0.0
661,2024-08-21,0.0037715262722328577,0.00020873015873009996,1.1143813034160603,1.040683070459431,0.0,0.0
662,2024-08-22,-0.008320192505838285,0.0002095238095238,1.1051094364467318,1.040683070459431,-0.008320192505838375,0.0
663,2024-08-23,0.010084591553959186,0.0002083333333333,1.116254013735723,1.042431931392016,0.0,0.0
664,2024-08-26,-0.0035261887289146864,0.0002079365079365,1.1123178914138825,1.042431931392016,-0.0035261887289145255,0.0
665,2024-08-27,0.002216247339868697,0.0002075396825396,1.114783062981817,1.042431931392016,-0.0013177562954361788,0.0
666,2024-08-28,-0.005784106428446042,0.000206746031746,1.108335039100901,1.042431931392016,-0.007094240681222774,0.0
667,2024-08-29,0.0003968380183358755,0.00020714285714280002,1.10877486858147,1.042431931392016,-0.006700217927300467,0.0
668,2024-08-30,0.0032318925887018907,0.000206746031746,1.1123583098617773,1.042431931392016,-0.0034899797232604834,0.0
669,2024-09-03,-0.013005501050001714,0.0002059523809523,1.0978915326948917,1.042431931392016,-0.016450091838306924,0.0
670,2024-09-04,0.0002648151240170941,0.00020555555555549997,1.0981822709772795,1.042431931392016,-0.016189632947400168,0.0
671,2024-09-05,0.0012531346705594558,0.000204365079365,1.099558441255635,1.042431931392016,-0.014956786067190642,0.0
672,2024-09-06,-0.012532227126031924,0.0002035714285714,1.0857785251314735,1.042431931392016,-0.027301571353153253,0.0
673,2024-09-09,0.008292217457755614,0.0002027777777777,1.094782036772825,1.042431931392016,-0.019235744461996496,0.0
674,2024-09-10,0.0028180077151422674,0.00020079365079360003,1.0978671409988499,1.042431931392016,-0.016471943223154595,0.0
675,2024-09-11,0.007369252409257592,0.00020238095238089997,1.1059576010727004,1.042431931392016,-0.00922407672117942,0.0
676,2024-09-12,0.00786584522293599,0.00020079365079360003,1.114656892385868,1.042431931392016,-0.0014307866580566264,0.0
677,2024-09-13,0.004996054397928319,0.0001972222222222,1.1202257788552537,1.0461410287243798,0.0,0.0
678,2024-09-16,0.0021370240436728908,0.0001968253968253,1.1226197282790096,1.0483766572558364,0.0,0.0
679,2024-09-17,-0.001800246248978476,0.0001964285714285,1.120598736324146,1.0483766572558364,-0.0018002462489784543,0.0
680,2024-09-18,-0.004211578830829612,0.0001920634920634,1.1158792464083889,1.0483766572558364,-0.0060042432008153845,0.0
681,2024-09-19,0.0137435173533104,0.0001904761904761,1.1312153521956017,1.0564038201870634,0.0,0.0
682,2024-09-20,0.000782448931629346,0.000188492063492,1.1321004704393698,1.0572304022275378,0.0,0.0
683,2024-09-23,0.0021256303037944574,0.0001873015873015,1.1345068975062755,1.0594776832086055,0.0,0.0
684,2024-09-24,0.004549432143255379,0.0001861111111111,1.1396682596525354,1.0642977050356563,0.0,0.0
685,2024-09-25,-0.002238552521183481,0.0001861111111111,1.1371170523965775,1.0642977050356563,-0.0022385525211833235,0.0
686,2024-09-26,0.005908384200764885,0.0001857142857142,1.1438355768233777,1.0681894218256243,0.0,0.0
687,2024-09-27,-0.003089486793721884,0.0001857142857142,1.1403017119145926,1.0681894218256243,-0.003089486793722007,0.0
688,2024-09-30,-0.0010420909120482773,0.0001876984126984,1.1391134138636132,1.0681894218256243,-0.004128358179659619,1.0
689,2024-10-01,-0.0010214444470425623,0.0001869047619047,1.1379498727924706,0.9989785555529574,0.0,0.0
690,2024-10-02,-0.0009450093655481882,0.0001861111111111,1.1368744995051574,0.9989785555529574,-0.0009450093655481995,0.0
691,2024-10-03,-0.003969355395795366,0.0001857142857142,1.1323618405762044,0.9989785555529574,-0.004910613683319354,0.0
692,2024-10-04,0.0018438689661479742,0.0001876984126984,1.134449767432493,0.9989785555529574,-0.003075799245346733,0.0
693,2024-10-07,-0.006540363655650396,0.0001892857142857,1.1270300534044164,0.9989785555529574,-0.009596046055400764,0.0
694,2024-10-08,0.003090460722596876,0.000188492063492,1.130513095517649,0.9989785555529574,-0.006535241536230418,0.0
695,2024-10-09,0.0016385775098685888,0.000188492063492,1.1323655288505763,0.9989785555529574,-0.004907372526164688,0.0
696,2024-10-10,-0.00027926648475359595,0.000188492063492,1.132049297109878,0.9989785555529574,-0.005185268546243571,0.0
697,2024-10-11,0.0049548004184234275,0.0001876984126984,1.1376583754408738,0.9989785555529574,-0.0002561600985826473,0.0
698,2024-10-14,0.003139148695109689,0.0001876984126984,1.1412296542456197,1.001857796033521,0.0,0.0
699,2024-10-15,-0.003637725644469673,0.0001876984126984,1.1370781738661413,1.001857796033521,-0.003637725644469625,0.0
700,2024-10-16,0.003578924636536239,0.0001873015873015,1.1411476909562586,1.001857796033521,-7.18201538633112e-05,0.0
701,2024-10-17,-0.0006777134776254068,0.0001880952380952,1.1403743197861365,1.001857796033521,-0.0007494849580024221,0.0
702,2024-10-18,0.00366135353602307,0.0001876984126984,1.1445496333342753,1.0047723250420022,0.0,0.0
703,2024-10-21,-0.0053423422765340525,0.0001876984126984,1.138435057440522,1.0047723250420022,-0.005342342276534073,0.0
704,2024-10-22,1.4919910000699317e-05,0.0001873015873015,1.1384520427891207,1.0047723250420022,-0.005327502073799284,0.0
705,2024-10-23,-0.006892840814863358,0.0001876984126984,1.1306048740828192,1.0047723250420022,-0.012183621264927114,0.0
706,2024-10-24,0.0028339565271917754,0.0001865079365079,1.133808959145401,1.0047723250420022,-0.009384192590743967,0.0
707,2024-10-25,-0.0017048135411391358,0.0001876984126984,1.131876026278785,1.0047723250420022,-0.0110730078332818,0.0
708,2024-10-28,0.0017083447852561215,0.0001865079365079,1.1338096607858348,1.0047723250420022,-0.009383579563214783,0.0
709,2024-10-29,0.002039437408653738,0.0001865079365079,1.1361219946223342,1.0047723250420022,-0.007363279377749499,0.0
710,2024-10-30,-0.002292331746774755,0.0001853174603174,1.1335176261058524,1.0047723250420022,-0.009638732045446297,0.0
711,2024-10-31,-0.00961187997910778,0.0001841269841269,1.1226223907295199,1.0047723250420022,-0.019157965688982426,0.0
712,2024-11-01,-0.0007825778200969888,0.0001829365079365,1.1217438513461908,1.0047723250420022,-0.01992555091005299,0.0
713,2024-11-04,0.0014705085678135667,0.0001845238095238,1.1233933852904876,1.0047723250420022,-0.018484343035571116,0.0
714,2024-11-05,0.0073736216439822975,0.0001841269841269,1.1316768630709721,1.0047723250420022,-0.011247017943470494,0.0
715,2024-11-06,-0.0004440464598788451,0.0001841269841269,1.1311743459661987,1.0047723250420022,-0.011686070204847354,0.0
716,2024-11-07,0.010174410459006987,0.0001837301587301,1.1426833780627574,1.0047723250420022,-0.0016305586207573386,0.0
717,2024-11-08,0.000274518149444309,0.0001837301587301,1.142997065389104,1.0047723250420022,-0.0013564880892480424,0.0
718,2024-11-11,-0.004251408956234439,0.0001837301587301,1.1381377174283591,1.0047723250420022,-0.005602130059870869,0.0
719,2024-11-12,-0.007350170940578853,0.0001837301587301,1.1297722106513404,1.0047723250420022,-0.012911124386878359,0.0
720,2024-11-13,-0.0031133270911999386,0.0001825396825396,1.1262548602210347,1.0047723250420022,-0.015984254924746644,0.0
721,2024-11-14,-0.0035441431786556107,0.0001829365079365,1.1222632517407547,1.0047723250420022,-0.01947174761534487,0.0
722,2024-11-15,-0.005965424850239157,0.0001825396825396,1.11556847465031,1.0047723250420022,-0.025321015218481846,0.0
723,2024-11-18,0.005794952266632194,0.0001837301587301,1.1220331407110684,1.0047723250420022,-0.01967279702638336,0.0
724,2024-11-19,0.0026466242959466324,0.0001833333333333,1.1250027408821317,1.0047723250420022,-0.01707823923301588,0.0
725,2024-11-20,0.0010753242422635479,0.0001833333333333,1.1262124836020153,1.0047723250420022,-0.016021279635414776,0.0
726,2024-11-21,0.0040725524315622826,0.0001837301587301,1.1307990429905646,1.0047723250420022,-0.01201397470518828,0.0
727,2024-11-22,0.004340625172357854,0.0001837301587301,1.1357074177814477,1.0047723250420022,-0.007725497693855887,0.0
728,2024-11-25,0.0008886726159217414,0.0001833333333333,1.1367166898633294,1.0047723250420022,-0.006843690516178946,0.0
729,2024-11-26,0.0013031777139110958,0.0001829365079365,1.1381980337205901,1.0047723250420022,-0.0055494313472294055,0.0
730,2024-11-27,0.0008813903907685842,0.0001825396825396,1.139201230530303,1.0047723250420022,-0.004672932171924549,0.0
731,2024-11-29,0.006651415134535394,0.000181746031746,1.1467785308363336,1.0067290200250754,0.0,0.0
732,2024-12-02,-0.0006002844163860442,0.0001789682539682,1.1460901375552266,1.0067290200250754,-0.0006002844163860432,0.0
733,2024-12-03,8.646542333542897e-05,0.0001781746031746,1.146189234724151,1.0067290200250754,-0.0005138708968966954,0.0
734,2024-12-04,0.0040075822281399835,0.0001773809523809,1.1507826823313168,1.0102441673723461,0.0,0.0
735,2024-12-05,-0.0011886263916725734,0.0001769841269841,1.149414831664018,1.0102441673723461,-0.0011886263916727202,0.0
736,2024-12-06,0.0011625821408239381,0.0001753968253968,1.1507511208197088,1.0102441673723461,-2.7426126663954165e-05,0.0
737,2024-12-09,-0.002607812418425326,0.0001753968253968,1.1477501777563182,1.0102441673723461,-0.002635167022895457,0.0
738,2024-12-10,-0.0012468569834066484,0.000175,1.1463190974319766,1.0102441673723461,-0.003878738329897269,0.0
739,2024-12-11,0.003784498509406006,0.0001738095238095,1.1506573403475115,1.0102441673723461,-0.00010891889991926362,0.0
740,2024-12-12,-0.00685525969971771,0.000172619047619,1.142769285454043,1.0102441673723461,-0.006963431932291764,0.0
741,2024-12-13,-0.003483017387645897,0.0001722222222222,1.138789000162739,1.0102441673723461,-0.010422195565439774,0.0
742,2024-12-16,0.0011862640065802299,0.0001734126984126,1.1401399045647216,1.0102441673723461,-0.009248295034328224,0.0
743,2024-12-17,-0.002727525628601624,0.0001738095238095,1.1370301437548298,1.0102441673723461,-0.011950595701202937,0.0
744,2024-12-18,-0.02056891420922535,0.0001730158730158,1.1136426682746334,1.0102441673723461,-0.03227369913270117,0.0
745,2024-12-19,-0.0017105840516086076,0.000172619047619,1.111737688887092,1.0102441673723461,-0.03392907630928699,0.0
746,2024-12-20,0.006575958845173995,0.0001722222222222,1.1190484301758423,1.0102441673723461,-0.027576233673577644,0.0
747,2024-12-23,0.0009816970914013905,0.0001730158730158,1.1201469967648832,1.0102441673723461,-0.026621608090565463,0.0
748,2024-12-24,0.005451511161266912,0.0001746031746031,1.1262534906200066,1.0102441673723461,-0.021315224922935028,0.0
749,2024-12-26,0.002069394547274851,0.000172619047619,1.128584153452345,1.0102441673723461,-0.01928993998588957,0.0
750,2024-12-27,-0.005713836440182871,0.0001710317460317,1.122135608190536,1.0102441673723461,-0.024893556864052035,0.0
751,2024-12-30,-0.004757747706900899,0.0001734126984126,1.1167967700738357,1.0102441673723461,-0.029532867307866417,0.0
752,2024-12-31,-0.0006747575323100142,0.0001734126984126,1.1160432030411689,1.0102441673723461,-0.030187697315509743,1.0
753,2025-01-02,0.0020813245054394826,0.0001730158730158,1.1183660511087876,1.0020813245054394,0.0,0.0
754,2025-01-03,0.005023012540461536,0.0001722222222222,1.1239836178083336,1.0071147915649925,0.0,0.0
755,2025-01-06,0.001432345900543615,0.000172619047619,1.1255935511355795,1.0085573283080675,0.0,0.0
756,2025-01-07,-0.006288668945669753,0.000172619047619,1.118515065925107,1.0085573283080675,-0.0062886689456697065,0.0
757,2025-01-08,0.0017162758686142844,0.000172619047619,1.1204347463414357,1.0085573283080675,-0.004583186167812614,0.0
758,2025-01-10,-0.008691779291007796,0.0001730158730158,1.1106961748162596,1.0085573283080675,-0.013235129416200309,0.0
759,2025-01-13,-0.00277468923396476,0.0001734126984126,1.1076143380977912,1.0085573283080675,-0.015973095279063654,0.0
760,2025-01-14,0.004680988401096522,0.0001730158730158,1.1127990679673152,1.0085573283080675,-0.011366876751698007,0.0
761,2025-01-15,0.013228024218373421,0.000172619047619,1.1275192009885702,1.010282754212498,0.0,0.0
762,2025-01-16,0.002137253744244779,0.0001722222222222,1.1299289956225909,1.0124419848116846,0.0,0.0
763,2025-01-17,0.005007668221050923,0.0001722222222222,1.1355873051460141,1.0175119583646837,0.0,0.0
764,2025-01-21,0.009792148784869704,0.0001730158730158,1.1467071449962132,1.027475586851375,0.0,0.0
765,2025-01-22,0.0023180649263236184,0.0001730158730158,1.1493652866097936,1.029857341971909,0.0,0.0
766,2025-01-23,0.001994884199268637,0.0001730158730158,1.1516581372592396,1.0319117881109097,0.0,0.0
767,2025-01-24,0.0012175318670569547,0.000172619047619,1.1530603177413081,1.0331681735969263,0.0,0.0
768,2025-01-27,-0.01157747024048839,0.0001714285714285,1.13971079622717,1.0331681735969263,-0.011577470240488275,0.0
769,2025-01-28,0.005694611585450046,0.0001710317460317,1.1462010065314279,1.0331681735969263,-0.005948787851199899,0.0
770,2025-01-29,-0.0016250811508106207,0.0001710317460317,1.1443383368806734,1.0331681735969263,-0.007564201739003407,0.0
771,2025-01-30,0.009324102374799133,0.0001706349206349,1.1550082646851563,1.0349135782000278,0.0,0.0
772,2025-01-31,-0.0038317933079298366,0.0001710317460317,1.150582511745932,1.0349135782000278,-0.0038317933079298205,0.0
773,2025-02-03,-0.0011312733560441858,0.0001722222222222,1.1492808884064634,1.0349135782000278,-0.0049587318582989814,0.0
774,2025-02-04,0.007230800903145597,0.0001718253968253,1.1575911096923208,1.0372278658549559,0.0,0.0
775,2025-02-05,0.00599100969084285,0.0001718253968253,1.164526249248521,1.0434419080509052,0.0,0.0
776,2025-02-06,0.002121465299146154,0.0001722222222222,1.1669967512762467,1.04565553385051,0.0,0.0
777,2025-02-07,-0.004039419666838012,0.000172619047619,1.1622827616480054,1.04565553385051,-0.004039419666837962,0.0
778,2025-02-10,0.00774281154702495,0.000172619047619,1.1712820980358016,1.0494953016550876,0.0,0.0
779,2025-02-11,-0.0024791689686316336,0.000172619047619,1.1683782918048375,1.0494953016550876,-0.002479168968631762,0.0
780,2025-02-12,-0.0015830776200107784,0.000172619047619,1.166528658279375,1.0494953016550876,-0.00405832187173194,0.0
781,2025-02-13,0.008736080174055843,0.0001722222222222,1.1767195461634374,1.054367378392636,0.0,0.0
782,2025-02-14,0.0002632157729077623,0.0001722222222222,1.1770292773082764,1.0546449045170683,0.0,0.0
783,2025-02-18,0.0036619135978101553,0.0001722222222222,1.1813394568238724,1.0585069230337805,0.0,0.0
784,2025-02-19,0.0006484075359627844,0.0001722222222222,1.1821054462302072,1.0591932668995443,0.0,0.0
785,2025-02-20,-0.0014352126083406252,0.0001718253968253,1.1804088735893894,1.0591932668995443,-0.0014352126083405636,0.0
786,2025-02-21,-0.0068556841407727675,0.0001714285714285,1.1723163631950952,1.0591932668995443,-0.008281057384795676,0.0
787,2025-02-24,-0.0034096072426179386,0.0001710317460317,1.1683192248325056,1.0591932668995443,-0.011662429474177949,0.0
788,2025-02-25,-0.001432179231118715,0.0001706349206349,1.1666459823033837,1.0591932668995443,-0.013077906016019436,0.0
789,2025-02-26,0.0030375037775967335,0.0001710317460317,1.1701896738817483,1.0591932668995443,-0.010080126427349345,0.0
790,2025-02-27,-0.012455104838317686,0.0001714285714285,1.1556148388128344,1.0591932668995443,-0.0224096822342309,0.0
791,2025-02-28,0.004915808492518688,0.0001714285714285,1.1612956200515512,1.0591932668995443,-0.01760403544795397,0.0
792,2025-03-03,-0.005146967789650933,0.000172619047619,1.155318468900883,1.0591932668995443,-0.022660395834186553,0.0
793,2025-03-04,-0.0038954316873375675,0.0001722222222222,1.1508180047281602,1.0591932668995443,-0.026467555497543982,0.0
794,2025-03-05,0.008167601005482413,0.000172619047619,1.160217427020705,1.0591932668995443,-0.018516130924956076,0.0
795,2025-03-06,-0.012489975344119074,0.0001722222222222,1.1457263399633992,1.0591932668995443,-0.030774840250354152,0.0
796,2025-03-07,0.001976239765040539,0.0001722222222222,1.1479905699162891,1.0591932668995443,-0.02885941894837918,0.0
797,2025-03-10,-0.015994963283202997,0.0001718253968253,1.1296285029010147,1.0591932668995443,-0.04439277688512833,0.0
798,2025-03-11,-6.608130915067019e-05,0.0001722222222222,1.1295538555706892,1.0591932668995443,-0.04445592466146553,0.0
799,2025-03-12,0.003925741260816893,0.000172619047619,1.1339881917478178,1.0591932668995443,-0.04070470585837982,0.0
800,2025-03-13,-0.0023784502850244245,0.0001722222222222,1.131291057209941,1.0591932668995443,-0.04298634202415352,0.0
801,2025-03-14,0.011308249563283518,0.0001718253968253,1.144083978813582,1.0591932668995443,-0.03216419274429183,0.0
802,2025-03-17,0.007799118254040426,0.0001722222222222,1.153006825056902,1.0591932668995443,-0.024615926833009727,0.0
803,2025-03-18,-0.0037875573456064866,0.0001722222222222,1.1486397455871233,1.0591932668995443,-0.028310249944121013,0.0
804,2025-03-19,0.007698609505655431,0.0001718253968253,1.157482674451074,1.0591932668995443,-0.02082958999779272,0.0
805,2025-03-20,-0.002702805168762541,0.0001718253968253,1.1543542242958145,1.0591932668995443,-0.02347609684304608,0.0
806,2025-03-21,-0.0015653484153193905,0.0001718253968253,1.1525472577400957,1.0591932668995443,-0.025004696987374286,0.0
807,2025-03-24,0.00709672332591945,0.0001718253968253,1.1607265667483242,1.0591932668995443,-0.018085425077822737,0.0
808,2025-03-25,0.0014785540680992435,0.0001718253968253,1.1624427637355408,1.0591932668995443,-0.01663361128854557,0.0
809,2025-03-26,-0.00743144859972061,0.0001718253968253,1.153804130086723,1.0591932668995443,-0.023941448060947557,0.0
810,2025-03-27,0.00040450864111958183,0.0001718253968253,1.1542708538275024,1.0591932668995443,-0.023546623942449663,0.0
811,2025-03-28,-0.007532271050170086,0.0001718253968253,1.1455765728911624,1.0591932668995443,-0.030901535438768724,0.0
812,2025-03-31,0.00494288054935855,0.0001714285714285,1.151239021051107,1.0591932668995443,-0.02611139748787583,1.0
813,2025-04-01,0.002338644285918456,0.0001714285714285,1.1539313596094143,1.0023386442859183,0.0,0.0
814,2025-04-02,0.0029389789201802454,0.0001714285714285,1.1573227395506411,1.0052844964323566,0.0,0.0
815,2025-04-03,-0.01783162697253201,0.0001710317460317,1.1366857921721452,1.0052844964323566,-0.017831626972532044,0.0
816,2025-04-04,-0.036183729699217924,0.0001698412698412,1.095556260715247,1.0052844964323566,-0.053370141901278534,0.0
817,2025-04-07,-0.015049750669547323,0.000170238095238,1.0790684121470209,1.0052844964323566,-0.06761668524201325,0.0
818,2025-04-08,-0.009108754238686569,0.0001710317460317,1.069239443174044,1.0052844964323566,-0.07610953571239576,0.0
819,2025-04-09,0.05358125904128071,0.000172619047619,1.126530638755907,1.0052844964323566,-0.026606321419632484,0.0
820,2025-04-10,-0.0150550427056684,0.0001722222222222,1.109570671880193,1.0052844964323566,-0.04126080482008765,0.0
821,2025-04-11,0.014010101140711627,0.0001722222222222,1.125115869216002,1.0052844964323566,-0.027828771728052537,0.0
822,2025-04-14,0.006438605990582555,0.0001718253968253,1.1323600469916355,1.0052844964323566,-0.021569344233828724,0.0
823,2025-04-15,0.0012429150734505003,0.0001718253968253,1.1337674743626145,1.0052844964323566,-0.020353238023450904,0.0
824,2025-04-16,-0.0033373766496374068,0.0001718253968253,1.1299836652675583,1.0052844964323566,-0.02362268825176439,0.0
825,2025-04-17,0.0006251452952800026,0.0001722222222222,1.1306900692396435,1.0052844964323566,-0.023012310568906846,0.0
826,2025-04-21,-0.007173400749195741,0.0001722222222222,1.1225791762498518,1.0052844964323566,-0.03002063479222694,0.0
827,2025-04-22,0.010634586610401286,0.0001718253968253,1.1345173417267136,1.0052844964323566,-0.019705305222622926,0.0
828,2025-04-23,0.004355711611460941,0.0001718253968253,1.1394589720854764,1.0052844964323566,-0.015435424237927431,0.0
829,2025-04-24,0.01287427203730894,0.0001714285714285,1.1541286768674572,1.0052844964323566,-0.00275987205126893,0.0
830,2025-04-25,0.001400786645920224,0.0001714285714285,1.1557453649056868,1.0052844964323566,-0.0013629513972626128,0.0
831,2025-04-28,0.004008008949504806,0.0001714285714285,1.1603776026715773,1.0079380401926672,0.0,0.0
832,2025-04-29,0.0024797903556834913,0.0001710317460317,1.1632550958596333,1.0104375152238634,0.0,0.0
833,2025-04-30,-0.00034565493586324067,0.0001710317460317,1.1628530109940813,1.0104375152238634,-0.0003456549358632488,0.0
834,2025-05-01,-0.0029404528236675236,0.0001710317460317,1.1594336965743934,1.0104375152238634,-0.00328509137749855,0.0
835,2025-05-02,0.009071706770591277,0.0001718253968253,1.169951739089659,1.016254416065108,0.0,0.0
836,2025-05-05,0.0037780602745686367,0.0001718253968253,1.1743718872782762,1.0200938865032985,0.0,0.0
837,2025-05-06,0.00144969958795505,0.0001718253968253,1.1760743737193697,1.021572716190238,0.0,0.0
838,2025-05-07,-0.0014716052826024989,0.0001722222222222,1.174343656458271,1.021572716190238,-0.001471605282602484,0.0
839,2025-05-08,-0.0032527492212389595,0.0001722222222222,1.1705238110442595,1.021572716190238,-0.00471956774090454,0.0
840,2025-05-09,0.0014332419821531251,0.0001722222222222,1.1722014549113582,1.021572716190238,-0.003293090041375124,0.0
841,2025-05-12,0.00801720797347829,0.0001753968253968,1.1815992377621964,1.0263717752403578,0.0,0.0
842,2025-05-13,0.0024722202896097665,0.000175,1.1845204113719794,1.0289091923677898,0.0,0.0
843,2025-05-14,-0.003593221253053149,0.000175,1.1802641674551624,1.0289091923677898,-0.0035932212530532803,0.0
844,2025-05-15,0.007761317253202159,0.0001738095238095,1.1894245721013683,1.0331690903035904,0.0,0.0
845,2025-05-16,0.0014424220217707521,0.0001734126984126,1.1911402242974027,1.0346593561516573,0.0,0.0
846,2025-05-19,0.0032215458617706246,0.0001742063492063,1.1949775371577764,1.03799255871881,0.0,0.0
847,2025-05-20,0.0009088078980363399,0.0001738095238095,1.1960635421815216,1.0389358945542766,0.0,0.0
848,2025-05-21,-0.008045365921125371,0.0001730158730158,1.186440773319754,1.0389358945542766,-0.00804536592112537,0.0
849,2025-05-22,-0.001144127855075277,0.0001734126984126,1.1850833333826019,1.0389358945542766,-0.009180288848946061,0.0
850,2025-05-23,0.0024033570481100013,0.0001730158730158,1.1879315117644844,1.0389358945542766,-0.00679899531274486,0.0
851,2025-05-27,0.006012902241369674,0.000172619047619,1.1950744278141667,1.0389358945542766,-0.0008269747655301751,0.0
852,2025-05-28,-0.003976947769983073,0.000172619047619,1.1903216792335074,1.0389358945542766,-0.004800633700063561,0.0
853,2025-05-29,0.003923016183945323,0.0001730158730158,1.1949913304452415,1.0389358945542766,-0.0008964504798166795,0.0
854,2025-05-30,-0.0011194711370707828,0.0001730158730158,1.1936535721417583,1.0389358945542766,-0.0020149180664496003,0.0
855,2025-06-02,0.006175416205638507,0.0001761904761904,1.2010248797550807,1.0432454579749373,0.0,0.0
856,2025-06-03,0.0004274790660972122,0.0001757936507936,1.201538292749038,1.0436914235690224,0.0,0.0
857,2025-06-04,0.004146446362273678,0.0001761904761904,1.2065204068321396,1.0480190340756164,0.0,0.0
858,2025-06-05,-0.00269380280483583,0.0001761904761904,1.2032702787761236,1.0480190340756164,-0.0026938028048357765,0.0
859,2025-06-06,0.00014275069455506835,0.0001757936507936,1.2034420464441564,1.0480190340756164,-0.002551436652502015,0.0
860,2025-06-09,0.001560153973398047,0.0001761904761904,1.2053196013346705,1.0480190340756164,-0.000995263313135264,0.0
861,2025-06-10,0.0029735000525484947,0.0001765873015873,1.208903619232577,1.0500891623086408,0.0,0.0
862,2025-06-11,0.0017401250597552911,0.0001765873015873,1.2110072627152326,1.0519164487749515,0.0,0.0
863,2025-06-12,0.0053889313630797525,0.0001769841269841,1.2175332977341962,1.0575851543170942,0.0,0.0
864,2025-06-13,-0.005870373470788105,0.0001765873015873,1.2103859225633762,1.0575851543170942,-0.005870373470788004,0.0
865,2025-06-16,0.0017450001052098435,0.0001757936507936,1.2124980461255939,1.0575851543170942,-0.004135617167902228,0.0
866,2025-06-17,-0.00406798777685696,0.0001753968253968,1.207565618894492,1.0575851543170942,-0.008186781304670432,0.0
867,2025-06-18,-0.0011392161066649928,0.0001753968253968,1.2061899406915926,1.0575851543170942,-0.009316670898211421,0.0
868,2025-06-20,-0.0011702989959122962,0.0001742063492063,1.2047783378151218,1.0575851543170942,-0.01047606660352629,0.0
869,2025-06-23,0.006640235735264109,0.0001738095238095,1.212778349986954,1.0575851543170942,-0.003905394420087971,0.0
870,2025-06-24,0.0066095446559733964,0.0001738095238095,1.2207942626489905,1.0604177241441808,0.0,0.0
871,2025-06-25,-0.0010464763093835365,0.0001738095238095,1.2195167303744971,1.0604177241441808,-0.0010464763093834817,0.0
872,2025-06-26,0.004416019225946365,0.0001742063492063,1.2249021397021942,1.063985946709685,0.0,0.0
873,2025-06-27,-0.002439669817729874,0.0001742063492063,1.22191378292229,1.063985946709685,-0.002439669817729917,0.0
874,2025-06-30,0.00667546471439977,0.000175,1.2300706252642264,1.0684754449524683,0.0,1.0
875,2025-07-01,0.00039609529754029,0.0001746031746031,1.230557850454536,1.0003960952975404,0.0,0.0
876,2025-07-02,0.0008275256212578468,0.000175,1.231576168604227,1.0012239486978054,0.0,0.0
877,2025-07-03,0.001888297665891154,0.0001753968253968,1.2339017510087695,1.0031145575431657,0.0,0.0
878,2025-07-07,-0.005161308292462021,0.0001753968253968,1.2275332036692046,1.0031145575431657,-0.005161308292461975,0.0
879,2025-07-08,-0.0020090992723180204,0.0001753968253968,1.2250669676029666,1.0031145575431657,-0.007160037984045409,0.0
880,2025-07-09,0.005047038229519184,0.0001753968253968,1.23124992742218,1.0031145575431657,-0.0021491367399566474,0.0
881,2025-07-10,0.0001326996636954367,0.0001753968253968,1.231413313873474,1.0031145575431657,-0.002016722265983817,0.0
882,2025-07-11,-0.003478757013801802,0.000175,1.2271295261709476,1.0031145575431657,-0.005488463593057991,0.0
883,2025-07-14,0.001405379463148125,0.0001753968253968,1.228854108805651,1.0031145575431657,-0.004090797503927823,0.0
884,2025-07-15,-0.0055842703181092565,0.0001753968253968,1.221991855280561,1.0031145575431657,-0.009652223702958596,0.0
885,2025-07-16,0.0035469550966970593,0.000175,1.2263262055197708,1.0031145575431657,-0.006139504610319202,0.0
886,2025-07-17,0.0024884948840688454,0.000175,1.2293779120084063,1.0031145575431657,-0.0036662878520637987,0.0
887,2025-07-18,0.00020071471673705523,0.0001746031746031,1.2296246662477779,1.0031145575431657,-0.0034663090132543983,0.0
888,2025-07-21,0.004814125625264859,0.000175,1.2355442338630191,1.004449832787135,0.0,0.0
889,2025-07-22,0.003303163518896396,0.000175,1.2396254385022984,1.0077676948313592,0.0,0.0
890,2025-07-23,0.003559830381335767,0.000175,1.2440382947997557,1.0113551768887485,0.0,0.0
891,2025-07-24,-0.002309247095091589,0.0001753968253968,1.2411655029813067,1.0113551768887485,-0.0023092470950916155,0.0
892,2025-07-25,0.0006890960014392429,0.0001753968253968,1.2420207851665352,1.0113551768887485,-0.0016217423865920733,0.0
893,2025-07-28,-0.004979472899763456,0.0001746031746031,1.2358361763258556,1.0113551768887485,-0.006593139864091047,0.0
894,2025-07-29,0.0019944215916360103,0.0001746031746031,1.2383009546796448,1.0113551768887485,-0.004611867772956524,0.0
895,2025-07-30,-0.005256253219409981,0.000175,1.2317921313000115,1.0113551768887485,-0.009843879847537429,0.0
896,2025-07-31,-0.0023425229184175817,0.000175,1.2289066300017149,1.0113551768887485,-0.012163343251806014,0.0
897,2025-08-01,0.0007148067152795514,0.000172619047619,1.2297850607132916,1.0113551768887485,-0.011457230975963073,0.0
898,2025-08-04,0.00886971846454614,0.000172619047619,1.2406929079737232,1.0113551768887485,-0.002689134924557135,0.0
899,2025-08-05,-0.002288097810898375,0.0001722222222222,1.2378540812469914,1.0113551768887485,-0.004971079731721284,0.0
900,2025-08-06,0.00382791419885052,0.0001714285714285,1.2425924804607016,1.0113551768887485,-0.0011621943995595574,0.0
901,2025-08-07,0.00160181299483196,0.0001714285714285,1.2445828812431838,1.0117979046738392,0.0,0.0
902,2025-08-08,0.0024774053787546923,0.0001714285714285,1.2476662175674815,1.0143045382450908,0.0,0.0
903,2025-08-11,-0.0031585798320496335,0.0001722222222222,1.2437253642155432,1.0143045382450908,-0.0031585798320497016,0.0
904,2025-08-12,0.0048870085582589035,0.0001718253968253,1.2498034607145883,1.0160420345344991,0.0,0.0
905,2025-08-13,0.004031064523637135,0.000170238095238,1.254841499106594,1.0201377655344352,0.0,0.0
906,2025-08-14,-0.002635088928109719,0.0001706349206349,1.2515348801657655,1.0201377655344352,-0.002635088928109708,0.0
907,2025-08-15,3.31865126683992e-05,0.0001706349206349,1.251576414243921,1.0201377655344352,-0.0026019898648533824,0.0
908,2025-08-18,-0.0008634645228041617,0.0001718253968253,1.250495722412643,1.0201377655344352,-0.00346320766172048,0.0
909,2025-08-19,-0.0016632094028686106,0.0001706349206349,1.2484158861688792,1.0201377655344352,-0.0051206570250420524,0.0
910,2025-08-20,0.002339566616143186,0.0001706349206349,1.2513366382992228,1.0201377655344352,-0.002793070527127295,0.0
911,2025-08-21,-0.00385958499933729,0.0001714285714285,1.246506998180922,1.0201377655344352,-0.006641875433355926,0.0
912,2025-08-22,0.009878027222197225,0.0001694444444444,1.2588200282416124,1.0233721563517626,0.0,0.0
913,2025-08-25,-0.005116878277257111,0.000170238095238,1.2523787993841267,1.0233721563517626,-0.005116878277257153,0.0
914,2025-08-26,0.002603145755506224,0.0001698412698412,1.2556389239400294,1.0233721563517626,-0.0025270525017196954,0.0
915,2025-08-27,0.0009865939255497217,0.0001690476190476,1.2568777296750726,1.0233721563517626,-0.001542951750817756,0.0
916,2025-08-28,0.003276267177137713,0.0001690476190476,1.2609955969264826,1.0251408098259505,0.0,0.0
917,2025-08-29,-0.0019445104047824916,0.0001678571428571,1.2585435778678742,1.0251408098259505,-0.0019445104047824957,0.0
918,2025-09-02,-0.0008887961233479601,0.0001666666666666,1.2574249892148008,1.0251408098259505,-0.0028315782548208324,0.0
919,2025-09-03,0.0041925166916452926,0.000165873015873,1.2626967644705758,1.0265237934605103,0.0,0.0
920,2025-09-04,0.004405380500378337,0.0001650793650793,1.2682594241746652,1.0310460213633956,0.0,0.0
921,2025-09-05,0.0036288201167280656,0.0001615079365079,1.2728617094863401,1.0347875019069914,0.0,0.0
922,2025-09-08,0.005516800320572101,0.0001626984126984,1.2798838333732783,1.0404962179292359,0.0,0.0
923,2025-09-09,-4.3926165776559905e-05,0.0001626984126984,1.2798276129838388,1.0404962179292359,-4.3926165776420056e-05,0.0
924,2025-09-10,0.002555772677312704,0.0001623015873015,1.2830985614287733,1.043109667912894,0.0,0.0
925,2025-09-11,0.005569548071409874,0.0001619047619047,1.290244840547008,1.0489193173520872,0.0,0.0
926,2025-09-12,-0.0017047990017287449,0.0001619047619047,1.2880452324308578,1.0489193173520872,-0.0017047990017288184,0.0
927,2025-09-15,0.004362811370289743,0.0001611111111111,1.2936647308163547,1.0516995563067506,0.0,0.0
928,2025-09-16,-0.0010062073829065197,0.0001603174603174,1.2923630358132017,1.0516995563067506,-0.0010062073829063545,0.0
929,2025-09-17,-0.0018046431329110377,0.0001595238095238,1.2900307817353933,1.0516995563067506,-0.0028090346705735847,0.0
930,2025-09-18,0.0008837384411956549,0.0001599206349206,1.2911708315275385,1.0516995563067506,-0.0019277786812990083,0.0
931,2025-09-19,0.0027372665737864675,0.0001599206349206,1.2947051102857268,1.0525453447094684,0.0,0.0
932,2025-09-22,0.003955555716246875,0.0001587301587301,1.2998263884855716,1.056708746464343,0.0,0.0
933,2025-09-23,-0.00017436345029923418,0.0001587301587301,1.2995997462716853,1.056708746464343,-0.00017436345029919753,0.0
934,2025-09-24,-0.004100217204542341,0.0001595238095238,1.2942711050330034,1.056708746464343,-0.0042738657268227565,0.0
935,2025-09-25,-0.0029969511666996067,0.0001603174603174,1.290392237734749,1.056708746464343,-0.007258008326645915,0.0
936,2025-09-26,0.004882927299631667,0.0001595238095238,1.2966931292196167,1.056708746464343,-0.0024105213540134285,0.0
937,2025-09-29,0.005075313161876482,0.0001603174603174,1.30327425292526,1.05951172734111,0.0,0.0
938,2025-09-30,0.0032393573529304635,0.0001595238095238,1.3074960239593585,1.0629438644455886,0.0,1.0
939,2025-10-01,0.003673138424107941,0.0001591269841269,1.312298637844332,1.003673138424108,0.0,0.0
940,2025-10-02,0.0012539627903958325,0.0001595238095238,1.3139442115060758,1.0049317071934116,0.0,0.0
941,2025-10-03,-5.382772888739049e-05,0.0001599206349206,1.3138734848732856,1.0049317071934116,-5.382772888740117e-05,0.0
942,2025-10-06,0.0038968101913252682,0.0001595238095238,1.3189934004592518,1.0087934313292037,0.0,0.0
943,2025-10-07,-0.0010412138956761305,0.0001591269841269,1.3176200462023886,1.0087934313292037,-0.0010412138956762407,0.0
944,2025-10-08,0.006633146342180863,0.0001591269841269,1.3263600127922401,1.014427568793485,0.0,0.0
945,2025-10-09,-0.005471300083364485,0.0001599206349206,1.3191030991436785,1.014427568793485,-0.005471300083364605,0.0
946,2025-10-10,-0.014511777449901732,0.0001595238095238,1.2999605685354299,1.014427568793485,-0.019903679244094863,0.0
947,2025-10-13,0.016358547079277162,0.0001595238095238,1.3212260346970204,1.014427568793485,-0.003870727438783028,0.0
948,2025-10-14,-0.0005832423317273685,0.0001595238095238,1.3204554397438049,1.014427568793485,-0.004451712198413671,0.0
949,2025-10-15,0.007245041836501892,0.0001599206349206,1.3300221946479853,1.017228481215884,0.0,0.0
950,2025-10-16,0.002976537483428648,0.0001595238095238,1.3339810555641471,1.0202562999194345,0.0,0.0
951,2025-10-17,-0.0019126012702818474,0.0001587301587301,1.3314296817027433,1.0202562999194345,-0.0019126012702818107,0.0
952,2025-10-20,0.01201297746053091,0.0001575396825396,1.3474241164593201,1.0305378309136661,0.0,0.0
953,2025-10-21,-0.011083346274947295,0.0001571428571428,1.3324901483973866,1.0305378309136661,-0.011083346274947226,0.0
954,2025-10-22,-0.0036640403837648835,0.0001571428571428,1.3276078506826896,1.0305378309136661,-0.01470677683037358,0.0
955,2025-10-23,0.004572911659736939,0.000156746031746,1.3336788841026346,1.0305378309136661,-0.01020111796188139,0.0
956,2025-10-24,0.005021794020381956,0.0001559523809523,1.340376344747931,1.0305378309136661,-0.0052305518546816865,0.0
957,2025-10-27,0.0029277449209693628,0.000154365079365,1.3443006247834541,1.0305378309136661,-0.0023181206553388733,0.0
958,2025-10-28,0.00024275867712077865,0.000154365079365,1.344626965424779,1.0305378309136661,-0.0020759247221218136,0.0
959,2025-10-29,-0.0007144502719531634,0.0001559523809523,1.3436662963236559,1.0305378309136661,-0.0027888918490927006,0.0
960,2025-10-30,-0.005407491923852891,0.0001555555555555,1.3364004316779323,1.0305378309136661,-0.008181302862795059,0.0
961,2025-10-31,-0.00025805468308889135,0.000154365079365,1.3360555672880559,1.0305378309136661,-0.008437246322366532,0.0
962,2025-11-03,0.001090728285870103,0.0001579365079365,1.3375128408867911,1.0305378309136661,-0.007355720779715136,0.0
963,2025-11-04,-0.012166621885564418,0.0001571428571428,1.3212398278846345,1.0305378309136661,-0.019432848391856994,0.0
964,2025-11-05,0.004688180440219427,0.0001571428571428,1.327434038602562,1.0305378309136661,-0.01483577265136593,0.0
965,2025-11-06,-0.00550888340792025,0.0001559523809523,1.3201213592521959,1.0305378309136661,-0.020262927517483376,0.0
966,2025-11-07,0.0007932230158132253,0.0001555555555555,1.3211685098980213,1.0305378309136661,-0.019485777522144865,0.0
967,2025-11-10,0.014001478181767765,0.000156746031746,1.3396668219637968,1.0305378309136661,-0.00575712902920833,0.0
968,2025-11-11,0.0010081086363410911,0.000156746031746,1.3410173516568382,1.0305378309136661,-0.004754824204361907,0.0
969,2025-11-12,0.0024942368722378487,0.000156746031746,1.3443621665816514,1.0305378309136661,-0.0022724469899755295,0.0
970,2025-11-13,-0.012234840029001435,0.0001571428571428,1.3279141105324832,1.0305378309136661,-0.014479483993580344,0.0
971,2025-11-14,-0.002966611703967855,0.000156746031746,1.3239747049903134,1.0305378309136661,-0.01740314069086535,0.0
972,2025-11-17,-0.007632111722387314,0.0001575396825396,1.3138699821242126,1.0305378309136661,-0.024902429699179662,0.0
973,2025-11-18,-0.0027058245662492496,0.0001563492063492,1.3103148804497233,1.0305378309136661,-0.027540872659389537,0.0
974,2025-11-19,0.0013051130572363466,0.000156746031746,1.3120249895092893,1.0305378309136661,-0.02627170355466868,0.0
975,2025-11-20,-0.010310487298334541,0.0001563492063492,1.2984973725198563,1.0305378309136661,-0.036311316787197234,0.0
976,2025-11-21,0.003224341668264699,0.0001547619047619,1.3026841717042044,1.0305378309136661,-0.03320405521067904,0.0
977,2025-11-24,0.012863575516128678,0.0001551587301587,1.3194413479205869,1.0305378309136661,-0.02076760256619481,0.0
978,2025-11-25,0.004442013427977801,0.0001547619047619,1.3253023241054793,1.0305378309136661,-0.016417839107682797,0.0
979,2025-11-26,0.007298954229415005,0.0001555555555555,1.3349756451092627,1.0305378309136661,-0.009238717934460627,0.0
980,2025-11-28,0.005281378862220304,0.0001539682539682,1.3420261572629217,1.0305378309136661,-0.004006132241853311,0.0
981,2025-12-01,-0.003290057292262191,0.0001511904761904,1.3376108143178123,1.0305378309136661,-0.007283009129519513,0.0
982,2025-12-02,0.0016444825867888496,0.00014960317460309996,1.3398104920098586,1.0305378309136661,-0.005650503324423406,0.0
983,2025-12-03,0.0022300606495219383,0.000147619047619,1.3427983506659065,1.0305378309136661,-0.0034330436400151765,0.0
984,2025-12-04,0.00017492309307852992,0.0001472222222222,1.3430332371067857,1.0305378309136661,-0.0032587210655488086,0.0
985,2025-12-05,0.0021898686024610136,0.0001472222222222,1.3459743034247875,1.0305378309136661,-0.0010759886340333535,0.0
986,2025-12-08,-0.0013711136945777748,0.00014801587301580002,1.344128819624812,1.0305378309136661,-0.002445627025859931,0.0
987,2025-12-09,0.0004852273285575554,0.00014801587301580002,1.3447810276611958,1.0305378309136661,-0.0019615863823706503,0.0
988,2025-12-10,0.006894056227866923,0.00014642857142849996,1.3540520236800608,1.035606991430629,0.0,0.0
989,2025-12-11,0.0005473177414893005,0.000145238095238,1.3547931203755204,1.0361737975102492,0.0,0.0
990,2025-12-12,-0.010202342909703637,0.0001440476190476,1.340971056389742,1.0361737975102492,-0.010202342909703677,0.0
991,2025-12-15,-0.0014110849528276024,0.00014484126984120002,1.339078832309893,1.0361737975102492,-0.01159903148996766,0.0
992,2025-12-16,-0.0004693740402717578,0.0001444444444444,1.3384503034681292,1.0361737975102492,-0.012062961245965953,0.0
993,2025-12-17,-0.007270850006694374,0.0001444444444444,1.3287186320701978,1.0361737975102492,-0.019246103270804338,0.0
994,2025-12-18,0.00794189388028069,0.0001436507936507,1.339271174442851,1.0361737975102492,-0.011457059900309319,0.0
995,2025-12-19,0.0071370060534202,0.0001436507936507,1.3488295609220207,1.0361737975102492,-0.004401822952751933,0.0
996,2025-12-22,0.006858847880925631,0.0001444444444444,1.3580809776976805,1.0386884187877994,0.0,0.0
997,2025-12-23,0.004336177662814147,0.00014484126984120002,1.363969858097466,1.0431923563079708,0.0,0.0
998,2025-12-24,0.002231260332753546,0.00014642857142849996,1.3670132299369102,1.0455199900320324,0.0,0.0
999,2025-12-26,0.002564029804455154,0.0001444444444444,1.370518292601553,1.0482007344476283,0.0,0.0
1000,2025-12-29,-0.008382595764441066,0.0001460317460317,1.359029791766902,1.0482007344476283,-0.008382595764441225,0.0
1001,2025-12-30,-0.0004077729728635413,0.00014484126984120002,1.3584756161485032,1.0482007344476283,-0.008786950541309513,0.0
1002,2025-12-31,-0.005962747687909561,0.0001456349206349,1.3503753688092321,1.0482007344476283,-0.014697303860195077,1.0
1003,2026-01-02,0.007636162753835097,0.00014484126984120002,1.3606870549042294,1.007636162753835,0.0,0.0
1004,2026-01-05,0.00911829451121973,0.0001444444444444,1.3730942002084505,1.0168240860459798,0.0,0.0
1005,2026-01-06,0.00708923996379624,0.0001440476190476,1.382828394486625,1.0240325959929277,0.0,0.0
1006,2026-01-07,-0.004347761535958524,0.0001436507936507,1.3768161863822448,1.0240325959929277,-0.004347761535958505,0.0
1007,2026-01-08,0.0006961038450530374,0.0001436507936507,1.3777745934235168,1.0240325959929277,-0.0036546841844279365,0.0
1008,2026-01-09,0.006250024014554087,0.0001436507936507,1.3863857177190562,1.02666691776345,0.0,0.0
1009,2026-01-12,0.0044890857397621225,0.0001456349206349,1.3926093220742788,1.0312757135834674,0.0,0.0
1010,2026-01-13,-0.001576885110402846,0.0001456349206349,1.3904133371696916,1.0312757135834674,-0.0015768851104028814,0.0
1011,2026-01-14,0.0016981799463599615,0.0001456349206349,1.3927745092160246,1.0313980404161107,0.0,0.0
1012,2026-01-15,0.0009985509840486724,0.0001460317460317,1.39416526557276,1.032427943944314,0.0,0.0
1013,2026-01-16,-0.002251044868504972,0.0001456349206349,1.3910269370058446,1.032427943944314,-0.0022510448685049145,0.0
1014,2026-01-20,-0.0035124745602113086,0.0001468253968253,1.386140990277043,1.032427943944314,-0.005755612690881762,0.0
1015,2026-01-21,0.012793756183573538,0.0001468253968253,1.4038749401427046,1.0396182961931903,0.0,0.0
1016,2026-01-22,0.006343595996675469,0.0001472222222222,1.412780555592827,1.046213214654992,0.0,0.0
1017,2026-01-23,0.001201900098970191,0.0001468253968253,1.4144785766824173,1.0474706584212299,0.0,0.0
1018,2026-01-26,0.0038035708973573113,0.0001456349206349,1.419858646231622,1.0514547873334366,0.0,0.0
1019,2026-01-27,0.008739595104732293,0.0001456349206349,1.4322676359056397,1.060644076445663,0.0,0.0
1020,2026-01-28,0.008519353003673341,0.0001460317460317,1.4444696294916566,1.0696800777441589,0.0,0.0
1021,2026-01-29,-0.0006504564315561918,0.0001456349206349,1.4435300649309661,1.0696800777441589,-0.0006504564315561456,0.0
1022,2026-01-30,-0.021103542882369375,0.0001456349206349,1.413066466303706,1.0696800777441589,-0.021740272378728998,0.0
1023,2026-02-02,-0.0020710423096139225,0.00014642857142849996,1.4101399458656942,1.0696800777441589,-0.02376628966442418,0.0
1024,2026-02-03,0.008072214815456398,0.00014642857142849996,1.4215228984285782,1.0696800777441589,-0.015885921444505402,0.0
1025,2026-02-04,-0.00430959085851897,0.00014642857142849996,1.415396716340335,1.0696800777441589,-0.020127050481188014,0.0
1026,2026-02-05,-0.006997320350977468,0.0001456349206349,1.40549273209238,1.0696800777441589,-0.02698353541222831,0.0
1027,2026-02-06,0.01701850357029937,0.0001460317460317,1.429412115171524,1.0696800777441589,-0.010424251235681026,0.0
1028,2026-02-09,0.005449503082774805,0.00014642857142849996,1.437201700899707,1.0696800777441589,-0.005031555142150701,0.0
1029,2026-02-10,-0.0016042064427283249,0.00014642857142849996,1.4348961326716234,1.0696800777441589,-0.006627689931703151,0.0
1030,2026-02-11,0.005797253353264177,0.0001468253968253,1.4432145890883399,1.0696800777441589,-0.0008688589761198795,0.0
1031,2026-02-12,-0.012280950676073443,0.0001468253968253,1.4254905419047563,1.0696800777441589,-0.013139139237963171,0.0
1032,2026-02-13,0.007777390282099341,0.0001460317460317,1.4365771381925911,1.0696800777441589,-0.005463937169688293,0.0
1033,2026-02-17,-0.005820441433271952,0.00014642857142849996,1.4282156250953637,1.0696800777441589,-0.011252576076669074,0.0
1034,2026-02-18,0.006476373273469775,0.0001468253968253,1.4374652825984833,1.0696800777441589,-0.004849078686159913,0.0
1035,2026-02-19,-0.001280817009442412,0.00014642857142849996,1.4356241526140483,1.0696800777441589,-0.00612368491314097,0.0
1036,2026-02-20,0.008691282543612932,0.00014642857142849996,1.448101567750852,1.072369654541163,0.0,0.0
1037,2026-02-23,-0.0016368607346484872,0.00014642857142849996,1.4457312271548177,1.072369654541163,-0.0016368607346486375,0.0
1038,2026-02-24,0.00306997746161763,0.00014642857142849996,1.4501695894377398,1.0739010966384157,0.0,0.0
1039,2026-02-25,0.003996633077757368,0.00014642857142849996,1.4559653851872445,1.0781930852834807,0.0,0.0
1040,2026-02-26,-0.001896365082655171,0.0001460317460317,1.453204343269221,1.0781930852834807,-0.001896365082655005,0.0
1041,2026-02-27,0.0012153109390851912,0.0001456349206349,1.454970438404322,1.0781930852834807,-0.0006833588167994842,0.0
1042,2026-03-02,-0.002170985981728193,0.000147619047619,1.4518117179787173,1.0781930852834807,-0.0028528612361158334,0.0
1043,2026-03-03,-0.019717387414048076,0.0001472222222222,1.4231857838830764,1.0781930852834807,-0.022513997679932896,0.0
1044,2026-03-04,0.0069661336635466,0.0001472222222222,1.4330998862816653,1.0781930852834807,-0.01570469953352549,0.0
1045,2026-03-05,-0.009344739040342132,0.0001468253968253,1.419707941825619,1.0781930852834807,-0.024902682255019903,0.0
1046,2026-03-06,-0.005033847029326607,0.00014642857142849996,1.4125613492201488,1.0781930852834807,-0.02981117299125491,0.0
1047,2026-03-09,0.00681069312369087,0.0001472222222222,1.4221818710880738,1.0781930852834807,-0.023203514618464705,0.0
1048,2026-03-10,0.0005401053054699508,0.0001472222222222,1.4229499990619916,1.0781930852834807,-0.022675941654345944,0.0
1049,2026-03-11,-0.0018123315974817897,0.0001472222222222,1.4203711418170548,1.0781930852834807,-0.02444717692626497,0.0
1050,2026-03-12,-0.015114423429773408,0.000147619047619,1.3989030509522011,1.0781930852834807,-0.03919209537231216,0.0
1051,2026-03-13,-0.0031735046808319305,0.000147619047619,1.3944636255719742,1.0781930852834807,-0.04224122375502848,0.0
1052,2026-03-16,0.009292075888647996,0.000147619047619,1.4074210874047481,1.0781930852834807,-0.033341656523141694,0.0
1053,2026-03-17,0.003766707074976721,0.000147619047619,1.412722430372147,1.0781930852834807,-0.02970053770168224,0.0
1054,2026-03-18,-0.01441727447323548,0.00014801587301580002,1.3923548233389755,1.0781930852834807,-0.04368961137086991,0.0
1055,2026-03-19,-0.0059612612341187945,0.00014801587301580002,1.3840546325064667,1.0781930852834807,-0.049390427418389726,0.0
1056,2026-03-20,-0.01873537836970161,0.0001484126984126,1.3581238452821196,1.0781930852834807,-0.06720045744256653,0.0
1057,2026-03-23,0.005767717677504414,0.0001484126984126,1.3659571201927936,1.0781930852834807,-0.06182033303139012,0.0
1058,2026-03-24,-0.0026773145148255902,0.0001484126984126,1.362300023368272,1.0781930852834807,-0.06433213507127944,0.0
1059,2026-03-25,0.009984376463369379,0.00014801587301580002,1.3759017396576378,1.0781930852834807,-0.054990074863154104,0.0
1060,2026-03-26,-0.01959339515656789,0.00014801587301580002,1.3489431531759166,1.0781930852834807,-0.073506027753239,0.0
1061,2026-03-27,-0.0018788169003908601,0.00014801587301580002,1.3464087359820631,1.0781930852834807,-0.07524674028640643,0.0
1062,2026-03-30,-0.0028787385104974564,0.0001472222222222,1.3425327773029214,1.0781930852834807,-0.07790886310785206,0.0
1063,2026-03-31,0.023207290598014876,0.0001468253968253,1.3736893256031504,1.0781930852834807,-0.056509626136141855,1.0
1064,2026-04-01,0.009471300192716671,0.0001468253968253,1.3866999495774683,1.0094713001927167,0.0,0.0
1065,2026-04-02,-0.0021315686973959243,0.0001468253968253,1.3837441033722684,1.0094713001927167,-0.002131568697395836,0.0
1066,2026-04-06,0.002674957967228942,0.000147619047619,1.3874455606861902,1.01001408020478,0.0,0.0
1067,2026-04-07,0.0028433829115636867,0.0001472222222222,1.3913905996841702,1.012885936980873,0.0,0.0
1068,2026-04-08,0.02347257455521444,0.00014642857142849996,1.4240501192706814,1.0366609776525848,0.0,0.0
1069,2026-04-09,0.0037481957269534277,0.0001460317460317,1.4293877378426991,1.0405465858993215,0.0,0.0
1070,2026-04-10,-0.0009352891032589017,0.00014642857142849996,1.428050847067163,1.0405465858993215,-0.0009352891032589072,0.0
1071,2026-04-13,0.005825268084104123,0.0001472222222222,1.4363696260890613,1.045629167612837,0.0,0.0
1072,2026-04-14,0.01252848064172489,0.0001472222222222,1.4543651551438799,1.0587293123976975,0.0,0.0
1073,2026-04-15,-0.0008970976063708382,0.0001472222222222,1.4530604476444111,1.0587293123976975,-0.0008970976063708003,0.0
1074,2026-04-16,0.0021082879485497283,0.0001468253968253,1.456123917474694,1.0600096326986812,0.0,0.0
1075,2026-04-17,0.012299234948282315,0.0001468253968253,1.4740331276495284,1.0730469402186846,0.0,0.0
1076,2026-04-20,-0.002338612270861734,0.0001472222222222,1.4705859356895505,1.0730469402186846,-0.0023386122708616286,0.0
1077,2026-04-21,-0.009258935211369026,0.00014642857142849996,1.4569698757882505,1.0730469402186846,-0.011575894422730104,0.0
1078,2026-04-22,0.009080925984583677,0.00014642857142849996,1.4702005113920518,1.0730469402186846,-0.0026000882786046953,0.0
1079,2026-04-23,-0.004773965229139726,0.00014642857142849996,1.4631818252708026,1.0730469402186846,-0.007361640776709755,0.0
1080,2026-04-24,0.009699800761666058,0.00014642857142849996,1.47737439745402,1.075479273164873,0.0,0.0
1081,2026-04-27,-0.0007339292161846521,0.0001460317460317,1.4762901092204854,1.075479273164873,-0.0007339292161846478,0.0
1082,2026-04-28,-0.00848035151925188,0.0001460317460317,1.463770650149901,1.075479273164873,-0.009208056757692873,0.0
1083,2026-04-29,-0.0011180826489066908,0.0001460317460317,1.4621340335839896,1.075479273164873,-0.010315844038108701,0.0
1084,2026-04-30,0.011770107856934968,0.0001460317460317,1.4793435088605686,1.076912720575323,0.0,0.0
1085,2026-05-01,0.0032508888302312383,0.0001460317460317,1.4841526901495985,1.0804136441097751,0.0,0.0
1086,2026-05-04,-0.005217834218914563,0.0001468253968253,1.4764086274568418,1.0804136441097751,-0.00521783421891453,0.0
1087,2026-05-05,0.014469818961211533,0.00014642857142849996,1.497771993008913,1.0903280422240176,0.0,0.0
1088,2026-05-06,0.018440785413376022,0.00014642857142849996,1.5253920849301552,1.1104345476808573,0.0,0.0
1089,2026-05-07,-0.007392544175885543,0.00014642857142849996,1.514115556556763,1.1104345476808573,-0.007392544175885418,0.0
1090,2026-05-08,0.015403291313826641,0.00014642857142849996,1.5374379195572037,1.119203513416075,0.0,0.0
1091,2026-05-11,0.002889757595069163,0.0001468253968253,1.5418807424621916,1.1224377402693972,0.0,0.0
1092,2026-05-12,-0.010770451837631295,0.0001468253968253,1.5252739901861314,1.1224377402693972,-0.010770451837631145,0.0
1093,2026-05-13,0.005134741298433577,0.00014642857142849996,1.5331058775349666,1.1224377402693972,-0.005691014023051166,0.0
1094,2026-05-14,0.0009802678353855597,0.00014642857142849996,1.5346087319149548,1.1224377402693972,-0.004716324905662983,0.0
1095,2026-05-15,-0.019285642561427487,0.00014642857142849996,1.5050128164395975,1.1224377402693972,-0.02391101011075636,0.0
1096,2026-05-18,-0.0030436666308670717,0.0001460317460317,1.500432059151173,1.1224377402693972,-0.026881899598038883,0.0
1097,2026-05-19,-0.007297531287104168,0.0001456349206349,1.4894826092553433,1.1224377402693972,-0.033983259381769715,0.0
1098,2026-05-20,0.01601584248142552,0.00014484126984120002,1.5133379281039996,1.1224377402693972,-0.018511687429607848,0.0
1099,2026-05-21,0.005011663311064168,0.0001460317460317,1.5209222682755204,1.1224377402693972,-0.013592798463260558,0.0
1100,2026-05-22,0.002568196873244434,0.0001460317460317,1.5248282960893536,1.1224377402693972,-0.011059510572527964,0.0
1101,2026-05-26,0.01763556008746165,0.0001460317460317,1.551719497128099,1.1296000254255316,0.0,0.0
1102,2026-05-27,-0.0011476578475813713,0.0001460317460317,1.5499386540699749,1.1296000254255316,-0.001147657847581418,0.0
1103,2026-05-28,0.004664384408564748,0.00014642857142849996,1.5571681637622508,1.133566472956715,0.0,0.0
1104,2026-05-29,0.0033224339576358214,0.00014642857142849996,1.562341752147284,1.137332672699704,0.0,0.0
1105,2026-06-01,0.0026928703818046725,0.00015,1.5665489359778983,1.1403953621682759,0.0,0.0
1106,2026-06-02,0.005974459607652957,0.00014960317460309996,1.5759082193193101,1.147208608196305,0.0,0.0
1107,2026-06-03,-0.0060202926323094505,0.00015,1.5664207906773462,1.147208608196305,-0.00602029263230941,0.0
1108,2026-06-04,-0.0010348731863664188,0.00015,1.5647997438025074,1.147208608196305,-0.0070489355792564545,0.0
1109,2026-06-05,-0.033935300760703634,0.00015,1.5116977938662974,1.147208608196305,-0.04074502859103524,0.0
1110,2026-06-08,0.009274116911119377,0.0001507936507936,1.5257174559408948,1.147208608196305,-0.031848785838615945,0.0
1111,2026-06-09,-0.003208091208938734,0.0001503968253968,1.5208228151831664,1.147208608196305,-0.034954703237690454,0.0
1112,2026-06-10,-0.016422928954894674,0.0001503968253968,1.4958464501364304,1.147208608196305,-0.050803573584673245,0.0
1113,2026-06-11,0.027186708498564836,0.00015,1.5365135915349026,1.147208608196305,-0.024998047031840276,0.0
1114,2026-06-12,0.003438586113694985,0.00015,1.5417970258342582,1.147208608196305,-0.0216454188555385,0.0
1115,2026-06-15,0.017526161245026525,0.0001503968253968,1.5688188091161317,1.147208608196305,-0.004498618711590074,0.0
1116,2026-06-16,-0.00798302543235304,0.0001503968253968,1.5562948886642038,1.147208608196305,-0.012445731556358086,0.0
1117,2026-06-17,-0.007960876554826761,0.0001519841269841,1.5439054171726403,1.147208608196305,-0.020307529178630324,0.0
1118,2026-06-18,0.01353028950403986,0.0001519841269841,1.5647949044338416,1.147208608196305,-0.00705200642348891,0.0
1119,2026-06-22,0.0037401502359853483,0.0001527777777777,1.5706474724649284,1.147208608196305,-0.0033382317509926818,0.0
1120,2026-06-23,-0.022174823333565005,0.0001527777777777,1.5358186422437081,1.147208608196305,-0.025439030385232986,0.0
1121,2026-06-24,-0.0033362914246359556,0.0001527777777777,1.5306947036777943,1.147208608196305,-0.028690449790943706,0.0
1122,2026-06-25,0.012126860796997804,0.0001523809523809,1.5492572252719965,1.147208608196305,-0.01691151408476399,0.0
1123,2026-06-26,-0.0056107781578549586,0.0001519841269841,1.5405646866715415,1.147208608196305,-0.022427405488775864,0.0
1124,2026-06-29,0.002816175722521252,0.0001535714285714,1.5449031875411197,1.147208608196305,-0.019674389281111204,0.0
1125,2026-06-30,0.0028584232713501604,0.0001535714285714,1.5493191747643704,1.147208608196305,-0.01687220374193177,1.0
1126,2026-07-01,-0.010981161293377882,0.0001527777777777,1.5323058510113596,0.9890188387066221,0.0,0.0
1127,2026-07-02,-0.004857042269231115,0.0001515873015873,1.5248633767236073,0.9890188387066221,-0.0048570422692311155,0.0
1128,2026-07-06,0.0067069599611582886,0.0001535714285714,1.535090574337529,0.990816223888144,0.0,0.0
1129,2026-07-07,-0.010094258125759252,0.0001535714285714,1.519594973833746,0.990816223888144,-0.010094258125759259,0.0
1130,2026-07-08,-0.00355232811823867,0.0001535714285714,1.5141968738798621,0.990816223888144,-0.013610728127025018,0.0
