,Date,portfolio_return,rf_rate,running_peak,drawdown,Rebalanced,turnover,past_value,growth,value,cost,portfolio_value,gross_value
0,2022-01-03,-0.0048785764133638,3.174603174603174e-06,0.995121423586636,0.0,0.0,,1.0,0.9951214235866362,0.9951214235866362,0.0,0.9951214235866362,0.995121423586636
1,2022-01-04,-0.0012280064136818,3.174603174603174e-06,0.995121423586636,-0.0012280064136818,0.0,,0.9951214235866362,0.9987719935863182,0.9938994080960797,0.0,0.9938994080960797,0.9938994080960796
2,2022-01-05,-0.014305758868722,3.571428571428572e-06,0.995121423586636,-0.0155161977187603,0.0,,0.9938994080960797,0.985694241131278,0.9796809228240917,0.0,0.9796809228240917,0.9796809228240916
3,2022-01-06,-0.0011522479075436,3.968253968253968e-06,0.995121423586636,-0.0166505671199495,0.0,,0.9796809228240917,0.9988477520924564,0.9785520875307072,0.0,0.9785520875307072,0.9785520875307072
4,2022-01-07,-0.0042266945886458,3.968253968253968e-06,0.995121423586636,-0.0208068848466516,0.0,,0.9785520875307072,0.9957733054113542,0.9744160467176332,0.0,0.9744160467176332,0.9744160467176328
5,2022-01-10,-0.002779202077485,5.158730158730158e-06,0.995121423586636,-0.0235282603865448,0.0,,0.9744160467176332,0.997220797922515,0.9717079476162608,0.0,0.9717079476162608,0.9717079476162606
6,2022-01-11,0.0062437828300325,4.365079365079366e-06,0.995121423586636,-0.0174313829047343,0.0,,0.9717079476162608,1.0062437828300326,0.9777750810153933,0.0,0.9777750810153933,0.9777750810153932
7,2022-01-12,0.0019122896034794,4.7619047619047615e-06,0.995121423586636,-0.0155524271535577,0.0,,0.9777750810153933,1.0019122896034793,0.9796448701373602,0.0,0.9796448701373602,0.9796448701373602
8,2022-01-13,-0.0053493596163888,4.7619047619047615e-06,0.995121423586636,-0.0208185912441944,0.0,,0.9796448701373602,0.9946506403836112,0.974404397430645,0.0,0.974404397430645,0.974404397430645
9,2022-01-14,-0.0049665362958561,5.158730158730158e-06,0.995121423586636,-0.0256817312510078,0.0,,0.974404397430645,0.9950334637041439,0.969564982623964,0.0,0.969564982623964,0.9695649826239638
10,2022-01-18,-0.0131392969957822,6.349206349206349e-06,0.995121423586636,-0.038483588352517,0.0,,0.969564982623964,0.9868607030042178,0.9568255803605573,0.0,0.9568255803605573,0.9568255803605572
11,2022-01-19,-0.0035359344291632,6.746031746031747e-06,0.995121423586636,-0.041883447336667,0.0,,0.9568255803605573,0.9964640655708368,0.9534423078482563,0.0,0.9534423078482563,0.953442307848256
12,2022-01-20,-0.0060192380966356,6.746031746031747e-06,0.995121423586636,-0.0476505789914754,0.0,,0.9534423078482563,0.9939807619033644,0.9477033115859119,0.0,0.9477033115859119,0.9477033115859116
13,2022-01-21,-0.0067242074796264,6.746031746031747e-06,0.995121423586636,-0.0540543740914388,0.0,,0.9477033115859119,0.9932757925203736,0.9413307578896792,0.0,0.9413307578896792,0.9413307578896788
14,2022-01-24,-0.0007346223809756,7.5396825396825394e-06,0.995121423586636,-0.0547492869194172,0.0,,0.9413307578896792,0.9992653776190245,0.9406392352470329,0.0,0.9406392352470329,0.9406392352470324
15,2022-01-25,-0.0080324026281059,7.5396825396825394e-06,0.995121423586636,-0.0623419212313848,0.0,,0.9406392352470329,0.9919675973718941,0.9330836421817351,0.0,0.9330836421817351,0.9330836421817346
16,2022-01-26,-0.0079497853911944,7.5396825396825394e-06,0.995121423586636,-0.069796101727915,0.0,,0.9330836421817351,0.9920502146088056,0.9256658274743563,0.0,0.9256658274743563,0.9256658274743556
17,2022-01-27,-0.0014346515357448,7.936507936507936e-06,0.995121423586636,-0.0711306201791269,0.0,,0.9256658274743563,0.9985653484642552,0.9243378195733837,0.0,0.9243378195733837,0.924337819573383
18,2022-01-28,0.0157577358603081,7.5396825396825394e-06,0.995121423586636,-0.0564937418431813,0.0,,0.9243378195733837,1.015757735860308,0.9389032907799141,0.0,0.9389032907799141,0.9389032907799136
19,2022-01-31,0.010329525890486,8.730158730158731e-06,0.995121423586636,-0.0467477695217147,0.0,,0.9389032907799141,1.010329525890486,0.9486017166306878,0.0,0.9486017166306878,0.9486017166306874
20,2022-02-01,0.0021924396665738,7.5396825396825394e-06,0.995121423586636,-0.044657821519364,0.0,,0.9486017166306878,1.0021924396665738,0.950681468662009,0.0,0.950681468662009,0.9506814686620086
21,2022-02-02,0.0077618330025725,7.5396825396825394e-06,0.995121423586636,-0.0372426150696835,0.0,,0.950681468662009,1.0077618330025726,0.958060499460404,0.0,0.958060499460404,0.9580604994604036
22,2022-02-03,-0.0145791756360158,7.936507936507936e-06,0.995121423586636,-0.0512788240794539,0.0,,0.958060499460404,0.9854208243639841,0.9440927671688416,0.0,0.9440927671688416,0.9440927671688412
23,2022-02-04,-0.0034945939832492,9.126984126984127e-06,0.995121423586636,-0.054594219392607,0.0,,0.9440927671688416,0.9965054060167507,0.9407935462650643,0.0,0.9407935462650643,0.940793546265064
24,2022-02-07,-0.0011312998463993,1.0714285714285714e-05,0.995121423586636,-0.055663756806993,0.0,,0.9407935462650643,0.9988687001536007,0.9397292266706812,0.0,0.9397292266706812,0.9397292266706808
25,2022-02-08,0.0010730824091977,9.92063492063492e-06,0.995121423586636,-0.0546504061960547,0.0,,0.9397292266706812,1.0010730824091978,0.9407376335732305,0.0,0.9407376335732305,0.94073763357323
26,2022-02-09,0.0121900510424547,1.0317460317460317e-05,0.995121423586636,-0.0431265463946207,0.0,,0.9407376335732305,1.0121900510424546,0.9522052733440461,0.0,0.9522052733440461,0.952205273344046
27,2022-02-10,-0.0171483728642704,1.5873015873015872e-05,0.995121423586636,-0.059535369160968,0.0,,0.9522052733440461,0.9828516271357296,0.9358765022734179,0.0,0.9358765022734179,0.9358765022734176
28,2022-02-11,-0.00751595939004,1.4285714285714284e-05,0.995121423586636,-0.0666038631341231,0.0,,0.9358765022734179,0.99248404060996,0.9288424924882382,0.0,0.9288424924882382,0.928842492488238
29,2022-02-14,-0.0065002734679264,1.7063492063492063e-05,0.995121423586636,-0.0726711932776574,0.0,,0.9288424924882382,0.9934997265320736,0.9228047622784343,0.0,0.9228047622784343,0.922804762278434
30,2022-02-15,0.0077577592517553,1.5873015873015872e-05,0.995121423586636,-0.0654771996478881,0.0,,0.9228047622784343,1.0077577592517553,0.9299636594605637,0.0,0.9299636594605637,0.9299636594605634
31,2022-02-16,0.0021651067503751,1.507936507936508e-05,0.995121423586636,-0.0634538580244662,0.0,,0.9299636594605637,1.0021651067503752,0.9319771300572653,0.0,0.9319771300572653,0.931977130057265
32,2022-02-17,-0.0102129373689535,1.4285714285714284e-05,0.995121423586636,-0.0730187451155974,0.0,,0.9319771300572653,0.9897870626310465,0.9224589059986935,0.0,0.9224589059986935,0.9224589059986932
33,2022-02-18,-0.0018693075760178,1.3888888888888888e-05,0.995121423586636,-0.0747515581981794,0.0,,0.9224589059986935,0.9981306924239822,0.920734546577145,0.0,0.920734546577145,0.9207345465771444
34,2022-02-22,-0.005952986099459,1.4682539682539685e-05,0.995121423586636,-0.0802595493107718,0.0,,0.920734546577145,0.994047013900541,0.9152534266200796,0.0,0.9152534266200796,0.915253426620079
35,2022-02-23,-0.0131569985889541,1.3492063492063494e-05,0.995121423586636,-0.092360573122694,0.0,,0.9152534266200796,0.9868430014110459,0.9032114385775037,0.0,0.9032114385775037,0.9032114385775032
36,2022-02-24,0.0073110221326475,1.26984126984127e-05,0.995121423586636,-0.0857248011843304,0.0,,0.9032114385775037,1.0073110221326476,0.9098148373954044,0.0,0.9098148373954044,0.9098148373954038
37,2022-02-25,0.0163090781677128,1.3095238095238093e-05,0.995121423586636,-0.0708138155000446,0.0,,0.9098148373954044,1.0163090781677129,0.924653078696631,0.0,0.924653078696631,0.9246530786966304
38,2022-02-28,-0.0020994448447936,1.3888888888888888e-05,0.995121423586636,-0.0727645906449465,0.0,,0.924653078696631,0.9979005551552064,0.9227118205573388,0.0,0.9227118205573388,0.922711820557338
39,2022-03-01,-0.0057496812062952,1.26984126984127e-05,0.995121423586636,-0.0780958986519267,0.0,,0.9227118205573388,0.9942503187937048,0.9174065217438538,0.0,0.9174065217438538,0.9174065217438532
40,2022-03-02,0.0044567201496853,1.3492063492063494e-05,0.995121423586636,-0.0739872300673711,0.0,,0.9174065217438538,1.0044567201496852,0.9214951458747623,0.0,0.9214951458747623,0.9214951458747618
41,2022-03-03,-0.0008769434308838,1.507936507936508e-05,0.995121423586636,-0.074799290882878,0.0,,0.9214951458747623,0.9991230565691162,0.9206870467599961,0.0,0.9206870467599961,0.9206870467599956
42,2022-03-04,-0.0018702025918054,1.3492063492063494e-05,0.995121423586636,-0.0765296036470092,0.0,,0.9206870467599961,0.9981297974081946,0.918965175458904,0.0,0.918965175458904,0.9189651754589032
43,2022-03-07,-0.0198148020971032,1.507936507936508e-05,0.995121423586636,-0.0948279867932772,0.0,,0.918965175458904,0.9801851979028968,0.9007560623730562,0.0,0.9007560623730562,0.9007560623730554
44,2022-03-08,-0.0060198331167257,1.4285714285714284e-05,0.995121423586636,-0.1002769712547123,0.0,,0.9007560623730562,0.9939801668832743,0.8953336611986914,0.0,0.8953336611986914,0.8953336611986906
45,2022-03-09,0.0163703229370724,1.507936507936508e-05,0.995121423586636,-0.085548214720231,0.0,,0.8953336611986914,1.0163703229370724,0.9099905623689454,0.0,0.9099905623689454,0.9099905623689446
46,2022-03-10,-0.006195642757899,1.5476190476190476e-05,0.995121423586636,-0.0912138313011474,0.0,,0.9099905623689454,0.993804357242101,0.9043525859314478,0.0,0.9043525859314478,0.904352585931447
47,2022-03-11,-0.0070703891433257,1.5873015873015872e-05,0.995121423586636,-0.0976393031619203,0.0,,0.9043525859314478,0.9929296108566743,0.8979584612261396,0.0,0.8979584612261396,0.8979584612261388
48,2022-03-14,-0.0074598919045763,1.785714285714286e-05,0.995121423586636,-0.1043708164192707,0.0,,0.8979584612261396,0.9925401080954237,0.8912597881705929,0.0,0.8912597881705929,0.891259788170592
49,2022-03-15,0.0111629617043513,1.825396825396825e-05,0.995121423586636,-0.0943729421416594,0.0,,0.8912597881705929,1.0111629617043514,0.9012088870545696,0.0,0.9012088870545696,0.9012088870545688
50,2022-03-16,0.0164999868639028,1.7460317460317463e-05,0.995121423586636,-0.0794301075834018,0.0,,0.9012088870545696,1.0164999868639029,0.9160788218526025,0.0,0.9160788218526025,0.9160788218526016
51,2022-03-17,0.0076459926819279,1.5873015873015872e-05,0.995121423586636,-0.0723914369227813,0.0,,0.9160788218526025,1.007645992681928,0.9230831538205566,0.0,0.9230831538205566,0.9230831538205556
52,2022-03-18,0.0080090177287149,1.6666666666666664e-05,0.995121423586636,-0.0649622034957881,0.0,,0.9230831538205566,1.0080090177287149,0.9304761431645835,0.0,0.9304761431645835,0.9304761431645826
53,2022-03-21,-0.0073624585363879,2.1428571428571428e-05,0.995121423586636,-0.071846380502506,0.0,,0.9304761431645835,0.992637541463612,0.9236255511414361,0.0,0.9236255511414361,0.9236255511414352
54,2022-03-22,0.0034562082039881,2.023809523809524e-05,0.995121423586636,-0.0686384883482374,0.0,,0.9236255511414361,1.0034562082039882,0.9268177933487042,0.0,0.9268177933487042,0.9268177933487032
55,2022-03-23,-0.0049231273798697,1.984126984126984e-05,0.995121423586636,-0.0732236997068072,0.0,,0.9268177933487042,0.9950768726201303,0.9222549512941188,0.0,0.9222549512941188,0.9222549512941178
56,2022-03-24,0.0064873043321263,2.063492063492064e-05,0.995121423586636,-0.0672114197990031,0.0,,0.9222549512941188,1.0064873043321263,0.9282378998349741,0.0,0.9282378998349741,0.9282378998349732
57,2022-03-25,0.000354395568313,2.1825396825396827e-05,0.995121423586636,-0.066880843660007,0.0,,0.9282378998349741,1.000354395568313,0.9285668632330157,0.0,0.9285668632330157,0.9285668632330148
58,2022-03-28,0.0061637608665668,2.341269841269841e-05,0.995121423586636,-0.0611293203203147,0.0,,0.9285668632330157,1.0061637608665668,0.9342903273266021,0.0,0.9342903273266021,0.9342903273266012
59,2022-03-29,0.0148978898351695,2.1825396825396827e-05,0.995121423586636,-0.0471421283649761,0.0,,0.9342903273266021,1.0148978898351695,0.9482092816971782,0.0,0.9482092816971782,0.9482092816971772
60,2022-03-30,-0.0021049023758397,2.1825396825396827e-05,0.995121423586636,-0.0491478011628181,0.0,,0.9482092816971782,0.9978950976241603,0.9462133937273406,0.0,0.9462133937273406,0.9462133937273396
61,2022-03-31,-0.0088232526215135,2.063492063492064e-05,0.995121423586636,-0.0575374103188802,0.0,,0.9462133937273406,0.9911767473784865,0.9378647139206246,0.0,0.9378647139206246,0.9378647139206236
62,2022-04-01,0.006034437489762,2.1031746031746032e-05,1.006034437489762,0.0,0.0,0.0,0.9378647139206246,1.006034437489762,0.9435241999106322,0.0,0.9435241999106322,0.9435241999106312
63,2022-04-04,0.002040943687955,2.6190476190476185e-05,1.0080876971248225,0.0,0.0,,0.9435241999106322,1.002040943687955,0.9454498796708726,0.0,0.9454498796708726,0.9454498796708716
64,2022-04-05,-0.0116143045402837,2.57936507936508e-05,1.0080876971248225,-0.0116143045402836,0.0,,0.9454498796708726,0.9883856954597163,0.9344691368408005,0.0,0.9344691368408005,0.9344691368407996
65,2022-04-06,-0.0038624260568092,2.6587301587301588e-05,1.0080876971248225,-0.0154318712046048,0.0,,0.9344691368408005,0.9961375739431908,0.9308598188973826,0.0,0.9308598188973826,0.9308598188973816
66,2022-04-07,-0.0003595196029968,2.6984126984126987e-05,1.0080876971248225,-0.0157858427473926,0.0,,0.9308598188973826,0.9996404803970032,0.9305251565448469,0.0,0.9305251565448469,0.930525156544846
67,2022-04-08,-0.0029838360032766,2.7777777777777776e-05,1.0080876971248225,-0.0187225763847376,0.0,,0.9305251565448469,0.9970161639967234,0.9277486220807938,0.0,0.9277486220807938,0.9277486220807928
68,2022-04-11,-0.0126002734174978,3.0555555555555554e-05,1.0080876971248225,-0.0310869402207077,0.0,,0.9277486220807938,0.9873997265825022,0.916058735779869,0.0,0.916058735779869,0.916058735779868
69,2022-04-12,-0.002838630503915,2.936507936507937e-05,1.0080876971248225,-0.0338373263878389,0.0,,0.916058735779869,0.997161369496085,0.9134583835091065,0.0,0.9134583835091065,0.9134583835091056
70,2022-04-13,0.0076795469726002,2.976190476190476e-05,1.0080876971248225,-0.0264176347526612,0.0,,0.9134583835091065,1.0076795469726,0.92047333007278,0.0,0.92047333007278,0.9204733300727792
71,2022-04-14,-0.0100024826841907,3.134920634920635e-05,1.0080876971248225,-0.0361558755026811,0.0,,0.92047333007278,0.9899975173158093,0.9112663115274676,0.0,0.9112663115274676,0.9112663115274668
72,2022-04-18,-0.0037829959037708,3.214285714285715e-05,1.0080876971248225,-0.0398020938775282,0.0,,0.9112663115274676,0.9962170040962292,0.9078189948037149,0.0,0.9078189948037149,0.907818994803714
73,2022-04-19,0.0084751087032609,3.214285714285715e-05,1.0080876971248225,-0.0316643122464967,0.0,,0.9078189948037149,1.0084751087032608,0.9155128594675613,0.0,0.9155128594675613,0.9155128594675606
74,2022-04-20,0.0069954164958721,3.2539682539682536e-05,1.0080876971248225,-0.0248904008028443,0.0,,0.9155128594675613,1.006995416495872,0.9219172532268638,0.0,0.9219172532268638,0.9219172532268628
75,2022-04-21,-0.0100992600778017,3.2936507936507936e-05,1.0080876971248225,-0.0347382862494973,0.0,,0.9219172532268638,0.9899007399221983,0.9126065711163132,0.0,0.9126065711163132,0.9126065711163124
76,2022-04-22,-0.016693196952312,3.2936507936507936e-05,1.0080876971248225,-0.0508515901476609,0.0,,0.9126065711163132,0.983306803047688,0.8973722498846944,0.0,0.8973722498846944,0.8973722498846934
77,2022-04-25,0.0038895347290801,3.611111111111112e-05,1.0080876971248225,-0.047159844444489,0.0,,0.8973722498846944,1.0038895347290802,0.9008626104155337,0.0,0.9008626104155337,0.9008626104155328
78,2022-04-26,-0.0153780873929056,3.2936507936507936e-05,1.0080876971248225,-0.0618127036280915,0.0,,0.9008626104155337,0.9846219126070944,0.8870090664635626,0.0,0.8870090664635626,0.8870090664635615
79,2022-04-27,-0.002247891930615,3.2539682539682536e-05,1.0080876971248225,-0.0639216472810115,0.0,,0.8870090664635626,0.997752108069385,0.8850151659406768,0.0,0.8850151659406768,0.8850151659406755
80,2022-04-28,0.0146452823862627,3.2539682539682536e-05,1.0080876971248225,-0.0502125154697742,0.0,,0.8850151659406768,1.0146452823862626,0.8979764629620031,0.0,0.8979764629620031,0.897976462962002
81,2022-04-29,-0.0262123091697036,3.3730158730158734e-05,1.0080876971248225,-0.0751086386597956,0.0,,0.8979764629620031,0.9737876908302964,0.8744384262877262,0.0,0.8744384262877262,0.8744384262877251
82,2022-05-02,-0.0056014030827068,3.571428571428572e-05,1.0080876971248225,-0.0802893279823756,0.0,,0.8744384262877262,0.9943985969172932,0.8695403441910807,0.0,0.8695403441910807,0.8695403441910796
83,2022-05-03,0.0057240857800516,3.611111111111112e-05,1.0080876971248225,-0.0750248252029178,0.0,,0.8695403441910807,1.0057240857800516,0.874517667710446,0.0,0.874517667710446,0.8745176677104449
84,2022-05-04,0.0174352687652858,3.531746031746032e-05,1.0080876971248225,-0.0588976344291135,0.0,,0.874517667710446,1.017435268765286,0.8897651182869687,0.0,0.8897651182869687,0.8897651182869675
85,2022-05-05,-0.0281374541434705,3.3730158730158734e-05,1.0080876971248225,-0.0853778590846758,0.0,,0.8897651182869687,0.9718625458565295,0.8647293930727096,0.0,0.8647293930727096,0.8647293930727084
86,2022-05-06,-0.008899843305975,3.3730158730158734e-05,1.0080876971248225,-0.0935178528229977,0.0,,0.8647293930727096,0.991100156694025,0.8570334369722915,0.0,0.8570334369722915,0.8570334369722904
87,2022-05-09,-0.0204473663692736,3.650793650793651e-05,1.0080876971248225,-0.1120530253935316,0.0,,0.8570334369722915,0.9795526336307264,0.8395093602958014,0.0,0.8395093602958014,0.8395093602958001
88,2022-05-10,0.0011138456723541,3.531746031746032e-05,1.0080876971248225,-0.1110639894985864,0.0,,0.8395093602958014,1.001113845672354,0.8404444441636676,0.0,0.8404444441636676,0.8404444441636664
89,2022-05-11,-0.0036745881117029,3.611111111111112e-05,1.0080876971248225,-0.1143304631948395,0.0,,0.8404444441636676,0.9963254118882972,0.8373561570005971,0.0,0.8373561570005971,0.8373561570005957
90,2022-05-12,0.0012398947926423,3.809523809523809e-05,1.0080876971248225,-0.1132323261481529,0.0,,0.8373561570005971,1.0012398947926422,0.838394390539249,0.0,0.838394390539249,0.8383943905392478
91,2022-05-13,0.0145467475037443,4.0873015873015874e-05,1.0080876971248225,-0.1003327407021473,0.0,,0.838394390539249,1.0145467475037444,0.8505903020469792,0.0,0.8505903020469792,0.8505903020469779
92,2022-05-16,-0.0019570577407071,4.246031746031746e-05,1.0080876971248225,-0.1020934414760169,0.0,,0.8505903020469792,0.9980429422592929,0.8489256477121877,0.0,0.8489256477121877,0.8489256477121865
93,2022-05-17,0.0090530916332512,4.206349206349207e-05,1.0080876971248225,-0.0939646111236021,0.0,,0.8489256477121877,1.0090530916332512,0.8566110493907433,0.0,0.8566110493907433,0.8566110493907421
94,2022-05-18,-0.0208630306163844,4.0873015873015874e-05,1.0080876971248225,-0.1128672551812581,0.0,,0.8566110493907433,0.9791369693836156,0.8387395468409711,0.0,0.8387395468409711,0.8387395468409697
95,2022-05-19,-0.0007589711198608,4.166666666666667e-05,1.0080876971248225,-0.1135405633140586,0.0,,0.8387395468409711,0.9992410288801392,0.8381029677478337,0.0,0.8381029677478337,0.8381029677478322
96,2022-05-20,0.0052518980852721,4.0873015873015874e-05,1.0080876971248225,-0.108884968695856,0.0,,0.8381029677478337,1.005251898085272,0.8425045991194093,0.0,0.8425045991194093,0.8425045991194081
97,2022-05-23,0.0081772399158808,4.246031746031746e-05,1.0080876971248225,-0.1015981072922345,0.0,,0.8425045991194093,1.0081772399158808,0.8493939613566417,0.0,0.8493939613566417,0.8493939613566405
98,2022-05-24,0.0031340793299741,4.206349206349207e-05,1.0080876971248225,-0.0987824444902893,0.0,,0.8493939613566417,1.0031340793299741,0.8520560294139343,0.0,0.8520560294139343,0.8520560294139331
99,2022-05-25,0.0055697900420156,4.206349206349207e-05,1.0080876971248225,-0.0937628519239217,0.0,,0.8520560294139343,1.0055697900420155,0.8568018026018034,0.0,0.8568018026018034,0.8568018026018023
100,2022-05-26,0.0086954374647339,4.246031746031746e-05,1.0080876971248225,-0.0858827234746073,0.0,,0.8568018026018034,1.008695437464734,0.8642520690959986,0.0,0.8642520690959986,0.8642520690959975
101,2022-05-27,0.0159757262313694,4.2857142857142856e-05,1.0080876971248225,-0.0712790361214725,0.0,,0.8642520690959986,1.0159757262313693,0.8780591235467707,0.0,0.8780591235467707,0.8780591235467698
102,2022-05-31,-0.0096832920801164,4.603174603174603e-05,1.0080876971248225,-0.0802721124756355,0.0,,0.8780591235467707,0.9903167079198836,0.8695566205898563,0.0,0.8695566205898563,0.8695566205898554
103,2022-06-01,-0.0069906159972581,4.563492063492063e-05,1.0080876971248225,-0.0867015769592879,0.0,,0.8695566205898563,0.9930093840027419,0.8634778841674391,0.0,0.8634778841674391,0.8634778841674382
104,2022-06-02,0.0127083254692768,4.642857142857143e-05,1.0080876971248225,-0.0750950833487094,0.0,,0.8634778841674391,1.0127083254692768,0.8744512421549614,0.0,0.8744512421549614,0.8744512421549605
105,2022-06-03,-0.0105702097732225,4.801587301587301e-05,1.0080876971248225,-0.0848715223379983,0.0,,0.8744512421549614,0.9894297902267775,0.8652081090889284,0.0,0.8652081090889284,0.8652081090889275
106,2022-06-06,-0.0026809939044802,5e-05,1.0080876971248225,-0.0873249762084266,0.0,,0.8652081090889284,0.9973190060955198,0.8628884914223541,0.0,0.8628884914223541,0.8628884914223532
107,2022-06-07,0.0082476188619451,5e-05,1.0080876971248225,-0.0797975804673769,0.0,,0.8628884914223541,1.0082476188619451,0.8700052668199645,0.0,0.8700052668199645,0.8700052668199636
108,2022-06-08,-0.0119185275732464,5.07936507936508e-05,1.0080876971248225,-0.0907650383775445,0.0,,0.8700052668199645,0.9880814724267536,0.8596360850585011,0.0,0.8596360850585011,0.8596360850585003
109,2022-06-09,-0.0156529521517919,5.158730158730159e-05,1.0080876971248225,-0.1049972497265572,0.0,,0.8596360850585011,0.9843470478482081,0.8461802425511267,0.0,0.8461802425511267,0.8461802425511259
110,2022-06-10,-0.0189851426201062,5.515873015873015e-05,1.0080876971248225,-0.1219890045858858,0.0,,0.8461802425511267,0.9810148573798938,0.8301153899639775,0.0,0.8301153899639775,0.8301153899639767
111,2022-06-13,-0.033958529131769,6.865079365079365e-05,1.0080876971248225,-0.1518049665516695,0.0,,0.8301153899639775,0.966041470868231,0.801925892311156,0.0,0.801925892311156,0.8019258923111552
112,2022-06-14,-0.0066738166395491,7.261904761904762e-05,1.0080876971248225,-0.1574656646794798,0.0,,0.801925892311156,0.9933261833604509,0.7965739859473645,0.0,0.7965739859473645,0.7965739859473637
113,2022-06-15,0.0159127483332076,6.904761904761904e-05,1.0080876971248225,-0.1440586278394379,0.0,,0.7965739859473645,1.0159127483332075,0.809249667314525,0.0,0.809249667314525,0.8092496673145243
114,2022-06-16,-0.0176464450383245,6.30952380952381e-05,1.0080876971248225,-0.1591629502192973,0.0,,0.809249667314525,0.9823535549616755,0.7949692875379768,0.0,0.7949692875379768,0.7949692875379761
115,2022-06-17,0.0023649655321797,6.468253968253968e-05,1.0080876971248225,-0.1571743995783863,0.0,,0.7949692875379768,1.0023649655321798,0.7968493625021457,0.0,0.7968493625021457,0.796849362502145
116,2022-06-21,0.0109718809303398,6.746031746031747e-05,1.0080876971248225,-0.147927017445518,0.0,,0.7968493625021457,1.0109718809303399,0.8055922988269364,0.0,0.8055922988269364,0.8055922988269357
117,2022-06-22,0.0062794775920628,6.388888888888888e-05,1.0080876971248225,-0.142576444244765,0.0,,0.8055922988269364,1.0062794775920627,0.8106509976157584,0.0,0.8106509976157584,0.810650997615758
118,2022-06-23,0.0099283493927403,6.547619047619048e-05,1.0080876971248225,-0.134063643605661,0.0,,0.8106509976157584,1.0099283493927402,0.8186994239556611,0.0,0.8186994239556611,0.8186994239556609
119,2022-06-24,0.0171627123725122,6.865079365079365e-05,1.0080876971248225,-0.1192018269879637,0.0,,0.8186994239556611,1.0171627123725122,0.8327505266885535,0.0,0.8327505266885535,0.8327505266885533
120,2022-06-27,-0.0040823607397843,7.103174603174604e-05,1.0080876971248225,-0.122797562869142,0.0,,0.8327505266885535,0.9959176392602157,0.8293509386323655,0.0,0.8293509386323655,0.8293509386323652
121,2022-06-28,-0.0106462168387579,7.103174603174604e-05,1.0080876971248225,-0.132136450226324,0.0,,0.8293509386323655,0.9893537831612421,0.820521488704258,0.0,0.820521488704258,0.8205214887042576
122,2022-06-29,0.0020664260199345,7.063492063492064e-05,1.0080876971248225,-0.130343074405319,0.0,,0.820521488704258,1.0020664260199346,0.822217035658432,0.0,0.822217035658432,0.8222170356584315
123,2022-06-30,-0.0016886138303594,6.825396825396825e-05,1.0080876971248225,-0.1318115891175461,1.0,,0.822217035658432,0.9983113861696405,0.820828628600462,0.0,0.820828628600462,0.8208286286004616
124,2022-07-01,0.007083977447182,6.865079365079365e-05,1.007083977447182,0.0,0.0,0.2179246855331975,0.820828628600462,1.007083977447182,0.8266433600934691,0.0,0.8266433600934691,0.8266433600934686
125,2022-07-05,-0.0045373653483156,7.53968253968254e-05,1.007083977447182,-0.0045373653483157,0.0,,0.8266433600934691,0.9954626346516844,0.8228925771559658,0.0,0.8228925771559658,0.8228925771559652
126,2022-07-06,-0.0040735897196018,7.53968253968254e-05,1.007083977447182,-0.0085924717030806,0.0,,0.8228925771559658,0.9959264102803982,0.8195404504133266,0.0,0.8195404504133266,0.819540450413326
127,2022-07-07,0.0055610680292036,7.738095238095238e-05,1.007083977447182,-0.0030791869935565,0.0,,0.8195404504133266,1.0055610680292035,0.8240979706107592,0.0,0.8240979706107592,0.8240979706107588
128,2022-07-08,-0.0023391748319406,7.857142857142857e-05,1.007083977447182,-0.0054111590687792,0.0,,0.8240979706107592,0.9976608251680594,0.8221702613788532,0.0,0.8221702613788532,0.8221702613788527
129,2022-07-11,-0.0038308147722375,8.650793650793651e-05,1.007083977447182,-0.0092212446929211,0.0,,0.8221702613788532,0.9961691852277625,0.8190206793962688,0.0,0.8190206793962688,0.8190206793962682
130,2022-07-12,-0.0026433578839059,8.80952380952381e-05,1.007083977447182,-0.0118402275269686,0.0,,0.8190206793962688,0.9973566421160941,0.8168557146263047,0.0,0.8168557146263047,0.8168557146263041
131,2022-07-13,0.0013082693693712,9.484126984126983e-05,1.007083977447182,-0.0105474483645972,0.0,,0.8168557146263047,1.0013082693693711,0.817924381936946,0.0,0.817924381936946,0.8179243819369456
132,2022-07-14,-0.0070297386839619,9.523809523809524e-05,1.007083977447182,-0.0175030412427735,0.0,,0.817924381936946,0.992970261316038,0.8121745872686882,0.0,0.8121745872686882,0.8121745872686877
133,2022-07-15,0.0104365065447802,9.404761904761906e-05,1.007083977447182,-0.0072492053024769,0.0,,0.8121745872686882,1.0104365065447802,0.820650852664222,0.0,0.820650852664222,0.8206508526642216
134,2022-07-18,-0.0051004402228722,9.92063492063492e-05,1.007083977447182,-0.0123126713870406,0.0,,0.820650852664222,0.9948995597771279,0.816465172046359,0.0,0.816465172046359,0.8164651720463585
135,2022-07-19,0.013274901591829,0.0001,1.0078884166954658,0.0,0.0,,0.816465172046359,1.013274901591829,0.8273036668584302,0.0,0.8273036668584302,0.8273036668584296
136,2022-07-20,-0.0006691470801929,9.96031746031746e-05,1.0078884166954658,-0.000669147080193,0.0,,0.8273036668584302,0.9993308529198071,0.8267500790253189,0.0,0.8267500790253189,0.8267500790253184
137,2022-07-21,0.0109604638001938,9.84126984126984e-05,1.018253523592821,0.0,0.0,,0.8267500790253189,1.0109604638001939,0.8358116433382834,0.0,0.8358116433382834,0.8358116433382828
138,2022-07-22,0.0005196491842233,9.88095238095238e-05,1.0187826582056885,0.0,0.0,,0.8358116433382834,1.0005196491842232,0.8362459721769084,0.0,0.8362459721769084,0.8362459721769079
139,2022-07-25,-0.0012525833109979,0.0001039682539681,1.0187826582056885,-0.0012525833109979,0.0,,0.8362459721769084,0.9987474166890021,0.8351985044282705,0.0,0.8351985044282705,0.8351985044282698
140,2022-07-26,-0.005579208716132,0.0001011904761904,1.0187826582056885,-0.0068248036034035,0.0,,0.8351985044282705,0.994420791283868,0.8305387576526638,0.0,0.8305387576526638,0.8305387576526632
141,2022-07-27,0.0134776980332268,9.682539682539682e-05,1.0254668013570354,0.0,0.0,,0.8305387576526638,1.0134776980332267,0.8417325082331977,0.0,0.8417325082331977,0.841732508233197
142,2022-07-28,0.0097811230206578,9.603174603174604e-05,1.0354970182947092,0.0,0.0,,0.8417325082331977,1.0097811230206577,0.8499655974467134,0.0,0.8499655974467134,0.8499655974467129
143,2022-07-29,0.006231114993237,9.563492063492065e-05,1.0419493192908575,0.0,0.0,,0.8499655974467134,1.006231114993237,0.8552618308246993,0.0,0.8552618308246993,0.8552618308246988
144,2022-08-01,0.0042988510338413,0.0001015873015873,1.0464285041993011,0.0,0.0,,0.8552618308246993,1.0042988510338413,0.8589384740303451,0.0,0.8589384740303451,0.8589384740303445
145,2022-08-02,-0.0106678859487224,0.0001015873015873,1.0464285041993011,-0.0106678859487223,0.0,,0.8589384740303451,0.9893321140512776,0.8497754163524197,0.0,0.8497754163524197,0.849775416352419
146,2022-08-03,0.0102447056049213,0.0001,1.0464285041993011,-0.0005324696947726,0.0,,0.8497754163524197,1.0102447056049213,0.8584811153232497,0.0,0.8584811153232497,0.858481115323249
147,2022-08-04,0.0033475308770382,9.92063492063492e-05,1.0493723992458517,0.0,0.0,,0.8584811153232497,1.003347530877038,0.8613549073641483,0.0,0.8613549073641483,0.8613549073641479
148,2022-08-05,-0.0084631189308345,0.0001023809523808,1.0493723992458517,-0.0084631189308345,0.0,,0.8613549073641483,0.9915368810691655,0.8540651583414676,0.0,0.8540651583414676,0.854065158341467
149,2022-08-08,0.0049398801625333,0.0001051587301587,1.0493723992458517,-0.0035650455616208,0.0,,0.8540651583414676,1.0049398801625333,0.8582841378746695,0.0,0.8582841378746695,0.858284137874669
150,2022-08-09,-0.002883379438155,0.0001059523809523,1.0493723992458517,-0.0064381456207073,0.0,,0.8582841378746695,0.997116620561845,0.8558093790394271,0.0,0.8558093790394271,0.8558093790394264
151,2022-08-10,0.0095557920605401,0.0001051587301587,1.0525794123215624,0.0,0.0,,0.8558093790394271,1.00955579206054,0.8639873155089878,0.0,0.8639873155089878,0.8639873155089872
152,2022-08-11,-0.0052007365076606,0.0001039682539681,1.0525794123215624,-0.0052007365076606,0.0,,0.8639873155089878,0.9947992634923394,0.8594939451350645,0.0,0.8594939451350645,0.8594939451350639
153,2022-08-12,0.0111853297059475,0.000104365079365,1.058817441313568,0.0,0.0,,0.8594939451350645,1.0111853297059474,0.8691076682916656,0.0,0.8691076682916656,0.8691076682916651
154,2022-08-15,-0.0006829553219735,0.0001079365079365,1.058817441313568,-0.0006829553219735,0.0,,0.8691076682916656,0.9993170446780265,0.8685141065842379,0.0,0.8685141065842379,0.8685141065842372
155,2022-08-16,0.0010991148892158,0.0001071428571427,1.0592572835242722,0.0,0.0,,0.8685141065842379,1.0010991148892159,0.8694687033702787,0.0,0.8694687033702787,0.869468703370278
156,2022-08-17,-0.0078241249082131,0.0001063492063492,1.0592572835242722,-0.0078241249082131,0.0,,0.8694687033702787,0.992175875091787,0.8626658716313276,0.0,0.8626658716313276,0.8626658716313268
157,2022-08-18,0.0009977640138528,0.0001075396825396,1.0592572835242722,-0.0068341675246336,0.0,,0.8626658716313276,1.0009977640138528,0.8635266085940202,0.0,0.8635266085940202,0.8635266085940194
158,2022-08-19,-0.0109920146884189,0.00010873015873,1.0592572835242722,-0.0177510609432386,0.0,,0.8635266085940202,0.9890079853115811,0.8540347114285142,0.0,0.8540347114285142,0.8540347114285134
159,2022-08-22,-0.012444699315823,0.0001119047619046,1.0592572835242722,-0.0299748536430862,0.0,,0.8540347114285142,0.987555300684177,0.8434065062395106,0.0,0.8434065062395106,0.8434065062395099
160,2022-08-23,-0.0012334295948338,0.0001111111111111,1.0592572835242722,-0.0311713113663358,0.0,,0.8434065062395106,0.9987665704051663,0.8423662236942395,0.0,0.8423662236942395,0.8423662236942387
161,2022-08-24,0.0001281805674063,0.0001119047619046,1.0592572835242722,-0.0310471263553071,0.0,,0.8423662236942395,1.0001281805674063,0.8424741986747565,0.0,0.8424741986747565,0.8424741986747559
162,2022-08-25,0.0101604884116158,0.0001142857142857,1.0592572835242722,-0.0212020919112385,0.0,,0.8424741986747565,1.0101604884116158,0.8510341480074767,0.0,0.8510341480074767,0.851034148007476
163,2022-08-26,-0.0175568268410232,0.0001146825396825,1.0592572835242722,-0.0383866772959086,0.0,,0.8510341480074767,0.9824431731589768,0.8360926888351117,0.0,0.8360926888351117,0.836092688835111
164,2022-08-29,-0.0047968471286268,0.0001178571428571,1.0592572835242722,-0.042999389401771,0.0,,0.8360926888351117,0.9952031528713732,0.832082080021407,0.0,0.832082080021407,0.8320820800214064
165,2022-08-30,-0.0057738598831962,0.0001178571428571,1.0592572835242722,-0.0485249768354987,0.0,,0.832082080021407,0.9942261401168038,0.8272777546800449,0.0,0.8272777546800449,0.8272777546800442
166,2022-08-31,-0.0072965534011286,0.0001174603174603,1.0592572835242722,-0.0554674651518585,0.0,,0.8272777546800449,0.9927034465988714,0.8212414783654562,0.0,0.8212414783654562,0.8212414783654554
167,2022-09-01,-0.0046961799918898,0.0001178571428571,1.0592572835242722,-0.0599031599437014,0.0,,0.8212414783654562,0.9953038200081102,0.8173847805662464,0.0,0.8173847805662464,0.8173847805662454
168,2022-09-02,-0.0029220037323774,0.0001166666666666,1.0592572835242722,-0.0626501264191421,0.0,,0.8173847805662464,0.9970779962676226,0.8149963791866434,0.0,0.8149963791866434,0.8149963791866424
169,2022-09-06,-0.0080280604337872,0.0001206349206349,1.0592572835242722,-0.0701752278518522,0.0,,0.8149963791866434,0.9919719395662128,0.8084535390012152,0.0,0.8084535390012152,0.8084535390012141
170,2022-09-07,0.0136527052985092,0.0001218253968253,1.0592572835242722,-0.0574806042584601,0.0,,0.8084535390012152,1.0136527052985091,0.8194911169167356,0.0,0.8194911169167356,0.8194911169167345
171,2022-09-08,-0.000571019041743,0.0001214285714285,1.0592572835242722,-0.0580188007806407,0.0,,0.8194911169167356,0.999428980958257,0.819023171884437,0.0,0.819023171884437,0.8190231718844357
172,2022-09-09,0.0107025794545858,0.0001222222222222,1.0592572835242722,-0.0479371721512694,0.0,,0.819023171884437,1.0107025794545859,0.8277888324566771,0.0,0.8277888324566771,0.8277888324566759
173,2022-09-12,0.0049932177910691,0.0001257936507936,1.0592572835242722,-0.0431833151010395,0.0,,0.8277888324566771,1.0049932177910692,0.8319221623821482,0.0,0.8319221623821482,0.831922162382147
174,2022-09-13,-0.0239559211880259,0.0001301587301587,1.0592572835242722,-0.0661047401958673,0.0,,0.8319221623821482,0.9760440788119741,0.8119927006255494,0.0,0.8119927006255494,0.8119927006255482
175,2022-09-14,0.001513114846331,0.0001285714285714,1.0592572835242722,-0.0646916494133396,0.0,,0.8119927006255494,1.001513114846331,0.8132213388359784,0.0,0.8132213388359784,0.8132213388359771
176,2022-09-15,-0.0091014203601004,0.0001277777777777,1.0592572835242722,-0.0732042838783409,0.0,,0.8132213388359784,0.9908985796398996,0.8058198695854285,0.0,0.8058198695854285,0.8058198695854272
177,2022-09-16,-0.0037013809821197,0.0001269841269841,1.0592572835242722,-0.0766347079163037,0.0,,0.8058198695854285,0.9962986190178803,0.8028372232451308,0.0,0.8028372232451308,0.8028372232451294
178,2022-09-19,0.0033881948196642,0.0001337301587301,1.0592572835242722,-0.0735061664170079,0.0,,0.8028372232451308,1.0033881948196641,0.8055573921659636,0.0,0.8055573921659636,0.8055573921659622
179,2022-09-20,-0.0105203805920809,0.0001329365079365,1.0592572835242722,-0.083253234162517,0.0,,0.8055573921659636,0.9894796194079191,0.7970826218116134,0.0,0.7970826218116134,0.7970826218116122
180,2022-09-21,-0.0045379337530509,0.0001313492063492,1.0592572835242722,-0.0874133702542113,0.0,,0.7970826218116134,0.9954620662469491,0.7934655136781241,0.0,0.7934655136781241,0.7934655136781229
181,2022-09-22,-0.0087869391748779,0.0001305555555555,1.0592572835242722,-0.0954322134615943,0.0,,0.7934655136781241,0.9912130608251221,0.7864933804720712,0.0,0.7864933804720712,0.78649338047207
182,2022-09-23,-0.0130749288315356,0.0001285714285714,1.0592572835242722,-0.1072593728938837,0.0,,0.7864933804720712,0.9869250711684644,0.776210035495925,0.0,0.776210035495925,0.7762100354959238
183,2022-09-26,-0.0129172402670337,0.0001345238095238,1.0592572835242722,-0.1187911180703559,0.0,,0.776210035495925,0.9870827597329663,0.7661835439697414,0.0,0.7661835439697414,0.7661835439697402
184,2022-09-27,-0.0066408635419603,0.0001329365079365,1.0592572835242722,-0.124643106007214,0.0,,0.7661835439697414,0.9933591364580397,0.7610954236061429,0.0,0.7610954236061429,0.7610954236061416
185,2022-09-28,0.0218945259947246,0.0001349206349206,1.0592572835242722,-0.1054775817370275,0.0,,0.7610954236061429,1.0218945259947245,0.7777592471427535,0.0,0.7777592471427535,0.7777592471427521
186,2022-09-29,-0.0113827171499545,0.0001333333333333,1.0592572835242722,-0.1156596774084083,0.0,,0.7777592471427535,0.9886172828500455,0.7689062336217659,0.0,0.7689062336217659,0.7689062336217646
187,2022-09-30,-0.0082920793250066,0.0001321428571428,1.0592572835242722,-0.1229926975136398,0.0,,0.7689062336217659,0.9917079206749934,0.7625304021390822,0.0,0.7625304021390822,0.7625304021390809
188,2022-10-03,0.0205865946049236,0.0001373015873015,1.0205865946049235,0.0,0.0,0.0,0.7625304021390822,1.0205865946049235,0.7782283064018488,0.0,0.7782283064018488,0.7782283064018476
189,2022-10-04,0.0193716231314136,0.0001369047619047,1.0403570134885831,0.0,0.0,,0.7782283064018488,1.0193716231314136,0.7933038518636637,0.0,0.7933038518636637,0.7933038518636625
190,2022-10-05,-0.0057169618298504,0.0001373015873015,1.0403570134885831,-0.0057169618298502,0.0,,0.7933038518636637,0.9942830381701496,0.7887685640230858,0.0,0.7887685640230858,0.7887685640230846
191,2022-10-06,-0.008984219500384,0.0001373015873015,1.0403570134885831,-0.0146498188902797,0.0,,0.7887685640230858,0.991015780499616,0.7816820941088998,0.0,0.7816820941088998,0.7816820941088984
192,2022-10-07,-0.0169416485812842,0.0001369047619047,1.0403570134885831,-0.0313432753881454,0.0,,0.7816820941088998,0.9830583514187158,0.7684391107682245,0.0,0.7684391107682245,0.7684391107682231
193,2022-10-10,-0.0083257699035826,0.0001369047619047,1.0403570134885831,-0.0394080883928217,0.0,,0.7684391107682245,0.9916742300964174,0.7620412635470546,0.0,0.7620412635470546,0.7620412635470533
194,2022-10-11,-0.0029890095092824,0.0001456349206349,1.0403570134885831,-0.0422793067511554,0.0,,0.7620412635470546,0.9970109904907176,0.7597635149638469,0.0,0.7597635149638469,0.7597635149638454
195,2022-10-12,-0.0006604253232269,0.0001468253968253,1.0403570134885831,-0.0429118097495554,0.0,,0.7597635149638469,0.9993395746767731,0.7592617478989009,0.0,0.7592617478989009,0.7592617478988993
196,2022-10-13,0.010037324560139,0.0001503968253968,1.0403570134885831,-0.0333052049513357,0.0,,0.7592617478989009,1.010037324560139,0.7668827044886606,0.0,0.7668827044886606,0.766882704488659
197,2022-10-14,-0.01471011362741,0.0001511904761904,1.0403570134885831,-0.0475253952295273,0.0,,0.7668827044886606,0.98528988637259,0.7556017727667369,0.0,0.7556017727667369,0.7556017727667353
198,2022-10-17,0.0129826219332564,0.0001575396825396,1.0403570134885831,-0.0351597775347644,0.0,,0.7556017727667369,1.0129826219332565,0.7654114649146658,0.0,0.7654114649146658,0.7654114649146643
199,2022-10-18,0.0065158177340588,0.0001603174603174,1.0403570134885831,-0.0288730545026921,0.0,,0.7654114649146658,1.0065158177340587,0.7703987465116087,0.0,0.7703987465116087,0.7703987465116073
200,2022-10-19,-0.0107506388601534,0.0001615079365079,1.0403570134885831,-0.0393132895810975,0.0,,0.7703987465116087,0.9892493611398466,0.7621164678095476,0.0,0.7621164678095476,0.7621164678095461
201,2022-10-20,-0.0068240621275546,0.0001623015873015,1.0403570134885831,-0.0458690753781122,0.0,,0.7621164678095476,0.9931759378724454,0.7569157376847827,0.0,0.7569157376847827,0.7569157376847813
202,2022-10-21,0.0120580581549202,0.0001623015873015,1.0403570134885831,-0.0343641092016138,0.0,,0.7569157376847827,1.0120580581549201,0.7660426716681601,0.0,0.7660426716681601,0.7660426716681586
203,2022-10-24,0.0032614274869496,0.0001650793650793,1.0403570134885831,-0.0312147577649788,0.0,,0.7660426716681601,1.0032614274869496,0.7685410642937149,0.0,0.7685410642937149,0.7685410642937135
204,2022-10-25,0.0152813705175503,0.0001642857142857,1.0403570134885831,-0.0164103915264507,0.0,,0.7685410642937149,1.0152813705175503,0.7802854250551396,0.0,0.7802854250551396,0.7802854250551382
205,2022-10-26,0.0032941642144109,0.0001630952380952,1.0403570134885831,-0.0131702858365506,0.0,,0.7802854250551396,1.0032941642144109,0.7828558133793827,0.0,0.7828558133793827,0.7828558133793814
206,2022-10-27,-0.0012475500199149,0.0001638888888888,1.0403570134885831,-0.0144014052661078,0.0,,0.7828558133793827,0.998752449980085,0.7818791615938108,0.0,0.7818791615938108,0.7818791615938094
207,2022-10-28,0.0090380118315414,0.000165873015873,1.0403570134885831,-0.0054935535057523,0.0,,0.7818791615938108,1.0090380118315414,0.7889457947071313,0.0,0.7889457947071313,0.78894579470713
208,2022-10-31,-0.0070593508770618,0.0001674603174603,1.0403570134885831,-0.0125141234610551,0.0,,0.7889457947071313,0.9929406491229382,0.7833763495193113,0.0,0.7833763495193113,0.78337634951931
209,2022-11-01,0.0031846905424706,0.0001678571428571,1.0403570134885831,-0.0093692865292183,0.0,,0.7833763495193113,1.0031846905424706,0.7858711607708206,0.0,0.7858711607708206,0.7858711607708193
210,2022-11-02,-0.013748843904632,0.0001674603174603,1.0403570134885831,-0.0229893135758622,0.0,,0.7858711607708206,0.986251156095368,0.7750663408522306,0.0,0.7750663408522306,0.7750663408522294
211,2022-11-03,-0.0072755737087712,0.0001686507936507,1.0403570134885831,-0.0300976268391983,0.0,,0.7750663408522306,0.9927244262912288,0.7694272885601726,0.0,0.7694272885601726,0.7694272885601713
212,2022-11-04,0.0131111278532249,0.0001670634920634,1.0403570134885831,-0.0173811128195406,0.0,,0.7694272885601726,1.013111127853225,0.7795153481142453,0.0,0.7795153481142453,0.7795153481142439
213,2022-11-07,0.0015974975053201,0.000170238095238,1.0403570134885831,-0.0158113815985894,0.0,,0.7795153481142453,1.0015974975053201,0.7807606219382165,0.0,0.7807606219382165,0.7807606219382152
214,2022-11-08,0.009893843090443,0.0001698412698412,1.0403570134885831,-0.0060739738367261,0.0,,0.7807606219382165,1.009893843090443,0.7884853450228698,0.0,0.7884853450228698,0.7884853450228685
215,2022-11-09,-0.0092519756972384,0.000170238095238,1.0403570134885831,-0.0152697532756416,0.0,,0.7884853450228698,0.9907480243027617,0.7811902977730897,0.0,0.7811902977730897,0.7811902977730882
216,2022-11-10,0.0413829028133896,0.0001698412698412,1.0668666031708125,0.0,0.0,,0.7811902977730897,1.0413829028133896,0.8135182199445964,0.0,0.8135182199445964,0.8135182199445948
217,2022-11-11,0.0053059937013848,0.0001698412698412,1.0725273906474546,0.0,0.0,,0.8135182199445964,1.0053059937013848,0.8178347424955842,0.0,0.8178347424955842,0.8178347424955826
218,2022-11-14,-0.0044785514095937,0.0001722222222222,1.0725273906474546,-0.0044785514095937,0.0,,0.8178347424955842,0.9955214485904063,0.8141720275567659,0.0,0.8141720275567659,0.8141720275567643
219,2022-11-15,0.0081156191799389,0.0001710317460317,1.076389263138742,0.0,0.0,,0.8141720275567659,1.008115619179939,0.8207795376793754,0.0,0.8207795376793754,0.8207795376793738
220,2022-11-16,0.0006746890539678,0.0001714285714285,1.0771154911923904,0.0,0.0,,0.8207795376793754,1.0006746890539677,0.8213333086491683,0.0,0.8213333086491683,0.821333308649167
221,2022-11-17,-0.0039155391062702,0.0001714285714285,1.0771154911923904,-0.0039155391062701,0.0,,0.8213333086491683,0.9960844608937298,0.8181173459598702,0.0,0.8181173459598702,0.8181173459598688
222,2022-11-18,0.0005980280835521,0.0001722222222222,1.0771154911923904,-0.0033198526250657,0.0,,0.8181173459598702,1.000598028083552,0.8186066031083953,0.0,0.8186066031083953,0.8186066031083941
223,2022-11-21,-0.0020491273877995,0.000175,1.0771154911923904,-0.0053621772119277,0.0,,0.8186066031083953,0.9979508726122005,0.8169291738981324,0.0,0.8169291738981324,0.8169291738981311
224,2022-11-22,0.0100422941695005,0.0001746031746031,1.0820985165488053,0.0,0.0,,0.8169291738981324,1.0100422941695004,0.8251330169780644,0.0,0.8251330169780644,0.8251330169780633
225,2022-11-23,0.0081266337568503,0.0001746031746031,1.0908923348816286,0.0,0.0,,0.8251330169780644,1.0081266337568504,0.8318385708077302,0.0,0.8318385708077302,0.831838570807729
226,2022-11-25,0.0005876895174391,0.000175,1.0915334408714932,0.0,0.0,,0.8318385708077302,1.000587689517439,0.8323274336159954,0.0,0.8323274336159954,0.8323274336159943
227,2022-11-28,-0.0086441840347294,0.000175,1.0915334408714932,-0.0086441840347294,0.0,,0.8323274336159954,0.9913558159652706,0.8251326421026647,0.0,0.8251326421026647,0.8251326421026636
228,2022-11-29,-0.0016414077470308,0.0001738095238095,1.0915334408714932,-0.010271403151119,0.0,,0.8251326421026647,0.9983585922529692,0.8237782629915894,0.0,0.8237782629915894,0.8237782629915882
229,2022-11-30,0.0187064375970579,0.0001734126984126,1.1005308343220528,0.0,0.0,,0.8237782629915894,1.0187064375970578,0.8391882196620543,0.0,0.8391882196620543,0.839188219662053
230,2022-12-01,0.0100427818408527,0.0001718253968253,1.1115832254002809,0.0,0.0,,0.8391882196620543,1.0100427818408526,0.8476160038755338,0.0,0.8476160038755338,0.8476160038755327
231,2022-12-02,0.0015939145457129,0.0001722222222222,1.1133549940720169,0.0,0.0,,0.8476160038755338,1.001593914545713,0.8489670313532901,0.0,0.8489670313532901,0.848967031353289
232,2022-12-05,-0.0143628941316252,0.0001730158730158,1.1133549940720169,-0.0143628941316251,0.0,,0.8489670313532901,0.9856371058683748,0.8367734077607227,0.0,0.8367734077607227,0.8367734077607216
233,2022-12-06,-0.0030097563362409,0.0001734126984126,1.1133549940720169,-0.0173294216562467,0.0,,0.8367734077607227,0.9969902436637591,0.834254923694717,0.0,0.834254923694717,0.8342549236947158
234,2022-12-07,0.0058740908429989,0.000170238095238,1.1133549940720169,-0.0115571254103131,0.0,,0.834254923694717,1.0058740908429988,0.8391554129027188,0.0,0.8391554129027188,0.8391554129027178
235,2022-12-08,0.0030822185265918,0.0001698412698412,1.1133549940720169,-0.0085105284697749,0.0,,0.8391554129027188,1.0030822185265917,0.8417418732630573,0.0,0.8417418732630573,0.8417418732630565
236,2022-12-09,-0.007282457940232,0.0001710317460317,1.1133549940720169,-0.0157310088443767,0.0,,0.8417418732630573,0.992717542059768,0.835611923474487,0.0,0.835611923474487,0.8356119234744861
237,2022-12-12,0.005493990946485,0.0001738095238095,1.1133549940720169,-0.0103234439180617,0.0,,0.835611923474487,1.005493990946485,0.8402027678168308,0.0,0.8402027678168308,0.8402027678168299
238,2022-12-13,0.009078229000898,0.000172619047619,1.1133549940720169,-0.0013389335051297,0.0,,0.8402027678168308,1.009078229000898,0.8478303209502602,0.0,0.8478303209502602,0.8478303209502596
239,2022-12-14,-0.0017263513556104,0.0001718253968253,1.1133549940720169,-0.0030629733910683,0.0,,0.8478303209502602,0.9982736486443896,0.8463666679263602,0.0,0.8463666679263602,0.8463666679263595
240,2022-12-15,-0.0149932137669603,0.0001722222222222,1.1133549940720169,-0.0180102633432139,0.0,,0.8463666679263602,0.9850067862330397,0.8336769115489103,0.0,0.8336769115489103,0.8336769115489097
241,2022-12-16,-0.0064760420323939,0.0001710317460317,1.1133549940720169,-0.0243696701531828,0.0,,0.8336769115489103,0.9935239579676061,0.8282779848282832,0.0,0.8282779848282832,0.8282779848282825
242,2022-12-19,-0.0075334760202377,0.0001734126984126,1.1133549940720169,-0.0317195578477004,0.0,,0.8282779848282832,0.9924665239797623,0.8220381724914885,0.0,0.8220381724914885,0.8220381724914879
243,2022-12-20,-0.0003412815691796,0.000172619047619,1.1133549940720169,-0.032050014116404,0.0,,0.8220381724914885,0.9996587184308204,0.8217576260140551,0.0,0.8217576260140551,0.8217576260140544
244,2022-12-21,0.0075806860254684,0.0001718253968253,1.1133549940720169,-0.0247122891850637,0.0,,0.8217576260140551,1.0075806860254684,0.8279871125659019,0.0,0.8279871125659019,0.8279871125659014
245,2022-12-22,-0.0082122377832494,0.000172619047619,1.1133549940720169,-0.0327215837733571,0.0,,0.8279871125659019,0.9917877622167506,0.8211874855160446,0.0,0.8211874855160446,0.8211874855160441
246,2022-12-23,0.0003881205109715,0.0001722222222222,1.1133549940720169,-0.0323461631801995,0.0,,0.8211874855160446,1.0003881205109715,0.8215062052225265,0.0,0.8215062052225265,0.821506205222526
247,2022-12-27,-0.0035785851174746,0.0001769841269841,1.1133549940720169,-0.0358089947995102,0.0,,0.8215062052225265,0.9964214148825254,0.8185663753426041,0.0,0.8185663753426041,0.8185663753426036
248,2022-12-28,-0.0082744269127194,0.0001769841269841,1.1133549940720169,-0.0437871228019433,0.0,,0.8185663753426041,0.9917255730872806,0.8117932076966221,0.0,0.8117932076966221,0.8117932076966214
249,2022-12-29,0.0117512607575567,0.0001765873015873,1.1133549940720169,-0.0325504159422553,0.0,,0.8117932076966221,1.0117512607575567,0.8213328013614786,0.0,0.8213328013614786,0.8213328013614778
250,2022-12-30,-0.0044613766359979,0.0001753968253968,1.1133549940720169,-0.0368665729130766,0.0,,0.8213328013614786,0.9955386233640021,0.8176685263911058,0.0,0.8176685263911058,0.8176685263911049
251,2023-01-03,0.0024268431785132,0.0001797619047619,1.0024268431785133,0.0,0.0,0.3559728299196462,0.8176685263911058,1.0024268431785133,0.819652879676663,0.0,0.819652879676663,0.8196528796766621
252,2023-01-04,0.009941538381061,0.0001805555555555,1.0123925081141782,0.0,0.0,,0.819652879676663,1.009941538381061,0.8278014902391158,0.0,0.8278014902391158,0.8278014902391149
253,2023-01-05,-0.0102252897128781,0.0001849206349206,1.0123925081141782,-0.0102252897128782,0.0,,0.8278014902391158,0.9897747102871219,0.8193369801766686,0.0,0.8193369801766686,0.8193369801766677
254,2023-01-06,0.0213270033752629,0.0001853174603174,1.0234110225714033,0.0,0.0,,0.8193369801766686,1.0213270033752628,0.8368109827183741,0.0,0.8368109827183741,0.8368109827183733
255,2023-01-09,0.0007817622856968,0.0001865079365079,1.024211086711616,0.0,0.0,,0.8368109827183741,1.0007817622856967,0.83746516998492,0.0,0.83746516998492,0.8374651699849195
256,2023-01-10,0.0019623715616808,0.0001876984126984,1.0262209694213371,0.0,0.0,,0.83746516998492,1.0019623715616808,0.8391085878183966,0.0,0.8391085878183966,0.839108587818396
257,2023-01-11,0.0135114883806109,0.0001873015873015,1.0400867421256128,0.0,0.0,,0.8391085878183966,1.013511488380611,0.8504461937527756,0.0,0.8504461937527756,0.8504461937527751
258,2023-01-12,0.0075408404818563,0.0001849206349206,1.0479298703352755,0.0,0.0,,0.8504461937527756,1.0075408404818562,0.8568592728382671,0.0,0.8568592728382671,0.8568592728382667
259,2023-01-13,3.918682461811997e-05,0.0001853174603174,1.0479709353793167,0.0,0.0,,0.8568592728382671,1.0000391868246181,0.8568928504323142,0.0,0.8568928504323142,0.8568928504323138
260,2023-01-17,-0.000890514068298,0.0001869047619047,1.0479709353793167,-0.0008905140682982,0.0,,0.8568928504323142,0.999109485931702,0.8561297752939803,0.0,0.8561297752939803,0.8561297752939797
261,2023-01-18,-0.005824958796059,0.0001861111111111,1.0479709353793167,-0.0067102856566021,0.0,,0.8561297752939803,0.994175041203941,0.8511428546288136,0.0,0.8511428546288136,0.851142854628813
262,2023-01-19,-0.0046418585154155,0.0001869047619047,1.0479709353793167,-0.0113209959754018,0.0,,0.8511428546288136,0.9953581414845845,0.8471919699212197,0.0,0.8471919699212197,0.8471919699212191
263,2023-01-20,0.0084687344302887,0.0001873015873015,1.0479709353793167,-0.0029481360535151,0.0,,0.8471919699212197,1.0084687344302887,0.8543666137259557,0.0,0.8543666137259557,0.8543666137259551
264,2023-01-23,0.0047889623978879,0.0001876984126984,1.049885272094335,0.0,0.0,,0.8543666137259557,1.0047889623978878,0.8584581433131,0.0,0.8584581433131,0.8584581433130994
265,2023-01-24,0.0013186564271745,0.0001873015873015,1.051269710056178,0.0,0.0,,0.8584581433131,1.0013186564271745,0.8595901546612401,0.0,0.8595901546612401,0.8595901546612396
266,2023-01-25,0.0014191726917694,0.0001873015873015,1.052761643320374,0.0,0.0,,0.8595901546612401,1.0014191726917694,0.8608100615348492,0.0,0.8608100615348492,0.8608100615348486
267,2023-01-26,0.0048851027566154,0.0001869047619047,1.0579044921262175,0.0,0.0,,0.8608100615348492,1.0048851027566155,0.8650152071393754,0.0,0.8650152071393754,0.8650152071393749
268,2023-01-27,0.0012377146788013,0.0001876984126984,1.059213876044892,0.0,0.0,,0.8650152071393754,1.0012377146788014,0.8660858491586383,0.0,0.8660858491586383,0.8660858491586377
269,2023-01-30,-0.0081365254943855,0.0001873015873015,1.059213876044892,-0.0081365254943855,0.0,,0.8660858491586383,0.9918634745056145,0.8590389195666325,0.0,0.8590389195666325,0.8590389195666319
270,2023-01-31,0.0112519010227903,0.0001865079365079,1.062416752542097,0.0,0.0,,0.8590389195666325,1.0112519010227903,0.8687047404643209,0.0,0.8687047404643209,0.8687047404643203
271,2023-02-01,0.0090319739626146,0.0001849206349206,1.072012472988503,0.0,0.0,,0.8687047404643209,1.0090319739626146,0.8765508590613945,0.0,0.8765508590613945,0.876550859061394
272,2023-02-02,0.0084108368380546,0.0001849206349206,1.0810289949871688,0.0,0.0,,0.8765508590613945,1.0084108368380547,0.8839233853172166,0.0,0.8839233853172166,0.883923385317216
273,2023-02-03,-0.0115789304503469,0.0001865079365079,1.0810289949871688,-0.0115789304503469,0.0,,0.8839233853172166,0.9884210695496531,0.8736884979151934,0.0,0.8736884979151934,0.8736884979151928
274,2023-02-06,-0.0066948883873025,0.0001869047619047,1.0810289949871688,-0.0181962991906401,0.0,,0.8736884979151934,0.9933051116126975,0.8678392509363813,0.0,0.8678392509363813,0.8678392509363805
275,2023-02-07,0.004503685392173,0.0001869047619047,1.0810289949871688,-0.0137745642053237,0.0,,0.8678392509363813,1.004503685392173,0.8717477258935777,0.0,0.8717477258935777,0.871747725893577
276,2023-02-08,-0.0059511299107343,0.0001873015873015,1.0810289949871688,-0.0196437198950085,0.0,,0.8717477258935777,0.9940488700892657,0.8665598419273979,0.0,0.8665598419273979,0.866559841927397
277,2023-02-09,-0.0063688894931287,0.0001892857142857,1.0810289949871688,-0.0258875007068921,0.0,,0.8665598419273979,0.9936311105068713,0.8610408180549791,0.0,0.8610408180549791,0.8610408180549782
278,2023-02-10,-0.0003444668065784,0.0001900793650793,1.0810289949871688,-0.0262230501287717,0.0,,0.8610408180549791,0.9996555331934216,0.8607442180740501,0.0,0.8607442180740501,0.8607442180740492
279,2023-02-13,0.0084027736259619,0.000190873015873,1.0810289949871688,-0.0180406228568241,0.0,,0.8607442180740501,1.008402773625962,0.867976856888382,0.0,0.867976856888382,0.8679768568883811
280,2023-02-14,-0.0027779654809691,0.0001904761904761,1.0810289949871688,-0.0207684721102419,0.0,,0.867976856888382,0.9972220345190309,0.8655656471416661,0.0,0.8655656471416661,0.8655656471416651
281,2023-02-15,0.000334340031588,0.0001900793650793,1.0810289949871688,-0.0204410758102753,0.0,,0.8655656471416661,1.000334340031588,0.865855040387473,0.0,0.865855040387473,0.865855040387472
282,2023-02-16,-0.0085811956767156,0.0001920634920634,1.0810289949871688,-0.0288468626156203,0.0,,0.865855040387473,0.9914188043232844,0.8584249688582376,0.0,0.8584249688582376,0.8584249688582365
283,2023-02-17,0.0005556023203468,0.0001920634920634,1.0810289949871688,-0.0283072876790775,0.0,,0.8584249688582376,1.0005556023203468,0.8589019117627789,0.0,0.8589019117627789,0.8589019117627777
284,2023-02-21,-0.0153800117623684,0.000192857142857,1.0810289949871688,-0.0432519330239808,0.0,,0.8589019117627789,0.9846199882376316,0.8456919902571467,0.0,0.8456919902571467,0.8456919902571456
285,2023-02-22,-0.0022066572787515,0.0001920634920634,1.0810289949871688,-0.0453631481099048,0.0,,0.8456919902571467,0.9977933427212485,0.843825837871264,0.0,0.843825837871264,0.8438258378712629
286,2023-02-23,0.0053792445156455,0.0001920634920634,1.0810289949871688,-0.040227923059942,0.0,,0.843825837871264,1.0053792445156455,0.848364983381793,0.0,0.848364983381793,0.8483649833817919
287,2023-02-24,-0.0113309933558771,0.000192857142857,1.0810289949871688,-0.0511030940869062,0.0,,0.848364983381793,0.9886690066441229,0.8387521653917351,0.0,0.8387521653917351,0.8387521653917339
288,2023-02-27,0.0033361746625017,0.0001940476190476,1.0810289949871688,-0.0479374082720726,0.0,,0.8387521653917351,1.0033361746625018,0.8415503891140336,0.0,0.8415503891140336,0.8415503891140323
289,2023-02-28,-0.0029369541528761,0.0001936507936507,1.0810289949871688,-0.0507335724546458,0.0,,0.8415503891140336,0.9970630458471239,0.8390787942038707,0.0,0.8390787942038707,0.8390787942038694
290,2023-03-01,-0.0047942587693706,0.0001944444444444,1.0810289949871688,-0.0552846013493742,0.0,,0.8390787942038707,0.9952057412306294,0.8350560333365659,0.0,0.8350560333365659,0.8350560333365645
291,2023-03-02,0.0052418200520361,0.0001948412698412,1.0810289949871688,-0.0503325732292601,0.0,,0.8350560333365659,1.005241820052036,0.8394332467966832,0.0,0.8394332467966832,0.8394332467966819
292,2023-03-03,0.0129228420939726,0.0001948412698412,1.0810289949871688,-0.0380601710313123,0.0,,0.8394332467966832,1.0129228420939727,0.8502811100934675,0.0,0.8502811100934675,0.8502811100934662
293,2023-03-06,-0.0014751798899682,0.0001956349206349,1.0810289949871688,-0.0394792053223664,0.0,,0.8502811100934675,0.9985248201100319,0.8490267924990379,0.0,0.8490267924990379,0.8490267924990365
294,2023-03-07,-0.0120650303156955,0.0002,1.0810289949871688,-0.0510679178290081,0.0,,0.8490267924990379,0.9879349696843045,0.8387832585086993,0.0,0.8387832585086993,0.8387832585086977
295,2023-03-08,0.0028518495155346,0.0002007936507936,1.0810289949871688,-0.0483617063301934,0.0,,0.8387832585086993,1.0028518495155345,0.8411753421381157,0.0,0.8411753421381157,0.8411753421381144
296,2023-03-09,-0.0102847539126494,0.0002003968253968,1.0810289949871688,-0.0581490719944409,0.0,,0.8411753421381157,0.9897152460873506,0.8325240607468366,0.0,0.8325240607468366,0.8325240607468352
297,2023-03-10,-0.0080368689879075,0.0001988095238095,1.0810289949871688,-0.0657186045089607,0.0,,0.8325240607468366,0.9919631310120925,0.8258331739413336,0.0,0.8258331739413336,0.825833173941332
298,2023-03-13,0.0029204195802522,0.0001932539682539,1.0810289949871688,-0.0629901108281032,0.0,,0.8258331739413336,1.0029204195802521,0.8282449533125337,0.0,0.8282449533125337,0.8282449533125322
299,2023-03-14,0.0080448578311424,0.0001936507936507,1.0810289949871688,-0.0554519994833407,0.0,,0.8282449533125337,1.0080448578311425,0.8349080662112943,0.0,0.8349080662112943,0.8349080662112928
300,2023-03-15,-0.0029548972437983,0.000188492063492,1.0810289949871688,-0.0582430417667027,0.0,,0.8349080662112943,0.9970451027562017,0.8324409986676217,0.0,0.8324409986676217,0.83244099866762
301,2023-03-16,0.0075000639187083,0.0001880952380952,1.0810289949871688,-0.0511798043840645,0.0,,0.8324409986676217,1.0075000639187084,0.8386843593661822,0.0,0.8386843593661822,0.8386843593661806
302,2023-03-17,-0.0071835096642944,0.000179365079365,1.0810289949871688,-0.0579956634289493,0.0,,0.8386843593661822,0.9928164903357056,0.8326596621653828,0.0,0.8326596621653828,0.8326596621653811
303,2023-03-20,0.0067992049254501,0.000190873015873,1.0810289949871688,-0.05159078290394,0.0,,0.8326596621653828,1.0067992049254502,0.8383210858416014,0.0,0.8383210858416014,0.8383210858415997
304,2023-03-21,0.0053216869507279,0.0001896825396825,1.0810289949871688,-0.0465436459493696,0.0,,0.8383210858416014,1.005321686950728,0.8427823682246447,0.0,0.8427823682246447,0.842782368224643
305,2023-03-22,-0.0099254635257658,0.0001900793650793,1.0810289949871688,-0.0560071422149087,0.0,,0.8427823682246447,0.9900745364742342,0.8344173625686724,0.0,0.8344173625686724,0.8344173625686708
306,2023-03-23,0.0013993927559442,0.0001876984126984,1.0810289949871688,-0.0546861254480611,0.0,,0.8344173625686724,1.0013993927559441,0.835585040181285,0.0,0.835585040181285,0.8355850401812837
307,2023-03-24,0.0076036068451634,0.0001880952380952,1.0810289949871688,-0.04749833040069,0.0,,0.835585040181285,1.0076036068451635,0.8419385003125236,0.0,0.8419385003125236,0.8419385003125223
308,2023-03-27,-0.001799911445676,0.0001948412698412,1.0810289949871688,-0.0492127490578274,0.0,,0.8419385003125236,0.998200088554324,0.8404230855692557,0.0,0.8404230855692557,0.8404230855692545
309,2023-03-28,-0.0013867453309048,0.0001904761904761,1.0810289949871688,-0.0505312488387554,0.0,,0.8404230855692557,0.9986132546690952,0.8392576327793579,0.0,0.8392576327793579,0.8392576327793566
310,2023-03-29,0.0112194626713573,0.0001904761904761,1.0810289949871688,-0.0398787196274816,0.0,,0.8392576327793579,1.0112194626713573,0.8486736524619777,0.0,0.8486736524619777,0.8486736524619763
311,2023-03-30,0.0064243080607793,0.0001972222222222,1.0810289949871688,-0.0337106047466587,0.0,,0.8486736524619777,1.0064243080607793,0.8541257934484602,0.0,0.8541257934484602,0.8541257934484588
312,2023-03-31,0.0114065774381671,0.0001924603174603,1.0810289949871688,-0.0226885499320218,0.0,,0.8541257934484602,1.011406577438167,0.8638684454533659,0.0,0.8638684454533659,0.8638684454533646
313,2023-04-03,0.0028708669876107,0.0001944444444444,1.0028708669876107,0.0,0.0,0.0,0.8638684454533659,1.0028708669876107,0.8663484968550567,0.0,0.8663484968550567,0.8663484968550553
314,2023-04-04,-0.0013215371594534,0.0001936507936507,1.0028708669876107,-0.0013215371594532,0.0,,0.8663484968550567,0.9986784628405466,0.8652035851234261,0.0,0.8652035851234261,0.8652035851234248
315,2023-04-05,-0.0010106744667419,0.000192857142857,1.0028708669876107,-0.0023308759823313,0.0,,0.8652035851234261,0.9989893255332581,0.8643291459514083,0.0,0.8643291459514083,0.8643291459514069
316,2023-04-06,0.0030510847891777,0.0001948412698412,1.003586011301144,0.0,0.0,,0.8643291459514083,1.0030510847891776,0.8669662874614635,0.0,0.8669662874614635,0.8669662874614621
317,2023-04-10,-0.0009647047034307,0.0002015873015873,1.003586011301144,-0.0009647047034305,0.0,,0.8669662874614635,0.9990352952965693,0.8661299210062336,0.0,0.8661299210062336,0.8661299210062322
318,2023-04-11,0.0012978511034959,0.0002,1.0039190958350606,0.0,0.0,,0.8661299210062336,1.001297851103496,0.8672540286799825,0.0,0.8672540286799825,0.867254028679981
319,2023-04-12,-0.0011736698307133,0.0001992063492062,1.0039190958350606,-0.0011736698307134,0.0,,0.8672540286799825,0.9988263301692867,0.8662361587909562,0.0,0.8662361587909562,0.8662361587909546
320,2023-04-13,0.0063973615595676,0.0002023809523808,1.0091557218960534,0.0,0.0,,0.8662361587909562,1.0063973615595676,0.8717777846947129,0.0,0.8717777846947129,0.8717777846947113
321,2023-04-14,-0.0055549807508756,0.0002039682539682,1.0091557218960534,-0.0055549807508755,0.0,,0.8717777846947129,0.9944450192491244,0.8669350758816928,0.0,0.8669350758816928,0.8669350758816913
322,2023-04-17,0.0023876897747068,0.000206746031746,1.0091557218960534,-0.0031805545469062,0.0,,0.8669350758816928,1.0023876897747068,0.8690050478977103,0.0,0.8690050478977103,0.8690050478977087
323,2023-04-18,0.0011292110662822,0.0002063492063492,1.0091557218960534,-0.0020549349980153,0.0,,0.8690050478977103,1.0011292110662822,0.8699863380144515,0.0,0.8699863380144515,0.8699863380144499
324,2023-04-19,-0.0011180656736265,0.0002047619047619,1.0091557218960534,-0.003170703119359,0.0,,0.8699863380144515,0.9988819343263735,0.8690136361533934,0.0,0.8690136361533934,0.8690136361533919
325,2023-04-20,-0.0016242448843809,0.0002031746031746,1.0091557218960534,-0.0047897980054184,0.0,,0.8690136361533934,0.998375755115619,0.867602145200414,0.0,0.867602145200414,0.8676021452004125
326,2023-04-21,0.0011347106741773,0.0002039682539682,1.0091557218960534,-0.003660522366165,0.0,,0.867602145200414,1.0011347106741773,0.868586622615512,0.0,0.868586622615512,0.8685866226155105
327,2023-04-24,0.0014594778366628,0.0002063492063492,1.0091557218960534,-0.0022063869807662,0.0,,0.868586622615512,1.0014594778366628,0.8698543055404411,0.0,0.8698543055404411,0.8698543055404395
328,2023-04-25,-0.007555539447533,0.0002031746031746,1.0091557218960534,-0.0097452559844296,0.0,,0.8698543055404411,0.992444460552467,0.8632820870213239,0.0,0.8632820870213239,0.8632820870213223
329,2023-04-26,-0.0051613331925869,0.0002047619047619,1.0091557218960534,-0.0148562906638338,0.0,,0.8632820870213239,0.9948386668074131,0.858826400531015,0.0,0.858826400531015,0.8588264005310133
330,2023-04-27,0.0118534533577323,0.0002055555555554,1.0091557218960534,-0.0031789356545542,0.0,,0.858826400531015,1.0118534533577324,0.8690064592120985,0.0,0.8690064592120985,0.8690064592120968
331,2023-04-28,0.0067314744808657,0.0002023809523808,1.0127191919330494,0.0,0.0,,0.8690064592120985,1.0067314744808658,0.8748561540159923,0.0,0.8748561540159923,0.8748561540159906
332,2023-05-01,-0.0048756462178499,0.0002091269841269,1.0127191919330494,-0.0048756462178498,0.0,,0.8748561540159923,0.9951243537821501,0.8705906649175015,0.0,0.8705906649175015,0.8705906649174998
333,2023-05-02,-0.0049350934762261,0.0002079365079365,1.0127191919330494,-0.0097866779242339,0.0,,0.8705906649175015,0.9950649065237739,0.8662942186066037,0.0,0.8662942186066037,0.866294218606602
334,2023-05-03,-0.0015589200308301,0.00020873015873,1.0127191919330494,-0.0113303413068127,0.0,,0.8662942186066037,0.9984410799691699,0.8649437351966256,0.0,0.8649437351966256,0.8649437351966239
335,2023-05-04,-0.0023654755516669,0.00020873015873,1.0127191919330494,-0.0136690152131264,0.0,,0.8649437351966256,0.9976345244483331,0.8628977319374506,0.0,0.8628977319374506,0.8628977319374488
336,2023-05-05,0.0101978406047453,0.00020873015873,1.0127191919330494,-0.0036105690467485,0.0,,0.8628977319374506,1.0101978406047454,0.871697425465945,0.0,0.871697425465945,0.8716974254659432
337,2023-05-08,-0.0027782104601416,0.0002107142857142,1.0127191919330494,-0.0063787485861974,0.0,,0.871697425465945,0.9972217895398584,0.869275666560437,0.0,0.869275666560437,0.8692756665604351
338,2023-05-09,-0.0030212158678388,0.0002099206349206,1.0127191919330494,-0.0093806928775908,0.0,,0.869275666560437,0.9969787841321612,0.8666493971230985,0.0,0.8666493971230985,0.8666493971230965
339,2023-05-10,0.0054282108132278,0.0002079365079365,1.0127191919330494,-0.0040034024428767,0.0,,0.8666493971230985,1.0054282108132278,0.8713537527518395,0.0,0.8713537527518395,0.8713537527518375
340,2023-05-11,-0.0014725340314351,0.0002063492063492,1.0127191919330494,-0.0054700413279732,0.0,,0.8713537527518395,0.9985274659685649,0.8700706546974937,0.0,0.8700706546974937,0.8700706546974916
341,2023-05-12,-0.0022496611767824,0.0002083333333333,1.0127191919330494,-0.0077073967651448,0.0,,0.8700706546974937,0.9977503388232176,0.8681132905245631,0.0,0.8681132905245631,0.8681132905245609
342,2023-05-15,0.0007749701786894,0.000206746031746,1.0127191919330494,-0.0069383995891036,0.0,,0.8681132905245631,1.0007749701786894,0.8687860524364436,0.0,0.8687860524364436,0.8687860524364414
343,2023-05-16,-0.0091403228917656,0.0002075396825396,1.0127191919330494,-0.0160153032682728,0.0,,0.8687860524364436,0.9908596771082344,0.8608450673933121,0.0,0.8608450673933121,0.8608450673933098
344,2023-05-17,0.0061485994506197,0.00020873015873,1.0127191919330494,-0.0099651755025299,0.0,,0.8608450673933121,1.0061485994506196,0.8661380589017552,0.0,0.8661380589017552,0.8661380589017529
345,2023-05-18,0.0011400651640264,0.0002107142857142,1.0127191919330494,-0.0088364712879474,0.0,,0.8661380589017552,1.0011400651640263,0.8671255127299464,0.0,0.8671255127299464,0.8671255127299441
346,2023-05-19,-0.0001136365968096,0.0002099206349206,1.0127191919330494,-0.0089491037382322,0.0,,0.8671255127299464,0.9998863634031904,0.8670269755376729,0.0,0.8670269755376729,0.8670269755376706
347,2023-05-22,0.0007165101252927,0.0002142857142857,1.0127191919330494,-0.0082390057363803,0.0,,0.8670269755376729,1.0007165101252926,0.8676482091445475,0.0,0.8676482091445475,0.8676482091445452
348,2023-05-23,-0.0075769798150487,0.0002119047619047,1.0127191919330494,-0.0157535587712683,0.0,,0.8676482091445475,0.9924230201849513,0.8610740561772962,0.0,0.8610740561772962,0.8610740561772937
349,2023-05-24,-0.0092004776140103,0.0002130952380952,1.0127191919330494,-0.0248090961204626,0.0,,0.8610740561772962,0.9907995223859897,0.8531517635994319,0.0,0.8531517635994319,0.8531517635994295
350,2023-05-25,0.0018073076827135,0.000213492063492,1.0127191919330494,-0.0230466261077687,0.0,,0.8531517635994319,1.0018073076827134,0.8546936713363057,0.0,0.8546936713363057,0.8546936713363034
351,2023-05-26,0.0087029872276474,0.0002119047619047,1.0127191919330494,-0.0145442133727776,0.0,,0.8546936713363057,1.0087029872276474,0.8621320594414966,0.0,0.8621320594414966,0.8621320594414943
352,2023-05-30,0.0008579741927284,0.000220238095238,1.0127191919330494,-0.0136987177397766,0.0,,0.8621320594414966,1.0008579741927284,0.8628717464992212,0.0,0.8628717464992212,0.8628717464992188
353,2023-05-31,-0.0016462582978794,0.0002190476190476,1.0127191919330494,-0.0153224244099066,0.0,,0.8628717464992212,0.9983537417021205,0.8614512367265411,0.0,0.8614512367265411,0.8614512367265388
354,2023-06-01,0.0062719253894984,0.0002182539682539,1.0127191919330494,-0.0091466001230932,0.0,,0.8614512367265411,1.0062719253894985,0.8668541946099811,0.0,0.8668541946099811,0.8668541946099788
355,2023-06-02,0.0093826245386913,0.0002182539682539,1.0128713077239375,0.0,0.0,,0.8668541946099811,1.0093826245386912,0.8749875620477962,0.0,0.8749875620477962,0.874987562047794
356,2023-06-05,-0.0030335119614599,0.0002166666666666,1.0128713077239375,-0.0030335119614599,0.0,,0.8749875620477962,0.9969664880385402,0.8723332768121955,0.0,0.8723332768121955,0.8723332768121934
357,2023-06-06,0.0030462051968862,0.000215873015873,1.0128748046981093,0.0,0.0,,0.8723332768121955,1.0030462051968863,0.8749905829734377,0.0,0.8749905829734377,0.8749905829734356
358,2023-06-07,-0.0024362687902271,0.0002150793650793,1.0128748046981093,-0.0024362687902271,0.0,,0.8749905829734377,0.9975637312097729,0.8728588707243969,0.0,0.8728588707243969,0.8728588707243948
359,2023-06-08,0.005188198007241,0.000213492063492,1.0156493618859184,0.0,0.0,,0.8728588707243969,1.005188198007241,0.8773874353780919,0.0,0.8773874353780919,0.8773874353780898
360,2023-06-09,-0.0013007925890332,0.0002130952380952,1.0156493618859184,-0.0013007925890333,0.0,,0.8773874353780919,0.9986992074109668,0.8762461363044414,0.0,0.8762461363044414,0.8762461363044391
361,2023-06-12,0.0051369300111961,0.0002142857142857,1.01953874576006,0.0,0.0,,0.8762461363044414,1.005136930011196,0.8807473513792182,0.0,0.8807473513792182,0.880747351379216
362,2023-06-13,0.0033023516258665,0.0002126984126984,1.0229056211947547,0.0,0.0,,0.8807473513792182,1.0033023516258666,0.8836558888270231,0.0,0.8836558888270231,0.8836558888270208
363,2023-06-14,0.0025502207714111,0.0002126984126984,1.025514256357119,0.0,0.0,,0.8836558888270231,1.0025502207714112,0.8859094064294896,0.0,0.8859094064294896,0.8859094064294873
364,2023-06-15,0.0098886604284837,0.0002115079365079,1.0356552186028036,0.0,0.0,,0.8859094064294896,1.0098886604284838,0.8946698637200704,0.0,0.8946698637200704,0.8946698637200682
365,2023-06-16,-0.0022056213387669,0.0002119047619047,1.0356552186028036,-0.002205621338767,0.0,,0.8946698637200704,0.9977943786612331,0.8926965607774977,0.0,0.8926965607774977,0.8926965607774955
366,2023-06-20,-0.0051356555433065,0.0002138888888888,1.0356552186028036,-0.0073299495706187,0.0,,0.8926965607774977,0.9948643444566935,0.88811197873665,0.0,0.88811197873665,0.8881119787366478
367,2023-06-21,-0.0023103865720769,0.0002142857142857,1.0356552186028036,-0.0096234011256337,0.0,,0.88811197873665,0.9976896134279231,0.8860600967464762,0.0,0.8860600967464762,0.886060096746474
368,2023-06-22,-0.0030748681303478,0.0002142857142857,1.0356552186028036,-0.0126686785665548,0.0,,0.8860600967464762,0.9969251318696521,0.8833355787934175,0.0,0.8833355787934175,0.8833355787934154
369,2023-06-23,-0.0067125959836496,0.0002146825396825,1.0356552186028036,-0.0192962348293405,0.0,,0.8833355787934175,0.9932874040163504,0.8774061039349941,0.0,0.8774061039349941,0.8774061039349919
370,2023-06-26,0.0025441970402731,0.0002182539682539,1.0356552186028036,-0.0168011312126086,0.0,,0.8774061039349941,1.002544197040273,0.879638397947743,0.0,0.879638397947743,0.8796383979477408
371,2023-06-27,0.0069657592104181,0.000215873015873,1.0356552186028036,-0.0099524046366801,0.0,,0.879638397947743,1.0069657592104182,0.885765747220085,0.0,0.885765747220085,0.8857657472200827
372,2023-06-28,0.0007219857114858,0.000215873015873,1.0356552186028036,-0.0092376044191367,0.0,,0.885765747220085,1.0007219857114857,0.8864052574333015,0.0,0.8864052574333015,0.8864052574332993
373,2023-06-29,0.0008411171822731,0.0002166666666666,1.0356552186028036,-0.0084042571446636,0.0,,0.8864052574333015,1.000841117182273,0.8871508281257858,0.0,0.8871508281257858,0.8871508281257837
374,2023-06-30,0.0088801394087029,0.0002154761904761,1.0360707765941946,0.0,1.0,,0.8871508281257858,1.0088801394087028,0.895028851156089,0.0,0.895028851156089,0.895028851156087
375,2023-07-03,-0.0004372502089196,0.000215873015873,0.9995627497910804,0.0,0.0,0.348808763579138,0.895028851156089,0.9995627497910804,0.8946374996039319,0.0,0.8946374996039319,0.8946374996039298
376,2023-07-05,-0.0042509604328548,0.000215873015873,0.9995627497910804,-0.0042509604328547,0.0,,0.8946374996039319,0.9957490395671452,0.8908344309913675,0.0,0.8908344309913675,0.8908344309913654
377,2023-07-06,-0.0085137232854107,0.0002166666666666,0.9995627497910804,-0.0127284922174429,0.0,,0.8908344309913675,0.9914862767145893,0.8832501131527908,0.0,0.8832501131527908,0.8832501131527886
378,2023-07-07,0.0005314952946556,0.0002166666666666,0.9995627497910804,-0.012203762056509,0.0,,0.8832501131527908,1.0005314952946556,0.8837195564319354,0.0,0.8837195564319354,0.8837195564319332
379,2023-07-10,0.0030998330580308,0.0002174603174603,0.9995627497910804,-0.0091417586235332,0.0,,0.8837195564319354,1.0030998330580307,0.8864589395269914,0.0,0.8864589395269914,0.8864589395269894
380,2023-07-11,0.0053667455746114,0.0002178571428571,0.9995627497910804,-0.0038240745415586,0.0,,0.8864589395269914,1.0053667455746114,0.8912163391177725,0.0,0.8912163391177725,0.8912163391177708
381,2023-07-12,0.0112126899686,0.0002170634920634,1.0069052751307166,0.0,0.0,,0.8912163391177725,1.0112126899686,0.9012092716232508,0.0,0.9012092716232508,0.901209271623249
382,2023-07-13,0.0089316542535557,0.0002170634920634,1.0158986049142655,0.0,0.0,,0.9012092716232508,1.0089316542535558,0.9092585612474885,0.0,0.9092585612474885,0.9092585612474868
383,2023-07-14,-0.0032193332537921,0.0002178571428571,1.0158986049142655,-0.0032193332537922,0.0,,0.9092585612474885,0.9967806667462079,0.9063313549249693,0.0,0.9063313549249693,0.9063313549249674
384,2023-07-17,0.0027940275804325,0.0002178571428571,1.0158986049142655,-0.0004343005792613,0.0,,0.9063313549249693,1.0027940275804326,0.9088636697276404,0.0,0.9088636697276404,0.9088636697276384
385,2023-07-18,0.0057455267041629,0.0002178571428571,1.021291737167802,0.0,0.0,,0.9088636697276404,1.0057455267041628,0.914085570212504,0.0,0.914085570212504,0.9140855702125024
386,2023-07-19,0.0015934511795726,0.0002178571428571,1.0229191156910795,0.0,0.0,,0.914085570212504,1.0015934511795725,0.9155421209425894,0.0,0.9155421209425894,0.9155421209425876
387,2023-07-20,-0.0078877792506624,0.0002178571428571,1.0229191156910795,-0.0078877792506625,0.0,,0.9155421209425894,0.9921122207493376,0.908320526797911,0.0,0.908320526797911,0.9083205267979092
388,2023-07-21,0.0001826745783456,0.0002182539682539,1.0229191156910795,-0.0077065455690653,0.0,,0.908320526797911,1.0001826745783455,0.9084864538671463,0.0,0.9084864538671463,0.9084864538671448
389,2023-07-24,-0.0002643742304211,0.0002186507936507,1.0229191156910795,-0.0079688823874323,0.0,,0.9084864538671463,0.9997356257695789,0.9082462734600572,0.0,0.9082462734600572,0.9082462734600556
390,2023-07-25,0.0027692239465965,0.0002186507936507,1.0229191156910795,-0.0052217260607706,0.0,,0.9082462734600572,1.0027692239465964,0.9107614107899297,0.0,0.9107614107899297,0.9107614107899284
391,2023-07-26,0.0016359685333627,0.0002186507936507,1.0229191156910795,-0.0035943001069331,0.0,,0.9107614107899297,1.0016359685333627,0.912251387799383,0.0,0.912251387799383,0.9122513877993818
392,2023-07-27,-0.0075556865823945,0.0002186507936507,1.0229191156910795,-0.0111228292842365,0.0,,0.912251387799383,0.9924443134176055,0.9053587022288164,0.0,0.9053587022288164,0.9053587022288152
393,2023-07-28,0.0084784023593274,0.0002190476190476,1.0229191156910795,-0.0027387307469551,0.0,,0.9053587022288164,1.0084784023593274,0.9130346975858308,0.0,0.9130346975858308,0.9130346975858296
394,2023-07-31,0.0012239160355338,0.000220238095238,1.0229191156910795,-0.0015181666878995,0.0,,0.9130346975858308,1.0012239160355338,0.9141521753932049,0.0,0.9141521753932049,0.9141521753932036
395,2023-08-01,-0.006519798879348,0.0002198412698412,1.0229191156910795,-0.0080280674257771,0.0,,0.9141521753932049,0.993480201120652,0.9081920870645228,0.0,0.9081920870645228,0.9081920870645216
396,2023-08-02,-0.011238826446662,0.0002194444444444,1.0229191156910795,-0.0191766678159387,0.0,,0.9081920870645228,0.988761173553338,0.8979850738177729,0.0,0.8979850738177729,0.8979850738177715
397,2023-08-03,-0.0036765907002577,0.0002198412698412,1.0229191156910795,-0.0227827537576426,0.0,,0.8979850738177729,0.9963234092997423,0.8946835502464042,0.0,0.8946835502464042,0.8946835502464027
398,2023-08-04,0.0017131643707084,0.0002198412698412,1.0229191156910795,-0.0211086199889383,0.0,,0.8946835502464042,1.0017131643707085,0.8962162902277453,0.0,0.8962162902277453,0.8962162902277437
399,2023-08-07,0.0044181018892373,0.0002206349206349,1.0229191156910795,-0.0167837781335532,0.0,,0.8962162902277453,1.0044181018892373,0.9001758651127657,0.0,0.9001758651127657,0.9001758651127642
400,2023-08-08,-0.0031210880343346,0.0002210317460317,1.0229191156910795,-0.0198524825187843,0.0,,0.9001758651127657,0.9968789119656654,0.8973663369913654,0.0,0.8973663369913654,0.8973663369913639
401,2023-08-09,-0.0033519331159938,0.000220238095238,1.0229191156910795,-0.0231378714411888,0.0,,0.8973663369913654,0.9966480668840062,0.8943584250492259,0.0,0.8943584250492259,0.8943584250492245
402,2023-08-10,-0.0014580009963673,0.0002198412698412,1.0229191156910795,-0.0245621373979411,0.0,,0.8943584250492259,0.9985419990036327,0.8930544495743946,0.0,0.8930544495743946,0.8930544495743932
403,2023-08-11,-0.003375603367869,0.0002198412698412,1.0229191156910795,-0.0278548287320876,0.0,,0.8930544495743946,0.996624396632131,0.8900398519667209,0.0,0.8900398519667209,0.8900398519667194
404,2023-08-14,0.0023437825967348,0.0002206349206349,1.0229191156910795,-0.0255763317981699,0.0,,0.8900398519667209,1.0023437825967347,0.8921259118821608,0.0,0.8921259118821608,0.8921259118821596
405,2023-08-15,-0.0073781680532343,0.0002206349206349,1.0229191156910795,-0.032765793377212,0.0,,0.8921259118821608,0.9926218319467657,0.8855436569796493,0.0,0.8855436569796493,0.8855436569796481
406,2023-08-16,-0.0061328105237218,0.0002206349206349,1.0229191156910795,-0.038697657498492,0.0,,0.8855436569796493,0.9938671894762782,0.8801127855209094,0.0,0.8801127855209094,0.8801127855209082
407,2023-08-17,-0.0051912348034064,0.0002206349206349,1.0229191156910795,-0.043688003675482,0.0,,0.8801127855209094,0.9948087651965936,0.8755439133977903,0.0,0.8755439133977903,0.8755439133977891
408,2023-08-18,0.0010266643079602,0.000220238095238,1.0229191156910795,-0.0427061922815814,0.0,,0.8755439133977903,1.0010266643079602,0.8764428030837276,0.0,0.8764428030837276,0.8764428030837265
409,2023-08-21,0.0035175020917901,0.0002210317460317,1.0229191156910795,-0.0393389093104742,0.0,,0.8764428030837276,1.0035175020917901,0.879525692476909,0.0,0.879525692476909,0.8795256924769079
410,2023-08-22,-0.00052803418595,0.0002210317460317,1.0229191156910795,-0.0398461712074704,0.0,,0.879525692476909,0.99947196581405,0.8790612728438598,0.0,0.8790612728438598,0.8790612728438587
411,2023-08-23,0.011544154378617,0.0002210317460317,1.0229191156910795,-0.0287620071806692,0.0,,0.8790612728438598,1.011544154378617,0.8892092918858329,0.0,0.8892092918858329,0.8892092918858318
412,2023-08-24,-0.0092349632281149,0.0002214285714285,1.0229191156910795,-0.0377313543301041,0.0,,0.8892092918858329,0.9907650367718851,0.8809974767731691,0.0,0.8809974767731691,0.8809974767731679
413,2023-08-25,0.0035614017560534,0.000222619047619,1.0229191156910795,-0.03430432908562,0.0,,0.8809974767731691,1.0035614017560535,0.8841350627340278,0.0,0.8841350627340278,0.8841350627340265
414,2023-08-28,0.0054455632702459,0.0002214285714285,1.0229191156910795,-0.0290455722098531,0.0,,0.8841350627340278,1.005445563270246,0.8889496761575888,0.0,0.8889496761575888,0.8889496761575876
415,2023-08-29,0.0121415797720647,0.0002206349206349,1.0229191156910795,-0.0172566515697996,0.0,,0.8889496761575888,1.0121415797720648,0.8997429295640073,0.0,0.8997429295640073,0.899742929564006
416,2023-08-30,0.0015694115278455,0.0002206349206349,1.0229191156910795,-0.0157143228298596,0.0,,0.8997429295640073,1.0015694115278455,0.9011549964897625,0.0,0.9011549964897625,0.9011549964897612
417,2023-08-31,-0.000239029831296,0.0002206349206349,1.0229191156910795,-0.0159495964692207,0.0,,0.9011549964897625,0.999760970168704,0.90093959356298,0.0,0.90093959356298,0.9009395935629788
418,2023-09-01,-0.0014743650272971,0.0002194444444444,1.0229191156910795,-0.0174004459692841,0.0,,0.90093959356298,0.9985256349727029,0.8996112797345235,0.0,0.8996112797345235,0.8996112797345222
419,2023-09-05,-0.0056353381435255,0.000220238095238,1.0229191156910795,-0.0229377267159247,0.0,,0.8996112797345235,0.9943646618564745,0.8945416659754898,0.0,0.8945416659754898,0.8945416659754883
420,2023-09-06,-0.0041015439160526,0.000220238095238,1.0229191156910795,-0.0269451905385176,0.0,,0.8945416659754898,0.9958984560839474,0.8908726640477524,0.0,0.8908726640477524,0.890872664047751
421,2023-09-07,-0.0008210347148172,0.0002194444444444,1.0229191156910795,-0.0277441023165053,0.0,,0.8908726640477524,0.9991789652851828,0.8901412266640876,0.0,0.8901412266640876,0.890141226664086
422,2023-09-08,0.0004524044905765,0.000220238095238,1.0229191156910795,-0.0273042493824039,0.0,,0.8901412266640876,1.0004524044905765,0.8905439305522777,0.0,0.8905439305522777,0.8905439305522761
423,2023-09-11,0.0041605151085008,0.000220238095238,1.0229191156910795,-0.0232573340159847,0.0,,0.8905439305522777,1.004160515108501,0.8942490520301242,0.0,0.8942490520301242,0.8942490520301226
424,2023-09-12,-0.0044500242614333,0.0002206349206349,1.0229191156910795,-0.0276038625767907,0.0,,0.8942490520301242,0.9955499757385667,0.8902696220528264,0.0,0.8902696220528264,0.8902696220528248
425,2023-09-13,0.0007366501132487,0.000220238095238,1.0229191156910795,-0.0268875468520353,0.0,,0.8902696220528264,1.0007366501132486,0.8909254392707335,0.0,0.8909254392707335,0.8909254392707319
426,2023-09-14,0.0045804795641125,0.000220238095238,1.0229191156910795,-0.0224302251468078,0.0,,0.8909254392707335,1.0045804795641124,0.895006305038461,0.0,0.895006305038461,0.8950063050384593
427,2023-09-15,-0.0057545063126327,0.0002206349206349,1.0229191156910795,-0.0280556565872395,0.0,,0.895006305038461,0.9942454936873673,0.8898559856062711,0.0,0.8898559856062711,0.8898559856062694
428,2023-09-18,0.0015365971494638,0.000220238095238,1.0229191156910795,-0.0265621696797139,0.0,,0.8898559856062711,1.0015365971494639,0.891223335777187,0.0,0.891223335777187,0.8912233357771854
429,2023-09-19,-0.0015204798981313,0.0002198412698412,1.0229191156910795,-0.0280422623327964,0.0,,0.891223335777187,0.9984795201018687,0.8898682486103923,0.0,0.8898682486103923,0.8898682486103906
430,2023-09-20,-0.0043068540352763,0.0002206349206349,1.0229191156910795,-0.0322283424373864,0.0,,0.8898682486103923,0.9956931459647237,0.8860357159530003,0.0,0.8860357159530003,0.8860357159529987
431,2023-09-21,-0.0131463904733998,0.0002210317460317,1.0229191156910795,-0.0449510465367941,0.0,,0.8860357159530003,0.9868536095266002,0.8743875444577038,0.0,0.8743875444577038,0.8743875444577021
432,2023-09-22,0.0022440495037632,0.0002206349206349,1.0229191156910795,-0.0428078694067054,0.0,,0.8743875444577038,1.0022440495037632,0.8763497133929409,0.0,0.8763497133929409,0.8763497133929391
433,2023-09-25,-0.0025991901738823,0.0002214285714285,1.0229191156910795,-0.0452957937870611,0.0,,0.8763497133929409,0.9974008098261177,0.8740719138290054,0.0,0.8740719138290054,0.8740719138290035
434,2023-09-26,-0.009318587806098,0.0002214285714285,1.0229191156910795,-0.0541922887615076,0.0,,0.8740719138290054,0.990681412193902,0.8659267979511457,0.0,0.8659267979511457,0.8659267979511438
435,2023-09-27,-0.0028042772193592,0.0002214285714285,1.0229191156910795,-0.0568445957800279,0.0,,0.8659267979511457,0.9971957227806408,0.8634984991580187,0.0,0.8634984991580187,0.8634984991580167
436,2023-09-28,0.0038837442655592,0.0002206349206349,1.0229191156910795,-0.0531816213873574,0.0,,0.8634984991580187,1.0038837442655593,0.8668521065024427,0.0,0.8668521065024427,0.8668521065024407
437,2023-09-29,-0.002990005553729,0.000220238095238,1.0229191156910795,-0.0560126135977819,0.0,,0.8668521065024427,0.997009994446271,0.8642602138897387,0.0,0.8642602138897387,0.8642602138897366
438,2023-10-02,-0.0048580612804669,0.0002230158730158,0.995141938719533,0.0,0.0,0.0,0.8642602138897387,0.995141938719533,0.8600615848083929,0.0,0.8600615848083929,0.8600615848083908
439,2023-10-03,-0.010719569804228,0.0002230158730158,0.995141938719533,-0.010719569804228,0.0,,0.8600615848083929,0.989280430195772,0.8508420946141044,0.0,0.8508420946141044,0.8508420946141022
440,2023-10-04,0.0065302769800274,0.000222619047619,0.995141938719533,-0.0042592945841288,0.0,,0.8508420946141044,1.0065302769800275,0.8563983291582012,0.0,0.8563983291582012,0.856398329158199
441,2023-10-05,0.0004506839952799,0.000222619047619,0.995141938719533,-0.0038105301847493,0.0,,0.8563983291582012,1.0004506839952798,0.8567842941787372,0.0,0.8567842941787372,0.856784294178735
442,2023-10-06,0.0069930043984797,0.0002234126984126,0.9982824346771902,0.0,0.0,,0.8567842941787372,1.0069930043984796,0.8627757905164775,0.0,0.8627757905164775,0.8627757905164753
443,2023-10-09,0.0086085847023706,0.0002234126984126,1.0068762335729975,0.0,0.0,,0.8627757905164775,1.0086085847023707,0.8702030689882934,0.0,0.8702030689882934,0.8702030689882913
444,2023-10-10,0.0035998884594813,0.000222619047619,1.0105008757063634,0.0,0.0,,0.8702030689882934,1.0035998884594812,0.8733357029737495,0.0,0.8733357029737495,0.8733357029737475
445,2023-10-11,0.0057641950456246,0.000222619047619,1.0163255998477094,0.0,0.0,,0.8733357029737495,1.0057641950456246,0.8783697803059979,0.0,0.8783697803059979,0.8783697803059959
446,2023-10-12,-0.0061727839875092,0.0002234126984126,1.0163255998477094,-0.0061727839875092,0.0,,0.8783697803059979,0.9938272160124908,0.872947793391013,0.0,0.872947793391013,0.872947793391011
447,2023-10-13,0.0020641368252695,0.0002230158730158,1.0163255998477094,-0.0041213886329827,0.0,,0.872947793391013,1.0020641368252694,0.8747496770778891,0.0,0.8747496770778891,0.8747496770778873
448,2023-10-16,0.0028798688091439,0.000222619047619,1.0163255998477094,-0.0012533888824132,0.0,,0.8747496770778891,1.0028798688091438,0.8772688413887143,0.0,0.8772688413887143,0.8772688413887128
449,2023-10-17,-0.0026461476280846,0.0002230158730158,1.0163255998477094,-0.0038962198584796,0.0,,0.8772688413887143,0.9973538523719154,0.8749474585248811,0.0,0.8749474585248811,0.8749474585248794
450,2023-10-18,-0.0072707594387672,0.000222619047619,1.0163255998477094,-0.0111386508199352,0.0,,0.8749474585248811,0.9927292405612328,0.8685859260323859,0.0,0.8685859260323859,0.8685859260323843
451,2023-10-19,-0.0051798605995054,0.0002222222222222,1.0163255998477094,-0.016260814760927,0.0,,0.8685859260323859,0.9948201394004946,0.8640867720168459,0.0,0.8640867720168459,0.8640867720168441
452,2023-10-20,-0.0047174055389742,0.0002214285714285,1.0163255998477094,-0.0209015114422798,0.0,,0.8640867720168459,0.9952825944610258,0.8600105242923793,0.0,0.8600105242923793,0.8600105242923775
453,2023-10-23,0.0013552275488129,0.0002214285714285,1.0163255998477094,-0.0195746101975853,0.0,,0.8600105242923793,1.001355227548813,0.8611760342471694,0.0,0.8611760342471694,0.8611760342471675
454,2023-10-24,0.0055422558807795,0.0002214285714285,1.0163255998477094,-0.0141408418152872,0.0,,0.8611760342471694,1.0055422558807794,0.865948892187362,0.0,0.865948892187362,0.8659488921873603
455,2023-10-25,-0.0098312580578951,0.0002218253968253,1.0163255998477094,-0.0238330776081403,0.0,,0.865948892187362,0.9901687419421049,0.8574355251633197,0.0,0.8574355251633197,0.857435525163318
456,2023-10-26,-0.0049258765959174,0.0002218253968253,1.0163255998477094,-0.0286415554048592,0.0,,0.8574355251633197,0.9950741234040826,0.8532119035774095,0.0,0.8532119035774095,0.8532119035774078
457,2023-10-27,0.0002848744972845,0.0002218253968253,1.0163255998477094,-0.0283648401562721,0.0,,0.8532119035774095,1.0002848744972845,0.8534549618895183,0.0,0.8534549618895183,0.8534549618895166
458,2023-10-30,0.0049376604423475,0.0002222222222222,1.0163255998477094,-0.0235672356631178,0.0,,0.8534549618895183,1.0049376604423474,0.8576690326941653,0.0,0.8576690326941653,0.8576690326941636
459,2023-10-31,0.0014934071188359,0.0002218253968253,1.0163255998477094,-0.0221090240217923,0.0,,0.8576690326941653,1.001493407118836,0.8589498817331959,0.0,0.8589498817331959,0.8589498817331942
460,2023-11-01,0.0097479467927036,0.0002210317460317,1.0163255998477094,-0.0125765948188917,0.0,,0.8589498817331959,1.0097479467927035,0.8673228794779301,0.0,0.8673228794779301,0.8673228794779285
461,2023-11-02,0.0136598360105669,0.0002198412698412,1.0172519267350837,0.0,0.0,,0.8673228794779301,1.0136598360105669,0.8791703677798113,0.0,0.8791703677798113,0.8791703677798098
462,2023-11-03,0.0076698112749893,0.0002194444444444,1.025054057032261,0.0,0.0,,0.8791703677798113,1.0076698112749893,0.8859134385792454,0.0,0.8859134385792454,0.885913438579244
463,2023-11-06,-0.0020982039129365,0.0002206349206349,1.025054057032261,-0.0020982039129365,0.0,,0.8859134385792454,0.9979017960870635,0.8840546115358955,0.0,0.8840546115358955,0.8840546115358939
464,2023-11-07,0.0026817514966492,0.000220238095238,1.0256464570132249,0.0,0.0,,0.8840546115358955,1.0026817514966493,0.8864254263135016,0.0,0.8864254263135016,0.8864254263135
465,2023-11-08,0.0002413974144444,0.0002198412698412,1.025894045416082,0.0,0.0,,0.8864254263135016,1.0002413974144444,0.8866394071195115,0.0,0.8866394071195115,0.8866394071195098
466,2023-11-09,-0.0051170134261223,0.0002198412698412,1.025894045416082,-0.0051170134261223,0.0,,0.8866394071195115,0.9948829865738777,0.8821024613691519,0.0,0.8821024613691519,0.8821024613691502
467,2023-11-10,0.0072164873717746,0.0002194444444444,1.0280100001868002,0.0,0.0,,0.8821024613691519,1.0072164873717746,0.8884681426422337,0.0,0.8884681426422337,0.888468142642232
468,2023-11-13,0.0004567728395025,0.000220238095238,1.0284795672336229,0.0,0.0,,0.8884681426422337,1.0004567728395024,0.8888739707585559,0.0,0.8888739707585559,0.8888739707585542
469,2023-11-14,0.016818515125347,0.0002190476190476,1.0457770663912518,0.0,0.0,,0.8888739707585559,1.016818515125347,0.9038235110802859,0.0,0.9038235110802859,0.9038235110802842
470,2023-11-15,-0.0022888256833634,0.0002194444444444,1.0457770663912518,-0.0022888256833634,0.0,,0.9038235110802859,0.9977111743166366,0.9017548166148976,0.0,0.9017548166148976,0.901754816614896
471,2023-11-16,0.0037330154664148,0.0002186507936507,1.0472784315948047,0.0,0.0,,0.9017548166148976,1.0037330154664148,0.9051210812922351,0.0,0.9051210812922351,0.9051210812922336
472,2023-11-17,0.0029172297505612,0.0002182539682539,1.0503335833925742,0.0,0.0,,0.9051210812922351,1.0029172297505613,0.9077615274384411,0.0,0.9077615274384411,0.9077615274384394
473,2023-11-20,0.0047863324938955,0.0002198412698412,1.055360829152196,0.0,0.0,,0.9077615274384411,1.0047863324938955,0.9121063759339278,0.0,0.9121063759339278,0.9121063759339262
474,2023-11-21,0.000128680506563,0.0002194444444444,1.055496633518298,0.0,0.0,,0.9121063759339278,1.000128680506563,0.9122237462444224,0.0,0.9122237462444224,0.9122237462444208
475,2023-11-22,0.0020536739922714,0.0002198412698412,1.0576642795034843,0.0,0.0,,0.9122237462444224,1.0020536739922714,0.9140971564272169,0.0,0.9140971564272169,0.9140971564272152
476,2023-11-24,0.0004055232106232,0.0002198412698412,1.0580931869178702,0.0,0.0,,0.9140971564272169,1.0004055232106233,0.9144678440409129,0.0,0.9144678440409129,0.9144678440409112
477,2023-11-27,0.0017382141767103,0.0002178571428571,1.0599323794956517,0.0,0.0,,0.9144678440409129,1.0017382141767104,0.9160573850115705,0.0,0.9160573850115705,0.9160573850115687
478,2023-11-28,0.0035663896993337,0.0002170634920634,1.0637125114158754,0.0,0.0,,0.9160573850115705,1.0035663896993336,0.9193244026334743,0.0,0.9193244026334743,0.9193244026334728
479,2023-11-29,0.0021533585723924,0.0002162698412698,1.0660030658708937,0.0,0.0,,0.9193244026334743,1.0021533585723923,0.9213040377166944,0.0,0.9213040377166944,0.921304037716693
480,2023-11-30,-0.0011608207173195,0.0002162698412698,1.0660030658708937,-0.0011608207173193,0.0,,0.9213040377166944,0.9988391792826805,0.9202345689027628,0.0,0.9202345689027628,0.9202345689027612
481,2023-12-01,0.0092254294654448,0.0002154761904761,1.0745885476203654,0.0,0.0,,0.9202345689027628,1.0092254294654448,0.9287241280098393,0.0,0.9287241280098393,0.9287241280098376
482,2023-12-04,-0.0080977623437665,0.0002166666666666,1.0745885476203654,-0.0080977623437664,0.0,,0.9287241280098393,0.9919022376562335,0.9212035407382938,0.0,0.9212035407382938,0.9212035407382924
483,2023-12-05,0.0012061441798067,0.0002162698412698,1.0745885476203654,-0.00690138523288,0.0,,0.9212035407382938,1.0012061441798068,0.9223146450273727,0.0,0.9223146450273727,0.9223146450273711
484,2023-12-06,0.0003677396005363,0.0002162698412698,1.0745885476203654,-0.0065361835449925,0.0,,0.9223146450273727,1.0003677396005364,0.9226538166465039,0.0,0.9226538166465039,0.9226538166465024
485,2023-12-07,0.0047099115563875,0.000215873015873,1.0745885476203654,-0.0018570568350182,0.0,,0.9226538166465039,1.0047099115563876,0.9269994345200724,0.0,0.9269994345200724,0.9269994345200708
486,2023-12-08,-0.0014478230123823,0.000215873015873,1.0745885476203654,-0.0033021911577795,0.0,,0.9269994345200724,0.9985521769876177,0.9256573034063088,0.0,0.9256573034063088,0.9256573034063074
487,2023-12-11,0.0020043520666491,0.0002170634920634,1.0745885476203654,-0.0013044578448018,0.0,,0.9256573034063088,1.002004352066649,0.9275126465354,0.0,0.9275126465354,0.9275126465353988
488,2023-12-12,0.004308025366296,0.0002166666666666,1.0778101080828848,0.0,0.0,,0.9275126465354,1.004308025366296,0.9315083945442347,0.0,0.9315083945442347,0.9315083945442336
489,2023-12-13,0.0149118149939313,0.000215873015873,1.093882213013206,0.0,0.0,,0.9315083945442347,1.0149118149939313,0.9453988753889724,0.0,0.9453988753889724,0.9453988753889714
490,2023-12-14,0.0041725356140133,0.0002154761904761,1.098446475504539,0.0,0.0,,0.9453988753889724,1.0041725356140132,0.9493435858659809,0.0,0.9493435858659809,0.94934358586598
491,2023-12-15,-0.0031653712777679,0.000215873015873,1.098446475504539,-0.0031653712777679,0.0,,0.9493435858659809,0.996834628722232,0.9463385609465474,0.0,0.9463385609465474,0.9463385609465464
492,2023-12-18,0.0027120596042183,0.0002166666666666,1.098446475504539,-0.0004618963491245,0.0,,0.9463385609465474,1.0027120596042183,0.9489050875296047,0.0,0.9489050875296047,0.9489050875296036
493,2023-12-19,0.0045067025849038,0.0002154761904761,1.1028871920997745,0.0,0.0,,0.9489050875296047,1.0045067025849037,0.9531815205404026,0.0,0.9531815205404026,0.9531815205404016
494,2023-12-20,-0.0069813245029634,0.000215873015873,1.1028871920997745,-0.0069813245029635,0.0,,0.9531815205404026,0.9930186754970366,0.946527051035282,0.0,0.946527051035282,0.9465270510352808
495,2023-12-21,0.0073410543369716,0.0002150793650793,1.1032274102461348,0.0,0.0,,0.946527051035282,1.0073410543369716,0.9534755575483456,0.0,0.9534755575483456,0.9534755575483445
496,2023-12-22,0.0006940724946654,0.000215873015873,1.103993130046948,0.0,0.0,,0.9534755575483456,1.0006940724946654,0.9541373387071755,0.0,0.9541373387071755,0.9541373387071748
497,2023-12-26,0.0043711900054429,0.0002162698412698,1.1088188937830867,0.0,0.0,,0.9541373387071755,1.0043711900054428,0.9583080543059522,0.0,0.9583080543059522,0.9583080543059512
498,2023-12-27,0.004584370694662,0.000215873015873,1.1139021306254335,0.0,0.0,,0.9583080543059522,1.004584370694662,0.962701293666571,0.0,0.962701293666571,0.96270129366657
499,2023-12-28,-0.0019925968112599,0.0002162698412698,1.1139021306254335,-0.00199259681126,0.0,,0.962701293666571,0.9980074031887401,0.9607830181386152,0.0,0.9607830181386152,0.960783018138614
500,2023-12-29,-0.0019841597941342,0.0002142857142857,1.1139021306254335,-0.0039728029749155,0.0,,0.9607830181386152,0.9980158402058658,0.9588766711031377,0.0,0.9588766711031377,0.9588766711031366
501,2024-01-02,-0.0075501298432893,0.0002166666666666,0.9924498701567106,0.0,0.0,0.04352044617837558,0.9588766711031377,0.9924498701567107,0.9516370277326079,0.0,0.9516370277326079,0.9516370277326068
502,2024-01-03,-0.0059720765272535,0.0002174603174603,0.9924498701567106,-0.0059720765272535,0.0,,0.9516370277326079,0.9940279234727465,0.9459537785768207,0.0,0.9459537785768207,0.9459537785768196
503,2024-01-04,-0.0026131400105144,0.0002174603174603,0.9924498701567106,-0.0085696106656487,0.0,,0.9459537785768207,0.9973868599894856,0.9434818689099244,0.0,0.9434818689099244,0.9434818689099232
504,2024-01-05,-0.0002260368689797,0.0002170634920634,0.9924498701567106,-0.0087937104866652,0.0,,0.9434818689099244,0.9997739631310203,0.9432686072223369,0.0,0.9432686072223369,0.9432686072223356
505,2024-01-08,0.0086342328090166,0.0002178571428571,0.9924498701567106,-0.0002354046212454,0.0,,0.9432686072223369,1.0086342328090165,0.9514130079785313,0.0,0.9514130079785313,0.9514130079785303
506,2024-01-09,-0.0012444466272206,0.0002170634920634,0.9924498701567106,-0.001479558299979,0.0,,0.9514130079785313,0.9987555533727794,0.9502290252696587,0.0,0.9502290252696587,0.9502290252696576
507,2024-01-10,0.0023153102930632,0.0002166666666666,0.99327591234117,0.0,0.0,,0.9502290252696587,1.0023153102930633,0.9524291003126331,0.0,0.9524291003126331,0.952429100312632
508,2024-01-11,0.0025043418963781,0.0002166666666666,0.9957634148231091,0.0,0.0,,0.9524291003126331,1.0025043418963782,0.9548143084118758,0.0,0.9548143084118758,0.9548143084118748
509,2024-01-12,0.0031604057380585,0.0002162698412698,0.9989104312330648,0.0,0.0,,0.9548143084118758,1.0031604057380585,0.957831909030961,0.0,0.957831909030961,0.95783190903096
510,2024-01-16,-0.0076526743374357,0.0002162698412698,0.9989104312330648,-0.0076526743374357,0.0,,0.957831909030961,0.9923473256625643,0.9505019333611429,0.0,0.9505019333611429,0.9505019333611416
511,2024-01-17,-0.0058454591251284,0.0002170634920634,0.9989104312330648,-0.0134534000675268,0.0,,0.9505019333611429,0.9941545408748717,0.9449458131613249,0.0,0.9449458131613249,0.9449458131613236
512,2024-01-18,0.0063934474077599,0.0002162698412698,0.9989104312330648,-0.0071459662655543,0.0,,0.9449458131613249,1.0063934474077598,0.9509872745209547,0.0,0.9509872745209547,0.9509872745209534
513,2024-01-19,0.0073251221446388,0.0002162698412698,0.999037103867322,0.0,0.0,,0.9509872745209547,1.0073251221446389,0.9579533724648178,0.0,0.9579533724648178,0.9579533724648166
514,2024-01-22,0.001572838409066,0.0002166666666666,1.0006084277963667,0.0,0.0,,0.9579533724648178,1.001572838409066,0.9594600783231249,0.0,0.9594600783231249,0.9594600783231236
515,2024-01-23,-0.0001262852560875,0.0002162698412698,1.0006084277963667,-0.0001262852560875,0.0,,0.9594600783231249,0.9998737147439125,0.9593389126614281,0.0,0.9593389126614281,0.9593389126614268
516,2024-01-24,0.0002516716628713,0.000215873015873,1.000733858689968,0.0,0.0,,0.9593389126614281,1.0002516716628713,0.9595803510808348,0.0,0.9595803510808348,0.9595803510808336
517,2024-01-25,0.0041111385916225,0.000215873015873,1.0048480142763716,0.0,0.0,,0.9595803510808348,1.0041111385916226,0.963525318893926,0.0,0.963525318893926,0.9635253188939248
518,2024-01-26,-0.0016635014748713,0.000215873015873,1.0048480142763716,-0.0016635014748713,0.0,,0.963525318893926,0.9983364985251287,0.9619224931048701,0.0,0.9619224931048701,0.9619224931048688
519,2024-01-29,0.0066170437183898,0.0002150793650793,1.0098145105370877,0.0,0.0,,0.9619224931048701,1.00661704371839,0.9682875762954476,0.0,0.9682875762954476,0.9682875762954464
520,2024-01-30,-2.61434110714677e-05,0.0002150793650793,1.0098145105370877,-2.6143411071544165e-05,0.0,,0.9682875762954476,0.9999738565889286,0.9682622619553052,0.0,0.9682622619553052,0.9682622619553038
521,2024-01-31,-0.00625372493676,0.0002150793650793,1.0098145105370877,-0.0062797048541298,0.0,,0.9682622619553052,0.99374627506324,0.9622070161023917,0.0,0.9622070161023917,0.9622070161023903
522,2024-02-01,0.009749619222401,0.0002150793650793,1.0132566547945632,0.0,0.0,,0.9622070161023917,1.009749619222401,0.9715881681225126,0.0,0.9715881681225126,0.9715881681225116
523,2024-02-02,-0.0005204955961335,0.0002154761904761,1.0132566547945632,-0.0005204955961336,0.0,,0.9715881681225126,0.9994795044038665,0.9710824607597494,0.0,0.9710824607597494,0.9710824607597482
524,2024-02-05,-0.0051514879826347,0.0002150793650793,1.0132566547945632,-0.0056693022519599,0.0,,0.9710824607597494,0.9948485120173653,0.9660799411329982,0.0,0.9660799411329982,0.966079941132997
525,2024-02-06,0.0036224712815453,0.000215873015873,1.0132566547945632,-0.0020673678550087,0.0,,0.9660799411329982,1.0036224712815454,0.9695795379754295,0.0,0.9695795379754295,0.9695795379754284
526,2024-02-07,0.0029867773576075,0.0002154761904761,1.0141819959672924,0.0,0.0,,0.9695795379754295,1.0029867773576076,0.9724754561858541,0.0,0.9724754561858541,0.9724754561858528
527,2024-02-08,-0.0009829608409156,0.000215873015873,1.0141819959672924,-0.0009829608409155,0.0,,0.9724754561858541,0.9990170391590844,0.9715195508936718,0.0,0.9715195508936718,0.9715195508936706
528,2024-02-09,0.0025426655975332,0.000215873015873,1.0157612856641247,0.0,0.0,,0.9715195508936718,1.0025426655975331,0.97398980023306,0.0,0.97398980023306,0.9739898002330588
529,2024-02-12,-0.0003563823912321,0.0002154761904761,1.0157612856641247,-0.0003563823912322,0.0,,0.97398980023306,0.9996436176087679,0.9736426874190173,0.0,0.9736426874190173,0.973642687419016
530,2024-02-13,-0.0130491200660361,0.0002162698412698,1.0157612856641247,-0.0134008519806557,0.0,,0.9736426874190173,0.9869508799339639,0.9609375070894685,0.0,0.9609375070894685,0.9609375070894672
531,2024-02-14,0.0069547247630788,0.0002154761904761,1.0157612856641247,-0.0065393264546932,0.0,,0.9609375070894685,1.0069547247630788,0.9676205629657948,0.0,0.9676205629657948,0.9676205629657936
532,2024-02-15,0.0057402149058433,0.0002154761904761,1.0157612856641247,-0.0008366486880392,0.0,,0.9676205629657948,1.0057402149058432,0.9731749129445314,0.0,0.9731749129445314,0.9731749129445304
533,2024-02-16,-0.0031821332932879,0.000215873015873,1.0157612856641247,-0.004016119653682,0.0,,0.9731749129445314,0.9968178667067121,0.9700781406538581,0.0,0.9700781406538581,0.9700781406538568
534,2024-02-20,-0.0004302119590962,0.000215873015873,1.0157612856641247,-0.0044446038300742,0.0,,0.9700781406538581,0.9995697880409038,0.969660801436491,0.0,0.969660801436491,0.9696608014364896
535,2024-02-21,-0.0008903022526162,0.000215873015873,1.0157612856641247,-0.0053309490418885,0.0,,0.969660801436491,0.9991096977473838,0.9687975102406985,0.0,0.9687975102406985,0.9687975102406972
536,2024-02-22,0.0117435604607204,0.0002162698412698,1.0222113770363863,0.0,0.0,,0.9687975102406985,1.0117435604607203,0.9801746423764055,0.0,0.9801746423764055,0.980174642376404
537,2024-02-23,0.0019622676978911,0.0002166666666666,1.0242172294019618,0.0,0.0,,0.9801746423764055,1.0019622676978912,0.9820980074154327,0.0,0.9820980074154327,0.9820980074154312
538,2024-02-26,-0.0019466983123855,0.0002170634920634,1.0242172294019618,-0.0019466983123854,0.0,,0.9820980074154327,0.9980533016876145,0.9801861588817999,0.0,0.9801861588817999,0.9801861588817984
539,2024-02-27,0.0004120203153117,0.0002162698412698,1.0242172294019618,-0.001535480076326,0.0,,0.9801861588817999,1.0004120203153117,0.9805900154920466,0.0,0.9805900154920466,0.9805900154920452
540,2024-02-28,-0.0015708357755391,0.0002162698412698,1.0242172294019618,-0.0031039038648288,0.0,,0.9805900154920466,0.9984291642244609,0.9790496696145753,0.0,0.9790496696145753,0.9790496696145736
541,2024-02-29,0.0037077169229621,0.0002162698412698,1.0248238780410657,0.0,0.0,,0.9790496696145753,1.003707716922962,0.9826797086430257,0.0,0.9826797086430257,0.9826797086430242
542,2024-03-01,0.011043197082941,0.0002150793650793,1.036141210101577,0.0,0.0,,0.9826797086430257,1.011043197082941,0.9935316343349776,0.0,0.9935316343349776,0.9935316343349762
543,2024-03-04,0.0008744184122684,0.0002174603174603,1.0370472310534,0.0,0.0,,0.9935316343349776,1.0008744184122684,0.9944003966892112,0.0,0.9944003966892112,0.9944003966892098
544,2024-03-05,-0.0028291685250605,0.0002170634920634,1.0370472310534,-0.0028291685250605,0.0,,0.9944003966892112,0.9971708314749395,0.9915870703855904,0.0,0.9915870703855904,0.9915870703855888
545,2024-03-06,0.0063449296155907,0.0002170634920634,1.0406746254519976,0.0,0.0,,0.9915870703855904,1.0063449296155906,0.9978786205549166,0.0,0.9978786205549166,0.9978786205549152
546,2024-03-07,0.0081315601690952,0.0002170634920634,1.0491369337853111,0.0,0.0,,0.9978786205549166,1.0081315601690952,1.0059929305994126,0.0,1.0059929305994126,1.005992930599411
547,2024-03-08,-0.0032768784173546,0.0002166666666666,1.0491369337853111,-0.0032768784173546,0.0,,1.0059929305994126,0.9967231215826454,1.0026964140771202,0.0,1.0026964140771202,1.0026964140771184
548,2024-03-11,-0.0015205118956415,0.0002174603174603,1.0491369337853111,-0.004792407780382,0.0,,1.0026964140771202,0.9984794881043585,1.0011718022517988,0.0,1.0011718022517988,1.001171802251797
549,2024-03-12,0.0037151389748529,0.0002174603174603,1.0491369337853111,-0.0010950732664575,0.0,,1.0011718022517988,1.0037151389748529,1.0048912946348683,0.0,1.0048912946348683,1.0048912946348665
550,2024-03-13,-0.0008596159665138,0.0002174603174603,1.0491369337853111,-0.001953747890507,0.0,,1.0048912946348683,0.9991403840334862,1.0040274740333894,0.0,1.0040274740333894,1.0040274740333874
551,2024-03-14,-0.004922093939635,0.0002174603174603,1.0491369337853111,-0.0068662252994906,0.0,,1.0040274740333894,0.995077906060365,0.9990855564882226,0.0,0.9990855564882226,0.9990855564882206
552,2024-03-15,-0.0039904074930635,0.0002174603174603,1.0491369337853111,-0.01082923375567,0.0,,0.9990855564882226,0.9960095925069365,0.9950987979974005,0.0,0.9950987979974005,0.9950987979973984
553,2024-03-18,0.0025172346115745,0.0002174603174603,1.0491369337853111,-0.008339258866122,0.0,,0.9950987979974005,1.0025172346115745,0.9976036951336558,0.0,0.9976036951336558,0.9976036951336535
554,2024-03-19,0.0026710059643522,0.0002174603174603,1.0491369337853111,-0.0056905271119396,0.0,,0.9976036951336558,1.0026710059643522,1.0002683005534176,0.0,1.0002683005534176,1.0002683005534154
555,2024-03-20,0.0081276980949164,0.0002170634920634,1.0516453363643945,0.0,0.0,,1.0002683005534176,1.0081276980949163,1.008398179314231,0.0,1.008398179314231,1.008398179314229
556,2024-03-21,0.0020410984281087,0.0002174603174603,1.0537918480073758,0.0,0.0,,1.008398179314231,1.0020410984281087,1.0104564192529368,0.0,1.0104564192529368,1.0104564192529348
557,2024-03-22,-0.0014340940909566,0.0002166666666666,1.0537918480073758,-0.0014340940909565,0.0,,1.0104564192529368,0.9985659059090434,1.009007329672917,0.0,1.009007329672917,1.009007329672915
558,2024-03-25,-0.0019874693084039,0.0002166666666666,1.0537918480073758,-0.0034187131813694,0.0,,1.009007329672917,0.9980125306915961,1.0070019585732375,0.0,1.0070019585732375,1.0070019585732353
559,2024-03-26,-0.0004018629709488,0.0002166666666666,1.0537918480073758,-0.0038192022980823,0.0,,1.0070019585732375,0.9995981370290512,1.006597281774414,0.0,1.006597281774414,1.0065972817744118
560,2024-03-27,0.0060073013167945,0.0002162698412698,1.0560734716652391,0.0,0.0,,1.006597281774414,1.0060073013167945,1.0126442149506991,0.0,1.0126442149506991,1.012644214950697
561,2024-03-28,0.0013640834575743,0.0002166666666666,1.057514044017921,0.0,0.0,,1.0126442149506991,1.0013640834575743,1.0140255461727217,0.0,1.0140255461727217,1.0140255461727194
562,2024-04-01,-0.002021356394397,0.000215873015873,0.997978643605603,0.0,0.0,0.051366744122131394,1.0140255461727217,0.997978643605603,1.0119758391508835,0.0,1.0119758391508835,1.0119758391508813
563,2024-04-02,-0.0019763797232429,0.0002150793650793,0.997978643605603,-0.0019763797232429,0.0,,1.0119758391508835,0.9980236202767571,1.009975790621974,0.0,1.009975790621974,1.0099757906219715
564,2024-04-03,0.0026654412683264,0.0002150793650793,0.998661055036002,0.0,0.0,,1.009975790621974,1.0026654412683265,1.0126678217743084,0.0,1.0126678217743084,1.012667821774306
565,2024-04-04,-0.0070785868381175,0.0002146825396825,0.998661055036002,-0.0070785868381175,0.0,,1.0126678217743084,0.9929214131618825,1.0054995646597116,0.0,1.0054995646597116,1.0054995646597094
566,2024-04-05,0.0059926046862575,0.0002154761904761,0.998661055036002,-0.0011284013245181,0.0,,1.0054995646597116,1.0059926046862575,1.0115251260629212,0.0,1.0115251260629212,1.011525126062919
567,2024-04-08,0.001471027695797,0.0002154761904761,0.9990015649623536,0.0,0.0,,1.0115251260629212,1.001471027695797,1.0130131075383544,0.0,1.0130131075383544,1.0130131075383522
568,2024-04-09,0.002732355789737,0.0002154761904761,1.001731192672335,0.0,0.0,,1.0130131075383544,1.002732355789737,1.0157810197678163,0.0,1.0157810197678163,1.015781019767814
569,2024-04-10,-0.0110879729231881,0.0002162698412698,1.001731192672335,-0.011087972923188,0.0,,1.0157810197678163,0.9889120270768119,1.0045180673247425,0.0,1.0045180673247425,1.0045180673247402
570,2024-04-11,0.0070390634103323,0.0002162698412698,1.001731192672335,-0.0041269584573541,0.0,,1.0045180673247425,1.0070390634103323,1.0115889336974657,0.0,1.0115889336974657,1.0115889336974635
571,2024-04-12,-0.0094088234472252,0.0002162698412698,1.001731192672335,-0.01349695208108,0.0,,1.0115889336974657,0.9905911765527748,1.0020710720191395,0.0,1.0020710720191395,1.0020710720191373
572,2024-04-15,-0.0054469846688541,0.0002162698412698,1.001731192672335,-0.0188704190588723,0.0,,1.0020710720191395,0.9945530153311459,0.9966128062527491,0.0,0.9966128062527491,0.9966128062527468
573,2024-04-16,-0.0021946569081236,0.0002162698412698,1.001731192672335,-0.0210236618714491,0.0,,0.9966128062527491,0.9978053430918764,0.9944255830727821,0.0,0.9944255830727821,0.9944255830727796
574,2024-04-17,-0.002672892259699,0.0002162698412698,1.001731192672335,-0.0236403601480614,0.0,,0.9944255830727821,0.997327107740301,0.9917675906289402,0.0,0.9917675906289402,0.9917675906289378
575,2024-04-18,-0.0018572567343454,0.0002166666666666,1.001731192672335,-0.0254537106643195,0.0,,0.9917675906289402,0.9981427432656546,0.989925623592339,0.0,0.989925623592339,0.9899256235923368
576,2024-04-19,-0.0045924831715961,0.0002162698412698,1.001731192672335,-0.029929298098035,0.0,,0.989925623592339,0.9954075168284039,0.9853794068248595,0.0,0.9853794068248595,0.9853794068248573
577,2024-04-22,0.0019939077614361,0.0002150793650793,1.001731192672335,-0.0279950665963708,0.0,,0.9853794068248595,1.0019939077614362,0.9873441624720869,0.0,0.9873441624720869,0.9873441624720846
578,2024-04-23,0.0065779285510618,0.0002162698412698,1.001731192672335,-0.0216012875931621,0.0,,0.9873441624720869,1.0065779285510619,0.9938388418281363,0.0,0.9938388418281363,0.993838841828134
579,2024-04-24,-0.0010526800473536,0.0002166666666666,1.001731192672335,-0.0226312283960694,0.0,,0.9938388418281363,0.9989473199526464,0.9927926475090588,0.0,0.9927926475090588,0.9927926475090564
580,2024-04-25,-0.002119027118343,0.0002170634920634,1.001731192672335,-0.0247022993277197,0.0,,0.9927926475090588,0.997880972881657,0.9906888929660956,0.0,0.9906888929660956,0.9906888929660932
581,2024-04-26,0.0070839580623821,0.0002166666666666,1.001731192672335,-0.0177933313178196,0.0,,0.9906888929660956,1.007083958062382,0.9977068915367352,0.0,0.9977068915367352,0.9977068915367326
582,2024-04-29,0.0022835352449724,0.0002162698412698,1.001731192672335,-0.0155504277720369,0.0,,0.9977068915367352,1.0022835352449724,0.9999851903877112,0.0,0.9999851903877112,0.9999851903877086
583,2024-04-30,-0.0123515266460328,0.0002166666666666,1.001731192672335,-0.0277098828950863,0.0,,0.9999851903877112,0.9876484733539672,0.9876338466629991,0.0,0.9876338466629991,0.9876338466629966
584,2024-05-01,0.0001313505991682,0.0002166666666666,1.001731192672335,-0.0275821720056392,0.0,,0.9876338466629991,1.0001313505991682,0.9877635729605172,0.0,0.9877635729605172,0.9877635729605146
585,2024-05-02,0.0068679076477417,0.0002166666666666,1.001731192672335,-0.0209036961679562,0.0,,0.9877635729605172,1.0068679076477416,0.9945474419574133,0.0,0.9945474419574133,0.994547441957411
586,2024-05-03,0.0088569542754184,0.0002162698412698,1.001731192672335,-0.0122318849736846,0.0,,0.9945474419574133,1.0088569542754184,1.0033561031755645,0.0,1.0033561031755645,1.0033561031755622
587,2024-05-06,0.0076235008184627,0.0002162698412698,1.001731192672335,-0.00470163394033,0.0,,1.0033561031755645,1.0076235008184626,1.0110051892493328,0.0,1.0110051892493328,1.0110051892493308
588,2024-05-07,0.0009694042305818,0.0002162698412698,1.001731192672335,-0.0037367874935806,0.0,,1.0110051892493328,1.000969404230582,1.0119852619569314,0.0,1.0119852619569314,1.0119852619569294
589,2024-05-08,-0.0013725537860876,0.0002162698412698,1.001731192672335,-0.0051042123378461,0.0,,1.0119852619569314,0.9986274462139124,1.0105962577541676,0.0,1.0105962577541676,1.0105962577541654
590,2024-05-09,0.0054351751948767,0.0002166666666666,1.002034938174304,0.0,0.0,,1.0105962577541676,1.0054351751948767,1.0160890254663482,0.0,1.0160890254663482,1.016089025466346
591,2024-05-10,0.0018098727105631,0.0002170634920634,1.0038484938639365,0.0,0.0,,1.0160890254663482,1.001809872710563,1.0179280172650425,0.0,1.0179280172650425,1.0179280172650402
592,2024-05-13,-0.0012851775047903,0.0002162698412698,1.0038484938639365,-0.0012851775047902,0.0,,1.0179280172650425,0.9987148224952097,1.0166197990757577,0.0,1.0166197990757577,1.0166197990757555
593,2024-05-14,0.00513748467793,0.000215873015873,1.0077089986278671,0.0,0.0,,1.0166197990757577,1.00513748467793,1.0218426677167896,0.0,1.0218426677167896,1.0218426677167871
594,2024-05-15,0.0115813839053367,0.0002162698412698,1.0193796634058387,0.0,0.0,,1.0218426677167896,1.0115813839053367,1.0336770199424712,0.0,1.0336770199424712,1.0336770199424687
595,2024-05-16,-0.0025853038924849,0.0002162698412698,1.0193796634058387,-0.0025853038924849,0.0,,1.0336770199424712,0.9974146961075151,1.0310046507192416,0.0,1.0310046507192416,1.0310046507192392
596,2024-05-17,0.0022478357162382,0.0002166666666666,1.0193796634058387,-0.0003432795146737,0.0,,1.0310046507192416,1.002247835716238,1.033322179796736,0.0,1.033322179796736,1.0333221797967336
597,2024-05-20,0.0020379499650194,0.0002162698412698,1.0211064628548705,0.0,0.0,,1.033322179796736,1.0020379499650194,1.0354280386969066,0.0,1.0354280386969066,1.035428038696904
598,2024-05-21,0.0005939215776657,0.0002162698412698,1.021712920016254,0.0,0.0,,1.0354280386969066,1.0005939215776658,1.0360430017512088,0.0,1.0360430017512088,1.0360430017512063
599,2024-05-22,-0.0052450122978891,0.0002162698412698,1.021712920016254,-0.005245012297889,0.0,,1.0360430017512088,0.9947549877021109,1.0306089434658818,0.0,1.0306089434658818,1.0306089434658794
600,2024-05-23,-0.0068038722957029,0.0002166666666666,1.021712920016254,-0.0120131981997277,0.0,,1.0306089434658818,0.9931961277042971,1.0235968118277308,0.0,1.0235968118277308,1.0235968118277283
601,2024-05-24,0.0048535886190199,0.0002166666666666,1.021712920016254,-0.0072179167027679,0.0,,1.0235968118277308,1.00485358861902,1.0285649296640829,0.0,1.0285649296640829,1.0285649296640804
602,2024-05-28,0.0004202731377934,0.0002166666666666,1.021712920016254,-0.0068006770614754,0.0,,1.0285649296640829,1.0004202731377934,1.0289972078744969,0.0,1.0289972078744969,1.0289972078744944
603,2024-05-29,-0.0081748602272022,0.0002166666666666,1.021712920016254,-0.0149199427042499,0.0,,1.0289972078744969,0.9918251397727978,1.0205852995259417,0.0,1.0205852995259417,1.020585299525939
604,2024-05-30,0.0004945136773852,0.0002166666666666,1.021712920016254,-0.0144328071425976,0.0,,1.0205852995259417,1.0004945136773853,1.0210899929154955,0.0,1.0210899929154955,1.0210899929154929
605,2024-05-31,0.0035270477624531,0.0002166666666666,1.021712920016254,-0.0109566645802826,0.0,,1.0210899929154955,1.0035270477624532,1.0246914260902715,0.0,1.0246914260902715,1.0246914260902689
606,2024-06-03,0.0045543867600552,0.0002190476190476,1.021712920016254,-0.0064521787083262,0.0,,1.0246914260902715,1.0045543867600553,1.0293582671543993,0.0,1.0293582671543993,1.0293582671543966
607,2024-06-04,0.0006693821732247,0.0002190476190476,1.021712920016254,-0.0057871155085074,0.0,,1.0293582671543993,1.0006693821732247,1.0300473012282938,0.0,1.0300473012282938,1.0300473012282911
608,2024-06-05,0.0094352219901621,0.0002186507936507,1.025384449238169,0.0,0.0,,1.0300473012282938,1.0094352219901621,1.0397660261757502,0.0,1.0397660261757502,1.0397660261757475
609,2024-06-06,0.001491643452566,0.0002186507936507,1.0269139572382382,0.0,0.0,,1.0397660261757502,1.001491643452566,1.0413169863608958,0.0,1.0413169863608958,1.041316986360893
610,2024-06-07,-0.0100928763466946,0.0002190476190476,1.0269139572382382,-0.0100928763466945,0.0,,1.0413169863608958,0.9899071236533054,1.0308071027798424,0.0,1.0308071027798424,1.0308071027798398
611,2024-06-10,0.0023131163804173,0.0002190476190476,1.0269139572382382,-0.0078031059638803,0.0,,1.0308071027798424,1.0023131163804173,1.033191479574333,0.0,1.033191479574333,1.0331914795743304
612,2024-06-11,0.0016813809623432,0.0002190476190476,1.0269139572382382,-0.0061348449953518,0.0,,1.033191479574333,1.0016813809623433,1.0349286680585446,0.0,1.0349286680585446,1.034928668058542
613,2024-06-12,0.007134176574714,0.0002186507936507,1.0278952397725567,0.0,0.0,,1.0349286680585446,1.007134176574714,1.0423120319187078,0.0,1.0423120319187078,1.0423120319187051
614,2024-06-13,-0.0005873250401152,0.0002186507936507,1.0278952397725567,-0.0005873250401153,0.0,,1.0423120319187078,0.9994126749598848,1.0416998559627486,0.0,1.0416998559627486,1.041699855962746
615,2024-06-14,0.0016446074659882,0.0002186507936507,1.0289810224815146,0.0,0.0,,1.0416998559627486,1.0016446074659882,1.0434130433231836,0.0,1.0434130433231836,1.0434130433231812
616,2024-06-17,0.0023968736871848,0.0002190476190476,1.0314473600189131,0.0,0.0,,1.0434130433231836,1.0023968736871849,1.0459139725915905,0.0,1.0459139725915905,1.045913972591588
617,2024-06-18,0.0033069410969415,0.0002182539682539,1.0348582956830914,0.0,0.0,,1.0459139725915905,1.0033069410969415,1.049372748491419,0.0,1.049372748491419,1.0493727484914166
618,2024-06-20,-0.0004741958305509,0.0002182539682539,1.0348582956830914,-0.000474195830551,0.0,,1.049372748491419,0.9995258041694491,1.0488751403093908,0.0,1.0488751403093908,1.048875140309388
619,2024-06-21,-0.0041146895245472,0.0002178571428571,1.0348582956830914,-0.0045869341864818,0.0,,1.0488751403093908,0.9958853104754528,1.0445593447570019,0.0,1.0445593447570019,1.044559344756999
620,2024-06-24,-5.155941878633922e-05,0.0002182539682539,1.0348582956830914,-0.0046382571056075,0.0,,1.0445593447570019,0.9999484405812137,1.0445054878842983,0.0,1.0445054878842983,1.0445054878842954
621,2024-06-25,0.001895797670176,0.0002178571428571,1.0348582956830914,-0.0027512526324456,0.0,,1.0445054878842983,1.001895797670176,1.0464856589547153,0.0,1.0464856589547153,1.046485658954713
622,2024-06-26,-0.0041393790771186,0.0002182539682539,1.0348582956830914,-0.0068792432319817,0.0,,1.0464856589547153,0.9958606209228814,1.0421538581135334,0.0,1.0421538581135334,1.0421538581135308
623,2024-06-27,0.00284087322797,0.0002178571428571,1.0348582956830914,-0.004057913061938,0.0,,1.0421538581135334,1.00284087322797,1.045114485108474,0.0,1.045114485108474,1.0451144851084713
624,2024-06-28,-0.003396461278927,0.0002174603174603,1.0348582956830914,-0.007440591796277,0.0,,1.045114485108474,0.996603538721073,1.0415647942277573,0.0,1.0415647942277573,1.0415647942277544
625,2024-07-01,-0.0002591971203725,0.0002170634920634,0.9997408028796276,0.0,0.0,0.0626754927463006,1.0415647942277573,0.9997408028796275,1.041294823632412,0.0,1.041294823632412,1.041294823632409
626,2024-07-02,0.004938965220638,0.0002170634920634,1.0046784879347026,0.0,0.0,,1.041294823632412,1.004938965220638,1.0464377425507627,0.0,1.0464377425507627,1.0464377425507598
627,2024-07-03,0.0078771014780086,0.0002170634920634,1.0125924423369366,0.0,0.0,,1.0464377425507627,1.0078771014780086,1.0546806388392533,0.0,1.0546806388392533,1.0546806388392505
628,2024-07-05,0.0075939651594577,0.0002166666666666,1.0202820340647736,0.0,0.0,,1.0546806388392533,1.0075939651594576,1.0626898468649533,0.0,1.0626898468649533,1.0626898468649504
629,2024-07-08,-0.0020843885743848,0.0002166666666666,1.0202820340647736,-0.0020843885743849,0.0,,1.0626898468649533,0.9979156114256152,1.0604747882900332,0.0,1.0604747882900332,1.0604747882900305
630,2024-07-09,-0.0004231819386433,0.0002166666666666,1.0202820340647736,-0.0025066884374305,0.0,,1.0604747882900332,0.9995768180613567,1.0600260145132423,0.0,1.0600260145132423,1.0600260145132394
631,2024-07-10,0.0068331154059619,0.0002166666666666,1.0246787338804342,0.0,0.0,,1.0600260145132423,1.006833115405962,1.0672692946037332,0.0,1.0672692946037332,1.0672692946037303
632,2024-07-11,-0.0011491387371158,0.000215873015873,1.0246787338804342,-0.0011491387371159,0.0,,1.0672692946037332,0.9988508612628842,1.0660428541143698,0.0,1.0660428541143698,1.066042854114367
633,2024-07-12,0.0049142977725222,0.0002154761904761,1.0285310256977656,0.0,0.0,,1.0660428541143698,1.0049142977725223,1.0712817061377573,0.0,1.0712817061377573,1.0712817061377544
634,2024-07-15,-0.0008255947518472,0.0002154761904761,1.0285310256977656,-0.0008255947518471,0.0,,1.0712817061377573,0.9991744052481528,1.07039726158342,0.0,1.07039726158342,1.0703972615834172
635,2024-07-16,0.006756170092506,0.0002154761904761,1.034625069435274,0.0,0.0,,1.07039726158342,1.006756170092506,1.0776290475492303,0.0,1.0776290475492303,1.0776290475492274
636,2024-07-17,-0.0107327391659169,0.0002154761904761,1.034625069435274,-0.0107327391659168,0.0,,1.0776290475492303,0.9892672608340831,1.066063136064269,0.0,1.066063136064269,1.066063136064266
637,2024-07-18,-0.005967577436783,0.0002154761904761,1.034625069435274,-0.0166362681506185,0.0,,1.066063136064269,0.994032422563217,1.0597013217473057,0.0,1.0597013217473057,1.0597013217473028
638,2024-07-19,-0.0075511349814218,0.0002154761904761,1.034625069435274,-0.0240617804256478,0.0,,1.0597013217473057,0.9924488650185782,1.0516993740268008,0.0,1.0516993740268008,1.051699374026798
639,2024-07-22,0.0070981106077819,0.0002154761904761,1.034625069435274,-0.0171344629967474,0.0,,1.0516993740268008,1.0070981106077819,1.059164452509778,0.0,1.059164452509778,1.059164452509775
640,2024-07-23,-0.0014857233336808,0.0002146825396825,1.034625069435274,-0.0185947292589439,0.0,,1.059164452509778,0.9985142766663192,1.057590827168479,0.0,1.057590827168479,1.0575908271684755
641,2024-07-24,-0.0156126544536675,0.0002142857142857,1.034625069435274,-0.0339170706300321,0.0,,1.057590827168479,0.9843873455463324,1.0410790270305292,0.0,1.0410790270305292,1.041079027030526
642,2024-07-25,-0.0058720907839186,0.0002138888888888,1.034625069435274,-0.0395899972960867,0.0,,1.0410790270305292,0.9941279092160814,1.0349657164705723,0.0,1.0349657164705723,1.034965716470569
643,2024-07-26,0.0095665574864915,0.000213492063492,1.034625069435274,-0.0304021797946181,0.0,,1.0349657164705723,1.0095665574864916,1.044866775493736,0.0,1.044866775493736,1.0448667754937326
644,2024-07-29,-0.0001832639477716,0.0002146825396825,1.034625069435274,-0.0305798721188997,0.0,,1.044866775493736,0.9998167360522284,1.0446752890835636,0.0,1.0446752890835636,1.0446752890835602
645,2024-07-30,-0.0014568980380474,0.0002142857142857,1.034625069435274,-0.0319922184012535,0.0,,1.0446752890835636,0.9985431019619526,1.043153303704501,0.0,1.043153303704501,1.0431533037044978
646,2024-07-31,0.0161711076798367,0.0002146825396825,1.034625069435274,-0.0163384603301003,0.0,,1.043153303704501,1.0161711076798368,1.0600222481052841,0.0,1.0600222481052841,1.0600222481052806
647,2024-08-01,-0.0107509309407331,0.0002130952380952,1.034625069435274,-0.0269137376121466,0.0,,1.0600222481052841,0.9892490690592669,1.0486260221202635,0.0,1.0486260221202635,1.04862602212026
648,2024-08-02,-0.007767596237886,0.0002099206349206,1.034625069435274,-0.0344722788030091,0.0,,1.0486260221202635,0.992232403762114,1.0404807185758926,0.0,1.0404807185758926,1.0404807185758893
649,2024-08-05,-0.0170722326485401,0.0002123015873015,1.034625069435274,-0.0509559926878988,0.0,,1.0404807185758926,0.9829277673514599,1.022717389682045,0.0,1.022717389682045,1.0227173896820416
650,2024-08-06,0.0015252416058948,0.0002119047619047,1.034625069435274,-0.0495084712821212,0.0,,1.022717389682045,1.0015252416058948,1.0242772807958602,0.0,1.0242772807958602,1.024277280795857
651,2024-08-07,-0.0043768825113562,0.0002119047619047,1.034625069435274,-0.0536686610313588,0.0,,1.0242772807958602,0.9956231174886438,1.0197941394787653,0.0,1.0197941394787653,1.019794139478762
652,2024-08-08,0.0162399990396936,0.0002119047619047,1.034625069435274,-0.0383002409952761,0.0,,1.0197941394787653,1.0162399990396935,1.0363555953245855,0.0,1.0363555953245855,1.0363555953245822
653,2024-08-09,0.0046783612328364,0.0002115079365079,1.034625069435274,-0.0338010621251203,0.0,,1.0363555953245855,1.0046783612328365,1.0412040411651853,0.0,1.0412040411651853,1.041204041165182
654,2024-08-12,0.0037464102337802,0.0002115079365079,1.034625069435274,-0.0301812845363981,0.0,,1.0412040411651853,1.0037464102337803,1.04510481864046,0.0,1.04510481864046,1.0451048186404566
655,2024-08-13,0.0118583656281943,0.0002111111111111,1.034625069435274,-0.0186808196153649,0.0,,1.04510481864046,1.0118583656281943,1.057498053699686,0.0,1.057498053699686,1.0574980536996827
656,2024-08-14,0.001237236502801,0.0002111111111111,1.034625069435274,-0.0174666957044942,0.0,,1.057498053699686,1.001237236502801,1.0588064288933643,0.0,1.0588064288933643,1.058806428893361
657,2024-08-15,0.0096777910960415,0.0002119047619047,1.034625069435274,-0.0079579436406189,0.0,,1.0588064288933643,1.0096777910960415,1.06905333632334,0.0,1.06905333632334,1.0690533363233363
658,2024-08-16,0.0053385401767751,0.0002115079365079,1.034625069435274,-0.0026618872656937,0.0,,1.06905333632334,1.0053385401767752,1.0747605205104178,0.0,1.0747605205104178,1.0747605205104145
659,2024-08-19,0.0062070702030178,0.0002107142857142,1.0382759099633918,0.0,0.0,,1.0747605205104178,1.0062070702030177,1.0814316345126578,0.0,1.0814316345126578,1.0814316345126544
660,2024-08-20,0.0004070467877342,0.0002099206349206,1.0386985368373245,0.0,0.0,,1.0814316345126578,1.0004070467877342,1.0818718277856403,0.0,1.0818718277856403,1.081871827785637
661,2024-08-21,0.0040055756095969,0.00020873015873,1.042859122362204,0.0,0.0,,1.0818718277856403,1.004005575609597,1.0862053471917286,0.0,1.0862053471917286,1.0862053471917252
662,2024-08-22,-0.0082537525390015,0.0002095238095238,1.042859122362204,-0.0082537525390014,0.0,,1.0862053471917286,0.9917462474609985,1.077240077049468,0.0,1.077240077049468,1.0772400770494646
663,2024-08-23,0.0100413367128942,0.0002083333333333,1.044636890007845,0.0,0.0,,1.077240077049468,1.0100413367128942,1.0880570073837457,0.0,1.0880570073837457,1.0880570073837423
664,2024-08-26,-0.0027630570396466,0.0002079365079365,1.044636890007845,-0.0027630570396466,0.0,,1.0880570073837457,0.9972369429603534,1.0850506438099572,0.0,1.0850506438099572,1.085050643809954
665,2024-08-27,0.0022460992013413,0.0002075396825396,1.044636890007845,-0.0005231639385153,0.0,,1.0850506438099572,1.0022460992013413,1.0874877751944336,0.0,1.0874877751944336,1.0874877751944303
666,2024-08-28,-0.0056241150447348,0.000206746031746,1.044636890007845,-0.0061443366490726,0.0,,1.0874877751944336,0.9943758849552652,1.0813716188369975,0.0,1.0813716188369975,1.0813716188369942
667,2024-08-29,0.0005981525995689,0.0002071428571428,1.044636890007845,-0.005549859300443,0.0,,1.0813716188369975,1.0005981525995689,1.0820184440819047,0.0,1.0820184440819047,1.0820184440819014
668,2024-08-30,0.002542695351596,0.000206746031746,1.044636890007845,-0.003021275550292,0.0,,1.0820184440819047,1.002542695351596,1.0847696873500128,0.0,1.0847696873500128,1.0847696873500097
669,2024-09-03,-0.0122160963477876,0.0002059523809523,1.044636890007845,-0.0152004637048641,0.0,,1.0847696873500128,0.9877839036522124,1.0715180363341856,0.0,1.0715180363341856,1.0715180363341823
670,2024-09-04,0.0002632066006597,0.0002055555555554,1.044636890007845,-0.0149412579665846,0.0,,1.0715180363341856,1.0002632066006596,1.0718000669540746,0.0,1.0718000669540746,1.0718000669540717
671,2024-09-05,0.0012624125099331,0.000204365079365,1.044636890007845,-0.0136977074876226,0.0,,1.0718000669540746,1.0012624125099332,1.0731531207667446,0.0,1.0731531207667446,1.0731531207667415
672,2024-09-06,-0.0115370952426648,0.0002035714285714,1.044636890007845,-0.0250767709743967,0.0,,1.0731531207667446,0.9884629047573352,1.0607720510024958,0.0,1.0607720510024958,1.0607720510024927
673,2024-09-09,0.0077015096073909,0.0002027777777777,1.044636890007845,-0.0175683903595873,0.0,,1.0607720510024958,1.007701509607391,1.0689415971445433,0.0,1.0689415971445433,1.0689415971445402
674,2024-09-10,0.0028663597126248,0.0002007936507936,1.044636890007845,-0.014752387973305,0.0,,1.0689415971445433,1.0028663597126248,1.0720055682737473,0.0,1.0720055682737473,1.0720055682737442
675,2024-09-11,0.0068115161309644,0.0002023809523808,1.044636890007845,-0.008041357970991,0.0,,1.0720055682737473,1.0068115161309643,1.0793075514945274,0.0,1.0793075514945274,1.0793075514945245
676,2024-09-12,0.0072684260433996,0.0002007936507936,1.044636890007845,-0.000831379943292,0.0,,1.0793075514945274,1.0072684260433995,1.087152418610648,0.0,1.087152418610648,1.0871524186106452
677,2024-09-13,0.0046079585425019,0.0001972222222222,1.0485780413639494,0.0,0.0,,1.087152418610648,1.0046079585425018,1.0921619718849864,0.0,1.0921619718849864,1.0921619718849835
678,2024-09-16,0.002054876624796,0.0001968253968253,1.0507327398704227,0.0,0.0,,1.0921619718849864,1.002054876624796,1.094406229991504,0.0,1.094406229991504,1.0944062299915012
679,2024-09-17,-0.0017507559867994,0.0001964285714285,1.0507327398704227,-0.0017507559867993,0.0,,1.094406229991504,0.9982492440132006,1.092490191732356,0.0,1.092490191732356,1.092490191732353
680,2024-09-18,-0.0043317749945059,0.0001920634920634,1.0507327398704227,-0.0060749471003003,0.0,,1.092490191732356,0.9956682250054941,1.0877577700380667,0.0,1.0877577700380667,1.0877577700380638
681,2024-09-19,0.0132799191458632,0.0001904761904761,1.058218472228277,0.0,0.0,,1.0877577700380667,1.0132799191458632,1.1022031052744568,0.0,1.1022031052744568,1.102203105274454
682,2024-09-20,-0.0001355682229637,0.000188492063492,1.058218472228277,-0.0001355682229637,0.0,,1.1022031052744568,0.9998644317770363,1.1020536815581297,0.0,1.1020536815581297,1.1020536815581266
683,2024-09-23,0.0019182093732234,0.0001873015873015,1.0601046208349891,0.0,0.0,,1.1020536815581297,1.0019182093732233,1.1041676512598897,0.0,1.1041676512598897,1.1041676512598868
684,2024-09-24,0.0044350096673671,0.0001861111111111,1.0648061950768128,0.0,0.0,,1.1041676512598897,1.004435009667367,1.1090646454676214,0.0,1.1090646454676214,1.1090646454676183
685,2024-09-25,-0.0025807014815099,0.0001861111111111,1.0648061950768128,-0.0025807014815099,0.0,,1.1090646454676214,0.9974192985184901,1.1062024806939728,0.0,1.1062024806939728,1.10620248069397
686,2024-09-26,0.0061903271227193,0.0001857142857142,1.068632736131098,0.0,0.0,,1.1062024806939728,1.0061903271227193,1.113050235913432,0.0,1.113050235913432,1.113050235913429
687,2024-09-27,-0.0026439404431829,0.0001857142857142,1.068632736131098,-0.0026439404431829,0.0,,1.113050235913432,0.997356059556817,1.1101073973794062,0.0,1.1101073973794062,1.1101073973794031
688,2024-09-30,-0.0011067277175619,0.0001876984126984,1.068632736131098,-0.0037477420385727,1.0,,1.1101073973794062,0.9988932722824381,1.108878810753256,0.0,1.108878810753256,1.108878810753253
689,2024-10-01,-0.0021179534038081,0.0001869047619047,0.9978820465961918,0.0,0.0,0.10888967674992185,1.108878810753256,0.997882046596192,1.1065302571016105,0.0,1.1065302571016105,1.1065302571016074
690,2024-10-02,-0.000163261059521,0.0001861111111111,0.9978820465961918,-0.000163261059521,0.0,,1.1065302571016105,0.999836738940479,1.106349603799444,0.0,1.106349603799444,1.106349603799441
691,2024-10-03,-0.0036144748444109,0.0001857142857142,0.9978820465961918,-0.0037771458009391,0.0,,1.106349603799444,0.9963855251555891,1.102350730987387,0.0,1.102350730987387,1.102350730987384
692,2024-10-04,0.0027270516195482,0.0001876984126984,0.9978820465961918,-0.0010603946529644,0.0,,1.102350730987387,1.0027270516195481,1.1053568983336362,0.0,1.1053568983336362,1.1053568983336333
693,2024-10-07,-0.0062064583301358,0.0001892857142857,0.9978820465961918,-0.0072602716878733,0.0,,1.1053568983336362,0.9937935416698642,1.0984965468042003,0.0,1.0984965468042003,1.0984965468041974
694,2024-10-08,0.0039174897563436,0.000188492063492,0.9978820465961918,-0.0033712239714952,0.0,,1.0984965468042003,1.0039174897563437,1.1027998957736846,0.0,1.1027998957736846,1.1027998957736818
695,2024-10-09,0.0015887507002916,0.000188492063492,0.9978820465961918,-0.0017878293056491,0.0,,1.1027998957736846,1.0015887507002916,1.1045519698803765,0.0,1.1045519698803765,1.1045519698803736
696,2024-10-10,-0.0003642408501187,0.000188492063492,0.9978820465961918,-0.0021514189553015,0.0,,1.1045519698803765,0.9996357591498813,1.104149646931867,0.0,1.104149646931867,1.104149646931864
697,2024-10-11,0.0050097979610181,0.0001876984126984,1.0007236163417392,0.0,0.0,,1.104149646931867,1.0050097979610182,1.1096812135817253,0.0,1.1096812135817253,1.1096812135817222
698,2024-10-14,0.0033809693178322,0.0001876984126984,1.0041070321842207,0.0,0.0,,1.1096812135817253,1.0033809693178322,1.1134330117174198,0.0,1.1134330117174198,1.1134330117174167
699,2024-10-15,-0.0051715775537838,0.0001876984126984,1.0041070321842207,-0.0051715775537838,0.0,,1.1134330117174198,0.9948284224462162,1.1076748065463802,0.0,1.1076748065463802,1.107674806546377
700,2024-10-16,0.0036287274526169,0.0001873015873015,1.0041070321842207,-0.0015616163466096,0.0,,1.1076748065463802,1.003628727452617,1.1116942565254673,0.0,1.1116942565254673,1.1116942565254642
701,2024-10-17,-0.0009075311705069,0.0001880952380952,1.0041070321842207,-0.0024677303016057,0.0,,1.1116942565254673,0.9990924688294931,1.110685359335597,0.0,1.110685359335597,1.1106853593355936
702,2024-10-18,0.0044235022507619,0.0001876984126984,1.006059875708767,0.0,0.0,,1.110685359335597,1.004423502250762,1.1155984785225064,0.0,1.1155984785225064,1.115598478522503
703,2024-10-21,-0.0047375586818361,0.0001876984126984,1.006059875708767,-0.0047375586818362,0.0,,1.1155984785225064,0.9952624413181639,1.1103132652651388,0.0,1.1103132652651388,1.1103132652651355
704,2024-10-22,0.0002902851443792,0.0001873015873015,1.006059875708767,-0.0044486487803627,0.0,,1.1103132652651388,1.0002902851443791,1.1106355727116524,0.0,1.1106355727116524,1.1106355727116493
705,2024-10-23,-0.0077257247182999,0.0001876984126984,1.006059875708767,-0.0121400044628171,0.0,,1.1106355727116524,0.9922742752817001,1.1020551080145309,0.0,1.1020551080145309,1.1020551080145278
706,2024-10-24,0.0035906828797175,0.0001865079365079,1.006059875708767,-0.0085929124892838,0.0,,1.1020551080145309,1.0035906828797174,1.1060122384233837,0.0,1.1060122384233837,1.1060122384233808
707,2024-10-25,-0.000839921530277,0.0001876984126984,1.006059875708767,-0.0094256166473533,0.0,,1.1060122384233837,0.999160078469723,1.105083274931582,0.0,1.105083274931582,1.105083274931579
708,2024-10-28,0.0016800106842599,0.0001865079365079,1.006059875708767,-0.0077614410997667,0.0,,1.105083274931582,1.0016800106842598,1.106939826640464,0.0,1.106939826640464,1.106939826640461
709,2024-10-29,0.0029375525601392,0.0001865079365079,1.006059875708767,-0.0048466881808002,0.0,,1.106939826640464,1.0029375525601392,1.1101915205621318,0.0,1.1101915205621318,1.110191520562129
710,2024-10-30,-0.0029127470158285,0.0001853174603174,1.006059875708767,-0.0077453180200934,0.0,,1.1101915205621318,0.9970872529841714,1.1069578135236162,0.0,1.1069578135236162,1.1069578135236136
711,2024-10-31,-0.0112036881477788,0.0001841269841269,1.006059875708767,-0.0188622300401697,0.0,,1.1069578135236162,0.9887963118522212,1.0945558033881506,0.0,1.0945558033881506,1.094555803388148
712,2024-11-01,-0.0007458904013507,0.0001829365079365,1.006059875708767,-0.0195940512851854,0.0,,1.0945558033881506,0.9992541095986494,1.0937393847206607,0.0,1.0937393847206607,1.093739384720658
713,2024-11-04,0.0011838973390049,0.0001845238095238,1.006059875708767,-0.0184333512913573,0.0,,1.0937393847206607,1.0011838973390048,1.0950342598677962,0.0,1.0950342598677962,1.0950342598677938
714,2024-11-05,0.0084733789139917,0.0001841269841269,1.006059875708767,-0.010116165147512,0.0,,1.0950342598677962,1.0084733789139917,1.1043129000754586,0.0,1.1043129000754586,1.104312900075456
715,2024-11-06,0.0003169158921846,0.0001841269841269,1.006059875708767,-0.0098024552288304,0.0,,1.1043129000754586,1.0003169158921845,1.1046628743834368,0.0,1.1046628743834368,1.1046628743834346
716,2024-11-07,0.0115290608999075,0.0001837301587301,1.0076832464469478,0.0,0.0,,1.1046628743834368,1.0115290608999075,1.1173985999360703,0.0,1.1173985999360703,1.1173985999360685
717,2024-11-08,0.0006108066666905,0.0001837301587301,1.00829874609179,0.0,0.0,,1.1173985999360703,1.0006108066666906,1.1180811144502618,0.0,1.1180811144502618,1.1180811144502598
718,2024-11-11,-0.004358931554427,0.0001837301587301,1.00829874609179,-0.0043589315544271,0.0,,1.1180811144502618,0.995641068445573,1.1132074754000756,0.0,1.1132074754000756,1.1132074754000736
719,2024-11-12,-0.0075450322706279,0.0001837301587301,1.00829874609179,-0.0118710755458114,0.0,,1.1132074754000756,0.9924549677293721,1.1048082890742779,0.0,1.1048082890742779,1.1048082890742756
720,2024-11-13,-0.0036689179322061,0.0001825396825396,1.00829874609179,-0.0154964394760729,0.0,,1.1048082890742779,0.9963310820677939,1.1007548381308432,0.0,1.1007548381308432,1.100754838130841
721,2024-11-14,-0.0033888115289934,0.0001829365079365,1.00829874609179,-0.0188327364923115,0.0,,1.1007548381308432,0.9966111884710066,1.0970245874447901,0.0,1.0970245874447901,1.0970245874447877
722,2024-11-15,-0.0067365769958253,0.0001825396825396,1.00829874609179,-0.0254424453087144,0.0,,1.0970245874447901,0.9932634230041747,1.0896343968451547,0.0,1.0896343968451547,1.0896343968451525
723,2024-11-18,0.0061689381638962,0.0001837301587301,1.00829874609179,-0.0194304600166659,0.0,,1.0896343968451547,1.0061689381638963,1.096356284060547,0.0,1.096356284060547,1.0963562840605443
724,2024-11-19,0.0041464907884803,0.0001833333333333,1.00829874609179,-0.0153645374516606,0.0,,1.096356284060547,1.0041464907884803,1.1009023152932964,0.0,1.1009023152932964,1.100902315293294
725,2024-11-20,0.0004332490952518,0.0001833333333333,1.00829874609179,-0.0149379450283587,0.0,,1.1009023152932964,1.0004332490952519,1.101379280225358,0.0,1.101379280225358,1.1013792802253557
726,2024-11-21,0.0037295622704495,0.0001837301587301,1.00829874609179,-0.0112640947540848,0.0,,1.101379280225358,1.0037295622704494,1.1054869428343412,0.0,1.1054869428343412,1.105486942834339
727,2024-11-22,0.0041135169892261,0.0001837301587301,1.00829874609179,-0.007196912809998,0.0,,1.1054869428343412,1.0041135169892261,1.110034382155058,0.0,1.110034382155058,1.1100343821550558
728,2024-11-25,-6.119672254881446e-05,0.0001833333333333,1.00829874609179,-0.0072576691050701,0.0,,1.110034382155058,0.9999388032774512,1.1099664516889536,0.0,1.1099664516889536,1.1099664516889514
729,2024-11-26,0.0013573223225097,0.0001829365079365,1.00829874609179,-0.005910197778846,0.0,,1.1099664516889536,1.0013573223225096,1.1114730339310679,0.0,1.1114730339310679,1.111473033931066
730,2024-11-27,-9.022878648717809e-06,0.0001825396825396,1.00829874609179,-0.0059191673304972,0.0,,1.1114730339310679,0.9999909771213513,1.1114630052447614,0.0,1.1114630052447614,1.1114630052447594
731,2024-11-29,0.007611738436901,0.000181746031746,1.0099599343612853,0.0,0.0,,1.1114630052447614,1.007611738436901,1.1199231709229764,0.0,1.1199231709229764,1.1199231709229744
732,2024-12-02,6.897305238430806e-05,0.0001789682539682,1.010029594380744,0.0,0.0,,1.1199231709229764,1.0000689730523844,1.120000415442511,0.0,1.120000415442511,1.120000415442509
733,2024-12-03,0.0011650204299272,0.0001781746031746,1.0112062994930289,0.0,0.0,,1.120000415442511,1.0011650204299272,1.1213052388080285,0.0,1.1213052388080285,1.121305238808027
734,2024-12-04,0.0051339811328474,0.0001773809523809,1.0163978135560423,0.0,0.0,,1.1213052388080285,1.0051339811328475,1.127061998748232,0.0,1.127061998748232,1.1270619987482302
735,2024-12-05,-0.0011439135938699,0.0001769841269841,1.0163978135560423,-0.00114391359387,0.0,,1.127061998748232,0.9988560864061301,1.1257727372067297,0.0,1.1257727372067297,1.125772737206728
736,2024-12-06,0.0030100300644772,0.0001753968253968,1.0182910305811137,0.0,0.0,,1.1257727372067297,1.0030100300644773,1.1291613469914907,0.0,1.1291613469914907,1.129161346991489
737,2024-12-09,-0.0042314308768728,0.0001753968253968,1.0182910305811137,-0.0042314308768728,0.0,,1.1291613469914907,0.9957685691231272,1.1243833788028597,0.0,1.1243833788028597,1.124383378802858
738,2024-12-10,-0.0019828662840652,0.000175,1.0182910305811137,-0.0062059067993189,0.0,,1.1243833788028597,0.9980171337159348,1.1221538769106683,0.0,1.1221538769106683,1.1221538769106665
739,2024-12-11,0.006637658211984,0.0001738095238095,1.018688733027122,0.0,0.0,,1.1221538769106683,1.006637658211984,1.129602350806854,0.0,1.129602350806854,1.129602350806852
740,2024-12-12,-0.0076621923961104,0.000172619047619,1.018688733027122,-0.0076621923961104,0.0,,1.129602350806854,0.9923378076038896,1.1209471202638732,0.0,1.1209471202638732,1.1209471202638712
741,2024-12-13,-0.0009347051370387,0.0001722222222222,1.018688733027122,-0.0085897356425556,0.0,,1.1209471202638732,0.9990652948629613,1.1198993652322138,0.0,1.1198993652322138,1.1198993652322118
742,2024-12-16,0.0037909525801472,0.0001734126984126,1.018688733027122,-0.0048313463429053,0.0,,1.1198993652322138,1.0037909525801472,1.124144850620346,0.0,1.124144850620346,1.124144850620344
743,2024-12-17,-0.0036555090554795,0.0001738095238095,1.018688733027122,-0.0084691943680783,0.0,,1.124144850620346,0.9963444909445205,1.1200355289392325,0.0,1.1200355289392325,1.1200355289392303
744,2024-12-18,-0.022956996865832,0.0001730158730158,1.018688733027122,-0.0312317639653463,0.0,,1.1200355289392325,0.977043003134168,1.094322876811754,0.0,1.094322876811754,1.094322876811752
745,2024-12-19,-0.0023214280080476,0.000172619047619,1.018688733027122,-0.0334806896817839,0.0,,1.094322876811754,0.9976785719919524,1.091782485035676,0.0,1.091782485035676,1.091782485035674
746,2024-12-20,0.0074013572397383,0.0001722222222222,1.018688733027122,-0.0263271349870132,0.0,,1.091782485035676,1.0074013572397382,1.0998631572355142,0.0,1.0998631572355142,1.0998631572355124
747,2024-12-23,0.0021016093366977,0.0001730158730158,1.018688733027122,-0.0242808550030126,0.0,,1.0998631572355142,1.0021016093366977,1.10217463991585,0.0,1.10217463991585,1.1021746399158483
748,2024-12-24,0.006361594200195,0.0001746031746031,1.018688733027122,-0.0180737257491806,0.0,,1.10217463991585,1.006361594200195,1.109186227712741,0.0,1.109186227712741,1.1091862277127391
749,2024-12-26,0.0021165064796371,0.000172619047619,1.018688733027122,-0.0159954724272028,0.0,,1.109186227712741,1.0021165064796371,1.111533827550819,0.0,1.111533827550819,1.1115338275508173
750,2024-12-27,-0.0069994927079437,0.0001710317460317,1.018688733027122,-0.0228830049425323,0.0,,1.111533827550819,0.9930005072920562,1.1037536546302442,0.0,1.1037536546302442,1.1037536546302424
751,2024-12-30,-0.0050841358667608,0.0001734126984126,1.018688733027122,-0.0278508005031257,0.0,,1.1037536546302442,0.9949158641332392,1.0981420210866704,0.0,1.0981420210866704,1.0981420210866684
752,2024-12-31,-0.0019246564330627,0.0001734126984126,1.018688733027122,-0.0297218537138341,1.0,,1.0981420210866704,0.9980753435669373,1.0960284749813693,0.0,1.0960284749813693,1.0960284749813674
753,2025-01-02,0.0009589258746624,0.0001730158730158,1.0009589258746625,0.0,0.0,0.26633735878916676,1.0960284749813693,1.0009589258746625,1.0970794850453958,0.0,1.0970794850453958,1.0970794850453938
754,2025-01-03,0.0030668312351035,0.0001722222222222,1.0040286979735904,0.0,0.0,,1.0970794850453958,1.0030668312351034,1.1004440426775242,0.0,1.1004440426775242,1.1004440426775222
755,2025-01-06,0.0014910295370028,0.000172619047619,1.0055257344182675,0.0,0.0,,1.1004440426775242,1.0014910295370028,1.102084837248975,0.0,1.102084837248975,1.102084837248973
756,2025-01-07,-0.0039287498657806,0.000172619047619,1.0055257344182675,-0.0039287498657807,0.0,,1.102084837248975,0.9960712501342194,1.0977550215925542,0.0,1.0977550215925542,1.0977550215925524
757,2025-01-08,0.0023073358256425,0.000172619047619,1.0055257344182675,-0.0016304789854536,0.0,,1.0977550215925542,1.0023073358256425,1.1002879110816537,0.0,1.1002879110816537,1.100287911081652
758,2025-01-10,-0.0085584997563894,0.0001730158730158,1.0055257344182675,-0.0101750242878433,0.0,,1.1002879110816537,0.9914415002436106,1.0908710972627031,0.0,1.0908710972627031,1.0908710972627014
759,2025-01-13,-0.0015425673278442,0.0001734126984126,1.0055257344182675,-0.011701895955661,0.0,,1.0908710972627031,0.9984574326721558,1.0891883551491761,0.0,1.0891883551491761,1.0891883551491743
760,2025-01-14,0.0028052712888421,0.0001730158730158,1.0055257344182675,-0.0089294516595682,0.0,,1.0891883551491761,1.002805271288842,1.0922438239700172,0.0,1.0922438239700172,1.0922438239700156
761,2025-01-15,0.0118153142212731,0.000172619047619,1.0083214562242588,0.0,0.0,,1.0922438239700172,1.0118153142212731,1.105149027956468,0.0,1.105149027956468,1.1051490279564662
762,2025-01-16,0.0028754009582732,0.0001722222222222,1.0112207847057335,0.0,0.0,,1.105149027956468,1.0028754009582732,1.1083267745304888,0.0,1.1083267745304888,1.108326774530487
763,2025-01-17,0.0030642033432601,0.0001722222222222,1.0143193708150031,0.0,0.0,,1.1083267745304888,1.0030642033432602,1.1117229131384299,0.0,1.1117229131384299,1.111722913138428
764,2025-01-21,0.0104270719501793,0.0001730158730158,1.0248957518749515,0.0,0.0,,1.1117229131384299,1.0104270719501793,1.1233149279423873,0.0,1.1233149279423873,1.1233149279423855
765,2025-01-22,0.0013204914568222,0.0001730158730158,1.026249117959436,0.0,0.0,,1.1233149279423873,1.0013204914568221,1.124798255708056,0.0,1.124798255708056,1.1247982557080545
766,2025-01-23,0.0023334056312561,0.0001730158730158,1.0286437734303542,0.0,0.0,,1.124798255708056,1.002333405631256,1.127422866291952,0.0,1.127422866291952,1.1274228662919503
767,2025-01-24,0.0014182536924038,0.000172619047619,1.03010265126019,0.0,0.0,,1.127422866291952,1.001418253692404,1.1290218379349712,0.0,1.1290218379349712,1.1290218379349697
768,2025-01-27,-0.0030419195346963,0.0001714285714285,1.03010265126019,-0.0030419195346964,0.0,,1.1290218379349712,0.9969580804653037,1.125587444351058,0.0,1.125587444351058,1.1255874443510565
769,2025-01-28,0.0029125577856813,0.0001710317460317,1.03010265126019,-0.000138221515439,0.0,,1.125587444351058,1.0029125577856812,1.1288657828255677,0.0,1.1288657828255677,1.1288657828255662
770,2025-01-29,-0.00190243006737,0.0001710317460317,1.03010265126019,-0.0020403886260421,0.0,,1.1288657828255677,0.99809756993263,1.1267181946182951,0.0,1.1267181946182951,1.1267181946182936
771,2025-01-30,0.0076036666804917,0.0001706349206349,1.0358174172731385,0.0,0.0,,1.1267181946182951,1.0076036666804917,1.1352853842130182,0.0,1.1352853842130182,1.1352853842130164
772,2025-01-31,-0.0037765132598825,0.0001710317460317,1.0358174172731385,-0.0037765132598825,0.0,,1.1352853842130182,0.9962234867401175,1.130997963905787,0.0,1.130997963905787,1.130997963905785
773,2025-02-03,-0.0014164620504299,0.0001722222222222,1.0358174172731385,-0.005187626022597,0.0,,1.130997963905787,0.9985835379495701,1.129395948210801,0.0,1.129395948210801,1.129395948210799
774,2025-02-04,0.005634279924329,0.0001718253968253,1.03624979373618,0.0,0.0,,1.129395948210801,1.005634279924329,1.1357592811284236,0.0,1.1357592811284236,1.1357592811284214
775,2025-02-05,0.0068676125991424,0.0001718253968253,1.0433663558755013,0.0,0.0,,1.1357592811284236,1.0068676125991425,1.1435592358770943,0.0,1.1435592358770943,1.143559235877092
776,2025-02-06,0.0010068904289062,0.0001722222222222,1.044416911473075,0.0,0.0,,1.1435592358770943,1.0010068904289062,1.1447106747265863,0.0,1.1447106747265863,1.1447106747265838
777,2025-02-07,-0.005266306217087,0.000172619047619,1.044416911473075,-0.0052663062170869,0.0,,1.1447106747265863,0.994733693782913,1.1386822777835077,0.0,1.1386822777835077,1.1386822777835053
778,2025-02-10,0.0063399526937825,0.000172619047619,1.0455033748802762,0.0,0.0,,1.1386822777835077,1.0063399526937824,1.1459014695579035,0.0,1.1459014695579035,1.1459014695579013
779,2025-02-11,-0.0004287961866744,0.000172619047619,1.0455033748802762,-0.0004287961866744,0.0,,1.1459014695579035,0.9995712038133256,1.1454101113774526,0.0,1.1454101113774526,1.1454101113774502
780,2025-02-12,-0.0020717367194216,0.000172619047619,1.0455033748802762,-0.0024996445532909,0.0,,1.1454101113774526,0.9979282632805784,1.143037123190915,0.0,1.143037123190915,1.1430371231909129
781,2025-02-13,0.0095317604965588,0.0001722222222222,1.052830565654293,0.0,0.0,,1.143037123190915,1.0095317604965588,1.1539322792878466,0.0,1.1539322792878466,1.153932279287844
782,2025-02-14,-0.0018555179488489,0.0001722222222222,1.052830565654293,-0.001855517948849,0.0,,1.1539322792878466,0.9981444820511511,1.1517911372318719,0.0,1.1517911372318719,1.1517911372318692
783,2025-02-18,0.0034502481946383,0.0001722222222222,1.054502806182433,0.0,0.0,,1.1517911372318719,1.0034502481946384,1.1557651025237066,0.0,1.1557651025237066,1.155765102523704
784,2025-02-19,0.000190561189567,0.0001722222222222,1.0547037534915809,0.0,0.0,,1.1557651025237066,1.000190561189567,1.1559853464965035,0.0,1.1559853464965035,1.1559853464965009
785,2025-02-20,-6.660206240209803e-05,0.0001718253968253,1.0547037534915809,-6.660206240205468e-05,0.0,,1.1559853464965035,0.999933397937598,1.1559083554883203,0.0,1.1559083554883203,1.1559083554883176
786,2025-02-21,-0.0055990164267997,0.0001714285714285,1.0547037534915809,-0.0056652455831603,0.0,,1.1559083554883203,0.9944009835732003,1.1494364056180661,0.0,1.1494364056180661,1.1494364056180637
787,2025-02-24,0.0004746357584583,0.0001710317460317,1.0547037534915809,-0.0051932987528361,0.0,,1.1494364056180661,1.0004746357584584,1.1499819692382465,0.0,1.1499819692382465,1.1499819692382438
788,2025-02-25,0.0008554268243176,0.0001706349206349,1.0547037534915809,-0.0043423144155783,0.0,,1.1499819692382465,1.0008554268243175,1.1509656946622144,0.0,1.1509656946622144,1.150965694662212
789,2025-02-26,0.0002152701273408,0.0001710317460317,1.0547037534915809,-0.0041279790588145,0.0,,1.1509656946622144,1.0002152701273408,1.1512134631938693,0.0,1.1512134631938693,1.1512134631938669
790,2025-02-27,-0.0095302398141201,0.0001714285714285,1.0547037534915809,-0.0136188782425565,0.0,,1.1512134631938693,0.9904697601858798,1.140242122812388,0.0,1.140242122812388,1.1402421228123856
791,2025-02-28,0.0067024109426698,0.0001714285714285,1.0547037534915809,-0.0070077466184464,0.0,,1.140242122812388,1.0067024109426699,1.1478844940936188,0.0,1.1478844940936188,1.1478844940936164
792,2025-03-03,-0.0003571016336064,0.000172619047619,1.0547037534915809,-0.0073623457742875,0.0,,1.1478844940936188,0.9996428983663936,1.1474745826655866,0.0,1.1474745826655866,1.147474582665584
793,2025-03-04,-0.004073079087525,0.0001722222222222,1.0547037534915809,-0.0114054374452041,0.0,,1.1474745826655866,0.995926920912475,1.1428008279394648,0.0,1.1428008279394648,1.1428008279394624
794,2025-03-05,0.0063358917599945,0.000172619047619,1.0547037534915809,-0.0051418093023378,0.0,,1.1428008279394648,1.0063358917599945,1.1500414902885214,0.0,1.1500414902885214,1.150041490288519
795,2025-03-06,-0.0094076202024148,0.0001722222222222,1.0547037534915809,-0.0145010573156829,0.0,,1.1500414902885214,0.9905923797975852,1.1392223367308678,0.0,1.1392223367308678,1.1392223367308654
796,2025-03-07,0.0036888002628745,0.0001722222222222,1.0547037534915809,-0.0108657485568465,0.0,,1.1392223367308678,1.0036888002628745,1.1434247003860731,0.0,1.1434247003860731,1.1434247003860707
797,2025-03-10,-0.012260700928196,0.0001718253968253,1.0547037534915809,-0.022993227791626,0.0,,1.1434247003860731,0.987739299071804,1.1294055121007274,0.0,1.1294055121007274,1.129405512100725
798,2025-03-11,-0.003882758896327,0.0001722222222222,1.0547037534915809,-0.0267867095281899,0.0,,1.1294055121007274,0.996117241103673,1.1250203028010575,0.0,1.1250203028010575,1.125020302801055
799,2025-03-12,0.0015443124779486,0.000172619047619,1.0547037534915809,-0.0252837641000087,0.0,,1.1250203028010575,1.0015443124779486,1.1267576856926187,0.0,1.1267576856926187,1.1267576856926165
800,2025-03-13,-0.0014309469049079,0.0001722222222222,1.0547037534915809,-0.0266785312809334,0.0,,1.1267576856926187,0.9985690530950921,1.1251453552696957,0.0,1.1251453552696957,1.125145355269693
801,2025-03-14,0.0096393217949838,0.0001718253968253,1.0547037534915809,-0.0172963724339839,0.0,,1.1251453552696957,1.0096393217949837,1.1359909934152717,0.0,1.1359909934152717,1.1359909934152692
802,2025-03-17,0.007086980380585,0.0001722222222222,1.0547037534915809,-0.0103319711054938,0.0,,1.1359909934152717,1.007086980380585,1.144041739298127,0.0,1.144041739298127,1.1440417392981246
803,2025-03-18,-0.0017171312935185,0.0001722222222222,1.0547037534915809,-0.0120313610481034,0.0,,1.144041739298127,0.9982828687064815,1.142077269426487,0.0,1.142077269426487,1.1420772694264842
804,2025-03-19,0.006122148804617,0.0001718253968253,1.0547037534915809,-0.005982870026145,0.0,,1.142077269426487,1.006122148804617,1.1490692364162867,0.0,1.1490692364162867,1.1490692364162838
805,2025-03-20,-0.0028160769284093,0.0001718253968253,1.0547037534915809,-0.0087820987323079,0.0,,1.1490692364162867,0.9971839230715906,1.1458333690504698,0.0,1.1458333690504698,1.145833369050467
806,2025-03-21,-0.0024238950664285,0.0001718253968253,1.0547037534915809,-0.0111847069129464,0.0,,1.1458333690504698,0.9975761049335715,1.1430559892002792,0.0,1.1430559892002792,1.1430559892002763
807,2025-03-24,0.0040533763508581,0.0001718253968253,1.0547037534915809,-0.0071766663885804,0.0,,1.1430559892002792,1.0040533763508581,1.1476892253146103,0.0,1.1476892253146103,1.1476892253146074
808,2025-03-25,0.00222788472257,0.0001718253968253,1.0547037534915809,-0.0049647704514165,0.0,,1.1476892253146103,1.00222788472257,1.1502461446059469,0.0,1.1502461446059469,1.150246144605944
809,2025-03-26,-0.0060172850872373,0.0001718253968253,1.0547037534915809,-0.010952181099455,0.0,,1.1502461446059469,0.9939827149127627,1.1433247856333573,0.0,1.1433247856333573,1.1433247856333544
810,2025-03-27,0.0015855366084008,0.0001718253968253,1.0547037534915809,-0.0093840095751291,0.0,,1.1433247856333573,1.0015855366084008,1.1451375689362708,0.0,1.1451375689362708,1.145137568936268
811,2025-03-28,-0.004936274819618,0.0001718253968253,1.0547037534915809,-0.0142739623445745,0.0,,1.1451375689362708,0.995063725180382,1.139484855189732,0.0,1.139484855189732,1.1394848551897292
812,2025-03-31,0.0042403284061104,0.0001714285714285,1.0547037534915809,-0.0100941602264614,1.0,,1.139484855189732,1.0042403284061103,1.1443166451895257,0.0,1.1443166451895257,1.144316645189523
813,2025-04-01,0.0031109099489259,0.0001714285714285,1.003110909948926,0.0,0.0,0.29707565092852256,1.1443166451895257,1.003110909948926,1.1478765112257674,0.0,1.1478765112257674,1.1478765112257647
814,2025-04-02,0.0039937678204022,0.0001714285714285,1.0071171020213745,0.0,0.0,,1.1478765112257674,1.0039937678204023,1.1524608634980964,0.0,1.1524608634980964,1.1524608634980935
815,2025-04-03,-0.0220492802373724,0.0001710317460317,1.0071171020213745,-0.0220492802373725,0.0,,1.1524608634980964,0.9779507197626276,1.1270499309562227,0.0,1.1270499309562227,1.12704993095622
816,2025-04-04,-0.0373636277678854,0.0001698412698412,1.0071171020213745,-0.0585890669059189,0.0,,1.1270499309562227,0.9626363722321146,1.0849392568601535,0.0,1.0849392568601535,1.0849392568601506
817,2025-04-07,-0.0130588134412026,0.000170238095238,1.0071171020213745,-0.070882776652703,0.0,,1.0849392568601535,0.9869411865587974,1.0707712375097798,0.0,1.0707712375097798,1.0707712375097769
818,2025-04-08,-0.0092158441215193,0.0001710317460317,1.0071171020213745,-0.0794453761536905,0.0,,1.0707712375097798,0.9907841558784807,1.0609031766950834,0.0,1.0609031766950834,1.0609031766950805
819,2025-04-09,0.0588622255478657,0.000172619047619,1.0071171020213745,-0.0252594822557183,0.0,,1.0609031766950834,1.0588622255478657,1.1233502987661566,0.0,1.1233502987661566,1.1233502987661534
820,2025-04-10,-0.0169434641831399,0.0001722222222222,1.0071171020213745,-0.0417749633059739,0.0,,1.1233502987661566,0.9830565358168601,1.1043168532138927,0.0,1.1043168532138927,1.1043168532138896
821,2025-04-11,0.013924217475784,0.0001722222222222,1.0071171020213745,-0.0284324295043051,0.0,,1.1043168532138927,1.013924217475784,1.1196936012402166,0.0,1.1196936012402166,1.1196936012402134
822,2025-04-14,0.0060702830138884,0.0001718253968253,1.0071171020213745,-0.0225347393842804,0.0,,1.1196936012402166,1.0060702830138883,1.1264904582885844,0.0,1.1264904582885844,1.1264904582885813
823,2025-04-15,0.002084350310962,0.0001718253968253,1.0071171020213745,-0.0204973593643613,0.0,,1.1264904582885844,1.002084350310962,1.128838459025614,0.0,1.128838459025614,1.1288384590256109
824,2025-04-16,-0.0043262110307145,0.0001718253968253,1.0071171020213745,-0.0247348944928933,0.0,,1.128838459025614,0.9956737889692855,1.1239548656322826,0.0,1.1239548656322826,1.1239548656322795
825,2025-04-17,0.0007252367162055,0.0001722222222222,1.0071171020213745,-0.0240275964303454,0.0,,1.1239548656322826,1.0007252367162054,1.124769998968197,0.0,1.124769998968197,1.124769998968194
826,2025-04-21,-0.0078992525831798,0.0001722222222222,1.0071171020213745,-0.0317370489603553,0.0,,1.124769998968197,0.9921007474168202,1.1158851566483643,0.0,1.1158851566483643,1.1158851566483612
827,2025-04-22,0.0116291239158665,0.0001718253968253,1.0071171020213745,-0.0204769991195726,0.0,,1.1158851566483643,1.0116291239158666,1.1288619234109043,0.0,1.1288619234109043,1.1288619234109012
828,2025-04-23,0.0063072854734023,0.0001718253968253,1.0071171020213745,-0.0142988679252561,0.0,,1.1288619234109043,1.0063072854734023,1.135981977821911,0.0,1.135981977821911,1.1359819778219078
829,2025-04-24,0.0145180701253403,0.0001714285714285,1.0071287948854184,0.0,0.0,,1.135981977821911,1.0145180701253402,1.152474243837052,0.0,1.152474243837052,1.1524742438370492
830,2025-04-25,0.0024726118089062,0.0001714285714285,1.0096190334367416,0.0,0.0,,1.152474243837052,1.0024726118089062,1.1553238652618238,0.0,1.1553238652618238,1.155323865261821
831,2025-04-28,0.0041025937848001,0.0001714285714285,1.0137610902083354,0.0,0.0,,1.1553238652618238,1.0041025937848,1.1600636897708783,0.0,1.1600636897708783,1.1600636897708756
832,2025-04-29,0.0024470306270553,0.0001710317460317,1.0162417946445923,0.0,0.0,,1.1600636897708783,1.0024470306270552,1.1629024011490823,0.0,1.1629024011490823,1.1629024011490798
833,2025-04-30,-0.0009330471014002,0.0001710317460317,1.0162417946445923,-0.0009330471014001,0.0,,1.1629024011490823,0.9990669528985998,1.1618173584344789,0.0,1.1618173584344789,1.1618173584344764
834,2025-05-01,-0.0013581130914638,0.0001710317460317,1.0162417946445923,-0.0022898930093805,0.0,,1.1618173584344789,0.9986418869085362,1.1602394790700992,0.0,1.1602394790700992,1.1602394790700967
835,2025-05-02,0.0103683253975038,0.0001718253968253,1.0244273072982988,0.0,0.0,,1.1602394790700992,1.0103683253975038,1.1722692195281281,0.0,1.1722692195281281,1.1722692195281257
836,2025-05-05,0.0037071906001027,0.0001718253968253,1.0282250545824037,0.0,0.0,,1.1722692195281281,1.0037071906001027,1.1766150449595525,0.0,1.1766150449595525,1.17661504495955
837,2025-05-06,0.0009690395211535,0.0001718253968253,1.0292214452969342,0.0,0.0,,1.1766150449595525,1.0009690395211535,1.177755231439302,0.0,1.177755231439302,1.1777552314392996
838,2025-05-07,-0.0012283822205723,0.0001722222222222,1.0292214452969342,-0.0012283822205723,0.0,,1.177755231439302,0.9987716177794277,1.176308497852816,0.0,1.176308497852816,1.1763084978528136
839,2025-05-08,-0.0018915954259025,0.0001722222222222,1.0292214452969342,-0.0031176540442851,0.0,,1.176308497852816,0.9981084045740976,1.1740833980788274,0.0,1.1740833980788274,1.1740833980788248
840,2025-05-09,0.0015279452336492,0.0001722222222222,1.0292214452969342,-0.0015944724152731,0.0,,1.1740833980788274,1.0015279452336492,1.1758773332108285,0.0,1.1758773332108285,1.175877333210826
841,2025-05-12,0.0100272470100043,0.0001753968253968,1.0378841823870295,0.0,0.0,,1.1758773332108285,1.0100272470100042,1.1876681456843985,0.0,1.1876681456843985,1.187668145684396
842,2025-05-13,0.0050949337568495,0.000175,1.0431721335435733,0.0,0.0,,1.1876681456843985,1.0050949337568496,1.1937192362117808,0.0,1.1937192362117808,1.1937192362117783
843,2025-05-14,-0.0024025860307253,0.000175,1.0431721335435733,-0.0024025860307252,0.0,,1.1937192362117808,0.9975974139692747,1.1908512230502504,0.0,1.1908512230502504,1.190851223050248
844,2025-05-15,0.0062049276159121,0.0001738095238095,1.0471230788503838,0.0,0.0,,1.1908512230502504,1.0062049276159122,1.1982403686905976,0.0,1.1982403686905976,1.1982403686905951
845,2025-05-16,0.0012418665418229,0.0001734126984126,1.0484234659671787,0.0,0.0,,1.1982403686905976,1.0012418665418228,1.199728423313536,0.0,1.199728423313536,1.1997284233135337
846,2025-05-19,0.0030044420453718,0.0001742063492063,1.051573393509685,0.0,0.0,,1.199728423313536,1.0030044420453719,1.2033329378315667,0.0,1.2033329378315667,1.2033329378315645
847,2025-05-20,0.000691297665154,0.0001738095238095,1.0523003437413565,0.0,0.0,,1.2033329378315667,1.000691297665154,1.2041647990818927,0.0,1.2041647990818927,1.2041647990818904
848,2025-05-21,-0.0085529525396659,0.0001730158730158,1.0523003437413565,-0.0085529525396659,0.0,,1.2041647990818927,0.9914470474603341,1.1938656347054089,0.0,1.1938656347054089,1.1938656347054066
849,2025-05-22,-0.0006135349887627,0.0001734126984126,1.0523003437413565,-0.0091612399927882,0.0,,1.1938656347054089,0.9993864650112373,1.1931331563666356,0.0,1.1931331563666356,1.1931331563666334
850,2025-05-23,0.002320331437771,0.0001730158730158,1.0523003437413565,-0.0068621656681814,0.0,,1.1931331563666356,1.002320331437771,1.1959016207388002,0.0,1.1959016207388002,1.195901620738798
851,2025-05-27,0.0071552625469525,0.000172619047619,1.0525571011125394,0.0,0.0,,1.1959016207388002,1.0071552625469524,1.2044586108155122,0.0,1.2044586108155122,1.2044586108155102
852,2025-05-28,-0.0034266213812625,0.000172619047619,1.0525571011125394,-0.0034266213812624,0.0,,1.2044586108155122,0.9965733786187375,1.200331387186846,0.0,1.200331387186846,1.200331387186844
853,2025-05-29,0.0036645352547209,0.0001730158730158,1.052794302116448,0.0,0.0,,1.200331387186846,1.0036645352547209,1.2047300438725401,0.0,1.2047300438725401,1.204730043872538
854,2025-05-30,-0.0011705988687899,0.0001730158730158,1.052794302116448,-0.0011705988687901,0.0,,1.2047300438725401,0.9988294011312101,1.2033197882459856,0.0,1.2033197882459856,1.2033197882459836
855,2025-06-02,0.0068508267185624,0.0001761904761904,1.0587659706738026,0.0,0.0,,1.2033197882459856,1.0068508267185623,1.211563523602276,0.0,1.211563523602276,1.2115635236022742
856,2025-06-03,0.0007594230593618,0.0001757936507936,1.0595700219664,0.0,0.0,,1.211563523602276,1.0007594230593617,1.212483612879981,0.0,1.212483612879981,1.2124836128799796
857,2025-06-04,0.0043259342791409,0.0001761904761904,1.0641536522455746,0.0,0.0,,1.212483612879981,1.0043259342791409,1.217728737303835,0.0,1.217728737303835,1.217728737303834
858,2025-06-05,-0.0035000254261261,0.0001761904761904,1.0641536522455746,-0.0035000254261261,0.0,,1.217728737303835,0.9964999745738738,1.213466655761147,0.0,1.213466655761147,1.213466655761146
859,2025-06-06,3.017443318687454e-05,0.0001757936507936,1.0641536522455746,-0.0034699566042225,0.0,,1.213466655761147,1.000030174433187,1.213503271429676,0.0,1.213503271429676,1.213503271429675
860,2025-06-09,0.0016672378849644,0.0001761904761904,1.0641536522455746,-0.0018085039623677,0.0,,1.213503271429676,1.0016672378849645,1.215526470057332,0.0,1.215526470057332,1.215526470057331
861,2025-06-10,0.0027949798715887,0.0001765873015873,1.0651980351755217,0.0,0.0,,1.215526470057332,1.0027949798715887,1.2189238420745256,0.0,1.2189238420745256,1.2189238420745243
862,2025-06-11,0.0023803653911118,0.0001765873015873,1.0677335957131338,0.0,0.0,,1.2189238420745256,1.0023803653911119,1.2218253262026009,0.0,1.2218253262026009,1.2218253262025998
863,2025-06-12,0.0045594412731602,0.0001769841269841,1.072601864338168,0.0,0.0,,1.2218253262026009,1.0045594412731602,1.2273961670234814,0.0,1.2273961670234814,1.2273961670234803
864,2025-06-13,-0.0058914935567489,0.0001765873015873,1.072601864338168,-0.005891493556749,0.0,,1.2273961670234814,0.9941085064432511,1.2201649704138844,0.0,1.2201649704138844,1.2201649704138833
865,2025-06-16,0.0025368331821295,0.0001757936507936,1.072601864338168,-0.0033696061109664,0.0,,1.2201649704138844,1.0025368331821296,1.2232603253985026,0.0,1.2232603253985026,1.2232603253985015
866,2025-06-17,-0.0041589390569774,0.0001753968253968,1.072601864338168,-0.0075145311814822,0.0,,1.2232603253985026,0.9958410609430226,1.2181728602543518,0.0,1.2181728602543518,1.218172860254351
867,2025-06-18,-0.0006353048386805,0.0001753968253968,1.072601864338168,-0.0081450620021428,0.0,,1.2181728602543518,0.9993646951613195,1.217398949141883,0.0,1.217398949141883,1.2173989491418815
868,2025-06-20,-0.0011899578232784,0.0001742063492063,1.072601864338168,-0.0093253275451707,0.0,,1.217398949141883,0.9988100421767216,1.2159502957383008,0.0,1.2159502957383008,1.2159502957382993
869,2025-06-23,0.0073990293040772,0.0001738095238095,1.072601864338168,-0.0019952966128703,0.0,,1.2159502957383008,1.007399029304077,1.2249471476087697,0.0,1.2249471476087697,1.2249471476087683
870,2025-06-24,0.0072271811080054,0.0001738095238095,1.078198126085921,0.0,0.0,,1.2249471476087697,1.0072271811080054,1.2338000624922727,0.0,1.2338000624922727,1.2338000624922714
871,2025-06-25,-0.0009010688619354,0.0001738095238095,1.078198126085921,-0.0009010688619355,0.0,,1.2338000624922727,0.9990989311380646,1.2326883236741069,0.0,1.2326883236741069,1.2326883236741055
872,2025-06-26,0.0048576397019841,0.0001742063492063,1.082459374005004,0.0,0.0,,1.2326883236741069,1.0048576397019842,1.2386762794153585,0.0,1.2386762794153585,1.2386762794153572
873,2025-06-27,-0.0025295035377946,0.0001742063492063,1.082459374005004,-0.0025295035377947,0.0,,1.2386762794153585,0.9974704964622054,1.2355430433843952,0.0,1.2355430433843952,1.2355430433843937
874,2025-06-30,0.0068487535605281,0.000175,1.08711603421265,0.0,1.0,,1.2355430433843952,1.0068487535605282,1.24400497320196,0.0,1.24400497320196,1.2440049732019585
875,2025-07-01,0.0011004395838302,0.0001746031746031,1.0011004395838303,0.0,0.0,0.12628624839975888,1.24400497320196,1.00110043958383,1.245373925516953,0.0,1.245373925516953,1.2453739255169516
876,2025-07-02,0.0009024024329555,0.000175,1.0020038350561438,0.0,0.0,,1.245373925516953,1.0009024024329556,1.2464977539772788,0.0,1.2464977539772788,1.2464977539772777
877,2025-07-03,0.0024440654521632,0.0001753968253968,1.0044527980123397,0.0,0.0,,1.2464977539772788,1.0024440654521631,1.2495442760739737,0.0,1.2495442760739737,1.2495442760739726
878,2025-07-07,-0.005608767649043,0.0001753968253968,1.0044527980123397,-0.005608767649043,0.0,,1.2495442760739737,0.994391232350957,1.2425358725622833,0.0,1.2425358725622833,1.242535872562282
879,2025-07-08,-0.0020866372846459,0.0001753968253968,1.0044527980123397,-0.0076837014699916,0.0,,1.2425358725622833,0.9979133627153541,1.2399431508830847,0.0,1.2399431508830847,1.2399431508830834
880,2025-07-09,0.0037608023916716,0.0001753968253968,1.0044527980123397,-0.0039517959611853,0.0,,1.2399431508830847,1.0037608023916715,1.2446063320504626,0.0,1.2446063320504626,1.2446063320504612
881,2025-07-10,0.0005637802310491,0.0001753968253968,1.0044527980123397,-0.0033902436745761,0.0,,1.2446063320504626,1.0005637802310492,1.2453080164959112,0.0,1.2453080164959112,1.2453080164959098
882,2025-07-11,-0.0026561365291066,0.000175,1.0044527980123397,-0.0060373752536162,0.0,,1.2453080164959112,0.9973438634708934,1.242000308383307,0.0,1.242000308383307,1.2420003083833058
883,2025-07-14,0.0015150480036684,0.0001753968253968,1.0044527980123397,-0.0045314741632733,0.0,,1.242000308383307,1.0015150480036683,1.2438819984710787,0.0,1.2438819984710787,1.2438819984710774
884,2025-07-15,-0.0032364213986601,0.0001753968253968,1.0044527980123397,-0.0077532298019841,0.0,,1.2438819984710787,0.9967635786013399,1.2398562721538189,0.0,1.2398562721538189,1.239856272153817
885,2025-07-16,0.0036661814394813,0.000175,1.0044527980123397,-0.0041154731096987,0.0,,1.2398562721538189,1.0036661814394814,1.2444018102064138,0.0,1.2444018102064138,1.2444018102064125
886,2025-07-17,0.0028830488708089,0.000175,1.0044527980123397,-0.0012442893489916,0.0,,1.2444018102064138,1.002883048870809,1.247989481440162,0.0,1.247989481440162,1.2479894814401604
887,2025-07-18,0.0002792532628046,0.0001746031746031,1.0044527980123397,-0.0009653835580474,0.0,,1.247989481440162,1.0002792532628046,1.2483379865748,0.0,1.2483379865748,1.2483379865747986
888,2025-07-21,0.0049544165172278,0.000175,1.0084547891199644,0.0,0.0,,1.2483379865748,1.0049544165172277,1.2545227729145692,0.0,1.2545227729145692,1.2545227729145678
889,2025-07-22,0.0028487047924882,0.000175,1.0113275791107383,0.0,0.0,,1.2545227729145692,1.002848704792488,1.2580965379500564,0.0,1.2580965379500564,1.2580965379500553
890,2025-07-23,0.00145373480399,0.000175,1.0127977812107265,0.0,0.0,,1.2580965379500564,1.00145373480399,1.2599254766740537,0.0,1.2599254766740537,1.2599254766740526
891,2025-07-24,-0.0019951500396439,0.0001753968253968,1.0127977812107265,-0.0019951500396439,0.0,,1.2599254766740537,0.9980048499603561,1.2574117363093191,0.0,1.2574117363093191,1.257411736309318
892,2025-07-25,0.0003924785999363,0.0001753968253968,1.0127977812107265,-0.0016034544934018,0.0,,1.2574117363093191,1.0003924785999363,1.2579052435071292,0.0,1.2579052435071292,1.257905243507128
893,2025-07-28,-0.0037880548745585,0.0001746031746031,1.0127977812107265,-0.0053854353943505,0.0,,1.2579052435071292,0.9962119451254415,1.2531402294177294,0.0,1.2531402294177294,1.253140229417728
894,2025-07-29,0.0023696700934955,0.0001746031746031,1.0127977812107265,-0.0030285270060492,0.0,,1.2531402294177294,1.0023696700934954,1.2561097583423366,0.0,1.2561097583423366,1.2561097583423355
895,2025-07-30,-0.0053637956529229,0.000175,1.0127977812107265,-0.0083760782589824,0.0,,1.2561097583423366,0.9946362043470771,1.249372242280946,0.0,1.249372242280946,1.2493722422809448
896,2025-07-31,-0.0017589477022405,0.000175,1.0127977812107265,-0.0101202928776155,0.0,,1.249372242280946,0.9982410522977595,1.2471746618461428,0.0,1.2471746618461428,1.2471746618461417
897,2025-08-01,0.0001598101512131,0.000172619047619,1.0127977812107265,-0.0099621000519375,0.0,,1.2471746618461428,1.000159810151213,1.2473739730174416,0.0,1.2473739730174416,1.2473739730174402
898,2025-08-04,0.0084317049044299,0.000172619047619,1.0127977812107265,-0.0016143926353738,0.0,,1.2473739730174416,1.0084317049044298,1.2578914622633908,0.0,1.2578914622633908,1.2578914622633897
899,2025-08-05,-0.001928388530182,0.0001722222222222,1.0127977812107265,-0.0035396679893148,0.0,,1.2578914622633908,0.998071611469818,1.2554657587953482,0.0,1.2554657587953482,1.255465758795347
900,2025-08-06,0.0034988780008093,0.0001714285714285,1.0127977812107265,-5.317485496325602e-05,0.0,,1.2554657587953482,1.0034988780008094,1.2598584803195667,0.0,1.2598584803195667,1.2598584803195656
901,2025-08-07,0.001462907747619,0.0001714285714285,1.0142254767710626,0.0,0.0,,1.2598584803195667,1.001462907747619,1.2617015370513296,0.0,1.2617015370513296,1.2617015370513287
902,2025-08-08,0.0014874253770664,0.0001714285714285,1.0157340614832793,0.0,0.0,,1.2617015370513296,1.0014874253770665,1.2635782239358235,0.0,1.2635782239358235,1.2635782239358226
903,2025-08-11,-0.0030013413878104,0.0001722222222222,1.0157340614832793,-0.0030013413878103,0.0,,1.2635782239358235,0.9969986586121896,1.259785794315589,0.0,1.259785794315589,1.259785794315588
904,2025-08-12,0.0047989170108109,0.0001718253968253,1.0175452904627624,0.0,0.0,,1.259785794315589,1.004798917010811,1.265831401793908,0.0,1.265831401793908,1.265831401793907
905,2025-08-13,0.0050110436274816,0.000170238095238,1.02264425430621,0.0,0.0,,1.265831401793908,1.0050110436274815,1.2721745381733334,0.0,1.2721745381733334,1.2721745381733325
906,2025-08-14,-0.0043307693299118,0.0001706349206349,1.02264425430621,-0.0043307693299117,0.0,,1.2721745381733334,0.9956692306700882,1.2666650437011175,0.0,1.2666650437011175,1.2666650437011169
907,2025-08-15,-0.0005102253112922,0.0001706349206349,1.02264425430621,-0.0048387849730745,0.0,,1.2666650437011175,0.9994897746887078,1.2660187591348921,0.0,1.2660187591348921,1.2660187591348913
908,2025-08-18,5.985702309900392e-05,0.0001718253968253,1.02264425430621,-0.0047792175852393,0.0,,1.2660187591348921,1.000059857023099,1.2660945392490015,0.0,1.2660945392490015,1.2660945392490006
909,2025-08-19,-0.0025628027023725,0.0001706349206349,1.02264425430621,-0.0073297720958692,0.0,,1.2660945392490015,0.9974371972976275,1.262849788742355,0.0,1.262849788742355,1.2628497887423542
910,2025-08-20,0.0016914658422269,0.0001706349206349,1.02264425430621,-0.0056507043127738,0.0,,1.262849788742355,1.001691465842227,1.2649858560238763,0.0,1.2649858560238763,1.2649858560238754
911,2025-08-21,-0.003277934643075,0.0001714285714285,1.02264425430621,-0.0089101163164242,0.0,,1.2649858560238763,0.996722065356925,1.2608393150634156,0.0,1.2608393150634156,1.2608393150634147
912,2025-08-22,0.010461658173729,0.0001694444444444,1.0241356043058,0.0,0.0,,1.2608393150634156,1.010461658173729,1.2740297849896076,0.0,1.2740297849896076,1.274029784989607
913,2025-08-25,-0.0041796160441886,0.000170238095238,1.0241356043058,-0.0041796160441885,0.0,,1.2740297849896076,0.9958203839558114,1.268704829659491,0.0,1.268704829659491,1.2687048296594905
914,2025-08-26,0.0022850474685464,0.0001698412698412,1.0241356043058,-0.0019041191967033,0.0,,1.268704829659491,1.0022850474685463,1.2716038804188368,0.0,1.2716038804188368,1.2716038804188363
915,2025-08-27,0.0005736101483199,0.0001690476190476,1.0241356043058,-0.001331601270478,0.0,,1.2716038804188368,1.0005736101483198,1.272333285309288,0.0,1.272333285309288,1.272333285309288
916,2025-08-28,0.0032095622729087,0.0001690476190476,1.0260545140225603,0.0,0.0,,1.272333285309288,1.0032095622729087,1.2764169182203826,0.0,1.2764169182203826,1.2764169182203826
917,2025-08-29,-0.0016434652893075,0.0001678571428571,1.0260545140225603,-0.0016434652893074,0.0,,1.2764169182203826,0.9983565347106925,1.2743191713206026,0.0,1.2743191713206026,1.2743191713206026
918,2025-09-02,0.0003593926021024,0.0001666666666666,1.0260545140225603,-0.0012846633364719,0.0,,1.2743191713206026,1.0003593926021024,1.2747771522034925,0.0,1.2747771522034925,1.2747771522034923
919,2025-09-03,0.004494422839078,0.000165873015873,1.0293419779948156,0.0,0.0,,1.2747771522034925,1.004494422839078,1.2805065397510906,0.0,1.2805065397510906,1.2805065397510906
920,2025-09-04,0.0029005544093842,0.0001650793650793,1.032327640407853,0.0,0.0,,1.2805065397510906,1.0029005544093843,1.2842207186412111,0.0,1.2842207186412111,1.2842207186412111
921,2025-09-05,0.0046494585161613,0.0001615079365079,1.037127404947016,0.0,0.0,,1.2842207186412111,1.0046494585161614,1.2901916495981285,0.0,1.2901916495981285,1.2901916495981285
922,2025-09-08,0.0052979094354913,0.0001626984126984,1.0426220120114913,0.0,0.0,,1.2901916495981285,1.0052979094354912,1.2970269681121265,0.0,1.2970269681121265,1.2970269681121265
923,2025-09-09,0.0010740213645345,0.0001626984126984,1.0437418103275258,0.0,0.0,,1.2970269681121265,1.0010740213645346,1.2984200027862565,0.0,1.2984200027862565,1.2984200027862565
924,2025-09-10,0.0031557868695797,0.0001623015873015,1.047035637027789,0.0,0.0,,1.2984200027862565,1.0031557868695797,1.302517539582249,0.0,1.302517539582249,1.302517539582249
925,2025-09-11,0.0062703447466744,0.0001619047619047,1.0536009114340068,0.0,0.0,,1.302517539582249,1.0062703447466743,1.3106847735940197,0.0,1.3106847735940197,1.31068477359402
926,2025-09-12,-0.001324733575432,0.0001619047619047,1.0536009114340068,-0.0013247335754318,0.0,,1.3106847735940197,0.998675266424568,1.3089484654676322,0.0,1.3089484654676322,1.3089484654676329
927,2025-09-15,0.0043550246119427,0.0001611111111111,1.0567875503477449,0.0,0.0,,1.3089484654676322,1.0043550246119426,1.3146489682505083,0.0,1.3146489682505083,1.314648968250509
928,2025-09-16,0.0003458296516695,0.0001603174603174,1.0571530188181704,0.0,0.0,,1.3146489682505083,1.0003458296516694,1.3151036128452658,0.0,1.3151036128452658,1.315103612845267
929,2025-09-17,-0.000642232598982,0.0001595238095238,1.0571530188181704,-0.0006422325989819,0.0,,1.3151036128452658,0.999357767401018,1.3142590104340575,0.0,1.3142590104340575,1.3142590104340586
930,2025-09-18,-2.4236961507938565e-05,0.0001599206349206,1.0571530188181704,-0.000666453994723,0.0,,1.3142590104340575,0.9999757630384921,1.3142271567890103,0.0,1.3142271567890103,1.3142271567890114
931,2025-09-19,0.0028712909276365,0.0001599206349206,1.05948184588743,0.0,0.0,,1.3142271567890103,1.0028712909276365,1.318000685301152,0.0,1.318000685301152,1.3180006853011532
932,2025-09-22,0.0041534476075604,0.0001587301587301,1.0638823482254849,0.0,0.0,,1.318000685301152,1.0041534476075604,1.3234749320942791,0.0,1.3234749320942791,1.3234749320942802
933,2025-09-23,0.0002290777036725,0.0001587301587301,1.064126059950794,0.0,0.0,,1.3234749320942791,1.0002290777036724,1.3237781106925912,0.0,1.3237781106925912,1.3237781106925923
934,2025-09-24,-0.0036945564107451,0.0001595238095238,1.064126059950794,-0.003694556410745,0.0,,1.3237781106925912,0.9963054435892549,1.3188873377873278,0.0,1.3188873377873278,1.318887337787329
935,2025-09-25,-0.0028194042329954,0.0001603174603174,1.064126059950794,-0.006503544195757,0.0,,1.3188873377873278,0.9971805957670046,1.3151688612443262,0.0,1.3151688612443262,1.315168861244327
936,2025-09-26,0.0036555105746818,0.0001595238095238,1.064126059950794,-0.0028718073956556,0.0,,1.3151688612443262,1.0036555105746818,1.3199764749240972,0.0,1.3199764749240972,1.319976474924098
937,2025-09-29,0.005755426853913,0.0001603174603174,1.0671770061797698,0.0,0.0,,1.3199764749240972,1.005755426853913,1.327573502974409,0.0,1.327573502974409,1.3275735029744098
938,2025-09-30,0.0032359114164575,0.0001595238095238,1.070630296437448,0.0,1.0,,1.327573502974409,1.0032359114164575,1.3318694132288702,0.0,1.3318694132288702,1.331869413228871
939,2025-10-01,0.0028240589587159,0.0001591269841269,1.0028240589587158,0.0,0.0,0.15988212983814243,1.3318694132288702,1.0028240589587158,1.3356306909771387,0.0,1.3356306909771387,1.3356306909771396
940,2025-10-02,0.0003230299129264,0.0001595238095238,1.0031480011271618,0.0,0.0,,1.3356306909771387,1.0003230299129264,1.3360621396429468,0.0,1.3360621396429468,1.3360621396429475
941,2025-10-03,0.0019061410550206,0.0001599206349206,1.0050601427163723,0.0,0.0,,1.3360621396429468,1.0019061410550205,1.3386088625393788,0.0,1.3386088625393788,1.33860886253938
942,2025-10-06,0.0031927207118896,0.0001595238095238,1.0082690190507175,0.0,0.0,,1.3386088625393788,1.0031927207118896,1.3428826667799272,0.0,1.3428826667799272,1.3428826667799283
943,2025-10-07,-0.0004952812537142,0.0001591269841269,1.0082690190507175,-0.0004952812537141,0.0,,1.3428826667799272,0.9995047187462858,1.3422175621691332,0.0,1.3422175621691332,1.3422175621691343
944,2025-10-08,0.0049096796445479,0.0001591269841269,1.0127174684061082,0.0,0.0,,1.3422175621691332,1.0049096796445478,1.3488074204126697,0.0,1.3488074204126697,1.3488074204126708
945,2025-10-09,-0.0057714958892185,0.0001599206349206,1.0127174684061082,-0.0057714958892184,0.0,,1.3488074204126697,0.9942285041107815,1.3410227839304105,0.0,1.3410227839304105,1.3410227839304116
946,2025-10-10,-0.0090494803864261,0.0001595238095238,1.0127174684061082,-0.0147687472367948,0.0,,1.3410227839304105,0.9909505196135739,1.3288872245494818,0.0,1.3288872245494818,1.3288872245494827
947,2025-10-13,0.0109368864708987,0.0001595238095238,1.0127174684061082,-0.0039933848777422,0.0,,1.3288872245494818,1.0109368864708987,1.3434211132570073,0.0,1.3434211132570073,1.3434211132570082
948,2025-10-14,0.0022257815723946,0.0001595238095238,1.0127174684061082,-0.0017764917078197,0.0,,1.3434211132570073,1.0022257815723945,1.3464112752148605,0.0,1.3464112752148605,1.3464112752148616
949,2025-10-15,0.0039835593410619,0.0001599206349206,1.0149454375936358,0.0,0.0,,1.3464112752148605,1.003983559341062,1.3517747844271537,0.0,1.3517747844271537,1.3517747844271548
950,2025-10-16,0.0022420391463462,0.0001595238095238,1.0172209849961262,0.0,0.0,,1.3517747844271537,1.0022420391463462,1.3548055164108832,0.0,1.3548055164108832,1.3548055164108843
951,2025-10-17,-0.0008468416447088,0.0001587301587301,1.0172209849961262,-0.0008468416447089,0.0,,1.3548055164108832,0.9991531583552912,1.3536582106791053,0.0,1.3536582106791053,1.3536582106791064
952,2025-10-20,0.0108477287317195,0.0001575396825396,1.0273847527038895,0.0,0.0,,1.3536582106791053,1.0108477287317195,1.368342327744017,0.0,1.368342327744017,1.368342327744018
953,2025-10-21,-0.0106380299471859,0.0001571428571428,1.0273847527038895,-0.0106380299471858,0.0,,1.368342327744017,0.9893619700528141,1.353785861083474,0.0,1.353785861083474,1.3537858610834752
954,2025-10-22,-0.0020483144934677,0.0001571428571428,1.0273847527038895,-0.0126645544097308,0.0,,1.353785861083474,0.9979516855065323,1.3510128818831653,0.0,1.3510128818831653,1.3510128818831662
955,2025-10-23,0.0023595004970747,0.000156746031746,1.0273847527038895,-0.010334935935081,0.0,,1.3510128818831653,1.0023595004970747,1.3542005974495228,0.0,1.3542005974495228,1.3542005974495237
956,2025-10-24,0.0026968676425223,0.0001559523809523,1.0273847527038895,-0.0076659402468696,0.0,,1.3542005974495228,1.0026968676425223,1.3578526972222689,0.0,1.3578526972222689,1.3578526972222698
957,2025-10-27,0.0011606461440203,0.000154365079365,1.0273847527038895,-0.0065141915468371,0.0,,1.3578526972222689,1.0011606461440203,1.3594286837194476,0.0,1.3594286837194476,1.3594286837194485
958,2025-10-28,-0.0012618119584724,0.000154365079365,1.0273847527038895,-0.0077677838205162,0.0,,1.3594286837194476,0.9987381880415276,1.35771334034964,0.0,1.35771334034964,1.3577133403496406
959,2025-10-29,-0.0042309012177867,0.0001559523809523,1.0273847527038895,-0.0119658203122772,0.0,,1.35771334034964,0.9957690987822133,1.3519689893245495,0.0,1.3519689893245495,1.35196898932455
960,2025-10-30,-0.0020804258121166,0.0001555555555555,1.0273847527038895,-0.014021352122953,0.0,,1.3519689893245495,0.9979195741878834,1.3491563181419775,0.0,1.3491563181419775,1.349156318141978
961,2025-10-31,-0.001037183776093,0.000154365079365,1.0273847527038895,-0.0150439931801051,0.0,,1.3491563181419775,0.998962816223907,1.3477569950973873,0.0,1.3477569950973873,1.3477569950973876
962,2025-11-03,-0.0004517485687785,0.0001579365079365,1.0273847527038895,-0.0154889456464959,0.0,,1.3477569950973873,0.9995482514312215,1.3471481478037908,0.0,1.3471481478037908,1.347148147803791
963,2025-11-04,-0.0077543580759819,0.0001571428571428,1.0273847527038895,-0.0231231968917156,0.0,,1.3471481478037908,0.9922456419240181,1.3367018786843243,0.0,1.3367018786843243,1.3367018786843246
964,2025-11-05,0.003156276210776,0.0001571428571428,1.0273847527038895,-0.0200399038772061,0.0,,1.3367018786843243,1.003156276210776,1.3409208790249152,0.0,1.3409208790249152,1.3409208790249154
965,2025-11-06,-0.0034945043814297,0.0001559523809523,1.0273847527038895,-0.0234643787267335,0.0,,1.3409208790249152,0.9965054956185703,1.336235025138012,0.0,1.336235025138012,1.3362350251380122
966,2025-11-07,0.0022931626326946,0.0001555555555555,1.0273847527038895,-0.0212250237305343,0.0,,1.336235025138012,1.0022931626326945,1.339299229366156,0.0,1.339299229366156,1.3392992293661563
967,2025-11-10,0.0109554240373866,0.000156746031746,1.0273847527038895,-0.0105021288283193,0.0,,1.339299229366156,1.0109554240373866,1.3539718203368074,0.0,1.3539718203368074,1.353971820336808
968,2025-11-11,0.0039882654534388,0.000156746031746,1.0273847527038895,-0.0065557486524738,0.0,,1.3539718203368074,1.0039882654534389,1.3593718193727864,0.0,1.3593718193727864,1.3593718193727868
969,2025-11-12,0.0033916159870534,0.000156746031746,1.0273847527038895,-0.0031863672473571,0.0,,1.3593718193727864,1.0033916159870535,1.3639822865677211,0.0,1.3639822865677211,1.3639822865677216
970,2025-11-13,-0.0096151106551717,0.0001571428571428,1.0273847527038895,-0.0127708406288574,0.0,,1.3639822865677211,0.9903848893448283,1.3508674459506784,0.0,1.3508674459506784,1.3508674459506789
971,2025-11-14,-0.0034507314503286,0.000156746031746,1.0273847527038895,-0.016177503337781,0.0,,1.3508674459506784,0.9965492685496714,1.3462059651697114,0.0,1.3462059651697114,1.3462059651697116
972,2025-11-17,-0.0067540208079818,0.0001575396825396,1.0273847527038895,-0.0228222609515984,0.0,,1.3462059651697114,0.9932459791920182,1.337113662069126,0.0,1.337113662069126,1.337113662069126
973,2025-11-18,-0.0028551076933362,0.0001563492063492,1.0273847527038895,-0.0256122086321124,0.0,,1.337113662069126,0.9971448923066638,1.3332960585656874,0.0,1.3332960585656874,1.3332960585656874
974,2025-11-19,0.0002017935705332,0.000156746031746,1.0273847527038895,-0.0254155834406084,0.0,,1.3332960585656874,1.0002017935705332,1.3335651091379233,0.0,1.3335651091379233,1.3335651091379233
975,2025-11-20,-0.0072769406320692,0.0001563492063492,1.0273847527038895,-0.0325075763808508,0.0,,1.3335651091379233,0.9927230593679308,1.3238608350097276,0.0,1.3238608350097276,1.3238608350097276
976,2025-11-21,0.0061503625561319,0.0001547619047619,1.0273847527038895,-0.0265571472052825,0.0,,1.3238608350097276,1.0061503625561319,1.332003059118901,0.0,1.332003059118901,1.332003059118901
977,2025-11-24,0.0080669312518099,0.0001551587301587,1.0273847527038895,-0.0187044506342216,0.0,,1.332003059118901,1.0080669312518098,1.3427482362240135,0.0,1.3427482362240135,1.3427482362240135
978,2025-11-25,0.0060314164365385,0.0001547619047619,1.0273847527038895,-0.0127858485286749,0.0,,1.3427482362240135,1.0060314164365385,1.350846910006108,0.0,1.350846910006108,1.3508469100061082
979,2025-11-26,0.0062753121898985,0.0001555555555555,1.0273847527038895,-0.0065907715299063,0.0,,1.350846910006108,1.0062753121898984,1.3593238960871559,0.0,1.3593238960871559,1.3593238960871563
980,2025-11-28,0.0043419635975135,0.0001539682539682,1.0273847527038895,-0.0022774248224552,0.0,,1.3593238960871559,1.0043419635975135,1.3652260309611965,0.0,1.3652260309611965,1.3652260309611972
981,2025-12-01,-0.0040164307762954,0.0001511904761904,1.0273847527038895,-0.006284708479603,0.0,,1.3652260309611965,0.9959835692237046,1.3597426951138443,0.0,1.3597426951138443,1.359742695113845
982,2025-12-02,0.0003501825705419,0.000149603174603,1.0273847527038895,-0.0059367267044317,0.0,,1.3597426951138443,1.0003501825705419,1.3602188533060948,0.0,1.3602188533060948,1.3602188533060957
983,2025-12-03,0.0025448619188021,0.000147619047619,1.0273847527038895,-0.003406972935342,0.0,,1.3602188533060948,1.0025448619188022,1.3636804224671104,0.0,1.3636804224671104,1.363680422467111
984,2025-12-04,0.0002256496328837,0.0001472222222222,1.0273847527038895,-0.0031820920846504,0.0,,1.3636804224671104,1.0002256496328836,1.3639881364538107,0.0,1.3639881364538107,1.3639881364538111
985,2025-12-05,0.0004185041025149,0.0001472222222222,1.0273847527038895,-0.0027649197007276,0.0,,1.3639881364538107,1.0004185041025149,1.3645589710846981,0.0,1.3645589710846981,1.3645589710846988
986,2025-12-08,-0.0028108569320319,0.0001480158730158,1.0273847527038895,-0.0055680048390522,0.0,,1.3645589710846981,0.9971891430679681,1.3607233910416585,0.0,1.3607233910416585,1.360723391041659
987,2025-12-09,-0.0001393974608349,0.0001480158730158,1.0273847527038895,-0.0057066261341507,0.0,,1.3607233910416585,0.9998606025391651,1.3605337096560486,0.0,1.3605337096560486,1.360533709656049
988,2025-12-10,0.0055667292622148,0.0001464285714284,1.0273847527038895,-0.0001716641146254,0.0,,1.3605337096560486,1.0055667292622148,1.3681074324698206,0.0,1.3681074324698206,1.368107432469821
989,2025-12-11,0.0035364673580863,0.000145238095238,1.030841076542672,0.0,0.0,,1.3681074324698206,1.0035364673580862,1.3729456997471052,0.0,1.3729456997471052,1.3729456997471057
990,2025-12-12,-0.0056145499422559,0.0001440476190476,1.030841076542672,-0.0056145499422559,0.0,,1.3729456997471052,0.9943854500577441,1.3652372275478697,0.0,1.3652372275478697,1.36523722754787
991,2025-12-15,0.0006909248275344,0.0001448412698412,1.030841076542672,-0.0049275043466719,0.0,,1.3652372275478697,1.0006909248275344,1.3661805038438568,0.0,1.3661805038438568,1.366180503843857
992,2025-12-16,-0.0013547653462712,0.0001444444444444,1.030841076542672,-0.0062755940808106,0.0,,1.3661805038438568,0.9986452346537288,1.3643296498404978,0.0,1.3643296498404978,1.364329649840498
993,2025-12-17,-0.0040559626628471,0.0001444444444444,1.030841076542672,-0.0103061031683788,0.0,,1.3643296498404978,0.9959440373371529,1.3587959797209295,0.0,1.3587959797209295,1.3587959797209297
994,2025-12-18,0.0048567919818664,0.0001436507936507,1.030841076542672,-0.0054993657857449,0.0,,1.3587959797209295,1.0048567919818665,1.3653953691402305,0.0,1.3653953691402305,1.3653953691402307
995,2025-12-19,0.004336827467205,0.0001436507936507,1.030841076542672,-0.0011863881191317,0.0,,1.3653953691402305,1.004336827467205,1.3713168532807125,0.0,1.3713168532807125,1.3713168532807127
996,2025-12-22,0.0063926602961451,0.0001444444444444,1.036200097678014,0.0,0.0,,1.3713168532807125,1.006392660296145,1.3800832160821146,0.0,1.3800832160821146,1.3800832160821148
997,2025-12-23,0.0042296719192065,0.0001448412698412,1.0405828841338418,0.0,0.0,,1.3800832160821146,1.0042296719192065,1.3859205153073453,0.0,1.3859205153073453,1.3859205153073455
998,2025-12-24,0.0019148976434829,0.0001464285714284,1.0425754938465184,0.0,0.0,,1.3859205153073453,1.0019148976434828,1.3885744112361618,0.0,1.3885744112361618,1.388574411236162
999,2025-12-26,0.0020308114057489,0.0001444444444444,1.0446927680507765,0.0,0.0,,1.3885744112361618,1.0020308114057488,1.391394343988231,0.0,1.391394343988231,1.3913943439882317
1000,2025-12-29,-0.0077986801137804,0.0001460317460317,1.0446927680507765,-0.0077986801137804,0.0,,1.391394343988231,0.9922013198862196,1.3805433045873434,0.0,1.3805433045873434,1.380543304587344
1001,2025-12-30,-0.0004860136956752,0.0001448412698412,1.0446927680507765,-0.0082809035441121,0.0,,1.3805433045873434,0.9995139863043248,1.3798723416338412,0.0,1.3798723416338412,1.379872341633842
1002,2025-12-31,-0.0058680667722785,0.0001456349206349,1.0446927680507765,-0.0141003774214591,1.0,,1.3798723416338412,0.9941319332277215,1.3717751585959135,0.0,1.3717751585959135,1.371775158595914
1003,2026-01-02,0.0070639586588509,0.0001448412698412,1.007063958658851,0.0,0.0,0.38249066489681294,1.3717751585959135,1.007063958658851,1.3814653216054738,0.0,1.3814653216054738,1.3814653216054744
1004,2026-01-05,0.0096601081881723,0.0001444444444444,1.0167923054519048,0.0,0.0,,1.3814653216054738,1.0096601081881722,1.3948104260703906,0.0,1.3948104260703906,1.3948104260703915
1005,2026-01-06,0.0069950930226298,0.0001440476190476,1.0239048622132352,0.0,0.0,,1.3948104260703906,1.00699509302263,1.404567254749687,0.0,1.404567254749687,1.404567254749688
1006,2026-01-07,-0.0037430324989262,0.0001436507936507,1.0239048622132352,-0.0037430324989263,0.0,,1.404567254749687,0.9962569675010738,1.3993099138682314,0.0,1.3993099138682314,1.3993099138682323
1007,2026-01-08,-0.0022959245195982,0.0001436507936507,1.0239048622132352,-0.0060303632984327,0.0,,1.3993099138682314,0.9977040754804019,1.3960972039264645,0.0,1.3960972039264645,1.3960972039264654
1008,2026-01-09,0.0073392473455126,0.0001436507936507,1.0251997186360546,0.0,0.0,,1.3960972039264645,1.0073392473455125,1.4063435066244592,0.0,1.4063435066244592,1.4063435066244605
1009,2026-01-12,0.0058172332249911,0.0001456349206349,1.0311635445015557,0.0,0.0,,1.4063435066244592,1.005817233224991,1.4145245347969455,0.0,1.4145245347969455,1.4145245347969468
1010,2026-01-13,-0.0012217876457013,0.0001456349206349,1.0311635445015557,-0.0012217876457013,0.0,,1.4145245347969455,0.9987782123542988,1.4127962861957892,0.0,1.4127962861957892,1.4127962861957906
1011,2026-01-14,-0.0009204758681317,0.0001456349206349,1.0311635445015557,-0.0021411388877893,0.0,,1.4127962861957892,0.9990795241318683,1.4114958413077598,0.0,1.4114958413077598,1.4114958413077612
1012,2026-01-15,0.0014100343083267,0.0001460317460317,1.0311635445015557,-0.0007341236587531,0.0,,1.4114958413077598,1.0014100343083268,1.4134860988700644,0.0,1.4134860988700644,1.4134860988700657
1013,2026-01-16,-0.0014701502215513,0.0001456349206349,1.0311635445015557,-0.0022031946082449,0.0,,1.4134860988700644,0.9985298497784487,1.4114080619686509,0.0,1.4114080619686509,1.411408061968652
1014,2026-01-20,-0.0052468305457272,0.0001468253968253,1.0311635445015557,-0.0074384653652034,0.0,,1.4114080619686509,0.9947531694542728,1.4040026430366281,0.0,1.4040026430366281,1.404002643036629
1015,2026-01-21,0.011501978328133,0.0001468253968253,1.0352654676026347,0.0,0.0,,1.4040026430366281,1.011501978328133,1.4201514510094768,0.0,1.4201514510094768,1.4201514510094777
1016,2026-01-22,0.0062180955165264,0.0001472222222222,1.0417028471651493,0.0,0.0,,1.4201514510094768,1.0062180955165263,1.4289820883797872,0.0,1.4289820883797872,1.428982088379788
1017,2026-01-23,0.0026152554345677,0.0001468253968253,1.0444271661974027,0.0,0.0,,1.4289820883797872,1.0026152554345678,1.4327192415523224,0.0,1.4327192415523224,1.432719241552323
1018,2026-01-26,0.0044625206739414,0.0001456349206349,1.0490879440189846,0.0,0.0,,1.4327192415523224,1.0044625206739415,1.4391127807877035,0.0,1.4391127807877035,1.4391127807877044
1019,2026-01-27,0.0103165034712237,0.0001456349206349,1.0599108634350756,0.0,0.0,,1.4391127807877035,1.0103165034712236,1.453959392786182,0.0,1.453959392786182,1.4539593927861834
1020,2026-01-28,0.0076086104590565,0.0001460317460317,1.0679753123162752,0.0,0.0,,1.453959392786182,1.0076086104590565,1.4650220034291783,0.0,1.4650220034291783,1.4650220034291797
1021,2026-01-29,-0.000548961814247,0.0001456349206349,1.0679753123162752,-0.0005489618142469,0.0,,1.4650220034291783,0.999451038185753,1.464217762292264,0.0,1.464217762292264,1.4642177622922654
1022,2026-01-30,-0.0243056163078009,0.0001456349206349,1.0679753123162752,-0.0248412352668232,0.0,,1.464217762292264,0.9756943836921991,1.4286290471709215,0.0,1.4286290471709215,1.4286290471709229
1023,2026-02-02,-0.0023035431759947,0.0001464285714284,1.0679753123162752,-0.0270875555848357,0.0,,1.4286290471709215,0.9976964568240053,1.4253381384782833,0.0,1.4253381384782833,1.4253381384782844
1024,2026-02-03,0.0065746623888314,0.0001464285714284,1.0679753123162752,-0.0206909847289132,0.0,,1.4253381384782833,1.0065746623888314,1.4347092555287035,0.0,1.4347092555287035,1.4347092555287049
1025,2026-02-04,-0.0109078583206059,0.0001464285714284,1.0679753123162752,-0.0313731487195825,0.0,,1.4347092555287035,0.9890921416793941,1.4190596502381345,0.0,1.4190596502381345,1.4190596502381354
1026,2026-02-05,-0.0081985245116493,0.0001456349206349,1.0679753123162752,-0.0393144597024468,0.0,,1.4190596502381345,0.9918014754883507,1.4074254549121648,0.0,1.4074254549121648,1.4074254549121654
1027,2026-02-06,0.0198677389464594,0.0001460317460317,1.0679753123162752,-0.0202278101781766,0.0,,1.4074254549121648,1.0198677389464594,1.4353878164369616,0.0,1.4353878164369616,1.4353878164369622
1028,2026-02-09,0.0084946015078508,0.0001464285714284,1.0679753123162752,-0.0119050358571657,0.0,,1.4353878164369616,1.0084946015078509,1.4475808639468177,0.0,1.4475808639468177,1.4475808639468184
1029,2026-02-10,-0.0028574097163209,0.0001464285714284,1.0679753123162752,-0.0147284280083552,0.0,,1.4475808639468177,0.9971425902836791,1.4434445323210159,0.0,1.4434445323210159,1.4434445323210163
1030,2026-02-11,0.0047035426983549,0.0001468253968253,1.0679753123162752,-0.0100941611000173,0.0,,1.4434445323210159,1.0047035426983548,1.4502338353114945,0.0,1.4502338353114945,1.4502338353114952
1031,2026-02-12,-0.0132609367791454,0.0001468253968253,1.0679753123162752,-0.0232212398469768,0.0,,1.4502338353114945,0.9867390632208546,1.4310023761064512,0.0,1.4310023761064512,1.431002376106452
1032,2026-02-13,0.0070344816297018,0.0001460317460317,1.0679753123162752,-0.0163501076023975,0.0,,1.4310023761064512,1.0070344816297019,1.4410687360332317,0.0,1.4410687360332317,1.4410687360332324
1033,2026-02-17,-0.0053330053964374,0.0001464285714284,1.0679753123162752,-0.0215959177867589,0.0,,1.4410687360332317,0.9946669946035626,1.4333835086873292,0.0,1.4333835086873292,1.43338350868733
1034,2026-02-18,0.0067557548926451,0.0001468253968253,1.0679753123162752,-0.0149860596213627,0.0,,1.4333835086873292,1.0067557548926451,1.4430670963391805,0.0,1.4430670963391805,1.4430670963391812
1035,2026-02-19,-0.0009188548798316,0.0001464285714284,1.0679753123162752,-0.0158911444871819,0.0,,1.4430670963391805,0.9990811451201684,1.441741127095785,0.0,1.441741127095785,1.4417411270957854
1036,2026-02-20,0.0089695327026908,0.0001464285714284,1.0679753123162752,-0.0070641479246521,0.0,,1.441741127095785,1.0089695327026909,1.454672871284085,0.0,1.454672871284085,1.4546728712840855
1037,2026-02-23,-0.0031596025222668,0.0001464285714284,1.0679753123162752,-0.0102014305473184,0.0,,1.454672871284085,0.9968403974777332,1.4500766832109029,0.0,1.4500766832109029,1.450076683210903
1038,2026-02-24,0.0039390731876434,0.0001464285714284,1.0679753123162752,-0.0063025415412196,0.0,,1.4500766832109029,1.0039390731876434,1.4557886413937657,0.0,1.4557886413937657,1.4557886413937662
1039,2026-02-25,0.0065584343119573,0.0001464285714284,1.068204454927068,0.0,0.0,,1.4557886413937657,1.0065584343119574,1.4653363355704403,0.0,1.4653363355704403,1.4653363355704407
1040,2026-02-26,-0.0030489976195561,0.0001460317460317,1.068204454927068,-0.0030489976195562,0.0,,1.4653363355704403,0.9969510023804439,1.460868528571437,0.0,1.460868528571437,1.4608685285714371
1041,2026-02-27,-6.366663377466251e-05,0.0001456349206349,1.068204454927068,-0.003112470133916,0.0,,1.460868528571437,0.9999363333662253,1.4607755199898353,0.0,1.4607755199898353,1.4607755199898356
1042,2026-03-02,-0.0012592618773005,0.000147619047619,1.068204454927068,-0.0043678125962327,0.0,,1.4607755199898353,0.9987407381226995,1.4589360210662183,0.0,1.4589360210662183,1.4589360210662183
1043,2026-03-03,-0.0214988628925556,0.0001472222222222,1.068204454927068,-0.0257727724846417,0.0,,1.4589360210662183,0.9785011371074444,1.427570555580305,0.0,1.427570555580305,1.427570555580305
1044,2026-03-04,0.0084862752568918,0.0001472222222222,1.068204454927068,-0.0175052120691876,0.0,,1.427570555580305,1.0084862752568917,1.4396853122635933,0.0,1.4396853122635933,1.4396853122635938
1045,2026-03-05,-0.0099156827707071,0.0001468253968253,1.068204454927068,-0.0272473187101827,0.0,,1.4396853122635933,0.9900843172292929,1.4254098494175411,0.0,1.4254098494175411,1.4254098494175416
1046,2026-03-06,-0.006435332217896,0.0001464285714284,1.068204454927068,-0.0335073053801319,0.0,,1.4254098494175411,0.993564667782104,1.416236863489878,0.0,1.416236863489878,1.4162368634898783
1047,2026-03-09,0.0103138123134943,0.0001472222222222,1.068204454927068,-0.0235390811254589,0.0,,1.416236863489878,1.0103138123134943,1.4308436646913645,0.0,1.4308436646913645,1.4308436646913651
1048,2026-03-10,0.0014444436379851,0.0001472222222222,1.068204454927068,-0.0221286383634493,0.0,,1.4308436646913645,1.001444443637985,1.432910437719779,0.0,1.432910437719779,1.43291043771978
1049,2026-03-11,-0.0015772611800484,0.0001472222222222,1.068204454927068,-0.0236709969012397,0.0,,1.432910437719779,0.9984227388199516,1.4306503637118775,0.0,1.4306503637118775,1.4306503637118786
1050,2026-03-12,-0.0162725763887484,0.000147619047619,1.068204454927068,-0.0395583851847151,0.0,,1.4306503637118775,0.9837274236112517,1.4073699963827853,0.0,1.4073699963827853,1.4073699963827864
1051,2026-03-13,-0.0041511244199404,0.000147619047619,1.068204454927068,-0.0435452978259018,0.0,,1.4073699963827853,0.9958488755800596,1.4015278284229093,0.0,1.4015278284229093,1.4015278284229102
1052,2026-03-16,0.0101176436976003,0.000147619047619,1.068204454927068,-0.03386822993641,0.0,,1.4015278284229093,1.0101176436976003,1.4157079876231637,0.0,1.4157079876231637,1.4157079876231646
1053,2026-03-17,0.0040943761964867,0.000147619047619,1.068204454927068,-0.0299125230143921,0.0,,1.4157079876231637,1.0040943761964867,1.421504428708864,0.0,1.421504428708864,1.421504428708865
1054,2026-03-18,-0.0137363278073375,0.0001480158730158,1.068204454927068,-0.0432379626000596,0.0,,1.421504428708864,0.9862636721926625,1.4019781778965372,0.0,1.4019781778965372,1.401978177896538
1055,2026-03-19,-0.0054583843954466,0.0001480158730158,1.068204454927068,-0.0484603375751591,0.0,,1.4019781778965372,0.9945416156045535,1.3943256420875503,0.0,1.3943256420875503,1.3943256420875507
1056,2026-03-20,-0.020341474196097,0.0001484126984126,1.068204454927068,-0.0678160570649369,0.0,,1.3943256420875503,0.979658525803903,1.36596300301807,0.0,1.36596300301807,1.3659630030180705
1057,2026-03-23,0.0070176744042589,0.0001484126984126,1.068204454927068,-0.0612742936685403,0.0,,1.36596300301807,1.007017674404259,1.3755488866215146,0.0,1.3755488866215146,1.3755488866215149
1058,2026-03-24,-0.0029289303816301,0.0001484126984126,1.068204454927068,-0.0640237559098317,0.0,,1.3755488866215146,0.9970710696183699,1.3715199996960714,0.0,1.3715199996960714,1.3715199996960716
1059,2026-03-25,0.0104646368194831,0.0001480158730158,1.068204454927068,-0.0542291044437641,0.0,,1.3715199996960714,1.0104646368194832,1.3858724583835484,0.0,1.3858724583835484,1.3858724583835489
1060,2026-03-26,-0.0235835518678437,0.0001480158730158,1.068204454927068,-0.0765337414142116,0.0,,1.3858724583835484,0.9764164481321563,1.353188663379044,0.0,1.353188663379044,1.353188663379044
1061,2026-03-27,-0.0018054343984011,0.0001480158730158,1.068204454927068,-0.0782009991632253,0.0,,1.353188663379044,0.9981945656015989,1.350745570018653,0.0,1.350745570018653,1.3507455700186528
1062,2026-03-30,-0.004953389322185,0.0001472222222222,1.068204454927068,-0.0827670284911711,0.0,,1.350745570018653,0.995046610677815,1.3440548013351339,0.0,1.3440548013351339,1.3440548013351337
1063,2026-03-31,0.0264271939008937,0.0001468253968253,1.068204454927068,-0.0585271349008144,1.0,,1.3440548013351339,1.0264271939008938,1.3795743981834447,0.0,1.3795743981834447,1.3795743981834443
1064,2026-04-01,0.0084702807523536,0.0001468253968253,1.0084702807523536,0.0,0.0,0.2517413020273061,1.3795743981834447,1.0084702807523536,1.3912597806548177,0.0,1.3912597806548177,1.3912597806548177
1065,2026-04-02,-0.0025339186560681,0.0001468253968253,1.0084702807523536,-0.0025339186560681,0.0,,1.3912597806548177,0.9974660813439319,1.3877344415411792,0.0,1.3877344415411792,1.387734441541179
1066,2026-04-06,0.0023636917844036,0.000147619047619,1.0084702807523536,-0.0001762162743742,0.0,,1.3877344415411792,1.0023636917844037,1.3910146180395841,0.0,1.3910146180395841,1.391014618039584
1067,2026-04-07,0.0023541338862095,0.0001472222222222,1.0106662275873306,0.0,0.0,,1.3910146180395841,1.0023541338862094,1.3942892526881239,0.0,1.3942892526881239,1.394289252688124
1068,2026-04-08,0.021377901028774,0.0001464285714284,1.032272150173817,0.0,0.0,,1.3942892526881239,1.021377901028774,1.424096230337574,0.0,1.424096230337574,1.424096230337574
1069,2026-04-09,0.003092858537169,0.0001460317460317,1.035464821906164,0.0,0.0,,1.424096230337574,1.003092858537169,1.4285007585213236,0.0,1.4285007585213236,1.4285007585213236
1070,2026-04-10,-0.00151972952339,0.0001464285714284,1.035464821906164,-0.0015197295233899,0.0,,1.4285007585213236,0.99848027047661,1.4263298237444137,0.0,1.4263298237444137,1.4263298237444135
1071,2026-04-13,0.005228947844399,0.0001472222222222,1.0392973585836514,0.0,0.0,,1.4263298237444137,1.005228947844399,1.4337880280016841,0.0,1.4337880280016841,1.4337880280016844
1072,2026-04-14,0.011456594519125,0.0001472222222222,1.051204167005742,0.0,0.0,,1.4337880280016841,1.011456594519125,1.4502143560648753,0.0,1.4502143560648753,1.4502143560648757
1073,2026-04-15,-0.0004562733219516,0.0001472222222222,1.051204167005742,-0.0004562733219517,0.0,,1.4502143560648753,0.9995437266780484,1.4495526619430916,0.0,1.4495526619430916,1.4495526619430916
1074,2026-04-16,0.0021733854845186,0.0001468253968253,1.0530081600314214,0.0,0.0,,1.4495526619430916,1.0021733854845185,1.452703098657604,0.0,1.452703098657604,1.4527030986576042
1075,2026-04-17,0.0108243764944508,0.0001468253968253,1.0644063168073306,0.0,0.0,,1.452703098657604,1.010824376494451,1.4684277039321292,0.0,1.4684277039321292,1.4684277039321294
1076,2026-04-20,-0.0030308009241173,0.0001472222222222,1.0644063168073306,-0.0030308009241173,0.0,,1.4684277039321292,0.9969691990758827,1.4639771918900522,0.0,1.4639771918900522,1.4639771918900524
1077,2026-04-21,-0.0089858632937315,0.0001464285714284,1.0644063168073306,-0.0119894298550742,0.0,,1.4639771918900522,0.9910141367062685,1.450822092978587,0.0,1.450822092978587,1.450822092978587
1078,2026-04-22,0.0083980503998311,0.0001464285714284,1.0644063168073306,-0.0036920672914312,0.0,,1.450822092978587,1.008398050399831,1.4630061700366097,0.0,1.4630061700366097,1.46300617003661
1079,2026-04-23,-0.0045353545455196,0.0001464285714284,1.0644063168073306,-0.0082106770027783,0.0,,1.4630061700366097,0.9954646454544804,1.456370918353211,0.0,1.456370918353211,1.456370918353211
1080,2026-04-24,0.0087007023136943,0.0001464285714284,1.0648518630865338,0.0,0.0,,1.456370918353211,1.0087007023136942,1.4690423681721239,0.0,1.4690423681721239,1.469042368172124
1081,2026-04-27,-0.0009262290433522,0.0001460317460317,1.0648518630865338,-0.000926229043352,0.0,,1.4690423681721239,0.9990737709566478,1.467681698464808,0.0,1.467681698464808,1.467681698464808
1082,2026-04-28,-0.0067312347304186,0.0001460317460317,1.0648518630865338,-0.0076512291086658,0.0,,1.467681698464808,0.9932687652695814,1.4578023884429019,0.0,1.4578023884429019,1.457802388442902
1083,2026-04-29,-0.0008329301732953,0.0001460317460317,1.0648518630865338,-0.0084777863423738,0.0,,1.4578023884429019,0.9991670698267047,1.4565881408468657,0.0,1.4565881408468657,1.4565881408468655
1084,2026-04-30,0.01000727044643,0.0001460317460317,1.0663901955838992,0.0,0.0,,1.4565881408468657,1.01000727044643,1.471164612301383,0.0,1.471164612301383,1.471164612301383
1085,2026-05-01,0.0025746987671827,0.0001460317460317,1.069135829105805,0.0,0.0,,1.471164612301383,1.0025746987671826,1.4749524180149982,0.0,1.4749524180149982,1.4749524180149984
1086,2026-05-04,-0.0050979682120089,0.0001468253968253,1.069135829105805,-0.0050979682120089,0.0,,1.4749524180149982,0.9949020317879911,1.467433157473732,0.0,1.467433157473732,1.4674331574737325
1087,2026-05-05,0.0123767138358267,0.0001464285714284,1.0768503385487198,0.0,0.0,,1.467433157473732,1.0123767138358266,1.485595157736988,0.0,1.485595157736988,1.485595157736988
1088,2026-05-06,0.0165783241193668,0.0001464285714284,1.0947027124892303,0.0,0.0,,1.485595157736988,1.0165783241193669,1.5102238357721136,0.0,1.5102238357721136,1.5102238357721138
1089,2026-05-07,-0.0052527505810352,0.0001464285714284,1.0947027124892303,-0.0052527505810351,0.0,,1.5102238357721136,0.9947472494189648,1.5022910066412685,0.0,1.5022910066412685,1.5022910066412687
1090,2026-05-08,0.0137041327245056,0.0001464285714284,1.103875661937742,0.0,0.0,,1.5022910066412685,1.0137041327245055,1.5228786019871114,0.0,1.5228786019871114,1.5228786019871117
1091,2026-05-11,0.0020894264207266,0.0001468253968253,1.106182128910992,0.0,0.0,,1.5228786019871114,1.0020894264207265,1.5260605447736624,0.0,1.5260605447736624,1.526060544773663
1092,2026-05-12,-0.0089580544642562,0.0001468253968253,1.106182128910992,-0.0089580544642561,0.0,,1.5260605447736624,0.9910419455357438,1.5123900112978275,0.0,1.5123900112978275,1.512390011297828
1093,2026-05-13,0.0050833382666856,0.0001464285714284,1.106182128910992,-0.0039202530186238,0.0,,1.5123900112978275,1.0050833382666855,1.5200780013164106,0.0,1.5200780013164106,1.5200780013164112
1094,2026-05-14,0.0013363467172169,0.0001464285714284,1.106182128910992,-0.0025891451186589,0.0,,1.5200780013164106,1.001336346717217,1.5221093525633835,0.0,1.5221093525633835,1.5221093525633842
1095,2026-05-15,-0.0169003730976051,0.0001464285714284,1.106182128910992,-0.019445760697755,0.0,,1.5221093525633835,0.9830996269023949,1.4963851366097083,0.0,1.4963851366097083,1.4963851366097087
1096,2026-05-18,-0.0011751394333747,0.0001460317460317,1.106182128910992,-0.0205980486509218,0.0,,1.4963851366097083,0.9988248605666253,1.4946266754281625,0.0,1.4946266754281625,1.4946266754281627
1097,2026-05-19,-0.0066887626398515,0.0001456349206349,1.106182128910992,-0.0271490358325031,0.0,,1.4946266754281625,0.9933112373601485,1.4846294723610332,0.0,1.4846294723610332,1.4846294723610334
1098,2026-05-20,0.0131453116619733,0.0001448412698412,1.106182128910992,-0.0143606067078702,0.0,,1.4846294723610332,1.0131453116619733,1.5041453894777699,0.0,1.5041453894777699,1.50414538947777
1099,2026-05-21,0.0039445299901339,0.0001460317460317,1.106182128910992,-0.0104727225615719,0.0,,1.5041453894777699,1.003944529990134,1.5100785360760867,0.0,1.5100785360760867,1.5100785360760869
1100,2026-05-22,0.0021427921662497,0.0001460317460317,1.106182128910992,-0.0083523712631864,0.0,,1.5100785360760867,1.0021427921662498,1.5133143205336124,0.0,1.5133143205336124,1.5133143205336126
1101,2026-05-26,0.0142606246054822,0.0001460317460317,1.1125859757834862,0.0,0.0,,1.5133143205336124,1.0142606246054822,1.5348951279688425,0.0,1.5348951279688425,1.5348951279688428
1102,2026-05-27,-0.0011886417971638,0.0001460317460317,1.1125859757834862,-0.0011886417971638,0.0,,1.5348951279688425,0.9988113582028362,1.5330706874654756,0.0,1.5330706874654756,1.5330706874654758
1103,2026-05-28,0.0044729705044026,0.0001464285714284,1.1162341584907456,0.0,0.0,,1.5330706874654756,1.0044729705044027,1.5399280674316729,0.0,1.5399280674316729,1.539928067431673
1104,2026-05-29,0.004146300943452,0.0001464285714284,1.1208624012352093,0.0,0.0,,1.5399280674316729,1.004146300943452,1.546313072630513,0.0,1.546313072630513,1.5463130726305134
1105,2026-06-01,0.0044645720232469,0.00015,1.1258665721536736,0.0,0.0,,1.546313072630513,1.0044645720232468,1.55321669871376,0.0,1.55321669871376,1.5532166987137608
1106,2026-06-02,0.0039009497172991,0.000149603174603,1.130258521040033,0.0,0.0,,1.55321669871376,1.003900949717299,1.5592757189555115,0.0,1.5592757189555115,1.5592757189555126
1107,2026-06-03,-0.0062370760077715,0.00015,1.130258521040033,-0.0062370760077713,0.0,,1.5592757189555115,0.9937629239922285,1.5495503977793135,0.0,1.5495503977793135,1.5495503977793146
1108,2026-06-04,-0.0013447623508419,0.00015,1.130258521040033,-0.0075734509736187,0.0,,1.5495503977793135,0.9986552376491581,1.5474666207436478,0.0,1.5474666207436478,1.547466620743649
1109,2026-06-05,-0.0299856204295836,0.00015,1.130258521040033,-0.0373319767769653,0.0,,1.5474666207436478,0.9700143795704164,1.5010648740265784,0.0,1.5010648740265784,1.5010648740265795
1110,2026-06-08,0.0066901115245741,0.0001507936507936,1.130258521040033,-0.0308916203404618,0.0,,1.5010648740265784,1.006690111524574,1.511107165439437,0.0,1.511107165439437,1.511107165439438
1111,2026-06-09,-0.0029141638926877,0.0001503968253968,1.130258521040033,-0.0337157609885669,0.0,,1.511107165439437,0.9970858361073123,1.5067035514999316,0.0,1.5067035514999316,1.5067035514999327
1112,2026-06-10,-0.0160851914884087,0.0001503968253968,1.130258521040033,-0.049258628005297,0.0,,1.5067035514999316,0.9839148085115913,1.4824679363577897,0.0,1.4824679363577897,1.4824679363577908
1113,2026-06-11,0.023379024290737,0.00015,1.130258521040033,-0.0270312223752242,0.0,,1.4824679363577897,1.023379024290737,1.5171265902521374,0.0,1.5171265902521374,1.5171265902521385
1114,2026-06-12,0.0025787308391321,0.00015,1.130258521040033,-0.0245221977828504,0.0,,1.5171265902521374,1.002578730839132,1.521038851377288,0.0,1.521038851377288,1.5210388513772892
1115,2026-06-15,0.0169846304809683,0.0001503968253968,1.130258521040033,-0.0079540677698048,0.0,,1.521038851377288,1.0169846304809682,1.5468731342151274,0.0,1.5468731342151274,1.5468731342151292
1116,2026-06-16,-0.0064133013819472,0.0001503968253968,1.130258521040033,-0.014316357317932,0.0,,1.5468731342151274,0.9935866986180528,1.5369525706057685,0.0,1.5369525706057685,1.53695257060577
1117,2026-06-17,-0.0093305787057054,0.0001519841269841,1.130258521040033,-0.0235133561249035,0.0,,1.5369525706057685,0.9906694212942946,1.5226119136787952,0.0,1.5226119136787952,1.5226119136787966
1118,2026-06-18,0.0104290812453786,0.0001519841269841,1.130258521040033,-0.0133294975809031,0.0,,1.5226119136787952,1.0104290812453787,1.538491357031733,0.0,1.538491357031733,1.5384913570317342
1119,2026-06-22,0.0017137386360993,0.0001527777777777,1.130258521040033,-0.0116386022198079,0.0,,1.538491357031733,1.0017137386360992,1.541127929111583,0.0,1.541127929111583,1.5411279291115847
1120,2026-06-23,-0.0199129958413154,0.0001527777777777,1.130258521040033,-0.0313198386235216,0.0,,1.541127929111583,0.9800870041586845,1.510439455068249,0.0,1.510439455068249,1.5104394550682507
1121,2026-06-24,-0.0034107924536241,0.0001527777777777,1.130258521040033,-0.03462380560792,0.0,,1.510439455068249,0.9965892075463759,1.505287659573246,0.0,1.505287659573246,1.5052876595732476
1122,2026-06-25,0.0099512082449198,0.0001523809523809,1.130258521040033,-0.0250171460628361,0.0,,1.505287659573246,1.0099512082449198,1.5202670905421674,0.0,1.5202670905421674,1.520267090542169
1123,2026-06-26,-0.0043630477258867,0.0001519841269841,1.130258521040033,-0.0292710427864852,0.0,,1.5202670905421674,0.9956369522741133,1.513634092670037,0.0,1.513634092670037,1.5136340926700385
1124,2026-06-29,0.0032148817189772,0.0001535714285714,1.130258521040033,-0.0261502640078576,0.0,,1.513634092670037,1.0032148817189772,1.5185002472437825,0.0,1.5185002472437825,1.518500247243784
1125,2026-06-30,0.0020317021113357,0.0001535714285714,1.130258521040033,-0.0241716914431185,1.0,,1.5185002472437825,1.0020317021113356,1.5215853874021714,0.0,1.5215853874021714,1.5215853874021732
1126,2026-07-01,-0.0106060668752892,0.0001527777777777,0.9893939331247108,0.0,0.0,0.2551366242671489,1.5215853874021714,0.9893939331247108,1.505447351026921,0.0,1.505447351026921,1.5054473510269228
1127,2026-07-02,-0.0038081928883109,0.0001515873015873,0.9893939331247108,-0.0038081928883109,0.0,,1.505447351026921,0.9961918071116891,1.4997143171310139,0.0,1.4997143171310139,1.4997143171310157
1128,2026-07-06,0.0092059104258631,0.0001535714285714,0.994699716052719,0.0,0.0,,1.4997143171310139,1.009205910425863,1.5135205527989064,0.0,1.5135205527989064,1.5135205527989082
1129,2026-07-07,-0.0131756406164568,0.0001531746031746,0.994699716052719,-0.0131756406164568,0.0,,1.5135205527989064,0.9868243593835432,1.493578949929607,0.0,1.493578949929607,1.4935789499296086
1130,2026-07-08,-0.0013850136261635,0.0001535714285714,0.994699716052719,-0.0145424058008329,0.0,,1.493578949929607,0.9986149863738365,1.4915103227322035,0.0,1.4915103227322035,1.491510322732205
1131,2026-07-09,0.0096322839696308,0.0001519841269841,0.994699716052719,-0.0050501984134774,0.0,,1.4915103227322035,1.0096322839696308,1.5058769737043958,0.0,1.5058769737043958,1.505876973704397
1132,2026-07-10,-0.0005177410385037,0.0001519841269841,0.994699716052719,-0.0055653247570099,1.0,,1.5058769737043958,0.9994822589614963,1.5050973193961714,0.0,1.5050973193961714,1.5050973193961728
