,Date,portfolio_return,rf_rate,running_peak,drawdown,Rebalanced,turnover,past_value,growth,value,cost,portfolio_value,gross_value
0,2022-01-03,-0.0048785764133638,3.174603174603174e-06,0.995121423586636,0.0,1.0,,1.0,0.9951214235866362,0.9951214235866362,0.0,0.9951214235866362,0.995121423586636
1,2022-01-04,-0.0012280064136818,3.174603174603174e-06,0.995121423586636,-0.0012280064136819,0.0,,0.9951214235866362,0.9987719935863182,0.9938994080960797,0.0,0.9938994080960797,0.9938994080960796
2,2022-01-05,-0.014305758868722,3.571428571428572e-06,0.995121423586636,-0.0155161977187604,0.0,,0.9938994080960797,0.985694241131278,0.9796809228240917,0.0,0.9796809228240917,0.9796809228240916
3,2022-01-06,-0.0011522479075436,3.968253968253968e-06,0.995121423586636,-0.0166505671199496,0.0,,0.9796809228240917,0.9988477520924564,0.9785520875307072,0.0,0.9785520875307072,0.978552087530707
4,2022-01-07,-0.0042266945886458,3.968253968253968e-06,0.995121423586636,-0.0208068848466517,0.0,,0.9785520875307072,0.9957733054113542,0.9744160467176332,0.0,0.9744160467176332,0.9744160467176328
5,2022-01-10,-0.0027792020774851,5.158730158730158e-06,0.995121423586636,-0.0235282603865449,0.0,,0.9744160467176332,0.997220797922515,0.9717079476162608,0.0,0.9717079476162608,0.9717079476162604
6,2022-01-11,0.0062437828300325,4.365079365079366e-06,0.995121423586636,-0.0174313829047344,0.0,,0.9717079476162608,1.0062437828300326,0.9777750810153933,0.0,0.9777750810153933,0.977775081015393
7,2022-01-12,0.0019122896034794,4.7619047619047615e-06,0.995121423586636,-0.0155524271535578,0.0,,0.9777750810153933,1.0019122896034793,0.9796448701373602,0.0,0.9796448701373602,0.97964487013736
8,2022-01-13,-0.0053493596163888,4.7619047619047615e-06,0.995121423586636,-0.0208185912441946,0.0,,0.9796448701373602,0.9946506403836112,0.974404397430645,0.0,0.974404397430645,0.9744043974306448
9,2022-01-14,-0.0049665362958561,5.158730158730158e-06,0.995121423586636,-0.0256817312510079,0.0,,0.974404397430645,0.9950334637041439,0.969564982623964,0.0,0.969564982623964,0.9695649826239636
10,2022-01-18,-0.0131392969957822,6.349206349206349e-06,0.995121423586636,-0.0384835883525171,0.0,,0.969564982623964,0.9868607030042178,0.9568255803605573,0.0,0.9568255803605573,0.9568255803605572
11,2022-01-19,-0.0035359344291632,6.746031746031747e-06,0.995121423586636,-0.0418834473366671,0.0,,0.9568255803605573,0.9964640655708368,0.9534423078482563,0.0,0.9534423078482563,0.953442307848256
12,2022-01-20,-0.0060192380966356,6.746031746031747e-06,0.995121423586636,-0.0476505789914755,0.0,,0.9534423078482563,0.9939807619033644,0.9477033115859119,0.0,0.9477033115859119,0.9477033115859116
13,2022-01-21,-0.0067242074796264,6.746031746031747e-06,0.995121423586636,-0.0540543740914389,0.0,,0.9477033115859119,0.9932757925203736,0.9413307578896792,0.0,0.9413307578896792,0.9413307578896788
14,2022-01-24,-0.0007346223809756,7.5396825396825394e-06,0.995121423586636,-0.0547492869194173,0.0,,0.9413307578896792,0.9992653776190245,0.9406392352470329,0.0,0.9406392352470329,0.9406392352470324
15,2022-01-25,-0.0080324026281059,7.5396825396825394e-06,0.995121423586636,-0.0623419212313849,0.0,,0.9406392352470329,0.9919675973718941,0.9330836421817351,0.0,0.9330836421817351,0.9330836421817345
16,2022-01-26,-0.0079497853911944,7.5396825396825394e-06,0.995121423586636,-0.0697961017279151,0.0,,0.9330836421817351,0.9920502146088056,0.9256658274743563,0.0,0.9256658274743563,0.9256658274743556
17,2022-01-27,-0.0014346515357448,7.936507936507936e-06,0.995121423586636,-0.071130620179127,0.0,,0.9256658274743563,0.9985653484642552,0.9243378195733837,0.0,0.9243378195733837,0.9243378195733828
18,2022-01-28,0.0157577358603081,7.5396825396825394e-06,0.995121423586636,-0.0564937418431814,0.0,,0.9243378195733837,1.015757735860308,0.9389032907799141,0.0,0.9389032907799141,0.9389032907799136
19,2022-01-31,0.010329525890486,8.730158730158731e-06,0.995121423586636,-0.0467477695217148,0.0,,0.9389032907799141,1.010329525890486,0.9486017166306878,0.0,0.9486017166306878,0.9486017166306872
20,2022-02-01,0.0021924396665739,7.5396825396825394e-06,0.995121423586636,-0.0446578215193641,0.0,,0.9486017166306878,1.002192439666574,0.9506814686620091,0.0,0.9506814686620091,0.9506814686620084
21,2022-02-02,0.0077618330025725,7.5396825396825394e-06,0.995121423586636,-0.0372426150696836,0.0,,0.9506814686620091,1.0077618330025726,0.9580604994604041,0.0,0.9580604994604041,0.9580604994604036
22,2022-02-03,-0.0145791756360158,7.936507936507936e-06,0.995121423586636,-0.051278824079454,0.0,,0.9580604994604041,0.9854208243639841,0.9440927671688417,0.0,0.9440927671688417,0.9440927671688412
23,2022-02-04,-0.0034945939832492,9.126984126984127e-06,0.995121423586636,-0.0545942193926071,0.0,,0.9440927671688417,0.9965054060167507,0.9407935462650644,0.0,0.9407935462650644,0.9407935462650638
24,2022-02-07,-0.0011312998463994,1.0714285714285714e-05,0.995121423586636,-0.0556637568069932,0.0,,0.9407935462650644,0.9988687001536006,0.9397292266706813,0.0,0.9397292266706813,0.9397292266706808
25,2022-02-08,0.0010730824091977,9.92063492063492e-06,0.995121423586636,-0.0546504061960548,0.0,,0.9397292266706813,1.0010730824091978,0.9407376335732306,0.0,0.9407376335732306,0.94073763357323
26,2022-02-09,0.0121900510424547,1.0317460317460317e-05,0.995121423586636,-0.0431265463946208,0.0,,0.9407376335732306,1.0121900510424546,0.9522052733440463,0.0,0.9522052733440463,0.952205273344046
27,2022-02-10,-0.0171483728642704,1.5873015873015872e-05,0.995121423586636,-0.0595353691609681,0.0,,0.9522052733440463,0.9828516271357296,0.935876502273418,0.0,0.935876502273418,0.9358765022734176
28,2022-02-11,-0.00751595939004,1.4285714285714284e-05,0.995121423586636,-0.0666038631341232,0.0,,0.935876502273418,0.99248404060996,0.9288424924882384,0.0,0.9288424924882384,0.928842492488238
29,2022-02-14,-0.0065002734679264,1.7063492063492063e-05,0.995121423586636,-0.0726711932776575,0.0,,0.9288424924882384,0.9934997265320736,0.9228047622784344,0.0,0.9228047622784344,0.922804762278434
30,2022-02-15,0.0077577592517553,1.5873015873015872e-05,0.995121423586636,-0.0654771996478882,0.0,,0.9228047622784344,1.0077577592517553,0.9299636594605638,0.0,0.9299636594605638,0.9299636594605633
31,2022-02-16,0.0021651067503751,1.507936507936508e-05,0.995121423586636,-0.0634538580244663,0.0,,0.9299636594605638,1.0021651067503752,0.9319771300572655,0.0,0.9319771300572655,0.9319771300572648
32,2022-02-17,-0.0102129373689535,1.4285714285714284e-05,0.995121423586636,-0.0730187451155975,0.0,,0.9319771300572655,0.9897870626310465,0.9224589059986936,0.0,0.9224589059986936,0.922458905998693
33,2022-02-18,-0.0018693075760178,1.3888888888888888e-05,0.995121423586636,-0.0747515581981795,0.0,,0.9224589059986936,0.9981306924239822,0.9207345465771452,0.0,0.9207345465771452,0.9207345465771444
34,2022-02-22,-0.005952986099459,1.4682539682539685e-05,0.995121423586636,-0.0802595493107719,0.0,,0.9207345465771452,0.994047013900541,0.9152534266200797,0.0,0.9152534266200797,0.9152534266200788
35,2022-02-23,-0.0131569985889541,1.3492063492063494e-05,0.995121423586636,-0.0923605731226941,0.0,,0.9152534266200797,0.9868430014110459,0.9032114385775039,0.0,0.9032114385775039,0.9032114385775032
36,2022-02-24,0.0073110221326476,1.26984126984127e-05,0.995121423586636,-0.0857248011843305,0.0,,0.9032114385775039,1.0073110221326476,0.9098148373954045,0.0,0.9098148373954045,0.9098148373954036
37,2022-02-25,0.0163090781677128,1.3095238095238093e-05,0.995121423586636,-0.0708138155000447,0.0,,0.9098148373954045,1.0163090781677129,0.9246530786966312,0.0,0.9246530786966312,0.9246530786966304
38,2022-02-28,-0.0020994448447936,1.3888888888888888e-05,0.995121423586636,-0.0727645906449466,0.0,,0.9246530786966312,0.9979005551552064,0.9227118205573389,0.0,0.9227118205573389,0.922711820557338
39,2022-03-01,-0.0057496812062952,1.26984126984127e-05,0.995121423586636,-0.0780958986519269,0.0,,0.9227118205573389,0.9942503187937048,0.917406521743854,0.0,0.917406521743854,0.917406521743853
40,2022-03-02,0.0044567201496853,1.3492063492063494e-05,0.995121423586636,-0.0739872300673712,0.0,,0.917406521743854,1.0044567201496852,0.9214951458747624,0.0,0.9214951458747624,0.9214951458747616
41,2022-03-03,-0.0008769434308838,1.507936507936508e-05,0.995121423586636,-0.0747992908828781,0.0,,0.9214951458747624,0.9991230565691162,0.9206870467599962,0.0,0.9206870467599962,0.9206870467599956
42,2022-03-04,-0.0018702025918054,1.3492063492063494e-05,0.995121423586636,-0.0765296036470093,0.0,,0.9206870467599962,0.9981297974081946,0.9189651754589041,0.0,0.9189651754589041,0.9189651754589032
43,2022-03-07,-0.0198148020971033,1.507936507936508e-05,0.995121423586636,-0.0948279867932773,0.0,,0.9189651754589041,0.9801851979028967,0.9007560623730562,0.0,0.9007560623730562,0.9007560623730552
44,2022-03-08,-0.0060198331167257,1.4285714285714284e-05,0.995121423586636,-0.1002769712547124,0.0,,0.9007560623730562,0.9939801668832743,0.8953336611986914,0.0,0.8953336611986914,0.8953336611986905
45,2022-03-09,0.0163703229370725,1.507936507936508e-05,0.995121423586636,-0.0855482147202311,0.0,,0.8953336611986914,1.0163703229370724,0.9099905623689454,0.0,0.9099905623689454,0.9099905623689444
46,2022-03-10,-0.006195642757899,1.5476190476190476e-05,0.995121423586636,-0.0912138313011475,0.0,,0.9099905623689454,0.993804357242101,0.9043525859314478,0.0,0.9043525859314478,0.9043525859314469
47,2022-03-11,-0.0070703891433257,1.5873015873015872e-05,0.995121423586636,-0.0976393031619204,0.0,,0.9043525859314478,0.9929296108566743,0.8979584612261396,0.0,0.8979584612261396,0.8979584612261386
48,2022-03-14,-0.0074598919045763,1.785714285714286e-05,0.995121423586636,-0.1043708164192708,0.0,,0.8979584612261396,0.9925401080954237,0.8912597881705929,0.0,0.8912597881705929,0.8912597881705919
49,2022-03-15,0.0111629617043513,1.825396825396825e-05,0.995121423586636,-0.0943729421416595,0.0,,0.8912597881705929,1.0111629617043514,0.9012088870545696,0.0,0.9012088870545696,0.9012088870545686
50,2022-03-16,0.0164999868639028,1.7460317460317463e-05,0.995121423586636,-0.0794301075834019,0.0,,0.9012088870545696,1.0164999868639029,0.9160788218526025,0.0,0.9160788218526025,0.9160788218526016
51,2022-03-17,0.0076459926819279,1.5873015873015872e-05,0.995121423586636,-0.0723914369227815,0.0,,0.9160788218526025,1.007645992681928,0.9230831538205566,0.0,0.9230831538205566,0.9230831538205556
52,2022-03-18,0.0080090177287149,1.6666666666666664e-05,0.995121423586636,-0.0649622034957883,0.0,,0.9230831538205566,1.0080090177287149,0.9304761431645835,0.0,0.9304761431645835,0.9304761431645824
53,2022-03-21,-0.0073624585363879,2.1428571428571428e-05,0.995121423586636,-0.0718463805025061,0.0,,0.9304761431645835,0.992637541463612,0.9236255511414361,0.0,0.9236255511414361,0.9236255511414352
54,2022-03-22,0.0034562082039881,2.023809523809524e-05,0.995121423586636,-0.0686384883482376,0.0,,0.9236255511414361,1.0034562082039882,0.9268177933487042,0.0,0.9268177933487042,0.9268177933487032
55,2022-03-23,-0.0049231273798697,1.984126984126984e-05,0.995121423586636,-0.0732236997068073,0.0,,0.9268177933487042,0.9950768726201303,0.9222549512941188,0.0,0.9222549512941188,0.9222549512941176
56,2022-03-24,0.0064873043321263,2.063492063492064e-05,0.995121423586636,-0.0672114197990032,0.0,,0.9222549512941188,1.0064873043321263,0.9282378998349741,0.0,0.9282378998349741,0.928237899834973
57,2022-03-25,0.000354395568313,2.1825396825396827e-05,0.995121423586636,-0.0668808436600071,0.0,,0.9282378998349741,1.000354395568313,0.9285668632330157,0.0,0.9285668632330157,0.9285668632330146
58,2022-03-28,0.0061637608665668,2.341269841269841e-05,0.995121423586636,-0.0611293203203148,0.0,,0.9285668632330157,1.0061637608665668,0.9342903273266021,0.0,0.9342903273266021,0.934290327326601
59,2022-03-29,0.0148978898351695,2.1825396825396827e-05,0.995121423586636,-0.0471421283649762,0.0,,0.9342903273266021,1.0148978898351695,0.9482092816971782,0.0,0.9482092816971782,0.9482092816971772
60,2022-03-30,-0.0021049023758397,2.1825396825396827e-05,0.995121423586636,-0.0491478011628182,0.0,,0.9482092816971782,0.9978950976241603,0.9462133937273406,0.0,0.9462133937273406,0.9462133937273396
61,2022-03-31,-0.0088232526215135,2.063492063492064e-05,0.995121423586636,-0.0575374103188803,0.0,,0.9462133937273406,0.9911767473784865,0.9378647139206246,0.0,0.9378647139206246,0.9378647139206236
62,2022-04-01,0.0020146732145859,2.1031746031746032e-05,1.002014673214586,0.0,1.0,0.208094515295569,0.9378647139206246,1.0020146732145858,0.9397542048386657,0.00195557695752875,0.9377986278811369,0.9397542048386648
63,2022-04-04,0.0031437769553863,2.6190476190476185e-05,1.005164783853197,0.0,0.0,,0.9377986278811369,1.0031437769553864,0.9407468575962625,0.0,0.9407468575962625,0.942708582451564
64,2022-04-05,-0.0120427895614457,2.57936507936508e-05,1.005164783853197,-0.0120427895614457,0.0,,0.9407468575962625,0.9879572104385543,0.9294176411596394,0.0,0.9294176411596394,0.931355741375331
65,2022-04-06,-0.0051027492686396,2.6587301587301588e-05,1.005164783853197,-0.0170840874944583,0.0,,0.9294176411596394,0.9948972507313604,0.9246750559709513,0.0,0.9246750559709513,0.9266032665471846
66,2022-04-07,0.001548187824876,2.6984126984126987e-05,1.005164783853197,-0.0155623490458404,0.0,,0.9246750559709513,1.001548187824876,0.9261066266345721,0.0,0.9261066266345721,0.9280378224429432
67,2022-04-08,-0.00186387741928,2.7777777777777776e-05,1.005164783853197,-0.0173972201541429,0.0,,0.9261066266345721,0.99813612258072,0.9243804774053423,0.0,0.9243804774053423,0.926308073701454
68,2022-04-11,-0.0095368930137777,3.0555555555555554e-05,1.005164783853197,-0.0267681977405735,0.0,,0.9243804774053423,0.9904631069862223,0.9155647596883029,0.0,0.9155647596883029,0.9174739727047648
69,2022-04-12,-0.0013597105534642,2.936507936507937e-05,1.005164783853197,-0.0280915112930727,0.0,,0.9155647596883029,0.9986402894465358,0.9143198566221747,0.0,0.9143198566221747,0.9162264736615492
70,2022-04-13,0.0071160939588013,2.976190476190476e-05,1.005164783853197,-0.0211753191680778,0.0,,0.9143198566221747,1.0071160939588013,0.9208262426302959,0.0,0.9208262426302959,0.922746427335666
71,2022-04-14,-0.0096986172271413,3.134920634920635e-05,1.005164783853197,-0.0306685650799454,0.0,,0.9208262426302959,0.9903013827728587,0.9118955013703179,0.0,0.9118955013703179,0.913797062939225
72,2022-04-18,-0.002437568017287,3.214285714285715e-05,1.005164783853197,-0.0330313763838575,0.0,,0.9118955013703179,0.997562431982713,0.9096726940610698,0.0,0.9096726940610698,0.9115696204443134
73,2022-04-19,0.0024932284049046,3.214285714285715e-05,1.005164783853197,-0.0306205027448062,0.0,,0.9096726940610698,1.0024932284049046,0.911940715861069,0.0,0.911940715861069,0.9138423717150532
74,2022-04-20,0.0056619129420466,3.2539682539682536e-05,1.005164783853197,-0.0251319604235424,0.0,,0.911940715861069,1.0056619129420465,0.9171040448025819,0.0,0.9171040448025819,0.9190164676664572
75,2022-04-21,-0.0092009533548932,3.2936507936507936e-05,1.005164783853197,-0.0341016757828616,0.0,,0.9171040448025819,0.9907990466451068,0.9086658132647695,0.0,0.9086658132647695,0.9105606400150794
76,2022-04-22,-0.0154568418041707,3.2936507936507936e-05,1.005164783853197,-0.0490314133791995,0.0,,0.9086658132647695,0.9845431581958293,0.8946207095362778,0.0,0.8946207095362778,0.8964862482492619
77,2022-04-25,0.0014120708163235,3.611111111111112e-05,1.005164783853197,-0.0476885783907919,0.0,,0.8946207095362778,1.0014120708163234,0.8958839773318925,0.0,0.8958839773318925,0.89775215031765
78,2022-04-26,-0.0123238009261571,3.2936507936507936e-05,1.005164783853197,-0.0594246747704094,0.0,,0.8958839773318925,0.9876761990738429,0.8848432815423204,0.0,0.8848432815423204,0.8866884315361058
79,2022-04-27,-0.0025184533920642,3.2539682539682536e-05,1.005164783853197,-0.0617934698887259,0.0,,0.8848432815423204,0.9974815466079358,0.8826148449784749,0.0,0.8826148449784749,0.8844553480479995
80,2022-04-28,0.0120989143023125,3.2539682539682536e-05,1.005164783853197,-0.0504421894830395,0.0,,0.8826148449784749,1.0120989143023125,0.8932935263498183,0.0,0.8932935263498183,0.8951562975082542
81,2022-04-29,-0.0190442481393937,3.3730158730158734e-05,1.005164783853197,-0.0685258040492241,0.0,,0.8932935263498183,0.9809557518606064,0.8762814227726984,0.0,0.8762814227726984,0.878108718854966
82,2022-05-02,-0.0048851490446133,3.571428571428572e-05,1.005164783853197,-0.073076194327655,0.0,,0.8762814227726984,0.9951148509553867,0.8720006574174279,0.0,0.8720006574174279,0.873819026885985
83,2022-05-03,0.0047917896893173,3.611111111111112e-05,1.005164783853197,-0.0686345703928513,0.0,,0.8720006574174279,1.0047917896893173,0.8761791011767186,0.0,0.8761791011767186,0.8780061838893467
84,2022-05-04,0.0169905552197673,3.531746031746032e-05,1.005164783853197,-0.0528101546313287,0.0,,0.8761791011767186,1.0169905552197673,0.8910658705776677,0.0,0.8910658705776677,0.8929239964400159
85,2022-05-05,-0.0239368336137079,3.3730158730158734e-05,1.005164783853197,-0.0754828803605124,0.0,,0.8910658705776677,0.9760631663862921,0.8697365750947963,0.0,0.8697365750947963,0.871550223307544
86,2022-05-06,-0.0065744415195504,3.3730158730158734e-05,1.005164783853197,-0.0815610640974054,0.0,,0.8697365750947963,0.9934255584804496,0.8640185428444215,0.0,0.8640185428444215,0.8658202673330574
87,2022-05-09,-0.0155535315991696,3.650793650793651e-05,1.005164783853197,-0.0958460331088741,0.0,,0.8640185428444215,0.9844464684008304,0.8505800031360223,0.0,0.8505800031360223,0.8523537044458912
88,2022-05-10,0.0024606930658429,3.531746031746032e-05,1.005164783853197,-0.0936211877120909,0.0,,0.8505800031360223,1.0024606930658428,0.8526730194516837,0.0,0.8526730194516837,0.8544510852960666
89,2022-05-11,-0.0018021805511854,3.611111111111112e-05,1.005164783853197,-0.0952546459796028,0.0,,0.8526730194516837,0.9981978194488146,0.8511363487195074,0.0,0.8511363487195074,0.8529112101682067
90,2022-05-12,-0.002328755668999,3.809523809523809e-05,1.005164783853197,-0.0973615768517784,0.0,,0.8511363487195074,0.997671244331001,0.8491542601223356,0.0,0.8491542601223356,0.8509249883523746
91,2022-05-13,0.0089684320348049,4.0873015873015874e-05,1.005164783853197,-0.0892663255017701,0.0,,0.8491542601223356,1.008968432034805,0.8567698423913078,0.0,0.8567698423913078,0.8585564512771301
92,2022-05-16,0.0005589121973165,4.246031746031746e-05,1.005164783853197,-0.088757305342586,0.0,,0.8567698423913078,1.0005589121973164,0.8572487015065132,0.0,0.8572487015065132,0.8590363089498337
93,2022-05-17,0.0063411814297941,4.206349206349207e-05,1.005164783853197,-0.0829789500891888,0.0,,0.8572487015065132,1.006341181429794,0.8626846710532213,0.0,0.8626846710532213,0.8644836140396654
94,2022-05-18,-0.0157197001895808,4.0873015873015874e-05,1.005164783853197,-0.0973942460613214,0.0,,0.8626846710532213,0.9842802998104192,0.8491235266661176,0.0,0.8491235266661176,0.8508941908081566
95,2022-05-19,0.0020662601297841,4.166666666666667e-05,1.005164783853197,-0.095529227779044,0.0,,0.8491235266661176,1.002066260129784,0.8508780367545294,0.0,0.8508780367545294,0.8526523595492886
96,2022-05-20,0.0041612564754518,4.0873015873015874e-05,1.005164783853197,-0.0917654929212826,0.0,,0.8508780367545294,1.0041612564754518,0.854418758494794,0.0,0.854418758494794,0.8562004647017725
97,2022-05-23,0.0069795349344087,4.246031746031746e-05,1.005164783853197,-0.0854264384504911,0.0,,0.854418758494794,1.0069795349344086,0.8603822040683224,0.0,0.8603822040683224,0.8621763457560155
98,2022-05-24,0.0033666241149089,4.206349206349207e-05,1.005164783853197,-0.0823474130433203,0.0,,0.8603822040683224,1.0033666241149088,0.8632787875445773,0.0,0.8632787875445773,0.8650789694329419
99,2022-05-25,0.0035344884401705,4.206349206349207e-05,1.005164783853197,-0.0791039805826295,0.0,,0.8632787875445773,1.0035344884401705,0.866330036439798,0.0,0.866330036439798,0.8681365810502373
100,2022-05-26,0.0078066494337844,4.246031746031746e-05,1.005164783853197,-0.0719148681940705,0.0,,0.866330036439798,1.0078066494337845,0.8730931713282413,0.0,0.8730931713282413,0.8749138189991408
101,2022-05-27,0.0115287537752402,4.2857142857142856e-05,1.005164783853197,-0.0612152032270185,0.0,,0.8730931713282413,1.0115287537752402,0.8831588475233282,0.0,0.8831588475233282,0.8850004849929369
102,2022-05-31,-0.0092697721807612,4.603174603174603e-05,1.005164783853197,-0.0699175244198664,0.0,,0.8831588475233282,0.9907302278192388,0.8749721662073633,0.0,0.8749721662073633,0.8767967321171891
103,2022-06-01,-0.0046282523836067,4.563492063492063e-05,1.005164783853197,-0.074222180854421,0.0,,0.8749721662073633,0.9953717476163934,0.8709225741935246,0.0,0.8709225741935246,0.8727386955518291
104,2022-06-02,0.0117456018379147,4.642857142857143e-05,1.005164783853197,-0.063348363200364,0.0,,0.8709225741935246,1.0117456018379147,0.8811520839816535,0.0,0.8811520839816535,0.882989536778322
105,2022-06-03,-0.0099674281532185,4.801587301587301e-05,1.005164783853197,-0.072684371094759,0.0,,0.8811520839816535,0.9900325718467815,0.8723692638925076,0.0,0.8723692638925076,0.8741884020104403
106,2022-06-06,-0.0029463218893595,5e-05,1.005164783853197,-0.0754165414305477,0.0,,0.8723692638925076,0.9970536781106405,0.8697989832346966,0.0,0.8697989832346966,0.8716127615861727
107,2022-06-07,0.0071428292930103,5e-05,1.005164783853197,-0.0688123996188451,0.0,,0.8697989832346966,1.0071428292930102,0.8760118088911759,0.0,0.8760118088911759,0.877838542751792
108,2022-06-08,-0.008907950682617,5.07936507936508e-05,1.005164783853197,-0.077107372839305,0.0,,0.8760118088911759,0.991092049317383,0.8682083389001832,0.0,0.8682083389001832,0.8700188003056586
109,2022-06-09,-0.0124211761878817,5.158730158730159e-05,1.005164783853197,-0.088570784763765,0.0,,0.8682083389001832,0.9875788238121183,0.8574241701549159,0.0,0.8574241701549159,0.8592121435002925
110,2022-06-10,-0.0134188882670552,5.515873015873015e-05,1.005164783853197,-0.1008011515663498,0.0,,0.8574241701549159,0.9865811117329448,0.8459184910181345,0.0,0.8459184910181345,0.8476824717489652
111,2022-06-13,-0.0305177970830822,6.865079365079365e-05,1.005164783853197,-0.1282427195601891,0.0,,0.8459184910181345,0.9694822029169178,0.820102922160416,0.0,0.820102922160416,0.8218130700852446
112,2022-06-14,-0.0065843267556483,7.261904761904762e-05,1.005164783853197,-0.1339826543462202,0.0,,0.820102922160416,0.9934156732443516,0.8147030965476498,0.0,0.8147030965476498,0.8164019842997409
113,2022-06-15,0.0142049957815381,6.904761904761904e-05,1.005164783853197,-0.1216808816044694,0.0,,0.8147030965476498,1.014204995781538,0.8262759505973152,0.0,0.8262759505973152,0.8279989710427581
114,2022-06-16,-0.0119641962643828,6.30952380952381e-05,1.005164783853197,-0.1321892639197133,0.0,,0.8262759505973152,0.9880358037356172,0.8163902229558294,0.0,0.8163902229558294,0.8180926288464955
115,2022-06-17,-4.237374411794834e-05,6.468253968253968e-05,1.005164783853197,-0.1322260363097868,0.0,,0.8163902229558294,0.999957626255882,0.8163556294454215,0.0,0.8163556294454215,0.8180579631987759
116,2022-06-21,0.0081604683679746,6.746031746031747e-05,1.005164783853197,-0.1251445943285408,0.0,,0.8163556294454215,1.0081604683679746,0.8230174737365289,0.0,0.8230174737365289,0.8247336993306292
117,2022-06-22,0.0049764539678391,6.388888888888888e-05,1.005164783853197,-0.1207909166737015,0.0,,0.8230174737365289,1.0049764539678392,0.8271131823093061,0.0,0.8271131823093061,0.8288379486210739
118,2022-06-23,0.0055403896389008,6.547619047619048e-05,1.005164783853197,-0.1159197557780131,0.0,,0.8271131823093061,1.0055403896389008,0.8316957116147708,0.0,0.8316957116147708,0.8334300338039419
119,2022-06-24,0.0135065676260784,6.865079365079365e-05,1.005164783853197,-0.1039788661725489,0.0,,0.8316957116147708,1.0135065676260784,0.8429290659880151,0.0,0.8429290659880151,0.8446868129171196
120,2022-06-27,-0.0037716343574042,7.103174603174604e-05,1.005164783853197,-0.1073583302658528,0.0,,0.8429290659880151,0.9962283656425958,0.83974984576188,0.0,0.83974984576188,0.8415009631122751
121,2022-06-28,-0.0082905812843705,7.103174603174604e-05,1.005164783853197,-0.1147588485866001,0.0,,0.83974984576188,0.9917094187156295,0.8327878314070536,0.0,0.8327878314070536,0.8345244309767167
122,2022-06-29,0.0026243646424838,7.063492063492064e-05,1.005164783853197,-0.1124356530087591,0.0,,0.8327878314070536,1.0026243646424837,0.834973370346489,0.0,0.834973370346489,0.8367145273866609
123,2022-06-30,-0.0023629155046903,6.825396825396825e-05,1.005164783853197,-0.1145328925656751,0.0,,0.834973370346489,0.9976370844953097,0.8330003988236938,0.0,0.8330003988236938,0.8347374416568992
124,2022-07-01,0.0102646537714312,6.865079365079365e-05,1.0102646537714313,0.0,1.0,0.31927787923286455,0.8330003988236938,1.0102646537714313,0.8415508595090831,0.002686885736906544,0.8388639737721766,0.8433057324855576
125,2022-07-05,-0.0029953651262044,7.53968253968254e-05,1.0102646537714313,-0.0029953651262044,0.0,,0.8388639737721766,0.9970046348737956,0.8363512698795103,0.0,0.8363512698795103,0.8407797239037421
126,2022-07-06,-0.0001969691903642,7.53968253968254e-05,1.0102646537714313,-0.0031917443219249,0.0,,0.8363512698795103,0.9998030308096358,0.8361865344470221,0.0,0.8361865344470221,0.8406141162022501
127,2022-07-07,0.0071904291842626,7.738095238095238e-05,1.0142811981639783,0.0,0.0,,0.8361865344470221,1.0071904291842626,0.8421990745077973,0.0,0.8421990745077973,0.8466584924760939
128,2022-07-08,-0.0017808271324626,7.857142857142857e-05,1.0142811981639783,-0.0017808271324626,0.0,,0.8421990745077973,0.9982191728675374,0.8406992635449789,0.0,0.8406992635449789,0.8451507400607626
129,2022-07-11,-0.0055177993631824,8.650793650793651e-05,1.0142811981639783,-0.0072888002488276,0.0,,0.8406992635449789,0.9944822006368176,0.8360604536839625,0.0,0.8360604536839625,0.8404873678454622
130,2022-07-12,-0.003347961914428,8.80952380952381e-05,1.0142811981639783,-0.0106123595376207,0.0,,0.8360604536839625,0.996652038085572,0.8332613551268693,0.0,0.8332613551268693,0.8376734481483578
131,2022-07-13,-0.0007275033178801,9.484126984126983e-05,1.0142811981639783,-0.0113321423287267,0.0,,0.8332613551268693,0.9992724966821199,0.8326551547263532,0.0,0.8326551547263532,0.8370640379355297
132,2022-07-14,-0.0060033561760584,9.523809523809524e-05,1.0142811981639783,-0.017267467618148,0.0,,0.8326551547263532,0.9939966438239416,0.8276564292606999,0.0,0.8276564292606999,0.8320388443736331
133,2022-07-15,0.0136397319191816,9.404761904761906e-05,1.0142811981639783,-0.0038632593282009,0.0,,0.8276564292606999,1.0136397319191817,0.838945441077003,0.0,0.838945441077003,0.8433876311572351
134,2022-07-18,-0.0057877349383007,9.92063492063492e-05,1.0142811981639783,-0.0096286347455121,0.0,,0.838945441077003,0.9942122650616994,0.8340898472363536,0.0,0.8340898472363536,0.8385063270978558
135,2022-07-19,0.0180289025028956,0.0001,1.0226253589664995,0.0,0.0,,0.8340898472363536,1.0180289025028957,0.849127571770833,0.0,0.849127571770833,0.8536236759171641
136,2022-07-20,-0.0001671211327726,9.96031746031746e-05,1.0226253589664995,-0.0001671211327726,0.0,,0.849127571770833,0.9998328788672274,0.8489856646091701,0.0,0.8489856646091701,0.8534810173614833
137,2022-07-21,0.0094920805098115,9.84126984126984e-05,1.0321596766783214,0.0,0.0,,0.8489856646091701,1.0094920805098115,0.8570443048893163,0.0,0.8570443048893163,0.8615823278918744
138,2022-07-22,-0.0004372450237582,9.88095238095238e-05,1.0321596766783214,-0.0004372450237581,0.0,,0.8570443048893163,0.9995627549762418,0.8566695665318631,0.0,0.8566695665318631,0.8612056053064455
139,2022-07-25,-0.000387399070687,0.0001039682539681,1.0321596766783214,-0.0008244747061293,0.0,,0.8566695665318631,0.999612600929313,0.8563376935379029,0.0,0.8563376935379029,0.8608719750552793
140,2022-07-26,-0.0053845613048851,0.0001011904761904,1.0321596766783214,-0.006204596576415,0.0,,0.8563376935379029,0.9946154386951149,0.8517266907293641,0.0,0.8517266907293641,0.8562365571299366
141,2022-07-27,0.0146935190070013,9.682539682539682e-05,1.0408275008391483,0.0,0.0,,0.8517266907293641,1.0146935190070012,0.8642415530483663,0.0,0.8642415530483663,0.8688176852566148
142,2022-07-28,0.012864178512712,9.603174603174604e-05,1.0542168916108832,0.0,0.0,,0.8642415530483663,1.012864178512712,0.8753593106648838,0.0,0.8753593106648838,0.8799943110547573
143,2022-07-29,0.0073789053003044,9.563492063492065e-05,1.061995858220061,0.0,0.0,,0.8753593106648838,1.0073789053003044,0.8818185041220197,0.0,0.8818185041220197,0.886487705740837
144,2022-08-01,-0.0010798696974334,0.0001015873015873,1.061995858220061,-0.0010798696974335,0.0,,0.8818185041220197,0.9989201303025665,0.8808662550407822,0.0,0.8808662550407822,0.8855304145302602
145,2022-08-02,-0.0103616896697245,0.0001015873015873,1.061995858220061,-0.0114303700924697,0.0,,0.8808662550407822,0.9896383103302755,0.8717389922655172,0.0,0.8717389922655172,0.876354823181795
146,2022-08-03,0.0096275998041618,0.0001,1.061995858220061,-0.0019128173171715,0.0,,0.8717389922655172,1.0096275998041617,0.8801317464167329,0.0,0.8801317464167329,0.8847920167058364
147,2022-08-04,0.0009213123428635,9.92063492063492e-05,1.061995858220061,-0.0009932672765118,0.0,,0.8801317464167329,1.0009213123428635,0.8809426226580527,0.0,0.8809426226580527,0.8856071865116946
148,2022-08-05,-0.0048177852910985,0.0001023809523808,1.061995858220061,-0.0058062672191354,0.0,,0.8809426226580527,0.9951822147089014,0.876698430248309,0.0,0.876698430248309,0.8813405212348273
149,2022-08-08,0.0031862152798724,0.0001051587301587,1.061995858220061,-0.0026385519565955,0.0,,0.876698430248309,1.0031862152798725,0.8794917801826063,0.0,0.8794917801826063,0.8841486618703566
150,2022-08-09,-0.002608640225712,0.0001059523809523,1.061995858220061,-0.0052403091495359,0.0,,0.8794917801826063,0.997391359774288,0.877197502546639,0.0,0.877197502546639,0.8818422361054921
151,2022-08-10,0.014611867523209,0.0001051587301587,1.071867096628444,0.0,0.0,,0.877197502546639,1.014611867523209,0.8900149962455403,0.0,0.8900149962455403,0.8947275980358359
152,2022-08-11,-0.0031146290679226,0.0001039682539681,1.071867096628444,-0.0031146290679227,0.0,,0.8900149962455403,0.9968853709320774,0.8872429296673469,0.0,0.8872429296673469,0.891940853451121
153,2022-08-12,0.0126043930383407,0.000104365079365,1.0819967830150423,0.0,0.0,,0.8872429296673469,1.0126043930383406,0.8984260882733629,0.0,0.8984260882733629,0.903183226534972
154,2022-08-15,0.0018765539761155,0.0001079365079365,1.0840272083803535,0.0,0.0,,0.8984260882733629,1.0018765539761154,0.9001120333215581,0.0,0.9001120333215581,0.9048780986098872
155,2022-08-16,-0.0002366991653817,0.0001071428571427,1.0840272083803535,-0.0002366991653816,0.0,,0.9001120333215581,0.9997633008346183,0.8998989775545209,0.0,0.8998989775545209,0.904663914719174
156,2022-08-17,-0.0075979384003036,0.0001063492063492,1.0840272083803535,-0.0078328391400073,0.0,,0.8998989775545209,0.9924020615996964,0.8930616005565654,0.0,0.8930616005565654,0.8977903340221602
157,2022-08-18,0.0005615260112592,0.0001075396825396,1.0840272083803535,-0.0072757114716671,0.0,,0.8930616005565654,1.0005615260112593,0.8935630778749347,0.0,0.8935630778749347,0.8982944666473708
158,2022-08-19,-0.0108390452108339,0.00010873015873,1.0840272083803535,-0.0180358949169188,0.0,,0.8935630778749347,0.9891609547891661,0.8838777072751164,0.0,0.8838777072751164,0.8885578123107379
159,2022-08-22,-0.0152237622574796,0.0001119047619046,1.0840272083803535,-0.0329850829980825,0.0,,0.8838777072751164,0.9847762377425204,0.8704217631948739,0.0,0.8704217631948739,0.875030619424093
160,2022-08-23,-0.0032201953234302,0.0001111111111111,1.0840272083803535,-0.0360990599114994,0.0,,0.8704217631948739,0.9967798046765698,0.8676188351036218,0.0,0.8676188351036218,0.8722128499155652
161,2022-08-24,0.0011961120937083,0.0001119047619046,1.0840272083803535,-0.0349461263399227,0.0,,0.8676188351036218,1.0011961120937083,0.8686566044850184,0.0,0.8686566044850184,0.873256114253637
162,2022-08-25,0.011391023079353,0.0001142857142857,1.0840272083803535,-0.0239531753922418,0.0,,0.8686566044850184,1.011391023079353,0.8785514919147396,0.0,0.8785514919147396,0.8832033948052863
163,2022-08-26,-0.0215407928665479,0.0001146825396825,1.0840272083803535,-0.0449779978691692,0.0,,0.8785514919147396,0.9784592071334521,0.8596267962048075,0.0,0.8596267962048075,0.8641784934187537
164,2022-08-29,-0.0061046804456199,0.0001178571428571,1.0840272083803535,-0.0508081020107141,0.0,,0.8596267962048075,0.9938953195543802,0.8543790493114852,0.0,0.8543790493114852,0.858902959868455
165,2022-08-30,-0.006778724685583,0.0001178571428571,1.0840272083803535,-0.0572424125609696,0.0,,0.8543790493114852,0.993221275314417,0.8485874489590725,0.0,0.8485874489590725,0.8530806931718744
166,2022-08-31,-0.006985594373163,0.0001174603174603,1.0840272083803535,-0.0638281346590405,0.0,,0.8485874489590725,0.993014405626837,0.8426595612504871,0.0,0.8426595612504871,0.8471214174817989
167,2022-09-01,-0.0012602154565719,0.0001178571428571,1.0840272083803535,-0.065007912913751,0.0,,0.8426595612504871,0.9987397845434282,0.8415976286467712,0.0,0.8415976286467712,0.8460538619778952
168,2022-09-02,-0.0070732289373251,0.0001166666666666,1.0840272083803535,-0.0716213260002995,0.0,,0.8415976286467712,0.9929267710626749,0.8356448159462427,0.0,0.8356448159462427,0.8400695293188174
169,2022-09-06,-0.0041160900378387,0.0001206349206349,1.0840272083803535,-0.0754426162116918,0.0,,0.8356448159462427,0.9958839099621613,0.8322052266441549,0.0,0.8322052266441549,0.8366117274980963
170,2022-09-07,0.014731768926411,0.0001218253968253,1.0840272083803535,-0.0618222504745153,0.0,,0.8322052266441549,1.014731768926411,0.8444650817424281,0.0,0.8444650817424281,0.8489364981487239
171,2022-09-08,0.0019345769691564,0.0001214285714285,1.0840272083803535,-0.0600072734073081,0.0,,0.8444650817424281,1.0019345769691563,0.8460987644408237,0.0,0.8460987644408237,0.8505788311463188
172,2022-09-09,0.0115537862042805,0.0001222222222222,1.0840272083803535,-0.0491467984106774,0.0,,0.8460987644408237,1.0115537862042805,0.8558744086728788,0.0,0.8558744086728788,0.8604062371112702
173,2022-09-12,0.0065893629033844,0.0001257936507936,1.0840272083803535,-0.0428812815975605,0.0,,0.8558744086728788,1.0065893629033844,0.8615140757513439,0.0,0.8615140757513439,0.8660757660519317
174,2022-09-13,-0.0291722713516905,0.0001301587301587,1.0840272083803535,-0.0708026085665788,0.0,,0.8615140757513439,0.9708277286483095,0.8363817533602248,0.0,0.8363817533602248,0.8408103687935415
175,2022-09-14,0.0005783993414123,0.0001285714285714,1.0840272083803535,-0.0702651614073315,0.0,,0.8363817533602248,1.0005783993414124,0.8368655160155377,0.0,0.8368655160155377,0.8412966929571044
176,2022-09-15,-0.0096977880038354,0.0001277777777777,1.0840272083803535,-0.0792815327717834,0.0,,0.8368655160155377,0.9903022119961646,0.8287497716534987,0.0,0.8287497716534987,0.8331379759804786
177,2022-09-16,-0.0036161276347443,0.0001269841269841,1.0840272083803535,-0.0826109682649467,0.0,,0.8287497716534987,0.9963838723652557,0.8257529067019345,0.0,0.8257529067019345,0.8301252427219806
178,2022-09-19,0.0029586029747798,0.0001337301587301,1.0840272083803535,-0.079896778346625,0.0,,0.8257529067019345,1.00295860297478,0.8281959817081359,0.0,0.8281959817081359,0.8325812537345377
179,2022-09-20,-0.0133084664594627,0.0001329365079365,1.0840272083803535,-0.0921419412112424,0.0,,0.8281959817081359,0.9866915335405373,0.8171739632637114,0.0,0.8171739632637114,0.8215008740444342
180,2022-09-21,-0.0095525530146157,0.0001313492063492,1.0840272083803535,-0.1008143034475682,0.0,,0.8171739632637114,0.9904474469853843,0.8093678656574712,0.0,0.8093678656574712,0.8136534433935715
181,2022-09-22,-0.0088842190082907,0.0001305555555555,1.0840272083803535,-0.1088028661048625,0.0,,0.8093678656574712,0.9911157809917093,0.8021772642806974,0.0,0.8021772642806974,0.8064247680056131
182,2022-09-23,-0.0135180274851069,0.0001285714285714,1.0840272083803535,-0.1208500934555056,0.0,,0.8021772642806974,0.9864819725148931,0.7913334099742231,0.0,0.7913334099742231,0.7955234958270422
183,2022-09-26,-0.0151170050110699,0.0001345238095238,1.0840272083803535,-0.1341402069982205,0.0,,0.7913334099742231,0.9848829949889301,0.7793708188502156,0.0,0.7793708188502156,0.7834975631542009
184,2022-09-27,-0.0072536903419676,0.0001329365079365,1.0840272083803535,-0.1404208858162156,0.0,,0.7793708188502156,0.9927463096580325,0.7737175042687104,0.0,0.7737175042687104,0.7778143144473941
185,2022-09-28,0.0198825058465861,0.0001349206349206,1.0840272083803535,-0.1233302990528532,0.0,,0.7737175042687104,1.0198825058465861,0.7891009470709391,0.0,0.7891009470709391,0.7932792121019528
186,2022-09-29,-0.0161008781852616,0.0001333333333333,1.0840272083803535,-0.1374454511165128,0.0,,0.7891009470709391,0.9838991218147384,0.7763957288462754,0.0,0.7763957288462754,0.780506720140999
187,2022-09-30,-0.0050609837449661,0.0001321428571428,1.0840272083803535,-0.1418108256675587,0.0,,0.7763957288462754,0.9949390162550339,0.7724664026829233,0.0,0.7724664026829233,0.7765565883175286
188,2022-10-03,0.019864220909937,0.0001373015873015,1.0198642209099371,0.0,1.0,0.06181521036913866,0.7724664026829233,1.019864220909937,0.7878108459513212,0.0004869869317357001,0.7873238590195856,0.791982279936935
189,2022-10-04,0.0209969349331668,0.0001369047619047,1.041278243597048,0.0,0.0,,0.7873238590195856,1.020996934933167,0.8038552468587497,0.0,0.8038552468587497,0.808611480336992
190,2022-10-05,-0.0074446191124628,0.0001373015873015,1.041278243597048,-0.0074446191124629,0.0,,0.8038552468587497,0.9925553808875373,0.7978708507243315,0.0,0.7978708507243315,0.8025916758559184
191,2022-10-06,-0.0123922608937127,0.0001373015873015,1.041278243597048,-0.0197446243438795,0.0,,0.7978708507243315,0.9876077391062873,0.7879834269826671,0.0,0.7879834269826671,0.7926457504175898
192,2022-10-07,-0.019076204138247,0.0001369047619047,1.041278243597048,-0.0384441759975098,0.0,,0.7879834269826671,0.980923795861753,0.7729516942719903,0.0,0.7729516942719903,0.7775250782733099
193,2022-10-10,-0.0063980830762989,0.0001369047619047,1.041278243597048,-0.0445962900419768,0.0,,0.7729516942719903,0.9936019169237011,0.7680062851180721,0.0,0.7680062851180721,0.7725504082286113
194,2022-10-11,-0.002353376358397,0.0001456349206349,1.041278243597048,-0.0468447145457169,0.0,,0.7680062851180721,0.997646623641603,0.7661988772835749,0.0,0.7661988772835749,0.7707323063622161
195,2022-10-12,-0.0038753238701684,0.0001468253968253,1.041278243597048,-0.0505384999754152,0.0,,0.7661988772835749,0.9961246761298316,0.7632296084851417,0.0,0.7632296084851417,0.7677454690578606
196,2022-10-13,0.0149828759424741,0.0001503968253968,1.041278243597048,-0.0363128361083914,0.0,,0.7632296084851417,1.0149828759424742,0.7746649830246977,0.0,0.7746649830246977,0.7792485041761511
197,2022-10-14,-0.0171025310329664,0.0001511904761904,1.041278243597048,-0.0527943257349191,0.0,,0.7746649830246977,0.9828974689670336,0.7614162511123653,0.0,0.7614162511123653,0.7659213824510858
198,2022-10-17,0.0200937744057812,0.0001575396825396,1.041278243597048,-0.0337613886003607,0.0,,0.7614162511123653,1.0200937744057812,0.7767159774911129,0.0,0.7767159774911129,0.7813116339226219
199,2022-10-18,0.0082988457491269,0.0001603174603174,1.041278243597048,-0.0257427234075044,0.0,,0.7767159774911129,1.0082988457491269,0.783161823579194,0.0,0.783161823579194,0.7877956186545441
200,2022-10-19,-0.0119071685079802,0.0001615079365079,1.041278243597048,-0.0373433689700173,0.0,,0.783161823579194,0.9880928314920198,0.7738365837768194,0.0,0.7738365837768194,0.7784152034733759
201,2022-10-20,-0.0063385215543225,0.0001623015873015,1.041278243597048,-0.0434451887752124,0.0,,0.7738365837768194,0.9936614784456775,0.7689316039110268,0.0,0.7689316039110268,0.7734812019279476
202,2022-10-21,0.0133199715140449,0.0001623015873015,1.041278243597048,-0.0307039059380754,0.0,,0.7689316039110268,1.0133199715140448,0.7791737509713704,0.0,0.7791737509713704,0.7837839495042772
203,2022-10-24,0.0047270859320891,0.0001650793650793,1.041278243597048,-0.0261219600078063,0.0,,0.7791737509713704,1.0047270859320891,0.7828569722482404,0.0,0.7828569722482404,0.7874889635857761
204,2022-10-25,0.0189743806803347,0.0001642857142857,1.041278243597048,-0.0076432273407763,0.0,,0.7828569722482404,1.0189743806803346,0.7977111984579326,0.0,0.7977111984579326,0.8024310789624148
205,2022-10-26,0.0003777767968517,0.0001630952380952,1.041278243597048,-0.0072683379778669,0.0,,0.7977111984579326,1.0003777767968518,0.7980125552392988,0.0,0.7980125552392988,0.8027342188051196
206,2022-10-27,-0.0019363465748681,0.0001638888888888,1.041278243597048,-0.0091906105313867,0.0,,0.7980125552392988,0.9980636534251319,0.7964673263612595,0.0,0.7964673263612595,0.8011798471500069
207,2022-10-28,0.0150101798502372,0.000165873015873,1.047194387353005,0.0,0.0,,0.7964673263612595,1.0150101798502371,0.8084224441747795,0.0,0.8084224441747795,0.8132057007481142
208,2022-10-31,-0.0059736194489267,0.0001674603174603,1.047194387353005,-0.0059736194489266,0.0,,0.8084224441747795,0.9940263805510733,0.8035932361393081,0.0,0.8035932361393081,0.8083479193581471
209,2022-11-01,0.0011388401279039,0.0001678571428571,1.047194387353005,-0.0048415823185599,0.0,,0.8035932361393081,1.001138840127904,0.8045084003631358,0.0,0.8045084003631358,0.8092684984060199
210,2022-11-02,-0.0171712770128669,0.0001674603174603,1.047194387353005,-0.0219297231802543,0.0,,0.8045084003631358,0.9828287229871331,0.790693963761322,0.0,0.790693963761322,0.7953723248421033
211,2022-11-03,-0.0065338129021158,0.0001686507936507,1.047194387353005,-0.028320251374115,0.0,,0.790693963761322,0.9934661870978841,0.7855277173392731,0.0,0.7855277173392731,0.7901755108840641
212,2022-11-04,0.0133274730385844,0.0001670634920634,1.047194387353005,-0.0153702157221651,0.0,,0.7855277173392731,1.0133274730385844,0.795996816813173,0.0,0.795996816813173,0.8007065537011211
213,2022-11-07,0.0031436720957935,0.000170238095238,1.047194387353005,-0.0122748625446436,0.0,,0.795996816813173,1.0031436720957936,0.7984991697945291,0.0,0.7984991697945291,0.8032237125509104
214,2022-11-08,0.0060428535669512,0.0001698412698412,1.047194387353005,-0.0063061841746041,0.0,,0.7984991697945291,1.0060428535669512,0.8033243833509295,0.0,0.8033243833509295,0.8080774758273584
215,2022-11-09,-0.0108785498512867,0.000170238095238,1.047194387353005,-0.0171161318869761,0.0,,0.8033243833509295,0.9891214501487133,0.7945853789998922,0.0,0.7945853789998922,0.7992867647228685
216,2022-11-10,0.0480831359714098,0.0001698412698412,1.0787610220733186,0.0,0.0,,0.7945853789998922,1.0480831359714098,0.8327915358192383,0.0,0.8327915358192383,0.8377189789111864
217,2022-11-11,0.0055284345255245,0.0001698412698412,1.0847248817525388,0.0,0.0,,0.8327915358192383,1.0055284345255244,0.8373955692984258,0.0,0.8373955692984258,0.8423502534368861
218,2022-11-14,-0.0089347533485047,0.0001722222222222,1.0847248817525388,-0.0089347533485046,0.0,,0.8373955692984258,0.9910652466514953,0.8299136464316137,0.0,0.8299136464316137,0.8348240616893771
219,2022-11-15,0.0091654214237714,0.0001710317460317,1.0848862641868189,0.0,0.0,,0.8299136464316137,1.0091654214237713,0.8375201547464982,0.0,0.8375201547464982,0.8424755760294649
220,2022-11-16,-0.002075839123777,0.0001714285714285,1.0848862641868189,-0.0020758391237769,0.0,,0.8375201547464982,0.997924160876223,0.8357815976423237,0.0,0.8357815976423237,0.8407267322679163
221,2022-11-17,-0.0032894960487981,0.0001714285714285,1.0848862641868189,-0.0053585067079795,0.0,,0.8357815976423237,0.9967105039512019,0.8330322973792211,0.0,0.8330322973792211,0.8379611650040019
222,2022-11-18,0.0042953255737005,0.0001722222222222,1.0848862641868189,-0.0010861976651785,0.0,,0.8330322973792211,1.0042953255737006,0.8366104423098727,0.0,0.8366104423098727,0.8415604810258115
223,2022-11-21,-0.00139403598476,0.000175,1.0848862641868189,-0.0024787194513068,0.0,,0.8366104423098727,0.99860596401524,0.8354441772480667,0.0,0.8354441772480667,0.8403873154319095
224,2022-11-22,0.0099252739042155,0.0001746031746031,1.0929382384895312,0.0,0.0,,0.8354441772480667,1.0099252739042155,0.8437361895389358,0.0,0.8437361895389358,0.8487283897231995
225,2022-11-23,0.0064829322411136,0.0001746031746031,1.1000236830333807,0.0,0.0,,0.8437361895389358,1.0064829322411135,0.8492060740850921,0.0,0.8492060740850921,0.8542306383648844
226,2022-11-25,0.0018775205043098,0.000175,1.1020890000535022,0.0,0.0,,0.8492060740850921,1.0018775205043098,0.8508004759015713,0.0,0.8508004759015713,0.8558344739038242
227,2022-11-28,-0.0127230755496206,0.000175,1.1020890000535022,-0.0127230755496206,0.0,,0.8508004759015713,0.9872769244503794,0.8399756771690224,0.0,0.8399756771690224,0.844945627234376
228,2022-11-29,0.0008244385458292,0.0001738095238095,1.1020890000535022,-0.0119091263976958,0.0,,0.8399756771690224,1.0008244385458291,0.8406681854948396,0.0,0.8406681854948396,0.8456422329785981
229,2022-11-30,0.0213349738355997,0.0001734126984126,1.112197103065875,0.0,0.0,,0.8406681854948396,1.0213349738355997,0.8586038192367931,0.0,0.8586038192367931,0.8636839878934746
230,2022-12-01,0.0043918543692583,0.0001718253968253,1.117081710772451,0.0,0.0,,0.8586038192367931,1.0043918543692583,0.86237468217177,0.0,0.86237468217177,0.8674771621893629
231,2022-12-02,0.000867767387201,0.0001722222222222,1.1180510778498984,0.0,0.0,,0.86237468217177,1.000867767387201,0.8631230227965065,0.0,0.8631230227965065,0.8682299305798525
232,2022-12-05,-0.0136478942893034,0.0001730158730158,1.1180510778498984,-0.0136478942893034,0.0,,0.8631230227965065,0.9863521057106966,0.8513432110227158,0.0,0.8513432110227158,0.8563804202684894
233,2022-12-06,-0.0063891037963414,0.0001734126984126,1.1180510778498984,-0.0199498002724289,0.0,,0.8513432110227158,0.9936108962036586,0.8459038908811811,0.0,0.8459038908811811,0.8509089168742395
234,2022-12-07,0.0029424503024266,0.000170238095238,1.1180510778498984,-0.0170660512658471,0.0,,0.8459038908811811,1.0029424503024267,0.8483929210407284,0.0,0.8483929210407284,0.8534126740740337
235,2022-12-08,0.0040556962938784,0.0001698412698412,1.1180510778498984,-0.0130795696928387,0.0,,0.8483929210407284,1.0040556962938785,0.851833745066346,0.0,0.851833745066346,0.8568738566934246
236,2022-12-09,-0.0054976966786174,0.0001710317460317,1.1180510778498984,-0.0185053588645981,0.0,,0.851833745066346,0.9945023033213826,0.8471506215153605,0.0,0.8471506215153605,0.8521630241374871
237,2022-12-12,0.0072607602616777,0.0001738095238095,1.1180510778498984,-0.0113789615771927,0.0,,0.8471506215153605,1.0072607602616777,0.8533015790837147,0.0,0.8533015790837147,0.8583503755596157
238,2022-12-13,0.0093976486765347,0.000172619047619,1.1180510778498984,-0.0020882483838642,0.0,,0.8533015790837147,1.0093976486765348,0.8613206075390759,0.0,0.8613206075390759,0.8664168508304967
239,2022-12-14,-0.0027804623184222,0.0001718253968253,1.1180510778498984,-0.0048629044063436,0.0,,0.8613206075390759,0.9972195376815778,0.858925738045733,0.0,0.858925738045733,0.8640078114247165
240,2022-12-15,-0.0150645279213856,0.0001722222222222,1.1180510778498984,-0.0198541749685209,0.0,,0.858925738045733,0.9849354720786144,0.8459864272825464,0.0,0.8459864272825464,0.8509919416252135
241,2022-12-16,-0.0105430034995188,0.0001710317460317,1.1180510778498984,-0.0301878558318665,0.0,,0.8459864272825464,0.9894569965004812,0.8370671894191611,0.0,0.8370671894191611,0.8420199306065965
242,2022-12-19,-0.0080745167816806,0.0001734126984126,1.1180510778498984,-0.0380186202650298,0.0,,0.8370671894191611,0.9919254832183194,0.830308276350802,0.0,0.830308276350802,0.835221026546404
243,2022-12-20,-0.0022348375890485,0.000172619047619,1.1180510778498984,-0.0401684924124263,0.0,,0.830308276350802,0.9977651624109515,0.8284526722043151,0.0,0.8284526722043151,0.8333544432011144
244,2022-12-21,0.0099447442415377,0.0001718253968253,1.1180510778498984,-0.0306232135544983,0.0,,0.8284526722043151,1.0099447442415377,0.8366914221456054,0.0,0.8366914221456054,0.8416419400012985
245,2022-12-22,-0.0071711243265546,0.000172619047619,1.1180510778498984,-0.0375747350093751,0.0,,0.8366914221456054,0.9928288756734454,0.8306914039344375,0.0,0.8306914039344375,0.8356064210111066
246,2022-12-23,0.00294243227053,0.0001722222222222,1.1180510778498984,-0.0347428638516932,0.0,,0.8306914039344375,1.00294243227053,0.8331356571282261,0.0,0.8331356571282261,0.8380651363097518
247,2022-12-27,-0.0040334825871952,0.0001769841269841,1.1180510778498984,-0.0386362117025134,0.0,,0.8331356571282261,0.9959665174128048,0.829775218962428,0.0,0.829775218962428,0.834684815175511
248,2022-12-28,-0.0096418828863151,0.0001769841269841,1.1180510778498984,-0.0479055687604219,0.0,,0.829775218962428,0.9903581171136849,0.8217746234792258,0.0,0.8217746234792258,0.826636881940603
249,2022-12-29,0.0136576433050122,0.0001765873015873,1.1180510778498984,-0.0349022026258634,0.0,,0.8217746234792258,1.0136576433050122,0.8329981281638158,0.0,0.8329981281638158,0.8379267936169152
250,2022-12-30,-0.005778288443246,0.0001753968253968,1.1180510778498984,-0.0404788160750325,0.0,,0.8329981281638158,0.994221711556754,0.8281848247066013,0.0,0.8281848247066013,0.8330850109090724
251,2023-01-03,0.0035610127314011,0.0001797619047619,1.0035610127314012,0.0,1.0,0.42589325222411245,0.8281848247066013,1.0035610127314012,0.8311340014113348,0.0035397436289511344,0.8275942577823836,0.8360516372392591
252,2023-01-04,0.0098405679782846,0.0001805555555555,1.013436623097541,0.0,0.0,,0.8275942577823836,1.0098405679782847,0.8357382553345292,0.0,0.8357382553345292,0.8442788602088682
253,2023-01-05,-0.0071507453822719,0.0001849206349206,1.013436623097541,-0.0071507453822717,0.0,,0.8357382553345292,0.9928492546177281,0.8297621038644079,0.0,0.8297621038644079,0.8382416370478799
254,2023-01-06,0.0200148993524783,0.0001853174603174,1.0263285833380231,0.0,0.0,,0.8297621038644079,1.0200148993524782,0.8463697088597546,0.0,0.8463697088597546,0.8550189590464499
255,2023-01-09,0.0012612739052818,0.0001865079365079,1.027623064798432,0.0,0.0,,0.8463697088597546,1.0012612739052817,0.8474372128877603,0.0,0.8474372128877603,0.8560973721480163
256,2023-01-10,0.0035328600992682,0.0001876984126984,1.0312535133211462,0.0,0.0,,0.8474372128877603,1.0035328600992681,0.8504310900038065,0.0,0.8504310900038065,0.8591218443951663
257,2023-01-11,0.0074221495760984,0.0001873015873015,1.0389076311478929,0.0,0.0,,0.8504310900038065,1.0074221495760984,0.8567431167579791,0.0,0.8567431167579791,0.8654983752283607
258,2023-01-12,0.0096854588098238,0.0001849206349206,1.0489699282165874,0.0,0.0,,0.8567431167579791,1.0096854588098239,0.8650410669259386,0.0,0.8650410669259386,0.8738811240916045
259,2023-01-13,0.0027046894747935,0.0001853174603174,1.0518070661408097,0.0,0.0,,0.8650410669259386,1.0027046894747935,0.8673807343949174,0.0,0.8673807343949174,0.8762447011701557
260,2023-01-17,-0.0026652846973718,0.0001869047619047,1.0518070661408097,-0.0026652846973718,0.0,,0.8673807343949174,0.9973347153026282,0.8650689177967394,0.0,0.8650689177967394,0.8739092595769737
261,2023-01-18,-0.0043771546925799,0.0001861111111111,1.0518070661408097,-0.0070307730265315,0.0,,0.8650689177967394,0.9956228453074201,0.8612823773238004,0.0,0.8612823773238004,0.8700840235605274
262,2023-01-19,-0.0016823980350225,0.0001869047619047,1.0518070661408097,-0.0087013425028296,0.0,,0.8612823773238004,0.9983176019649775,0.8598333575445913,0.0,0.8598333575445913,0.8686201959089846
263,2023-01-20,0.0055172929192041,0.0001873015873015,1.0518070661408097,-0.0032320574390037,0.0,,0.8598333575445913,1.005517292919204,0.8645773100398675,0.0,0.8645773100398675,0.873412627965351
264,2023-01-23,0.0046946817992705,0.0001876984126984,1.053329505203269,0.0,0.0,,0.8645773100398675,1.0046946817992706,0.868636225401374,0.0,0.868636225401374,0.877513022333113
265,2023-01-24,0.0010859436854498,0.0001873015873015,1.0544733617281423,0.0,0.0,,0.868636225401374,1.0010859436854498,0.8695795154253015,0.0,0.8695795154253015,0.8784659520586157
266,2023-01-25,0.0034572819220622,0.0001873015873015,1.0581189734189411,0.0,0.0,,0.8695795154253015,1.0034572819220622,0.872585896963777,0.0,0.872585896963777,0.8815030565138151
267,2023-01-26,0.0008760958889705,0.0001869047619047,1.0590459871015954,0.0,0.0,,0.872585896963777,1.0008760958889704,0.8733503658808806,0.0,0.8733503658808806,0.8822753377177419
268,2023-01-27,-0.000586870144386,0.0001876984126984,1.0590459871015954,-0.0005868701443859,0.0,,0.8733503658808806,0.999413129855614,0.8728378226255565,0.0,0.8728378226255565,0.8817575566629072
269,2023-01-30,-0.0067431473168799,0.0001873015873015,1.0590459871015954,-0.0073260601094264,0.0,,0.8728378226255565,0.9932568526831201,0.8669521486038477,0.0,0.8669521486038477,0.8758117355605571
270,2023-01-31,0.0104485386491222,0.0001865079365079,1.0622717690758048,0.0,0.0,,0.8669521486038477,1.0104485386491222,0.8760105316354746,0.0,0.8760105316354746,0.8849626883289164
271,2023-02-01,0.0100347585026287,0.0001849206349206,1.0729314097426408,0.0,0.0,,0.8760105316354746,1.0100347585026288,0.8848010857661961,0.0,0.8848010857661961,0.8938430751901343
272,2023-02-02,0.0019758951066852,0.0001849206349206,1.0750514096649602,0.0,0.0,,0.8848010857661961,1.0019758951066853,0.8865493599019514,0.0,0.8865493599019514,0.895609215348547
273,2023-02-03,-0.0118623628218739,0.0001865079365079,1.0750514096649602,-0.0118623628218739,0.0,,0.8865493599019514,0.9881376371781261,0.8760327897352943,0.0,0.8760327897352943,0.8849851738894687
274,2023-02-06,-0.0071964624632917,0.0001869047619047,1.0750514096649602,-0.018973458236392,0.0,,0.8760327897352943,0.9928035375367082,0.8697284526473515,0.0,0.8697284526473515,0.8786164113050035
275,2023-02-07,0.0038728454483977,0.0001869047619047,1.0750514096649602,-0.0151740940593653,0.0,,0.8697284526473515,1.0038728454483976,0.8730967765265287,0.0,0.8730967765265287,0.8820191568744137
276,2023-02-08,-0.0049176684777441,0.0001873015873015,1.0750514096649602,-0.0200171413730754,0.0,,0.8730967765265287,0.9950823315222559,0.8688031760305842,0.0,0.8688031760305842,0.8776816790698859
277,2023-02-09,-0.0064883039458091,0.0001892857142857,1.0750514096649602,-0.0263755680215298,0.0,,0.8688031760305842,0.9935116960541909,0.8631661169554135,0.0,0.8631661169554135,0.8719870135684124
278,2023-02-10,8.937457252211503e-05,0.0001900793650793,1.0750514096649602,-0.0262885507541246,0.0,,0.8631661169554135,1.0000893745725221,0.863243262058132,0.0,0.863243262058132,0.8720649470349948
279,2023-02-13,0.0060085814202754,0.000190873015873,1.0750514096649602,-0.0204379262314763,0.0,,0.863243262058132,1.0060085814202755,0.8684301294837125,0.0,0.8684301294837125,0.8773048202730228
280,2023-02-14,-0.0014459758168767,0.0001904761904761,1.0750514096649602,-0.0218543493012752,0.0,,0.8684301294837125,0.9985540241831233,0.8671744005178319,0.0,0.8671744005178319,0.8760362587188786
281,2023-02-15,-0.0008524786779877,0.0001900793650793,1.0750514096649602,-0.0226881976124623,0.0,,0.8671744005178319,0.9991475213220123,0.8664351528312937,0.0,0.8664351528312937,0.8752894564871767
282,2023-02-16,-0.0061504247877412,0.0001920634920634,1.0750514096649602,-0.0286990803472187,0.0,,0.8664351528312937,0.9938495752122588,0.8611062085903498,0.0,0.8611062085903498,0.8699060545175493
283,2023-02-17,0.0020351288406715,0.0001920634920634,1.0750514096649602,-0.0267223578326627,0.0,,0.8611062085903498,1.0020351288406715,0.8628586706703333,0.0,0.8628586706703333,0.8716764254177727
284,2023-02-21,-0.0149773582889067,0.000192857142857,1.0750514096649602,-0.0412994857939854,0.0,,0.8628586706703333,0.9850226417110933,0.8499353272070139,0.0,0.8499353272070139,0.8586210152822972
285,2023-02-22,-0.0010966215136045,0.0001920634920634,1.0750514096649602,-0.0423508174029674,0.0,,0.8499353272070139,0.9989033784863955,0.8490032698420262,0.0,0.8490032698420262,0.8576794330049056
286,2023-02-23,0.0041650299744991,0.0001920634920634,1.0750514096649602,-0.0383621798523962,0.0,,0.8490032698420262,1.004165029974499,0.852539393909366,0.0,0.852539393909366,0.8612516935518824
287,2023-02-24,-0.0091673371652328,0.000192857142857,1.0750514096649602,-0.0471778379805288,0.0,,0.852539393909366,0.9908326628347672,0.8447238778387556,0.0,0.8447238778387556,0.8533563088929644
288,2023-02-27,0.0033677282798669,0.0001940476190476,1.0750514096649602,-0.0439689918398119,0.0,,0.8447238778387556,1.003367728279867,0.847568678330832,0.0,0.847568678330832,0.8562301810672261
289,2023-02-28,-0.0017567786898712,0.0001936507936507,1.0750514096649602,-0.0456485267418038,0.0,,0.847568678330832,0.9982432213101288,0.8460796877385381,0.0,0.8460796877385381,0.8547259741315026
290,2023-03-01,-0.0004468852942839,0.0001944444444444,1.0750514096649602,-0.0460750123807811,0.0,,0.8460796877385381,0.9995531147057161,0.8457015871682955,0.0,0.8457015871682955,0.8543440096630207
291,2023-03-02,0.0022301826854807,0.0001948412698412,1.0750514096649602,-0.0439475853901453,0.0,,0.8457015871682955,1.0022301826854807,0.8475876562050817,0.0,0.8475876562050817,0.8562493528808154
292,2023-03-03,0.01178545121727,0.0001948412698412,1.0750514096649602,-0.0326800762966077,0.0,,0.8475876562050817,1.01178545121727,0.8575768591796469,0.0,0.8575768591796469,0.8663406378590112
293,2023-03-06,-0.0046472027752692,0.0001956349206349,1.0750514096649602,-0.0371754081306154,0.0,,0.8575768591796469,0.9953527972247308,0.8535915256196606,0.0,0.8535915256196606,0.8623145772424242
294,2023-03-07,-0.0112218293607441,0.0002,1.0750514096649602,-0.0479800614049018,0.0,,0.8535915256196606,0.9887781706392559,0.8440126671753795,0.0,0.8440126671753795,0.8526378302013276
295,2023-03-08,0.0009076893537668,0.0002007936507936,1.0750514096649602,-0.0471159230420653,0.0,,0.8440126671753795,1.0009076893537667,0.8447787684878189,0.0,0.8447787684878189,0.8534117604824201
296,2023-03-09,-0.0077114831169889,0.0002003968253968,1.0750514096649602,-0.054464072513974,0.0,,0.8447787684878189,0.9922885168830111,0.8382642712770344,0.0,0.8382642712770344,0.8468306900996201
297,2023-03-10,-0.0021473491376292,0.0001988095238095,1.0750514096649602,-0.0564944682724586,0.0,,0.8382642712770344,0.9978526508623708,0.8364642252170024,0.0,0.8364642252170024,0.8450122489475167
298,2023-03-13,-0.0003420110476365,0.0001932539682539,1.0750514096649602,-0.0568171575878156,0.0,,0.8364642252170024,0.9996579889523635,0.8361781452110254,0.0,0.8361781452110254,0.8447232454229884
299,2023-03-14,0.0057643579174363,0.0001936507936507,1.0750514096649602,-0.0513803141025669,0.0,,0.8361781452110254,1.0057643579174362,0.8409981753227598,0.0,0.8409981753227598,0.8495925325507848
300,2023-03-15,-0.0052820156837528,0.000188492063492,1.0750514096649602,-0.0563909381613938,0.0,,0.8409981753227598,0.9947179843162473,0.8365560097706976,0.0,0.8365560097706976,0.8451049714690523
301,2023-03-16,0.007545444210707,0.0001880952380952,1.0750514096649602,-0.0492709886285731,0.0,,0.8365560097706976,1.007545444210707,0.842868196471554,0.0,0.842868196471554,0.8514816638834631
302,2023-03-17,-0.0030054490845596,0.000179365079365,1.0750514096649602,-0.0521283562654635,0.0,,0.842868196471554,0.9969945509154404,0.8403349990220642,0.0,0.8403349990220642,0.8489225790962254
303,2023-03-20,0.0061106470283495,0.000190873015873,1.0750514096649602,-0.0463362472224202,0.0,,0.8403349990220642,1.0061106470283494,0.8454699895866564,0.0,0.8454699895866564,0.8541100453314786
304,2023-03-21,0.0046678637553062,0.0001896825396825,1.0750514096649602,-0.0418846747560804,0.0,,0.8454699895866564,1.0046678637553061,0.849416528307247,0.0,0.849416528307247,0.8580969146551243
305,2023-03-22,-0.0043146788059737,0.0001900793650793,1.0750514096649602,-0.046018634643589,0.0,,0.849416528307247,0.9956853211940263,0.8457515688151159,0.0,0.8457515688151159,0.8543945020839904
306,2023-03-23,0.0020357844078072,0.0001876984126984,1.0750514096649602,-0.0440765342546577,0.0,,0.8457515688151159,1.0020357844078072,0.8474733366717881,0.0,0.8474733366717881,0.8561338650894491
307,2023-03-24,0.0021478470080434,0.0001880952380952,1.0750514096649602,-0.0420233568988381,0.0,,0.8474733366717881,1.0021478470080434,0.8492935797423552,0.0,0.8492935797423552,0.8579727096500661
308,2023-03-27,-0.0005318619209412,0.0001948412698412,1.0750514096649602,-0.0425328681964548,0.0,,0.8492935797423552,0.9994681380790588,0.8488418728275904,0.0,0.8488418728275904,0.8575163866365965
309,2023-03-28,0.0005739268005684,0.0001904761904761,1.0750514096649602,-0.0419833521488494,0.0,,0.8488418728275904,1.0005739268005684,0.8493290459278509,0.0,0.8493290459278509,0.8580085382728139
310,2023-03-29,0.0073951848946861,0.0001904761904761,1.0750514096649602,-0.0348986419058025,0.0,,0.8493290459278509,1.007395184894686,0.8556099912589146,0.0,0.8556099912589146,0.8643536700545609
311,2023-03-30,0.0045763162875709,0.0001972222222222,1.0750514096649602,-0.0304820328415992,0.0,,0.8556099912589146,1.004576316287571,0.8595255331977212,0.0,0.8595255331977212,0.8683092258330533
312,2023-03-31,0.0078953040307429,0.0001924603174603,1.0750514096649602,-0.0228273937276157,0.0,,0.8595255331977212,1.0078953040307428,0.8663117486045034,0.0,0.8663117486045034,0.8751647911637043
313,2023-04-03,0.0045365192154615,0.0001944444444444,1.0045365192154616,0.0,1.0,0.3027511002897874,0.8663117486045034,1.0045365192154616,0.8702417884986279,0.002634666589861121,0.8676071219087668,0.8791349930555139
314,2023-04-04,0.0012904738147251,0.0001936507936507,1.0058328472894444,0.0,0.0,,0.8676071219087668,1.001290473814725,0.8687267461810589,0.0,0.8687267461810589,0.8802694937436607
315,2023-04-05,-0.0016278760592618,0.000192857142857,1.0058328472894444,-0.0016278760592618,0.0,,0.8687267461810589,0.9983721239407382,0.8673125667089103,0.0,0.8673125667089103,0.8788365241090969
316,2023-04-06,0.0011015888433494,0.0001948412698412,1.0058328472894444,-0.0005280804660178,0.0,,0.8673125667089103,1.0011015888433494,0.8682679885560937,0.0,0.8682679885560937,0.8798046406191834
317,2023-04-10,-0.0024855450012578,0.0002015873015873,1.0058328472894444,-0.0030123128995129,0.0,,0.8682679885560937,0.9975144549987423,0.866109869397386,0.0,0.866109869397386,0.8776178465926089
318,2023-04-11,0.000949318848535,0.0002,1.0058328472894444,-0.0020658536963911,0.0,,0.866109869397386,1.000949318848535,0.8669320838213072,0.0,0.8669320838213072,0.87845098575619
319,2023-04-12,-0.0007130989171837,0.0001992063492062,1.0058328472894444,-0.0027774794555409,0.0,,0.8669320838213072,0.9992869010828163,0.8663138754910623,0.0,0.8663138754910623,0.8778245633094481
320,2023-04-13,0.0098211691952322,0.0002023809523808,1.0128901845911062,0.0,0.0,,0.8663138754910623,1.0098211691952321,0.8748220906384373,0.0,0.8748220906384373,0.8864458268694412
321,2023-04-14,-0.0054041284929953,0.0002039682539682,1.0128901845911062,-0.0054041284929953,0.0,,0.8748220906384373,0.9945958715070047,0.8700944396521164,0.0,0.8700944396521164,0.8816553597189593
322,2023-04-17,-0.0018937180128802,0.000206746031746,1.0128901845911062,-0.0072876126104045,0.0,,0.8700944396521164,0.9981062819871198,0.8684467261388403,0.0,0.8684467261388403,0.8799857530831071
323,2023-04-18,0.0022992429132328,0.0002063492063492,1.0128901845911062,-0.0050051256888206,0.0,,0.8684467261388403,1.0022992429132327,0.8704434961194352,0.0,0.8704434961194352,0.8820090540896294
324,2023-04-19,-0.0027278948920927,0.0002047619047619,1.0128901845911062,-0.0077193671241124,0.0,,0.8704434961194352,0.9972721051079073,0.8680690177525157,0.0,0.8680690177525157,0.8796030260961988
325,2023-04-20,0.0003572666614772,0.0002031746031746,1.0128901845911062,-0.0073648583351562,0.0,,0.8680690177525157,1.0003572666614773,0.8683791498724199,0.0,0.8683791498724199,0.8799172789327575
326,2023-04-21,-0.0007825832602755,0.0002039682539682,1.0128901845911062,-0.0081416779805844,0.0,,0.8683791498724199,0.9992174167397245,0.8676995708861576,0.0,0.8676995708861576,0.8792286703998375
327,2023-04-24,0.0021492483610583,0.0002063492063492,1.0128901845911062,-0.0060099281075821,0.0,,0.8676995708861576,1.0021492483610583,0.8695644727667756,0.0,0.8695644727667756,0.8811183511786899
328,2023-04-25,-0.0063275078044592,0.0002031746031746,1.0128901845911062,-0.0122994080450363,0.0,,0.8695644727667756,0.9936724921955408,0.8640622967788634,0.0,0.8640622967788634,0.8755430679349544
329,2023-04-26,-0.0031849984623865,0.0002047619047619,1.0128901845911062,-0.0154452329117112,0.0,,0.8640622967788634,0.9968150015376135,0.8613102596922165,0.0,0.8613102596922165,0.8727544646098283
330,2023-04-27,0.01007398296214,0.0002055555555554,1.0128901845911062,-0.0055268449627701,0.0,,0.8613102596922165,1.01007398296214,0.8699870845734722,0.0,0.8699870845734722,0.8815465782164394
331,2023-04-28,0.0052767725659612,0.0002023809523808,1.0128901845911062,-0.0002792363006847,0.0,,0.8699870845734722,1.0052767725659613,0.8745778085540901,0.0,0.8745778085540901,0.886198299015989
332,2023-05-01,-0.0046240534869234,0.0002091269841269,1.0128901845911062,-0.0049019985840181,0.0,,0.8745778085540901,0.9953759465130766,0.8705337139888597,0.0,0.8705337139888597,0.8821004706813186
333,2023-05-02,0.0002929150645312,0.0002079365079365,1.0128901845911062,-0.0046105193887185,0.0,,0.8705337139888597,1.0002929150645312,0.8707887064278693,0.0,0.8707887064278693,0.8823588511976113
334,2023-05-03,9.027919859236832e-05,0.00020873015873,1.0128901845911062,-0.0045206564241216,0.0,,0.8707887064278693,1.0000902791985924,0.870867320534429,0.0,0.870867320534429,0.8824385098475683
335,2023-05-04,-0.0027092817318219,0.00020873015873,1.0128901845911062,-0.007217690424078,0.0,,0.870867320534429,0.9972907182681781,0.8685078956120643,0.0,0.8685078956120643,0.8800477353133821
336,2023-05-05,0.005999171897009,0.00020873015873,1.0128901845911062,-0.0012618186926225,0.0,,0.8685078956120643,1.005999171897009,0.8737182237717506,0.0,0.8737182237717506,0.8853272929551005
337,2023-05-08,-0.0013861162223529,0.0002107142857142,1.0128901845911062,-0.0026461858876158,0.0,,0.8737182237717506,0.9986138837776471,0.8725071487680153,0.0,0.8725071487680153,0.8841001264322436
338,2023-05-09,-0.0016318549901018,0.0002099206349206,1.0128901845911062,-0.0042737226860724,0.0,,0.8725071487680153,0.9983681450098982,0.8710833436233987,0.0,0.8710833436233987,0.8826574032291754
339,2023-05-10,0.0044498974570063,0.0002079365079365,1.0130493675189136,0.0,0.0,,0.8710833436233987,1.0044498974570062,0.8749595751790289,0.0,0.8749595751790289,0.8865851381632128
340,2023-05-11,-0.0005137375206101,0.0002063492063492,1.0130493675189136,-0.0005137375206103,0.0,,0.8749595751790289,0.9994862624793899,0.8745100756162423,0.0,0.8745100756162423,0.886129666112523
341,2023-05-12,-0.0027084786605997,0.0002083333333333,1.0130493675189136,-0.0032208247340984,0.0,,0.8745100756162423,0.9972915213394002,0.8721414837379562,0.0,0.8721414837379562,0.8837296028213328
342,2023-05-15,0.0019033748437263,0.000206746031746,1.0130493675189136,-0.0013235803271471,0.0,,0.8721414837379562,1.0019033748437263,0.8738014958982732,0.0,0.8738014958982732,0.8854116715159992
343,2023-05-16,-0.0063495351622258,0.0002075396825396,1.0130493675189136,-0.0076647113695458,0.0,,0.8738014958982732,0.9936504648377742,0.8682532625752616,0.0,0.8682532625752616,0.8797897189746632
344,2023-05-17,0.0044244133043688,0.00020873015873,1.0130493675189136,-0.0032742099161343,0.0,,0.8682532625752616,1.0044244133043687,0.8720947738617612,0.0,0.8720947738617612,0.8836822723123416
345,2023-05-18,0.0014584324829304,0.0002107142857142,1.0130493675189136,-0.0018205526473017,0.0,,0.8720947738617612,1.0014584324829303,0.8733666652081549,0.0,0.8733666652081549,0.8849710632428717
346,2023-05-19,0.0011388097039258,0.0002099206349206,1.0130493675189136,-0.0006838162063972,0.0,,0.8733666652081549,1.0011388097039258,0.8743612636415792,0.0,0.8743612636415792,0.8859788768773862
347,2023-05-22,9.269298770148164e-05,0.0002142857142857,1.0130493675189136,-0.000591186603663,0.0,,0.8743612636415792,1.0000926929877014,0.8744423107994365,0.0,0.8744423107994365,0.8860610009065243
348,2023-05-23,-0.0062847076548641,0.0002119047619047,1.0130493675189136,-0.0068721788235537,0.0,,0.8744423107994365,0.9937152923451359,0.8689466965150182,0.0,0.8689466965150182,0.8804923665514505
349,2023-05-24,-0.0069566530608031,0.0002130952380952,1.0130493675189136,-0.0137810245205095,0.0,,0.8689466965150182,0.9930433469391969,0.8629017358190323,0.0,0.8629017358190323,0.8743670866346664
350,2023-05-25,0.003705536746614,0.000213492063492,1.0130493675189136,-0.0101265538666622,0.0,,0.8629017358190323,1.003705536746614,0.8660992499098267,0.0,0.8660992499098267,0.8776070860042211
351,2023-05-26,0.0096005103000154,0.0002119047619047,1.0130493675189136,-0.0006232636513472,0.0,,0.8660992499098267,1.0096005103000154,0.8744142446794216,0.0,0.8744142446794216,0.8860325618727711
352,2023-05-30,0.0020716194900043,0.000220238095238,1.0145153154711917,0.0,0.0,,0.8744142446794216,1.0020716194900043,0.8762256982710369,0.0,0.8762256982710369,0.8878680841967252
353,2023-05-31,-0.0028747774187973,0.0002190476190476,1.0145153154711917,-0.0028747774187973,0.0,,0.8762256982710369,0.9971252225812027,0.8737067444198775,0.0,0.8737067444198775,0.8853156610774056
354,2023-06-01,0.0080374097911563,0.0002182539682539,1.0197294439294675,0.0,0.0,,0.8737067444198775,1.0080374097911562,0.880729083562077,0.0,0.880729083562077,0.8924313058400132
355,2023-06-02,0.0031218959531115,0.0002182539682539,1.02291293315374,0.0,0.0,,0.880729083562077,1.0031218959531114,0.883478628123837,0.0,0.883478628123837,0.8952173835221452
356,2023-06-05,-0.0011209522397012,0.0002166666666666,1.02291293315374,-0.0011209522397012,0.0,,0.883478628123837,0.9988790477602988,0.8824882907769135,0.0,0.8824882907769135,0.8942138875910665
357,2023-06-06,0.0021329301444834,0.000215873015873,1.023945652744959,0.0,0.0,,0.8824882907769135,1.0021329301444835,0.8843705766544653,0.0,0.8843705766544653,0.8961211833475252
358,2023-06-07,-0.0087992908373615,0.0002150793650793,1.023945652744959,-0.0087992908373614,0.0,,0.8843705766544653,0.9912007091626385,0.8765887427424776,0.0,0.8765887427424776,0.8882359524297297
359,2023-06-08,0.0084598887981189,0.000213492063492,1.023945652744959,-0.0004138430612289,0.0,,0.8765887427424776,1.0084598887981189,0.8840045860277618,0.0,0.8840045860277618,0.8957503298137764
360,2023-06-09,-0.0005393241633712,0.0002130952380952,1.023945652744959,-0.0009529440290375,0.0,,0.8840045860277618,0.9994606758366288,0.8835278209939861,0.0,0.8835278209939861,0.8952672300165602
361,2023-06-12,0.0062355067008882,0.0002142857142857,1.029348625452078,0.0,0.0,,0.8835278209939861,1.0062355067008881,0.8890370646422152,0.0,0.8890370646422152,0.9008496748284142
362,2023-06-13,0.0015340496307434,0.0002126984126984,1.030927697330859,0.0,0.0,,0.8890370646422152,1.0015340496307434,0.8904008916229469,0.0,0.8904008916229469,0.90223162293944
363,2023-06-14,0.003100248588932,0.0002126984126984,1.0341238294698,0.0,0.0,,0.8904008916229469,1.003100248588932,0.8931613557307847,0.0,0.8931613557307847,0.9050287652553478
364,2023-06-15,0.0098583566798305,0.0002115079365079,1.0443185910318251,0.0,0.0,,0.8931613557307847,1.0098583566798305,0.9019664589482197,0.0,0.9019664589482197,0.9139508616287416
365,2023-06-16,-0.0027801392565806,0.0002119047619047,1.0443185910318251,-0.0027801392565806,0.0,,0.9019664589482197,0.9972198607434194,0.8994588665875788,0.0,0.8994588665875788,0.9114099509597418
366,2023-06-20,-0.0042328345931508,0.0002138888888888,1.0443185910318251,-0.0070012059801124,0.0,,0.8994588665875788,0.9957671654068492,0.8956516059819707,0.0,0.8956516059819707,0.9075521033907774
367,2023-06-21,-0.0026543963170253,0.0002142857142857,1.0443185910318251,-0.0096370183217695,0.0,,0.8956516059819707,0.9973456036829746,0.8932741916577143,0.0,0.8932741916577143,0.9051431004300284
368,2023-06-22,-0.0015743479541033,0.0002142857142857,1.0443185910318251,-0.0111961942557944,0.0,,0.8932741916577143,0.9984256520458967,0.8918678672616247,0.0,0.8918678672616247,0.9037180902416956
369,2023-06-23,-0.0042557740066909,0.0002146825396825,1.0443185910318251,-0.0154043197899976,0.0,,0.8918678672616247,0.9957442259933091,0.8880722791747299,0.0,0.8880722791747299,0.8998720702838685
370,2023-06-26,-0.0021034008998161,0.0002182539682539,1.0443185910318251,-0.0174753192297065,0.0,,0.8880722791747299,0.9978965991001839,0.886204307143612,0.0,0.886204307143612,0.897979278561514
371,2023-06-27,0.0056455055555939,0.000215873015873,1.0443185910318251,-0.0119284706859096,0.0,,0.886204307143612,1.005645505555594,0.8912073784829825,0.0,0.8912073784829825,0.9030488255674414
372,2023-06-28,0.0005660994228157,0.000215873015873,1.0443185910318251,-0.0113691239634641,0.0,,0.8912073784829825,1.0005660994228156,0.8917118904655507,0.0,0.8917118904655507,0.9035600409863696
373,2023-06-29,-0.0017594071212738,0.0002166666666666,1.0443185910318251,-0.0131085281670739,0.0,,0.8917118904655507,0.9982405928787262,0.890143006215341,0.0,0.890143006215341,0.9019703110157598
374,2023-06-30,0.0093719673580406,0.0002154761904761,1.0443185910318251,-0.0038594135071271,0.0,,0.890143006215341,1.0093719673580406,0.8984853974135794,0.0,0.8984853974135794,0.9104235473285212
375,2023-07-03,-0.0005567388028152,0.000215873015873,0.9994432611971849,0.0,1.0,0.07470874555266514,0.8984853974135794,0.9994432611971849,0.8979851757290764,0.0006708734600360888,0.8973143022690403,0.9099166792127268
376,2023-07-05,-0.0043023486920713,0.000215873015873,0.9994432611971849,-0.0043023486920713,0.0,,0.8973143022690403,0.9956976513079288,0.8934537432542963,0.0,0.8934537432542963,0.906001900378022
377,2023-07-06,-0.0087598261949238,0.0002166666666666,0.9994432611971849,-0.0130244870602225,0.0,,0.8934537432542963,0.9912401738050762,0.8856272437501846,0.0,0.8856272437501846,0.8980654811984398
378,2023-07-07,0.0006292732434601,0.0002166666666666,0.9994432611971849,-0.0124034097779793,0.0,,0.8856272437501846,1.00062927324346,0.8861845452783559,0.0,0.8861845452783559,0.898630609776633
379,2023-07-10,0.0034366568171652,0.0002174603174603,0.9994432611971849,-0.0090093792235836,0.0,,0.8861845452783559,1.003436656817165,0.8892300574371531,0.0,0.8892300574371531,0.9017188947878352
380,2023-07-11,0.0051465070400529,0.0002178571428571,0.9994432611971849,-0.0039092390171313,0.0,,0.8892300574371531,1.005146507040053,0.8938064861879801,0.0,0.8938064861879801,0.9063595974280096
381,2023-07-12,0.0116835806562446,0.0002170634920634,1.0071676260777176,0.0,0.0,,0.8938064861879801,1.0116835806562445,0.9042493463604319,0.0,0.9042493463604319,0.9169491228881214
382,2023-07-13,0.0091160478833841,0.0002170634920634,1.0163490143836362,0.0,0.0,,0.9042493463604319,1.009116047883384,0.9124925267003723,0.0,0.9124925267003723,0.9253080749989964
383,2023-07-14,-0.0032370785097783,0.0002178571428571,1.0163490143836362,-0.0032370785097782,0.0,,0.9124925267003723,0.9967629214902217,0.9095387167518573,0.0,0.9095387167518573,0.9223127801144928
384,2023-07-17,0.0030628145594325,0.0002178571428571,1.0163490143836362,-0.0001841785215355,0.0,,0.9095387167518573,1.0030628145594325,0.9123244651758924,0.0,0.9123244651758924,0.9251376531257782
385,2023-07-18,0.0059696520166036,0.0002178571428571,1.0222279572109672,0.0,0.0,,0.9123244651758924,1.0059696520166037,0.9177707247592265,0.0,0.9177707247592265,0.9306604029823966
386,2023-07-19,0.0012129289626454,0.0002178571428571,1.0234678471066945,0.0,0.0,,0.9177707247592265,1.0012129289626455,0.918883915452355,0.0,0.918883915452355,0.9317892279395612
387,2023-07-20,-0.0086370593131469,0.0002178571428571,1.0234678471066945,-0.0086370593131468,0.0,,0.918883915452355,0.9913629406868532,0.9109474605726965,0.0,0.9109474605726965,0.9237413091104958
388,2023-07-21,-0.0002089343055462,0.0002182539682539,1.0234678471066945,-0.0088441890407036,0.0,,0.9109474605726965,0.9997910656944538,0.9107571323976326,0.0,0.9107571323976326,0.9235483078615724
389,2023-07-24,-0.0003747744460751,0.0002186507936507,1.0234678471066945,-0.0092156489107299,0.0,,0.9107571323976326,0.9996252255539249,0.9104158038978293,0.0,0.9104158038978293,0.92320218555607
390,2023-07-25,0.0030488018065262,0.0002186507936507,1.0234678471066945,-0.0061949437912511,0.0,,0.9104158038978293,1.0030488018065262,0.913191481245443,0.0,0.913191481245443,0.9260168460471824
391,2023-07-26,0.0014901416658051,0.0002186507936507,1.0234678471066945,-0.0047140334693068,0.0,,0.913191481245443,1.001490141665805,0.9145522659205051,0.0,0.9145522659205051,0.9273967423327146
392,2023-07-27,-0.0072970220571417,0.0002186507936507,1.0234678471066945,-0.0119766571202448,0.0,,0.9145522659205051,0.9927029779428583,0.9078787578636742,0.0,0.9078787578636742,0.9206295078481916
393,2023-07-28,0.0088406658012928,0.0002190476190476,1.0234678471066945,-0.0032418729419688,0.0,,0.9078787578636742,1.0088406658012927,0.9159050105500397,0.0,0.9159050105500397,0.928768485653886
394,2023-07-31,0.001355866082237,0.000220238095238,1.0234678471066945,-0.0018904024052966,0.0,,0.9159050105500397,1.001355866082237,0.9171468550883954,0.0,0.9171468550883954,0.9300277713418348
395,2023-08-01,-0.006400194808907,0.0002198412698412,1.0234678471066945,-0.0082784982705427,0.0,,0.9171468550883954,0.993599805191093,0.9112769365474533,0.0,0.9112769365474533,0.9240754124275532
396,2023-08-02,-0.0119336615250533,0.0002194444444444,1.0234678471066945,-0.0201133669992997,0.0,,0.9112769365474533,0.9880663384749467,0.9004020660311086,0.0,0.9004020660311086,0.9130478092320188
397,2023-08-03,-0.0035037436852878,0.0002198412698412,1.0234678471066945,-0.0235466386019738,0.0,,0.9004020660311086,0.9964962563147122,0.897247287978032,0.0,0.897247287978032,0.9098487237360562
398,2023-08-04,0.0019494366628473,0.0002198412698412,1.0234678471066945,-0.0216431046197038,0.0,,0.897247287978032,1.0019494366628472,0.8989964147368565,0.0,0.8989964147368565,0.911622416195752
399,2023-08-07,0.004646676280755,0.0002206349206349,1.0234678471066945,-0.017096996839827,0.0,,0.8989964147368565,1.004646676280755,0.9031737600536982,0.0,0.9031737600536982,0.9158584304540937
400,2023-08-08,-0.0030935668104962,0.0002210317460317,1.0234678471066945,-0.0201376729483403,0.0,,0.9031737600536982,0.9969064331895038,0.900379731685485,0.0,0.900379731685485,0.9130251612105276
401,2023-08-09,-0.0038746276953985,0.000220238095238,1.0234678471066945,-0.0239342746584123,0.0,,0.900379731685485,0.9961253723046015,0.896891095440721,0.0,0.896891095440721,0.9094875286343056
402,2023-08-10,-0.0014036125779599,0.0002198412698412,1.0234678471066945,-0.0253042927874174,0.0,,0.896891095440721,0.9985963874220402,0.8956322078181002,0.0,0.8956322078181002,0.9082109604996168
403,2023-08-11,-0.0037802605185097,0.0002198412698412,1.0234678471066945,-0.028988896486954,0.0,,0.8956322078181002,0.9962197394814903,0.8922464847437798,0.0,0.8922464847437798,0.9047776864631624
404,2023-08-14,0.0028981854092522,0.0002206349206349,1.0234678471066945,-0.0261747262745306,0.0,,0.8922464847437798,1.0028981854092522,0.8948323804873208,0.0,0.8948323804873208,0.9073998999526868
405,2023-08-15,-0.0072443086574576,0.0002206349206349,1.0234678471066945,-0.0332294171358311,0.0,,0.8948323804873208,0.9927556913425424,0.8883499385263831,0.0,0.8883499385263831,0.9008264150016834
406,2023-08-16,-0.0064787310838112,0.0002206349206349,1.0234678471066945,-0.0394928637619476,0.0,,0.8883499385263831,0.9935212689161887,0.8825945581663505,0.0,0.8825945581663505,0.8949902029056938
407,2023-08-17,-0.0055168969953884,0.0002206349206349,1.0234678471066945,-0.0447918826959083,0.0,,0.8825945581663505,0.9944831030046116,0.8777253749002564,0.0,0.8777253749002564,0.8900526341443813
408,2023-08-18,0.0010457887184994,0.000220238095238,1.0234678471066945,-0.0437929368230127,0.0,,0.8777253749002564,1.0010457887184994,0.8786432901952677,0.0,0.8786432901952677,0.8909834411480402
409,2023-08-21,0.004056622180768,0.0002210317460317,1.0234678471066945,-0.0399139660411218,0.0,,0.8786432901952677,1.004056622180768,0.8822076140552568,0.0,0.8822076140552568,0.8945978243380984
410,2023-08-22,-0.0006324821614224,0.0002210317460317,1.0234678471066945,-0.0405212033310316,0.0,,0.8822076140552568,0.9993675178385776,0.8816496334766959,0.0,0.8816496334766959,0.8940320071725573
411,2023-08-23,0.0118422936955323,0.0002210317460317,1.0234678471066945,-0.0291587736262416,0.0,,0.8816496334766959,1.0118422936955322,0.8920903873728853,0.0,0.8920903873728853,0.904619396774701
412,2023-08-24,-0.0096908031388992,0.0002214285714285,1.0234678471066945,-0.0385670048301571,0.0,,0.8920903873728853,0.9903091968611007,0.8834453150467503,0.0,0.8834453150467503,0.8958529082849276
413,2023-08-25,0.0035108369377001,0.000222619047619,1.0234678471066945,-0.0351915703575912,0.0,,0.8834453150467503,1.0035108369377002,0.8865469474912545,0.0,0.8865469474912545,0.8989981017660804
414,2023-08-28,0.0056800718784231,0.0002214285714285,1.0234678471066945,-0.0297113891283138,0.0,,0.8865469474912545,1.0056800718784231,0.8915825978766014,0.0,0.8915825978766014,0.9041044756026776
415,2023-08-29,0.0125738618528513,0.0002206349206349,1.0234678471066945,-0.0175111141778182,0.0,,0.8915825978766014,1.0125738618528513,0.9027932342927081,0.0,0.9027932342927081,0.9154725603794504
416,2023-08-30,0.0016596403944592,0.0002206349206349,1.0234678471066945,-0.0158805359358005,0.0,,0.9027932342927081,1.001659640394459,0.9042915464121847,0.0,0.9042915464121847,0.9169919156206752
417,2023-08-31,3.2854349384009335e-05,0.0002206349206349,1.0234678471066945,-0.0158482033310926,0.0,,0.9042915464121847,1.000032854349384,0.9043212563225954,0.0,0.9043212563225954,0.9170220427934532
418,2023-09-01,-0.0015541470777334,0.0002194444444444,1.0234678471066945,-0.0173777199699316,0.0,,0.9043212563225954,0.9984458529222666,0.9029158080847495,0.0,0.9029158080847495,0.9155968556654286
419,2023-09-05,-0.0055333817897246,0.000220238095238,1.0234678471066945,-0.0228149442004277,0.0,,0.9029158080847495,0.9944666182102754,0.8979196301946388,0.0,0.8979196301946388,0.9105305086975604
420,2023-09-06,-0.0040736698755957,0.000220238095238,1.0234678471066945,-0.0267956735251209,0.0,,0.8979196301946388,0.9959263301244043,0.8942618020464089,0.0,0.8942618020464089,0.9068213079934684
421,2023-09-07,-0.0011467017622814,0.0002194444444444,1.0234678471066945,-0.0279116486413495,0.0,,0.8942618020464089,0.9988532982377186,0.8932363504620614,0.0,0.8932363504620614,0.9057814544015178
422,2023-09-08,0.000376865081982,0.000220238095238,1.0234678471066945,-0.0275453024851211,0.0,,0.8932363504620614,1.000376865081982,0.8935729800525076,0.0,0.8935729800525076,0.9061228118035886
423,2023-09-11,0.0042610773233417,0.000220238095238,1.0234678471066945,-0.0234015978255631,0.0,,0.8935729800525076,1.0042610773233418,0.8973805636145603,0.0,0.8973805636145603,0.9099838711691276
424,2023-09-12,-0.0047102620498486,0.0002206349206349,1.0234678471066945,-0.0280016322172681,0.0,,0.8973805636145603,0.9952897379501514,0.8931536660014949,0.0,0.8931536660014949,0.9056976086747852
425,2023-09-13,0.0006639452365011,0.000220238095238,1.0234678471066945,-0.027356278531092,0.0,,0.8931536660014949,1.0006639452365012,0.8937466711235001,0.0,0.8937466711235001,0.9062989422877752
426,2023-09-14,0.0046155312121491,0.000220238095238,1.0234678471066945,-0.0228670110763512,0.0,,0.8937466711235001,1.0046155312121492,0.8978717867798252,0.0,0.8978717867798252,0.9104819933434424
427,2023-09-15,-0.0062735669435377,0.0002206349206349,1.0234678471066945,-0.0289971202951029,0.0,,0.8978717867798252,0.9937264330564624,0.8922389280187482,0.0,0.8922389280187482,0.9047700236073166
428,2023-09-18,0.0015739556526388,0.000220238095238,1.0234678471066945,-0.0274688048238628,0.0,,0.8922389280187482,1.0015739556526388,0.8936432725230077,0.0,0.8936432725230077,0.9061940915003116
429,2023-09-19,-0.0016295470484362,0.0002198412698412,1.0234678471066945,-0.0290535901624742,0.0,,0.8936432725230077,0.9983704529515638,0.892187038765913,0.0,0.892187038765913,0.9047174055931968
430,2023-09-20,-0.0048400905647351,0.0002206349206349,1.0234678471066945,-0.0337530587195923,0.0,,0.892187038765913,0.9951599094352649,0.8878687726976031,0.0,0.8878687726976031,0.9003384914146334
431,2023-09-21,-0.0134237495926012,0.0002210317460317,1.0234678471066945,-0.0467237157039573,0.0,,0.8878687726976031,0.9865762504073988,0.8759502446218204,0.0,0.8759502446218204,0.8882525729573031
432,2023-09-22,0.0023780980653886,0.0002206349206349,1.0234678471066945,-0.044456731216492,0.0,,0.8759502446218204,1.0023780980653887,0.8780333402039323,0.0,0.8780333402039323,0.8903649246826294
433,2023-09-25,-0.0024925603837779,0.0002214285714285,1.0234678471066945,-0.0468384805132475,0.0,,0.8780333402039323,0.9975074396162221,0.8758447890845038,0.0,0.8758447890845038,0.88814563634426
434,2023-09-26,-0.0092652599680074,0.0002214285714285,1.0234678471066945,-0.0556697697827932,0.0,,0.8758447890845038,0.9907347400319926,0.8677298594220112,0.0,0.8677298594220112,0.8799167361340791
435,2023-09-27,-0.0025424959522965,0.0002214285714285,1.0234678471066945,-0.0580707255707517,0.0,,0.8677298594220112,0.9974575040477035,0.865523659766744,0.0,0.865523659766744,0.8776795513941001
436,2023-09-28,0.0042139037548965,0.0002206349206349,1.0234678471066945,-0.0541015262643874,0.0,,0.865523659766744,1.0042139037548965,0.8691708931665868,0.0,0.8691708931665868,0.8813780085513157
437,2023-09-29,-0.00294322586591,0.000220238095238,1.0234678471066945,-0.0568855191188109,0.0,,0.8691708931665868,0.99705677413409,0.8666127269119228,0.0,0.8666127269119228,0.8787839139989032
438,2023-10-02,-0.005007747324738,0.0002230158730158,0.994992252675262,0.0,1.0,0.054483316048816545,0.8666127269119228,0.994992252675262,0.8622729493471457,0.00046979489619625723,0.8618031544509495,0.8743831862045524
439,2023-10-03,-0.0108709193706008,0.0002230158730158,0.994992252675262,-0.0108709193706008,0.0,,0.8618031544509495,0.9891290806293992,0.8524345618455837,0.0,0.8524345618455837,0.8648778370883137
440,2023-10-04,0.0063024486155697,0.000222619047619,0.994992252675262,-0.0046369841657685,0.0,,0.8524345618455837,1.0063024486155696,0.8578069868697511,0.0,0.8578069868697511,0.8703286852153077
441,2023-10-05,0.0005046814455716,0.000222619047619,0.994992252675262,-0.0041346429200687,0.0,,0.8578069868697511,1.0005046814455716,0.858239906139906,0.0,0.858239906139906,0.8707679239542846
442,2023-10-06,0.0069667208395497,0.0002234126984126,0.9977814876087988,0.0,0.0,,0.858239906139906,1.0069667208395496,0.864219023979344,0.0,0.864219023979344,0.8768343209965083
443,2023-10-09,0.0085997145571901,0.0002234126984126,1.006362123592683,0.0,0.0,,0.864219023979344,1.00859971455719,0.8716510609004599,0.0,0.8716510609004599,0.8843748458710259
444,2023-10-10,0.0036963141475414,0.000222619047619,1.0100819541476684,0.0,0.0,,0.8716510609004599,1.0036963141475415,0.8748729570485857,0.0,0.8748729570485857,0.8876437731255488
445,2023-10-11,0.0058223819579488,0.000222619047619,1.0159630370935475,0.0,0.0,,0.8748729570485857,1.0058223819579488,0.8799668015692027,0.0,0.8799668015692027,0.8928119742152806
446,2023-10-12,-0.0063496257163692,0.0002234126984126,1.0159630370935475,-0.0063496257163693,0.0,,0.8799668015692027,0.9936503742836308,0.8743793417364077,0.0,0.8743793417364077,0.8871429523439208
447,2023-10-13,0.0018371234909892,0.0002230158730158,1.0159630370935475,-0.0045241672719426,0.0,,0.8743793417364077,1.0018371234909893,0.8759856845651475,0.0,0.8759856845651475,0.8887727435015375
448,2023-10-16,0.0029175376320204,0.000222619047619,1.0159630370935475,-0.0016198290681915,0.0,,0.8759856845651475,1.0029175376320203,0.8785414057649773,0.0,0.8785414057649773,0.8913657714270173
449,2023-10-17,-0.0025275758714139,0.0002230158730158,1.0159630370935475,-0.0041433106987369,0.0,,0.8785414057649773,0.997472424128586,0.8763208257057277,0.0,0.8763208257057277,0.8891127768105541
450,2023-10-18,-0.0074571974571922,0.000222619047619,1.0159630370935475,-0.0115696106699222,0.0,,0.8763208257057277,0.9925428025428078,0.8697859282725904,0.0,0.8697859282725904,0.8824824872721654
451,2023-10-19,-0.0051137947260675,0.0002222222222222,1.0159630370935475,-0.0166242407819633,0.0,,0.8697859282725904,0.9948862052739325,0.8653380215797822,0.0,0.8653380215797822,0.877969652982906
452,2023-10-20,-0.0047381678670524,0.0002214285714285,1.0159630370935475,-0.0212836402055285,0.0,,0.8653380215797822,0.9952618321329476,0.8612379047717942,0.0,0.8612379047717942,0.8738096853848952
453,2023-10-23,0.0012137732122903,0.0002214285714285,1.0159630370935475,-0.0200957005055796,0.0,,0.8612379047717942,1.0012137732122903,0.8622832522700152,0.0,0.8622832522700152,0.8748702921736553
454,2023-10-24,0.0055723816419637,0.0002214285714285,1.0159630370935475,-0.0146352997761955,0.0,,0.8622832522700152,1.0055723816419637,0.8670882236351375,0.0,0.8670882236351375,0.8797454033288632
455,2023-10-25,-0.0100731724277344,0.0002218253968253,1.0159630370935475,-0.0245610483057527,0.0,,0.8670882236351375,0.9899268275722656,0.8583538944484028,0.0,0.8583538944484028,0.8708835761886248
456,2023-10-26,-0.0048534866133982,0.0002218253968253,1.0159630370935475,-0.029295328199988,0.0,,0.8583538944484028,0.9951465133866018,0.8541878853121393,0.0,0.8541878853121393,0.8666567544097649
457,2023-10-27,0.0004209803533999,0.0002218253968253,1.0159630370935475,-0.0288866806042067,0.0,,0.8541878853121393,1.0004209803533999,0.8545474816299679,0.0,0.8545474816299679,0.8670215998765127
458,2023-10-30,0.0048213114969339,0.0002222222222222,1.0159630370935475,-0.024204640792578,0.0,,0.8545474816299679,1.004821311496934,0.8586675212278264,0.0,0.8586675212278264,0.8712017810840874
459,2023-10-31,0.0015816975609078,0.0002218253968253,1.0159630370935475,-0.0226612276529745,0.0,,0.8586675212278264,1.0015816975609078,0.8600256735517832,0.0,0.8600256735517832,0.8725797588162866
460,2023-11-01,0.0098257261928067,0.0002210317460317,1.0159630370935475,-0.0130581644782787,0.0,,0.8600256735517832,1.0098257261928067,0.8684760503388872,0.0,0.8684760503388872,0.8811534886078007
461,2023-11-02,0.0138287780867577,0.0002198412698412,1.016562490996217,0.0,0.0,,0.8684760503388872,1.0138287780867576,0.8804860129126875,0.0,0.8804860129126875,0.8933387646621304
462,2023-11-03,0.0079853997975879,0.0002194444444444,1.0246801489060535,0.0,0.0,,0.8804860129126875,1.0079853997975878,0.8875170457419793,0.0,0.8875170457419793,0.9004724318526409
463,2023-11-06,-0.0023622722067347,0.0002206349206349,1.0246801489060535,-0.0023622722067345,0.0,,0.8875170457419793,0.9976377277932653,0.8854204888918198,0.0,0.8854204888918198,0.8983452708539447
464,2023-11-07,0.0026268861900968,0.000220238095238,1.0249449350309954,0.0,0.0,,0.8854204888918198,1.0026268861900969,0.8877463877465185,0.0,0.8877463877465185,0.9007051216398897
465,2023-11-08,-0.0001087054819753,0.0002198412698412,1.0249449350309954,-0.0001087054819755,0.0,,0.8877463877465185,0.9998912945180247,0.8876498848475667,0.0,0.8876498848475667,0.9006072100555241
466,2023-11-09,-0.0051756846368969,0.0002198412698412,1.0249449350309954,-0.0052838274935793,0.0,,0.8876498848475667,0.9948243153631031,0.8830556889756178,0.0,0.8830556889756178,0.8959459511545611
467,2023-11-10,0.007358059481389,0.0002194444444444,1.0270310600569237,0.0,0.0,,0.8830556889756178,1.007358059481389,0.8895532652604793,0.0,0.8895532652604793,0.902538374755266
468,2023-11-13,0.0003360755613556,0.000220238095238,1.027376220096962,0.0,0.0,,0.8895532652604793,1.0003360755613555,0.8898522223734573,0.0,0.8898522223734573,0.9028416958462072
469,2023-11-14,0.0173390213276775,0.0002190476190476,1.045189918288772,0.0,0.0,,0.8898522223734573,1.0173390213276774,0.9052813890356718,0.0,0.9052813890356718,0.9184960872660012
470,2023-11-15,-0.0020262487595969,0.0002194444444444,1.045189918288772,-0.002026248759597,0.0,,0.9052813890356718,0.9979737512404031,0.9034470637440521,0.0,0.9034470637440521,0.9166349857084838
471,2023-11-16,0.0035241789193923,0.0002186507936507,1.046748076231904,0.0,0.0,,0.9034470637440521,1.0035241789193923,0.9066309728408858,0.0,0.9066309728408858,0.9198653714018952
472,2023-11-17,0.0031653469204122,0.0002182539682539,1.050061397031452,0.0,0.0,,0.9066309728408858,1.0031653469204123,0.909500774398718,0.0,0.909500774398718,0.922777064422456
473,2023-11-20,0.0048034326373782,0.0002198412698412,1.055105296217204,0.0,0.0,,0.909500774398718,1.0048034326373783,0.9138695001021856,0.0,0.9138695001021856,0.9272095618907268
474,2023-11-21,-0.0002177557858685,0.0002194444444444,1.055105296217204,-0.0002177557858684,0.0,,0.9138695001021856,0.9997822442141315,0.9136704997310097,0.0,0.9136704997310097,0.9270076566439124
475,2023-11-22,0.0019757892258435,0.0002198412698412,1.0569597526626362,0.0,0.0,,0.9136704997310097,1.0019757892258434,0.9154757200603492,0.0,0.9154757200603492,0.928839228384184
476,2023-11-24,0.0004680337806716,0.0002198412698412,1.0574544455316928,0.0,0.0,,0.9154757200603492,1.0004680337806715,0.915904193622722,0.0,0.915904193622722,0.9292739565198808
477,2023-11-27,0.0017391947410442,0.0002178571428571,1.0592935647422554,0.0,0.0,,0.915904193622722,1.0017391947410441,0.917497129379571,0.0,0.917497129379571,0.9308901448980496
478,2023-11-28,0.0035684817199448,0.0002170634920634,1.0630736344640934,0.0,0.0,,0.917497129379571,1.0035684817199448,0.9207712011138638,0.0,0.9207712011138638,0.9342120093633952
479,2023-11-29,0.0024823826837126,0.0002162698412698,1.0657125900457984,0.0,0.0,,0.9207712011138638,1.0024823826837126,0.9230569075991701,0.0,0.9230569075991701,0.9365310810783553
480,2023-11-30,-0.0012872351109486,0.0002162698412698,1.0657125900457984,-0.0012872351109485,0.0,,0.9230569075991701,0.9987127648890514,0.9218687163383048,0.0,0.9218687163383048,0.9353255453882964
481,2023-12-01,0.0093841173703792,0.0002154761904761,1.0743286660649012,0.0,0.0,,0.9218687163383048,1.0093841173703793,0.9305196405725044,0.0,0.9305196405725044,0.9441027500857342
482,2023-12-04,-0.0081632431412997,0.0002166666666666,1.0743286660649012,-0.0081632431412996,0.0,,0.9305196405725044,0.9918367568587003,0.9229235824987562,0.0,0.9229235824987562,0.9363958097864146
483,2023-12-05,0.0011863953922253,0.0002162698412698,1.0743286660649012,-0.0069865325831228,0.0,,0.9229235824987562,1.0011863953922253,0.9240185347844088,0.0,0.9240185347844088,0.9375067454604442
484,2023-12-06,0.0003614185902109,0.0002162698412698,1.0743286660649012,-0.0066276390556685,0.0,,0.9240185347844088,1.000361418590211,0.9243524922605794,0.0,0.9243524922605794,0.937845577826702
485,2023-12-07,0.0049614083717924,0.000215873015873,1.0743286660649012,-0.0016991131077719,0.0,,0.9243524922605794,1.0049614083717924,0.9289385824541682,0.0,0.9289385824541682,0.94249861272798
486,2023-12-08,-0.0012294003197855,0.000215873015873,1.0743286660649012,-0.0029264245373595,0.0,,0.9289385824541682,0.9987705996802145,0.9277965450638379,0.0,0.9277965450638379,0.9413399046320948
487,2023-12-11,0.0019860929554767,0.0002170634920634,1.0743286660649012,-0.0009461437330413,0.0,,0.9277965450638379,1.0019860929554767,0.9296392352461048,0.0,0.9296392352461048,0.9432094931853936
488,2023-12-12,0.0040383038989713,0.0002166666666666,1.0776465575591463,0.0,0.0,,0.9296392352461048,1.0040383038989713,0.9333934009944359,0.0,0.9333934009944359,0.9470184597592708
489,2023-12-13,0.0150238138808832,0.000215873015873,1.0938369188692896,0.0,0.0,,0.9333934009944359,1.0150238138808831,0.9474165297286208,0.0,0.9474165297286208,0.9612462888404548
490,2023-12-14,0.0053121710343356,0.0002154761904761,1.0996475676659938,0.0,0.0,,0.9474165297286208,1.0053121710343356,0.9524493683752959,0.0,0.9524493683752959,0.9663525935328956
491,2023-12-15,-0.0031854568226369,0.000215873015873,1.0996475676659938,-0.0031854568226368,0.0,,0.9524493683752959,0.9968145431773631,0.9494153820365886,0.0,0.9494153820365886,0.9632743190707532
492,2023-12-18,0.0024328495301379,0.0002166666666666,1.0996475676659938,-0.0007603570296331,0.0,,0.9494153820365886,1.002432849530138,0.9517251668026822,0.0,0.9517251668026822,0.9656178205452988
493,2023-12-19,0.0047789038590489,0.0002154761904761,1.1040625571526792,0.0,0.0,,0.9517251668026822,1.0047789038590489,0.9562733698750694,0.0,0.9562733698750694,0.970232415274269
494,2023-12-20,-0.0070675188886537,0.000215873015873,1.1040625571526792,-0.0070675188886537,0.0,,0.9562733698750694,0.9929324811113464,0.9495148897707608,0.0,0.9495148897707608,0.963375279352934
495,2023-12-21,0.0074830535907672,0.0002150793650793,1.104462943318696,0.0,0.0,,0.9495148897707608,1.0074830535907673,0.956620160576147,0.0,0.956620160576147,0.9705842681963522
496,2023-12-22,0.0007053195026083,0.000215873015873,1.105241942572527,0.0,0.0,,0.956620160576147,1.0007053195026083,0.9572948834319897,0.0,0.9572948834319897,0.971268840209636
497,2023-12-26,0.0046169867856096,0.0002162698412698,1.110344830016286,0.0,0.0,,0.9572948834319897,1.0046169867856096,0.9617147012587268,0.0,0.9617147012587268,0.9757531756101584
498,2023-12-27,0.0045687997314377,0.000215873015873,1.1154177731774677,0.0,0.0,,0.9617147012587268,1.0045687997314376,0.9661085831275573,0.0,0.9661085831275573,0.9802111964568356
499,2023-12-28,-0.0020413345837382,0.0002162698412698,1.1154177731774677,-0.0020413345837383,0.0,,0.9661085831275573,0.9979586654162618,0.9641364322651726,0.0,0.9641364322651726,0.9782102574421409
500,2023-12-29,-0.0021698706911498,0.0002142857142857,1.1154177731774677,-0.004206775842804,0.0,,0.9641364322651726,0.9978301293088502,0.9620443808785307,0.0,0.9620443808785307,0.9760876676747348
501,2024-01-02,-0.0074689360812986,0.0002166666666666,0.9925310639187014,0.0,1.0,0.04068709801489939,0.9620443808785307,0.9925310639187014,0.9548589328903765,0.0003885043899291299,0.9544704285004474,0.9687973312751283
502,2024-01-03,-0.0057189455506137,0.0002174603174603,0.9925310639187014,-0.0057189455506138,0.0,,0.9544704285004474,0.9942810544493863,0.9490118640901825,0.0,0.9490118640901825,0.963256832087986
503,2024-01-04,-0.0025021047348638,0.0002174603174603,0.9925310639187014,-0.008206740884737,0.0,,0.9490118640901825,0.9974978952651362,0.9466373370116005,0.0,0.9466373370116005,0.9608466626075288
504,2024-01-05,-0.0004704571699882,0.0002170634920634,0.9925310639187014,-0.0086733371346339,0.0,,0.9466373370116005,0.9995295428300118,0.9461919846890249,0.0,0.9461919846890249,0.9603946254058456
505,2024-01-08,0.0085530295008578,0.0002178571428571,0.9925310639187014,-0.0001944909421595,0.0,,0.9461919846890249,1.0085530295008578,0.9542847926475453,0.0,0.9542847926475453,0.9686089089694072
506,2024-01-09,-0.0010503373093761,0.0002170634920634,0.9925310639187014,-0.0012446239704426,0.0,,0.9542847926475453,0.9989496626906239,0.9532824717260573,0.0,0.9532824717260573,0.9675915428941224
507,2024-01-10,0.0024717677250144,0.0002166666666666,0.9937459887712422,0.0,0.0,,0.9532824717260573,1.0024717677250143,0.9556387645724916,0.0,0.9556387645724916,0.9699832044408452
508,2024-01-11,0.0026384349561457,0.0002166666666666,0.9963679229255458,0.0,0.0,,0.9556387645724916,1.0026384349561457,0.9581601552943876,0.0,0.9581601552943876,0.972542442034316
509,2024-01-12,0.0034094931276758,0.0002162698412698,0.999765032511397,0.0,0.0,,0.9581601552943876,1.0034094931276758,0.9614269957590765,0.0,0.9614269957590765,0.9758583188068052
510,2024-01-16,-0.0075733010963888,0.0002162698412698,0.999765032511397,-0.0075733010963888,0.0,,0.9614269957590765,0.9924266989036112,0.9541458196379966,0.0,0.9541458196379966,0.9684678499310652
511,2024-01-17,-0.0056336272021975,0.0002170634920634,0.999765032511397,-0.0131642631435194,0.0,,0.9541458196379966,0.9943663727978025,0.948770517793621,0.0,0.948770517793621,0.9630118631072396
512,2024-01-18,0.0064936953081242,0.0002162698412698,0.999765032511397,-0.0067560525492051,0.0,,0.948770517793621,1.0064936953081243,0.954931544453504,0.0,0.954931544453504,0.9692653687243672
513,2024-01-19,0.0071218392719021,0.0002162698412698,1.0000826290713214,0.0,0.0,,0.954931544453504,1.0071218392719021,0.9617324134287711,0.0,0.9617324134287711,0.976168320892243
514,2024-01-22,0.0015052653913094,0.0002166666666666,1.0015880188413122,0.0,0.0,,0.9617324134287711,1.0015052653913095,0.963180075946406,0.0,0.963180075946406,0.9776377132817748
515,2024-01-23,-0.0001105027351351,0.0002162698412698,1.0015880188413122,-0.000110502735135,0.0,,0.963180075946406,0.9998894972648649,0.9630736419135862,0.0,0.9630736419135862,0.977529681640486
516,2024-01-24,0.0002088940241615,0.000215873015873,1.0016865432575417,0.0,0.0,,0.9630736419135862,1.0002088940241616,0.9632748222422095,0.0,0.9632748222422095,0.9777338817494212
517,2024-01-25,0.0038364874250559,0.000215873015873,1.005529501084597,0.0,0.0,,0.9632748222422095,1.0038364874250558,0.9669704139846146,0.0,0.9669704139846146,0.981484945491804
518,2024-01-26,-0.0013103928175111,0.000215873015873,1.005529501084597,-0.0013103928175113,0.0,,0.9669704139846146,0.9986896071824889,0.9657033028993834,0.0,0.9657033028993834,0.9801988146687364
519,2024-01-29,0.0065969989224063,0.0002150793650793,1.010836647023021,0.0,0.0,,0.9657033028993834,1.0065969989224064,0.972074046547975,0.0,0.972074046547975,0.98666518519285
520,2024-01-30,-9.177952877605878e-05,0.0002150793650793,1.010836647023021,-9.177952877614803e-05,0.0,,0.972074046547975,0.999908220471224,0.9719848300500474,0.0,0.9719848300500474,0.9865746295270932
521,2024-01-31,-0.0062170355670197,0.0002150793650793,1.010836647023021,-0.0063082444992011,0.0,,0.9719848300500474,0.9937829644329803,0.9659419657910226,0.0,0.9659419657910226,0.980441059965804
522,2024-02-01,0.0098400502886408,0.0002150793650793,1.0143439796340572,0.0,0.0,,0.9659419657910226,1.0098400502886409,0.9754468833103149,0.0,0.9754468833103149,0.9900886493009158
523,2024-02-02,-0.0004915815880914,0.0002154761904761,1.0143439796340572,-0.0004915815880913,0.0,,0.9754468833103149,0.9995084184119086,0.9749673715823185,0.0,0.9749673715823185,0.9896019399503412
524,2024-02-05,-0.0050603405134828,0.0002150793650793,1.0143439796340572,-0.0055494345313483,0.0,,0.9749673715823185,0.9949396594865172,0.9700337046925767,0.0,0.9700337046925767,0.9845942171613892
525,2024-02-06,0.0035398671886216,0.000215873015873,1.0143439796340572,-0.0020292116039395,0.0,,0.9700337046925767,1.0035398671886215,0.9734674951756749,0.0,0.9734674951756749,0.9880795499248254
526,2024-02-07,0.003071863160363,0.0002154761904761,1.015395264090172,0.0,0.0,,0.9734674951756749,1.003071863160363,0.9764578541119159,0.0,0.9764578541119159,0.9911147950937476
527,2024-02-08,-0.0010453536358926,0.000215873015873,1.015395264090172,-0.0010453536358925,0.0,,0.9764578541119159,0.9989546463641074,0.9754371103438241,0.0,0.9754371103438241,0.9900787296391094
528,2024-02-09,0.0024582136041069,0.000215873015873,1.0168272661469415,0.0,0.0,,0.9754371103438241,1.002458213604107,0.977834943118422,0.0,0.977834943118422,0.9925125546414452
529,2024-02-12,-0.0007440080397867,0.0002154761904761,1.0168272661469415,-0.0007440080397866,0.0,,0.977834943118422,0.9992559919602133,0.9771074260591576,0.0,0.9771074260591576,0.9917741173212026
530,2024-02-13,-0.0126746207929041,0.0002162698412698,1.0168272661469415,-0.0134091988129196,0.0,,0.9771074260591576,0.987325379207096,0.9647229599599272,0.0,0.9647229599599272,0.9792037564719392
531,2024-02-14,0.006817026001027,0.0002154761904761,1.0168272661469415,-0.0066835836688534,0.0,,0.9647229599599272,1.006817026001027,0.9712995014617617,0.0,0.9712995014617617,0.9858790139401116
532,2024-02-15,0.0056148531964742,0.0002154761904761,1.0168272661469415,-0.0011062578135062,0.0,,0.9712995014617617,1.0056148531964741,0.976753205572278,0.0,0.976753205572278,0.99141457987287
533,2024-02-16,-0.0030982736405078,0.000215873015873,1.0168272661469415,-0.0042011039645908,0.0,,0.976753205572278,0.9969017263594921,0.9737269568621718,0.0,0.9737269568621718,0.9883429062132348
534,2024-02-20,-0.0003881628476956,0.000215873015873,1.0168272661469415,-0.0045876360998081,0.0,,0.9737269568621718,0.9996118371523044,0.9733489922337182,0.0,0.9733489922337182,0.9879592682162592
535,2024-02-21,-0.0008560543711669,0.000215873015873,1.0168272661469415,-0.0054397632050385,0.0,,0.9733489922337182,0.9991439456288331,0.9725157525742456,0.0,0.9725157525742456,0.9871135213661676
536,2024-02-22,0.0119174346305048,0.0002162698412698,1.0233480201727083,0.0,0.0,,0.9725157525742456,1.0119174346305049,0.9841056454826854,0.0,0.9841056454826854,0.9988773822299364
537,2024-02-23,0.0020021370942098,0.0002166666666666,1.0253969032041823,0.0,0.0,,0.9841056454826854,1.0020021370942098,0.9860759599001276,0.0,0.9860759599001276,1.0008772716894665
538,2024-02-26,-0.0019775201888628,0.0002170634920634,1.0253969032041823,-0.0019775201888629,0.0,,0.9860759599001276,0.9980224798111372,0.9841259747816729,0.0,0.9841259747816729,0.9988980166781264
539,2024-02-27,0.0003012561634201,0.0002162698412698,1.0253969032041823,-0.0016768597655879,0.0,,0.9841259747816729,1.0003012561634201,0.9844224487971577,0.0,0.9844224487971577,0.9991989408622788
540,2024-02-28,-0.0014756267060735,0.0002162698412698,1.0253969032041823,-0.003150012052609,0.0,,0.9844224487971577,0.9985243732939265,0.9829698087416543,0.0,0.9829698087416543,0.997724496220462
541,2024-02-29,0.0034435654390617,0.0002162698412698,1.0256867891778056,0.0,0.0,,0.9829698087416543,1.0034435654390617,0.9863547296026781,0.0,0.9863547296026781,1.001160225813352
542,2024-03-01,0.0108652420194282,0.0002150793650793,1.0368311243783528,0.0,0.0,,0.9863547296026781,1.0108652420194282,0.9970717124568188,0.0,0.9970717124568188,1.0120380739670396
543,2024-03-04,0.0007559680121795,0.0002174603174603,1.037614935542415,0.0,0.0,,0.9970717124568188,1.0007559680121796,0.9978254667772852,0.0,0.9978254667772852,1.0128031423780666
544,2024-03-05,-0.002864837022966,0.0002170634920634,1.037614935542415,-0.002864837022966,0.0,,0.9978254667772852,0.997135162977034,0.9949668594376033,0.0,0.9949668594376033,1.0099016264388054
545,2024-03-06,0.0062805516874012,0.0002170634920634,1.0411404625403908,0.0,0.0,,0.9949668594376033,1.0062805516874012,1.0012158002255525,0.0,1.0012158002255525,1.016244365802845
546,2024-03-07,0.0080319099985373,0.0002170634920634,1.0495028090313507,0.0,0.0,,1.0012158002255525,1.0080319099985373,1.0092574754220776,0.0,1.0092574754220776,1.0244067490854942
547,2024-03-08,-0.0031990056725512,0.0002166666666666,1.0495028090313507,-0.0031990056725513,0.0,,1.0092574754220776,0.9968009943274488,1.0060288550331378,0.0,1.0060288550331378,1.02112966608417
548,2024-03-11,-0.0015578631465134,0.0002174603174603,1.0495028090313507,-0.004751885206022,0.0,,1.0060288550331378,0.9984421368534866,1.0044615997555526,0.0,1.0044615997555526,1.019538885809566
549,2024-03-12,0.0037762426238976,0.0002174603174603,1.0495028090313507,-0.0009935868535831,0.0,,1.0044615997555526,1.0037762426238976,1.008254690462618,0.0,1.008254690462618,1.023388912006881
550,2024-03-13,-0.0008754156707281,0.0002174603174603,1.0495028090313507,-0.0018681327228096,0.0,,1.008254690462618,0.9991245843292719,1.0073720485065019,0.0,1.0073720485065019,1.0224930213160608
551,2024-03-14,-0.0046695943567981,0.0002174603174603,1.0495028090313507,-0.0065290036575876,0.0,,1.0073720485065019,0.9953304056432019,1.0026680296735997,0.0,1.0026680296735997,1.017718393673858
552,2024-03-15,-0.0040332633823983,0.0002174603174603,1.0495028090313507,-0.0105359338486104,0.0,,1.0026680296735997,0.9959667366176017,0.9986240054248158,0.0,0.9986240054248158,1.0136136673430598
553,2024-03-18,0.0024861181112235,0.0002174603174603,1.0495028090313507,-0.0080760093133466,0.0,,0.9986240054248158,1.0024861181112235,1.001106702651005,0.0,1.001106702651005,1.016133630639225
554,2024-03-19,0.0027295843420658,0.0002174603174603,1.0495028090313507,-0.0053684691198488,0.0,,1.001106702651005,1.0027295843420658,1.0038393078312984,0.0,1.0038393078312984,1.0189072530868644
555,2024-03-20,0.0078109001241054,0.0002170634920634,1.052022138874761,0.0,0.0,,1.0038393078312984,1.0078109001241053,1.0116801964054196,0.0,1.0116801964054196,1.0268658358764524
556,2024-03-21,0.001868007022483,0.0002174603174603,1.0539873236179866,0.0,0.0,,1.0116801964054196,1.001868007022483,1.013570022116812,0.0,1.013570022116812,1.0287840284690175
557,2024-03-22,-0.0013629398636035,0.0002166666666666,1.0539873236179866,-0.0013629398636036,0.0,,1.013570022116812,0.9986370601363965,1.0121885871291156,0.0,1.0121885871291156,1.0273818577055784
558,2024-03-25,-0.0020507816682872,0.0002166666666666,1.0539873236179866,-0.0034109264398035,0.0,,1.0121885871291156,0.9979492183317128,1.0101128093297818,0.0,1.0101128093297818,1.025274921825465
559,2024-03-26,-0.0003934190562677,0.0002166666666666,1.0539873236179866,-0.0038030035726103,0.0,,1.0101128093297818,0.9996065809437323,1.0097154117016114,0.0,1.0097154117016114,1.0248715591333055
560,2024-03-27,0.0058154528390519,0.0002162698412698,1.0560851094525223,0.0,0.0,,1.0097154117016114,1.005815452839052,1.0155873640592261,0.0,1.0155873640592261,1.030831651351531
561,2024-03-28,0.0012840637234168,0.0002166666666666,1.0574411900304113,0.0,0.0,,1.0155873640592261,1.0012840637234168,1.0168914429513751,0.0,1.0168914429513751,1.0321553048799814
562,2024-04-01,-0.0017885149954634,0.000215873015873,0.9982114850045364,0.0,1.0,0.06864631973186128,1.0168914429513751,0.9982114850045366,1.015072717356898,0.0006968100630677088,1.0143759072938303,1.0303092796395563
563,2024-04-02,-0.0020461351540354,0.0002150793650793,0.9982114850045364,-0.0020461351540355,0.0,,1.0143759072938303,0.9979538648459646,1.0123003570905098,0.0,1.0123003570905098,1.0282011276029568
564,2024-04-03,0.0032067898486624,0.0002150793650793,0.9993635140607832,0.0,0.0,,1.0123003570905098,1.0032067898486623,1.0155465915994248,0.0,1.0155465915994248,1.0314983525413373
565,2024-04-04,-0.0075982992416689,0.0002146825396825,0.9993635140607832,-0.0075982992416688,0.0,,1.0155465915994248,0.9924017007583311,1.0078301647025956,0.0,1.0078301647025956,1.0236607193914398
566,2024-04-05,0.0066328494317908,0.0002154761904761,0.9993635140607832,-0.0010158481846856,0.0,,1.0078301647025956,1.0066328494317909,1.014514950437885,0.0,1.014514950437885,1.030450506812402
567,2024-04-08,0.0013707832249972,0.0002154761904761,0.9997168315685931,0.0,0.0,,1.014514950437885,1.0013707832249972,1.0159056305134542,0.0,1.0159056305134542,1.0318630310813302
568,2024-04-09,0.0024048532650515,0.0002154761904761,1.0021210038551178,0.0,0.0,,1.0159056305134542,1.0024048532650516,1.0183487344859787,0.0,1.0183487344859787,1.034344510260712
569,2024-04-10,-0.0108010276094226,0.0002162698412698,1.0021210038551178,-0.0108010276094226,0.0,,1.0183487344859787,0.9891989723905774,1.0073495216887751,0.0,1.0073495216887751,1.0231725266477314
570,2024-04-11,0.0077022892640777,0.0002162698412698,1.0021210038551178,-0.003181930984342,0.0,,1.0073495216887751,1.0077022892640777,1.0151084190948523,0.0,1.0151084190948523,1.0310532974150295
571,2024-04-12,-0.009759790135931,0.0002162698412698,1.0021210038551178,-0.0129106661416389,0.0,,1.0151084190948523,0.990240209864069,1.00520117395927,0.0,1.00520117395927,1.020990433613299
572,2024-04-15,-0.0059969887750995,0.0002162698412698,1.0021210038551178,-0.018830229796808,0.0,,1.00520117395927,0.9940030112249005,0.9991729938023194,0.0,0.9991729938023194,1.014867565443436
573,2024-04-16,-0.0019082331465235,0.0002162698412698,1.0021210038551178,-0.0207025304746766,0.0,,0.9991729938023194,0.9980917668534764,0.9972663387764347,0.0,0.9972663387764347,1.0129309615157251
574,2024-04-17,-0.0033498945832842,0.0002162698412698,1.0021210038551178,-0.0239830737632633,0.0,,0.9972663387764347,0.9966501054167158,0.9939256016700758,0.0,0.9939256016700758,1.0095377495745028
575,2024-04-18,-0.0022142078964118,0.0002166666666666,1.0021210038551178,-0.0261441781483683,0.0,,0.9939256016700758,0.9977857921035882,0.991724843754412,0.0,0.991724843754412,1.007302423117669
576,2024-04-19,-0.0061793978998338,0.0002162698412698,1.0021210038551178,-0.0321620207686592,0.0,,0.991724843754412,0.9938206021001662,0.985596581337703,0.0,0.985596581337703,1.0010779006397583
577,2024-04-22,0.0022624231302793,0.0002150793650793,1.0021210038551178,-0.0299723617380833,0.0,,0.985596581337703,1.0022624231302792,0.9878264178404456,0.0,0.9878264178404456,1.0033427624373774
578,2024-04-23,0.0074648357458256,0.0002162698412698,1.0021210038551178,-0.022731264749547,0.0,,0.9878264178404456,1.0074648357458256,0.9952003797950117,0.0,0.9952003797950117,1.0108325513557352
579,2024-04-24,-0.0013925080762087,0.0002166666666666,1.0021210038551178,-0.0240921193560096,0.0,,0.9952003797950117,0.9986074919237913,0.9938145552287012,0.0,0.9938145552287012,1.0094249588642776
580,2024-04-25,-0.0022691407815512,0.0002170634920634,1.0021210038551178,-0.0263065917270162,0.0,,0.9938145552287012,0.9977308592184488,0.9915594500921326,0.0,0.9915594500921326,1.007134431524203
581,2024-04-26,0.0078965293962816,0.0002166666666666,1.0021210038551178,-0.0186177931056229,0.0,,0.9915594500921326,1.0078965293962816,0.999389328437946,0.0,0.999389328437946,1.015087298168741
582,2024-04-29,0.0020839996601184,0.0002162698412698,1.0021210038551178,-0.016572592920009,0.0,,0.999389328437946,1.0020839996601183,1.0014720554587366,0.0,1.0014720554587366,1.0172027397531154
583,2024-04-30,-0.0125725666183321,0.0002166666666666,1.0021210038551178,-0.0289367995098158,0.0,,1.0014720554587366,0.9874274333816679,0.9888809813250837,0.0,0.9888809813250837,1.0044138905432194
584,2024-05-01,-0.0003140901061671,0.0002166666666666,1.0021210038551178,-0.0292418008535527,0.0,,0.9888809813250837,0.9996859098938329,0.9885703835926727,0.0,0.9885703835926727,1.004098414077703
585,2024-05-02,0.0072288809826803,0.0002166666666666,1.0021210038551178,-0.0222243053689619,0.0,,0.9885703835926727,1.0072288809826804,0.9957166412386668,0.0,0.9957166412386668,1.0113569220079688
586,2024-05-03,0.0093809366908124,0.0002162698412698,1.0021210038551178,-0.013051853479813,0.0,,0.9957166412386668,1.0093809366908124,1.005057396012115,0.0,1.005057396012115,1.0208443972651404
587,2024-05-06,0.0083375507044895,0.0002162698412698,1.0021210038551178,-0.004823123265499,0.0,,1.005057396012115,1.0083375507044896,1.0134371130122883,0.0,1.0134371130122883,1.029355739188733
588,2024-05-07,0.0006208513803264,0.0002162698412698,1.0021210038551178,-0.0042052663279094,0.0,,1.0134371130122883,1.0006208513803263,1.014066306842776,0.0,1.014066306842776,1.029994816120255
589,2024-05-08,-0.0013139507529159,0.0002162698412698,1.0021210038551178,-0.0055136915679675,0.0,,1.014066306842776,0.9986860492470842,1.0127338736553932,0.0,1.0127338736553932,1.0286414536561144
590,2024-05-09,0.0052463031977988,0.0002166666666666,1.0021210038551178,-0.0002963148678735,0.0,,1.0127338736553932,1.0052463031977987,1.0180469826152707,0.0,1.0180469826152707,1.0340380186038187
591,2024-05-10,0.0017238989560838,0.0002170634920634,1.0035511039543468,0.0,0.0,,1.0180469826152707,1.0017238989560837,1.0198019927458453,0.0,1.0198019927458453,1.035820595664641
592,2024-05-13,-0.0015397557846439,0.0002162698412698,1.0035511039543468,-0.0015397557846439,0.0,,1.0198019927458453,0.9984602442153561,1.0182317467283235,0.0,1.0182317467283235,1.0342256849106128
593,2024-05-14,0.0054131717384149,0.000215873015873,1.0074299102500122,0.0,0.0,,1.0182317467283235,1.005413171738415,1.02374361004287,0.0,1.02374361004287,1.0398241261593135
594,2024-05-15,0.0124096839046094,0.0002162698412698,1.019931796992264,0.0,0.0,,1.02374361004287,1.0124096839046095,1.0364479446428658,0.0,1.0364479446428658,1.0527280148813376
595,2024-05-16,-0.0032083025342108,0.0002162698412698,1.019931796992264,-0.0032083025342108,0.0,,1.0364479446428658,0.9967916974657892,1.0331227060754906,0.0,1.0331227060754906,1.049350544923359
596,2024-05-17,0.0020892517456441,0.0002166666666666,1.019931796992264,-0.0011257537402368,0.0,,1.0331227060754906,1.0020892517456441,1.0352811594926234,0.0,1.0352811594926234,1.051542902381133
597,2024-05-20,0.0025421582300369,0.0002162698412698,1.0213735140829816,0.0,0.0,,1.0352811594926234,1.002542158230037,1.0379130080126298,0.0,1.0379130080126298,1.054216090824658
598,2024-05-21,0.0006501693024154,0.0002162698412698,1.0220375797881385,0.0,0.0,,1.0379130080126298,1.0006501693024155,1.0385878271890172,0.0,1.0385878271890172,1.0549015097650247
599,2024-05-22,-0.0053077460543132,0.0002162698412698,1.0220375797881385,-0.0053077460543132,0.0,,1.0385878271890172,0.9946922539456868,1.033075266747197,0.0,1.033075266747197,1.0493023604388805
600,2024-05-23,-0.0062472566337619,0.0002166666666666,1.0220375797881385,-0.011521843836327,0.0,,1.033075266747197,0.9937527433662381,1.026621380433835,0.0,1.026621380433835,1.0427470993068064
601,2024-05-24,0.0052725940663535,0.0002166666666666,1.0220375797881385,-0.0063099997754182,0.0,,1.026621380433835,1.0052725940663536,1.0320343382327022,0.0,1.0320343382327022,1.048245081475319
602,2024-05-28,0.0011111850045924,0.0002166666666666,1.0220375797881385,-0.0052058263479551,0.0,,1.0320343382327022,1.0011111850045924,1.0331811193135707,0.0,1.0331811193135707,1.0494098756909922
603,2024-05-29,-0.0081123199790425,0.0002166666666666,1.0220375797881385,-0.0132759149979078,0.0,,1.0331811193135707,0.9918876800209575,1.0247996234773937,0.0,1.0247996234773937,1.0408967269902196
604,2024-05-30,-0.0004701962113659,0.0002166666666666,1.0220375797881385,-0.0137398689243393,0.0,,1.0247996234773937,0.9995298037886341,1.0243177665770256,0.0,1.0243177665770256,1.0404073012927657
605,2024-05-31,0.0028137966363762,0.0002166666666666,1.0220375797881385,-0.0109647334849266,0.0,,1.0243177665770256,1.0028137966363762,1.0271999884632004,0.0,1.0271999884632004,1.0433347958576045
606,2024-06-03,0.004601509617872,0.0002190476190476,1.0220375797881385,-0.006413678193643,0.0,,1.0271999884632004,1.004601509617872,1.0319266590895917,0.0,1.0319266590895917,1.0481357109554037
607,2024-06-04,0.0002929789558325,0.0002190476190476,1.0220375797881385,-0.0061225783105506,0.0,,1.0319266590895917,1.0002929789558326,1.0322289918846677,0.0,1.0322289918846677,1.0484427926615705
608,2024-06-05,0.0104558419458789,0.0002186507936507,1.026400910582078,0.0,0.0,,1.0322289918846677,1.010455841945879,1.0430218150757677,0.0,1.0430218150757677,1.0594051447909356
609,2024-06-06,0.0012240297994484,0.0002186507936507,1.0276572558828114,0.0,0.0,,1.0430218150757677,1.0012240297994484,1.0442985048588953,0.0,1.0442985048588953,1.0607018882578487
610,2024-06-07,-0.0099631192598475,0.0002190476190476,1.0276572558828114,-0.0099631192598474,0.0,,1.0442985048588953,0.9900368807401525,1.0338940343121057,0.0,1.0338940343121057,1.0501339888459904
611,2024-06-10,0.002753484704322,0.0002190476190476,1.0276572558828114,-0.0072370678520148,0.0,,1.0338940343121057,1.002753484704322,1.036740845721474,0.0,1.036740845721474,1.0530255167217666
612,2024-06-11,0.0015942852777848,0.0002190476190476,1.0276572558828114,-0.0056543205249608,0.0,,1.036740845721474,1.0015942852777848,1.0383937063886859,0.0,1.0383937063886859,1.0547043398002078
613,2024-06-12,0.0077521722825741,0.0002186507936507,1.0297680828885614,0.0,0.0,,1.0383937063886859,1.0077521722825742,1.0464435132977516,0.0,1.0464435132977516,1.0628805895495177
614,2024-06-13,-0.0001275615733452,0.0002186507936507,1.0297680828885614,-0.0001275615733451,0.0,,1.0464435132977516,0.9998724384266549,1.0463100273167785,0.0,1.0463100273167785,1.0627450068292366
615,2024-06-14,0.001628915037324,0.0002186507936507,1.0313139147945165,0.0,0.0,,1.0463100273167785,1.001628915037324,1.0480143774539779,0.0,1.0480143774539779,1.064476128151702
616,2024-06-17,0.0026878742743236,0.0002190476190476,1.0340859569348448,0.0,0.0,,1.0480143774539779,1.0026878742743237,1.0508313083382579,0.0,1.0508313083382579,1.0673373061521925
617,2024-06-18,0.0035810832331731,0.0002182539682539,1.037789104816884,0.0,0.0,,1.0508313083382579,1.003581083233173,1.0545944227174413,0.0,1.0545944227174413,1.0711595298833945
618,2024-06-20,-0.0011740981830505,0.0002182539682539,1.037789104816884,-0.0011740981830504,0.0,,1.0545944227174413,0.9988259018169495,1.0533562253218736,0.0,1.0533562253218736,1.069901883425601
619,2024-06-21,-0.0045374520451415,0.0002178571428571,1.037789104816884,-0.0057062228139902,0.0,,1.0533562253218736,0.9954625479548584,1.0485766719630243,0.0,1.0485766719630243,1.0650472549365508
620,2024-06-24,-0.0009371921552067,0.0002182539682539,1.037789104816884,-0.0066380671419398,0.0,,1.0485766719630243,0.9990628078447933,1.0475939541319277,0.0,1.0475939541319277,1.0640491010042998
621,2024-06-25,0.0025988689471577,0.0002178571428571,1.037789104816884,-0.0040564496613465,0.0,,1.0475939541319277,1.0025988689471577,1.0503165135285513,0.0,1.0503165135285513,1.0668144251711509
622,2024-06-26,-0.0040752457124135,0.0002182539682539,1.037789104816884,-0.00811516434467,0.0,,1.0503165135285513,0.9959247542875865,1.046036215660117,0.0,1.046036215660117,1.0624668942590312
623,2024-06-27,0.0029188143651759,0.0002178571428571,1.037789104816884,-0.005220036637759,0.0,,1.046036215660117,1.002918814365176,1.0490894011928802,0.0,1.0490894011928802,1.0655680378925183
624,2024-06-28,-0.0033916265477507,0.0002174603174603,1.037789104816884,-0.008593958770669,0.0,,1.0490894011928802,0.9966083734522493,1.0455312817288305,0.0,1.0455312817288305,1.0619540290467675
625,2024-07-01,0.000103393868662,0.0002170634920634,1.000103393868662,0.0,1.0,0.11274864524347826,1.0455312817288305,1.000103393868662,1.0456393832528557,0.0011789442387498562,1.044460439014106,1.062063828582172
626,2024-07-02,0.0049442244457015,0.0002170634920634,1.0050481295168563,0.0,0.0,,1.044460439014106,1.0049442244457014,1.0496244858492474,0.0,1.0496244858492474,1.067314910526343
627,2024-07-03,0.0082849474594893,0.0002170634920634,1.0133749004641617,0.0,0.0,,1.0496244858492474,1.0082849474594893,1.0583205695667017,0.0,1.0583205695667017,1.0761575584827834
628,2024-07-05,0.0071697939994054,0.0002166666666666,1.0206405897446575,0.0,0.0,,1.0583205695667017,1.0071697939994053,1.0659085100358283,0.0,1.0659085100358283,1.083873386488008
629,2024-07-08,-0.0015122628880784,0.0002166666666666,1.0206405897446575,-0.0015122628880783,0.0,,1.0659085100358283,0.9984877371119216,1.0642965761540142,0.0,1.0642965761540142,1.0822342849902462
630,2024-07-09,-0.0002372827649103,0.0002166666666666,1.0206405897446575,-0.0017491868190693,0.0,,1.0642965761540142,0.9997627172350897,1.0640440369197397,0.0,1.0640440369197397,1.0819774894468228
631,2024-07-10,0.0068576730409172,0.0002166666666666,1.0258422751924094,0.0,0.0,,1.0640440369197397,1.0068576730409171,1.0713409030260728,0.0,1.0713409030260728,1.0893973373070818
632,2024-07-11,-0.0016411111140166,0.000215873015873,1.0258422751924094,-0.0016411111140167,0.0,,1.0713409030260728,0.9983588888859835,1.069582713563216,0.0,1.069582713563216,1.0876095152292469
633,2024-07-12,0.0044772681925294,0.0002154761904761,1.0287441874468972,0.0,0.0,,1.069582713563216,1.0044772681925294,1.074371522225932,0.0,1.074371522225932,1.0924790347176754
634,2024-07-15,-0.0007075450690528,0.0002154761904761,1.0287441874468972,-0.0007075450690529,0.0,,1.074371522225932,0.9992924549309472,1.0736113559530502,0.0,1.0736113559530502,1.0917060565636174
635,2024-07-16,0.0066566995620645,0.0002154761904761,1.034859500254177,0.0,0.0,,1.0736113559530502,1.0066566995620645,1.0807580641960504,0.0,1.0807580641960504,1.0989732157922476
636,2024-07-17,-0.0128625912312599,0.0002154761904761,1.034859500254177,-0.0128625912312601,0.0,,1.0807580641960504,0.9871374087687401,1.0668567149964088,0.0,1.0668567149964088,1.0848375725434087
637,2024-07-18,-0.0060621074414182,0.0002154761904761,1.034859500254177,-0.0188467242626595,0.0,,1.0668567149964088,0.9939378925585818,1.0603893149655021,0.0,1.0603893149655021,1.0782611706221632
638,2024-07-19,-0.0073993170496177,0.0002154761904761,1.034859500254177,-0.026106588424111,0.0,,1.0603893149655021,0.9926006829503823,1.0525431582280456,0.0,1.0525431582280456,1.0702827743584378
639,2024-07-22,0.0074086822059045,0.0002154761904761,1.034859500254177,-0.0188913216353211,0.0,,1.0525431582280456,1.0074086822059045,1.0603411159953562,0.0,1.0603411159953562,1.0782121593041132
640,2024-07-23,-0.0009796010923985,0.0002146825396825,1.034859500254177,-0.0198524167684088,0.0,,1.0603411159953562,0.9990203989076015,1.059302404679812,0.0,1.059302404679812,1.0771559414950214
641,2024-07-24,-0.0168980800599377,0.0002142857142857,1.034859500254177,-0.0364150291004108,0.0,,1.059302404679812,0.9831019199400624,1.041402227837848,0.0,1.041402227837848,1.0589540741586008
642,2024-07-25,-0.0062053798500673,0.0002138888888888,1.034859500254177,-0.0423944398626587,0.0,,1.041402227837848,0.9937946201499327,1.034939931437408,0.0,1.034939931437408,1.0523828618846702
643,2024-07-26,0.0096108132497338,0.000213492063492,1.034859500254177,-0.0331910716572719,0.0,,1.034939931437408,1.009610813249734,1.0448865458431453,0.0,1.0448865458431453,1.0624971170374642
644,2024-07-29,-0.0005436062440008,0.0002146825396825,1.034859500254177,-0.0337166350274749,0.0,,1.0448865458431453,0.9994563937559992,1.0443185389925524,0.0,1.0443185389925524,1.0619195369704095
645,2024-07-30,-0.0023461821444356,0.0002142857142857,1.034859500254177,-0.0359837118048387,0.0,,1.0443185389925524,0.9976538178555644,1.041868377483265,0.0,1.041868377483265,1.0594280803139424
646,2024-07-31,0.0175645263922181,0.0002146825396825,1.034859500254177,-0.0190512222683066,0.0,,1.041868377483265,1.0175645263922182,1.0601683020967874,0.0,1.0601683020967874,1.0780364327912737
647,2024-08-01,-0.0123666306227134,0.0002130952380952,1.034859500254177,-0.0311822534623167,0.0,,1.0601683020967874,0.9876333693772866,1.0470575923068473,0.0,1.0470575923068473,1.0647047544291164
648,2024-08-02,-0.0098085760446372,0.0002099206349206,1.034859500254177,-0.0406849760026257,0.0,,1.0470575923068473,0.9901914239553627,1.0367874482895907,0.0,1.0367874482895907,1.0542615168802116
649,2024-08-05,-0.0163553515915967,0.0002123015873015,1.034859500254177,-0.0563749105072038,0.0,,1.0367874482895907,0.9836446484084033,1.01983042504706,0.0,1.01983042504706,1.0370186991021455
650,2024-08-06,0.0021191337703221,0.0002119047619047,1.034859500254177,-0.0543752427135364,0.0,,1.01983042504706,1.0021191337703221,1.0219915821407792,0.0,1.0219915821407792,1.0392162804478686
651,2024-08-07,-0.0048841870233554,0.0002119047619047,1.034859500254177,-0.0589938508820386,0.0,,1.0219915821407792,0.9951158129766446,1.0169999841173087,0.0,1.0169999841173087,1.0341405537764454
652,2024-08-08,0.0175100747375365,0.0002119047619047,1.034859500254177,-0.0425167628825017,0.0,,1.0169999841173087,1.0175100747375365,1.0348077298472762,0.0,1.0348077298472762,1.0522484321621883
653,2024-08-09,0.0050860259824029,0.0002115079365079,1.034859500254177,-0.0376469782608067,0.0,,1.0348077298472762,1.0050860259824028,1.0400707888480707,0.0,1.0400707888480707,1.057600195028108
654,2024-08-12,0.0038616048143683,0.0002115079365079,1.034859500254177,-0.0339307511989368,0.0,,1.0400707888480707,1.0038616048143683,1.0440871312135702,0.0,1.0440871312135702,1.0616842290329054
655,2024-08-13,0.0125238821039248,0.0002111111111111,1.034859500254177,-0.0218318138227251,0.0,,1.0440871312135702,1.0125238821039249,1.057163155351114,0.0,1.057163155351114,1.07498063714891
656,2024-08-14,0.0017899577052832,0.0002111111111111,1.034859500254177,-0.0200809341408141,0.0,,1.057163155351114,1.0017899577052831,1.0590554326867763,0.0,1.0590554326867763,1.076904807023405
657,2024-08-15,0.0101851418555547,0.0002119047619047,1.034859500254177,-0.0101003194480755,0.0,,1.0590554326867763,1.0101851418555547,1.069842062501587,0.0,1.069842062501587,1.0878732352478673
658,2024-08-16,0.0051940904357467,0.0002115079365079,1.034859500254177,-0.004958690984972,0.0,,1.069842062501587,1.0051940904357466,1.0753989189261859,0.0,1.0753989189261859,1.093523747214373
659,2024-08-19,0.0065927897536923,0.0002107142857142,1.0365167316691368,0.0,0.0,,1.0753989189261859,1.0065927897536924,1.0824887979000144,0.0,1.0824887979000144,1.1007331193704273
660,2024-08-20,0.0002470774467363,0.0002099206349206,1.036772831576697,0.0,0.0,,1.0824887979000144,1.0002470774467362,1.0827562564683202,0.0,1.0827562564683202,1.1010050856990994
661,2024-08-21,0.0037715455482562,0.00020873015873,1.0406830675341834,0.0,0.0,,1.0827562564683202,1.003771545548256,1.0868399210072497,0.0,1.0868399210072497,1.1051575765286754
662,2024-08-22,-0.0083202239939854,0.0002095238095238,1.0406830675341834,-0.0083202239939853,0.0,,1.0868399210072497,0.9916797760060146,1.077797169418864,0.0,1.077797169418864,1.0959624179433067
663,2024-08-23,0.010084592231746,0.0002083333333333,1.0424318960616998,0.0,0.0,,1.077797169418864,1.010084592231746,1.0886663143809834,0.0,1.0886663143809834,1.1070147520295834
664,2024-08-26,-0.0035261487080849,0.0002079365079365,1.0424318960616998,-0.0035261487080849,0.0,,1.0886663143809834,0.9964738512919151,1.0848275150629934,0.0,1.0848275150629934,1.1031112533918832
665,2024-08-27,0.002216277324878,0.0002075396825396,1.0424318960616998,-0.0013176863066326,0.0,,1.0848275150629934,1.002216277324878,1.0872317936860312,0.0,1.0872317936860312,1.1055560538495937
666,2024-08-28,-0.0057842284383422,0.000206746031746,1.0424318960616998,-0.0070942929463672,0.0,,1.0872317936860312,0.9942157715616577,1.0809429966259225,0.0,1.0809429966259225,1.0991612650827354
667,2024-08-29,0.0003969901885651,0.0002071428571428,1.0424318960616998,-0.0067001191224964,0.0,,1.0809429966259225,1.0003969901885652,1.0813721203899813,0.0,1.0813721203899813,1.0995976213206242
668,2024-08-30,0.00323172175377,0.000206746031746,1.0424318960616998,-0.0034900502894473,0.0,,1.0813721203899813,1.00323172175377,1.0848668141953661,0.0,1.0848668141953661,1.1031512148738398
669,2024-09-03,-0.0130054519811633,0.0002059523809523,1.0424318960616998,-0.0164501125891595,0.0,,1.0848668141953661,0.9869945480188367,1.0707576309373907,0.0,1.0707576309373907,1.0888042347208362
670,2024-09-04,0.0002649194476146,0.0002055555555554,1.0424318960616998,-0.016189551096285,0.0,,1.0707576309373907,1.0002649194476145,1.0710412954575077,0.0,1.0710412954575077,1.0890926801372591
671,2024-09-05,0.0012531294702084,0.000204365079365,1.0424318960616998,-0.0149567092296647,0.0,,1.0710412954575077,1.0012531294702085,1.0723834488686559,0.0,1.0723834488686559,1.0904574542705274
672,2024-09-06,-0.0125322842778102,0.0002035714285714,1.0424318960616998,-0.0273015517755482,0.0,,1.0723834488686559,0.9874677157221898,1.0589440346326153,0.0,1.0589440346326153,1.076791531460752
673,2024-09-09,0.0082922089936034,0.0002027777777777,1.0424318960616998,-0.0192357329551172,0.0,,1.0589440346326153,1.0082922089936035,1.0677250198803188,0.0,1.0677250198803188,1.085720511882167
674,2024-09-10,0.0028180337838945,0.0002007936507936,1.0424318960616998,-0.0164719061165481,0.0,,1.0677250198803188,1.0028180337838946,1.070733905058251,0.0,1.070733905058251,1.0887801089645182
675,2024-09-11,0.0073692593584427,0.0002023809523808,1.0424318960616998,-0.0092240325064062,0.0,,1.070733905058251,1.0073692593584427,1.0786244209085034,0.0,1.0786244209085034,1.0968036119717912
676,2024-09-12,0.0078657639765724,0.0002007936507936,1.0424318960616998,-0.0014308225924415,0.0,,1.0786244209085034,1.0078657639765725,1.087108626022737,0.0,1.087108626022737,1.1054308103122137
677,2024-09-13,0.0049961447900496,0.0001972222222222,1.0461410497148649,0.0,0.0,,1.087108626022737,1.0049961447900495,1.0925399781208582,0.0,1.0925399781208582,1.110953702695915
678,2024-09-16,0.0021370246954751,0.0001968253968253,1.0483766789730555,0.0,0.0,,1.0925399781208582,1.002137024695475,1.0948747630348963,0.0,1.0948747630348963,1.113327838194106
679,2024-09-17,-0.0018002776975748,0.0001964285714285,1.0483766789730555,-0.0018002776975748,0.0,,1.0948747630348963,0.9981997223024252,1.092903684417367,0.0,1.092903684417367,1.1113235389169158
680,2024-09-18,-0.0042115336700666,0.0001920634920634,1.0483766789730555,-0.0060042294375026,0.0,,1.092903684417367,0.9957884663299335,1.0883008837523034,0.0,1.0883008837523034,1.1066431624144295
681,2024-09-19,0.0137434929902538,0.0001904761904761,1.0564038313097066,0.0,0.0,,1.0883008837523034,1.0137434929902538,1.1032579393194402,0.0,1.1032579393194402,1.1218523049597846
682,2024-09-20,0.0007823727113073,0.000188492063492,1.0572303328394437,0.0,0.0,,1.1032579393194402,1.0007823727113072,1.1041210982246967,0.0,1.1041210982246967,1.1227300115893022
683,2024-09-23,0.0021256732921306,0.0001873015873015,1.0594776591215909,0.0,0.0,,1.1041210982246967,1.0021256732921306,1.1064680989544708,0.0,1.1064680989544708,1.125116568789211
684,2024-09-24,0.0045494814241861,0.0001861111111111,1.0642977330511048,0.0,0.0,,1.1064680989544708,1.0045494814241862,1.1115019550171188,0.0,1.1115019550171188,1.1302352657189616
685,2024-09-25,-0.0022386135980833,0.0001861111111111,1.0642977330511048,-0.0022386135980833,0.0,,1.1115019550171188,0.9977613864019167,1.1090137316263213,0.0,1.1090137316263213,1.1277051056840897
686,2024-09-26,0.0059084462797059,0.0001857142857142,1.0681894504780092,0.0,0.0,,1.1090137316263213,1.0059084462797059,1.1155662796830916,0.0,1.1155662796830916,1.134368090720374
687,2024-09-27,-0.0030895732631284,0.0001857142857142,1.0681894504780092,-0.0030895732631284,0.0,,1.1155662796830916,0.9969104267368716,1.1121196559321351,0.0,1.1121196559321351,1.1308633773967385
688,2024-09-30,-0.0010420335396857,0.0001876984126984,1.0681894504780092,-0.0041283873638505,0.0,,1.1121196559321351,0.9989579664603143,1.11096078995051,0.0,1.11096078995051,1.1296849798286888
689,2024-10-01,-0.0010214967302952,0.0001869047619047,0.9989785032697048,0.0,1.0,0.25158437015214014,1.11096078995051,0.9989785032697048,1.1098259471360894,0.002792148618887354,1.107033798517202,1.1285310103155302
690,2024-10-02,-0.0009450106656398,0.0001861111111111,0.9989785032697048,-0.0009450106656397,0.0,,1.107033798517202,0.9990549893343602,1.1059876397703796,0.0,1.1059876397703796,1.1274645364742768
691,2024-10-03,-0.0039693875430399,0.0001857142857142,0.9989785032697048,-0.0049106470951155,0.0,,1.1059876397703796,0.9960306124569601,1.101597546210319,0.0,1.101597546210319,1.1229891927879765
692,2024-10-04,0.0018438257730981,0.0001876984126984,0.9989785032697048,-0.003075875699694,0.0,,1.101597546210319,1.0018438257730982,1.1036287001576033,0.0,1.1036287001576033,1.1250597892045495
693,2024-10-07,-0.0065402902421238,0.0001892857142857,0.9989785032697048,-0.0095960488219931,0.0,,1.1036287001576033,0.9934597097578762,1.0964106481390348,0.0,1.0964106481390348,1.117701571643409
694,2024-10-08,0.0030904521708425,0.000188492063492,0.9989785032697048,-0.0065352527810641,0.0,,1.0964106481390348,1.0030904521708426,1.099799052806711,0.0,1.099799052806711,1.1211557748918488
695,2024-10-09,0.0016385762683934,0.000188492063492,0.9989785032697048,-0.0049073850227856,0.0,,1.099799052806711,1.0016385762683935,1.1016011574346416,0.0,1.1016011574346416,1.1229928741377588
696,2024-10-10,-0.0002792750780989,0.000188492063492,0.9989785032697048,-0.005185289590549,0.0,,1.1016011574346416,0.9997207249219011,1.1012935076853652,0.0,1.1012935076853652,1.1226792502151297
697,2024-10-11,0.0049547931519858,0.0001876984126984,0.9989785032697048,-0.0002561884759175,0.0,,1.1012935076853652,1.0049547931519858,1.106750189215571,0.0,1.106750189215571,1.128241893675972
698,2024-10-14,0.0031391491943379,0.0001876984126984,1.0018577156608317,0.0,0.0,,1.106750189215571,1.003139149194338,1.1102244431803803,0.0,1.1102244431803803,1.1317836133075232
699,2024-10-15,-0.0036377156135309,0.0001876984126984,1.0018577156608317,-0.0036377156135308,0.0,,1.1102244431803803,0.9963622843864691,1.1061857623888993,0.0,1.1061857623888993,1.127666506386256
700,2024-10-16,0.0035789060023995,0.0001873015873015,1.0018577156608317,-7.182865337551636e-05,0.0,,1.1061857623888993,1.0035789060023994,1.1101446972536817,0.0,1.1101446972536817,1.1317023188146669
701,2024-10-17,-0.0006776729837613,0.0001880952380952,1.0018577156608317,-0.000749452960799,0.0,,1.1101446972536817,0.9993223270162387,1.109392382184287,0.0,1.109392382184287,1.1309353947275462
702,2024-10-18,0.0036613260009977,0.0001876984126984,1.0047722490440116,0.0,0.0,,1.109392382184287,1.0036613260009977,1.113454229358487,0.0,1.113454229358487,1.135076117893711
703,2024-10-21,-0.0053423392155039,0.0001876984126984,1.0047722490440116,-0.0053423392155039,0.0,,1.113454229358487,0.9946576607844961,1.1075057791643166,0.0,1.1075057791643166,1.1290121562365054
704,2024-10-22,1.493641749501242e-05,0.0001873015873015,1.0047722490440116,-0.0053274825934178,0.0,,1.1075057791643166,1.000014936417495,1.1075223213330123,0.0,1.1075223213330123,1.129029019633428
705,2024-10-23,-0.0068928910871046,0.0001876984126984,1.0047722490440116,-0.0121836519232376,0.0,,1.1075223213330123,0.9931071089128954,1.0998882905955267,0.0,1.0998882905955267,1.1212467455669142
706,2024-10-24,0.0028340157615169,0.0001865079365079,1.0047722490440116,-0.0093841648233039,0.0,,1.0998882905955267,1.002834015761517,1.1030053913469824,0.0,1.1030053913469824,1.1244243765164004
707,2024-10-25,-0.0017048017129107,0.0001876984126984,1.0047722490440116,-0.0110729683959497,0.0,,1.1030053913469824,0.9982951982870893,1.1011249858664645,0.0,1.1011249858664645,1.1225074559132766
708,2024-10-28,0.001708292769011,0.0001865079365079,1.0047722490440116,-0.0093835914987808,0.0,,1.1011249858664645,1.001708292769011,1.1030060297175976,0.0,1.1030060297175976,1.1244250272833742
709,2024-10-29,0.0020394393238979,0.0001865079365079,1.0047722490440116,-0.0073632894403848,0.0,,1.1030060297175976,1.0020394393238978,1.1052555435891,0.0,1.1052555435891,1.1267182239007911
710,2024-10-30,-0.0022923208936378,0.0001853174603174,1.0047722490440116,-0.0096387313117926,0.0,,1.1052555435891,0.9977076791063622,1.1027219432137216,0.0,1.1027219432137216,1.1241354241749009
711,2024-10-31,-0.0096118805556214,0.0001841269841269,1.0047722490440116,-0.0191579655333373,0.0,,1.1027219432137216,0.9903881194443787,1.0921227116094887,0.0,1.0921227116094887,1.113330368749389
712,2024-11-01,-0.000782615775274,0.0001829365079365,1.0047722490440116,-0.0199255879825628,0.0,,1.0921227116094887,0.999217384224726,1.0912679991468481,0.0,1.0912679991468481,1.112459058839714
713,2024-11-04,0.0014705321638388,0.0001845238095238,1.0047722490440116,-0.0184843570367357,0.0,,1.0912679991468481,1.0014705321638389,1.0928727438389616,0.0,1.0928727438389616,1.114094965666692
714,2024-11-05,0.007373663532579,0.0001841269841269,1.0047722490440116,-0.0112469909335617,0.0,,1.0928727438389616,1.007373663532579,1.1009312197359564,0.0,1.1009312197359564,1.1223099270868582
715,2024-11-06,-0.0004440864614454,0.0001841269841269,1.0047722490440116,-0.0116860827586016,0.0,,1.1009312197359564,0.9995559135385546,1.100442311086289,0.0,1.100442311086289,1.1218115244426932
716,2024-11-07,0.0101744413098205,0.0001837301587301,1.0047722490440116,-0.0016305408119501,0.0,,1.100442311086289,1.0101744413098206,1.1116386967952798,0.0,1.1116386967952798,1.1332253299588158
717,2024-11-08,0.0002745083154715,0.0001837301587301,1.0047722490440116,-0.0013564800934902,0.0,,1.1116386967952798,1.0002745083154716,1.1119438508613502,0.0,1.1119438508613502,1.1335364097351923
718,2024-11-11,-0.0042513863506383,0.0001837301587301,1.0047722490440116,-0.0056020995231741,0.0,,1.1119438508613502,0.9957486136493617,1.107216547951122,0.0,1.107216547951122,1.1287173085148927
719,2024-11-12,-0.0073502042445323,0.0001837301587301,1.0047722490440116,-0.012911127192013,0.0,,1.107216547951122,0.9926497957554677,1.0990782801807553,0.0,1.0990782801807553,1.120421005762969
720,2024-11-13,-0.0031133009996688,0.0001825396825396,1.0047722490440116,-0.0159842319664881,0.0,,1.0990782801807553,0.9968866990003312,1.0956565186723544,0.0,1.0956565186723544,1.1169327979256776
721,2024-11-14,-0.0035441944024149,0.0001829365079365,1.0047722490440116,-0.0194717751434405,0.0,,1.0956565186723544,0.9964558055975851,1.0917732989719064,0.0,1.0917732989719064,1.1129741709553955
722,2024-11-15,-0.0059654216705312,0.0001825396825396,1.0047722490440116,-0.0253210394645673,0.0,,1.0917732989719064,0.9940345783294688,1.0852604108749122,0.0,1.0852604108749122,1.1063348107172368
723,2024-11-18,0.0057949368501759,0.0001837301587301,1.0047722490440116,-0.0196728364390693,0.0,,1.0852604108749122,1.005794936850176,1.0915494264219283,0.0,1.0915494264219283,1.112745951080495
724,2024-11-19,0.0026466192201853,0.0001833333333333,1.0047722490440116,-0.0170782837259193,0.0,,1.0915494264219283,1.0026466192201853,1.0944383421136787,0.0,1.0944383421136787,1.1156909659018075
725,2024-11-20,0.0010754361120645,0.0001833333333333,1.0047722490440116,-0.0160212142169056,0.0,,1.0944383421136787,1.0010754361120644,1.0956153406292157,0.0,1.0956153406292157,1.1168908202564427
726,2024-11-21,0.0040724757532812,0.0001837301587301,1.0047722490440116,-0.0120139844700608,0.0,,1.0956153406292157,1.0040724757532813,1.1000772075388512,0.0,1.1000772075388512,1.1214393310409996
727,2024-11-22,0.0043406080404725,0.0001837301587301,1.0047722490440116,-0.0077255244271772,0.0,,1.1000772075388512,1.0043406080404724,1.1048522115110349,0.0,1.1048522115110349,1.126307059618218
728,2024-11-25,0.000888727235914,0.0001833333333333,1.0047722490440116,-0.0068436630752332,0.0,,1.1048522115110349,1.000888727235914,1.1058341237630644,0.0,1.1058341237630644,1.1273080393781032
729,2024-11-26,0.0013031317197637,0.0001829365079365,1.0047722490440116,-0.0055494495499021,0.0,,1.1058341237630644,1.0013031317197636,1.1072751712865372,0.0,1.1072751712865372,1.1287770702421616
730,2024-11-27,0.0008814025031255,0.0001825396825396,1.0047722490440116,-0.0046729383455007,0.0,,1.1072751712865372,1.0008814025031254,1.1082511263941577,0.0,1.1082511263941577,1.1297719771773438
731,2024-11-29,0.0066513600279948,0.000181746031746,1.006728882524005,0.0,0.0,,1.1082511263941577,1.0066513600279947,1.1156225036372358,0.0,1.1156225036372358,1.13728649734709
732,2024-12-02,-0.0006002459020909,0.0001789682539682,1.006728882524005,-0.000600245902091,0.0,,1.1156225036372358,0.9993997540979092,1.1149528558011472,0.0,1.1149528558011472,1.136603845787554
733,2024-12-03,8.642856204063999e-05,0.0001781746031746,1.006728882524005,-0.0005138692184407,0.0,,1.1149528558011472,1.0000864285620406,1.1150492195732171,0.0,1.1150492195732171,1.1367020808235553
734,2024-12-04,0.0040076238340472,0.0001773809523809,1.0102440729520363,0.0,0.0,,1.1150492195732171,1.0040076238340472,1.1195179174017145,0.0,1.1195179174017145,1.1412575551748747
735,2024-12-05,-0.0011886289003324,0.0001769841269841,1.0102440729520363,-0.0011886289003323,0.0,,1.1195179174017145,0.9988113710996676,1.118187226050651,0.0,1.118187226050651,1.139901023462071
736,2024-12-06,0.0011626054816008,0.0001753968253968,1.0102440729520363,-2.740532520673078e-05,0.0,,1.118187226050651,1.0011626054816007,1.1194872366491133,0.0,1.1194872366491133,1.1412262786404304
737,2024-12-09,-0.0026077335605069,0.0001753968253968,1.0102440729520363,-0.0026350674199272,0.0,,1.1194872366491133,0.9973922664394931,1.1165679122115442,0.0,1.1165679122115442,1.138250264573487
738,2024-12-10,-0.0012469114081089,0.000175,1.0102440729520363,-0.003878693132409,0.0,,1.1165679122115442,0.998753088591891,1.1151756509438793,0.0,1.1151756509438793,1.1368309673333077
739,2024-12-11,0.0037844954020019,0.0001738095238095,1.0102440729520363,-0.0001088766267326,0.0,,1.1151756509438793,1.0037844954020019,1.1193960280673008,0.0,1.1193960280673008,1.141133298902034
740,2024-12-12,-0.0068553159257664,0.000172619047619,1.0102440729520363,-0.0069634461688258,0.0,,1.1193960280673008,0.9931446840742336,1.1117222146488515,0.0,1.1117222146488515,1.1333104696246483
741,2024-12-13,-0.0034829347454399,0.0001722222222222,1.0102440729520363,-0.0104221276856563,0.0,,1.1117222146488515,0.9965170652545601,1.1078501587201735,0.0,1.1078501587201735,1.129363223212622
742,2024-12-16,0.001186287813906,0.0001734126984126,1.0102440729520363,-0.0092482035148188,0.0,,1.1078501587201735,1.001186287813906,1.109164387863097,0.0,1.109164387863097,1.1307029730417928
743,2024-12-17,-0.0027275727667665,0.0001738095238095,1.0102440729520363,-0.0119505511335367,0.0,,1.109164387863097,0.9972724272332335,1.1061390612848945,0.0,1.1061390612848945,1.127618898405222
744,2024-12-18,-0.020568946838954,0.0001730158730158,1.0102440729520363,-0.0322736877215288,0.0,,1.1061390612848945,0.979431053161046,1.083386945736835,0.0,1.083386945736835,1.104424965229325
745,2024-12-19,-0.0017105762826463,0.000172619047619,1.0102440729520363,-0.0339290573994053,0.0,,1.083386945736835,0.9982894237173537,1.081533729722529,0.0,1.081533729722529,1.102535762077841
746,2024-12-20,0.0065759830280941,0.0001722222222222,1.0102440729520363,-0.0275761912769287,0.0,,1.081533729722529,1.006575983028094,1.0886458771734955,0.0,1.0886458771734955,1.109786018537132
747,2024-12-23,0.0009816456757248,0.0001730158730158,1.0102440729520363,-0.0266216156501239,0.0,,1.0886458771734955,1.0009816456757248,1.0897145416912184,0.0,1.0897145416912184,1.1108754351832089
748,2024-12-24,0.0054514996294907,0.0001746031746031,1.0102440729520363,-0.0213152437484863,0.0,,1.0897145416912184,1.0054514996294908,1.0956551201114988,0.0,1.0956551201114988,1.1169313722065206
749,2024-12-26,0.0020694549474315,0.000172619047619,1.0102440729520363,-0.0192898997376858,0.0,,1.0956551201114988,1.0020694549474316,1.0979225290204924,0.0,1.0979225290204924,1.119242811360675
750,2024-12-27,-0.0057138257914006,0.0001710317460317,1.0102440729520363,-0.0248935064024515,0.0,,1.0979225290204924,0.9942861742085994,1.0916491909572152,0.0,1.0916491909572152,1.1128476529182827
751,2024-12-30,-0.0047577450537835,0.0001734126984126,1.0102440729520363,-0.0295328144992774,0.0,,1.0916491909572152,0.9952422549462165,1.0864554024184718,0.0,1.0864554024184718,1.107553007501996
752,2024-12-31,-0.0006748256207345,0.0001734126984126,1.0102440729520363,-0.0301877106201354,0.0,,1.0864554024184718,0.9993251743792655,1.0857222344771345,0.0,1.0857222344771345,1.1068056023562125
753,2025-01-02,0.0020813607856989,0.0001730158730158,1.0020813607856989,0.0,1.0,0.2744110029743656,1.0857222344771345,1.0020813607856989,1.0879820141601366,0.0029855423572375354,1.084996471802899,1.1091092641343483
754,2025-01-03,0.0050230591050242,0.0001722222222222,1.0071148746889684,0.0,0.0,,1.084996471802899,1.0050230591050242,1.0904464732095078,0.0,1.0904464732095078,1.114680385522025
755,2025-01-06,0.0014322569667757,0.000172619047619,1.0085573219845851,0.0,0.0,,1.0904464732095078,1.0014322569667757,1.092008272767658,0.0,1.092008272767658,1.1162768942699173
756,2025-01-07,-0.0062886839334067,0.000172619047619,1.0085573219845851,-0.0062886839334067,0.0,,1.092008272767658,0.9937113160665934,1.085140977887557,0.0,1.085140977887557,1.109256981699689
757,2025-01-08,0.0017163380001465,0.000172619047619,1.0085573219845851,-0.0045831394404659,0.0,,1.085140977887557,1.0017163380001466,1.0870034465834215,0.0,1.0870034465834215,1.111160841609308
758,2025-01-10,-0.0086917403852312,0.0001730158730158,1.0085573219845851,-0.0132350443675314,0.0,,1.0870034465834215,0.9913082596147688,1.077555494827867,0.0,1.077555494827867,1.1015029200478046
759,2025-01-13,-0.0027747409898376,0.0001734126984126,1.0085573219845851,-0.0159730615372601,0.0,,1.077555494827867,0.9972252590101623,1.0745655574275432,0.0,1.0745655574275432,1.098446534745122
760,2025-01-14,0.0046810129447286,0.0001730158730158,1.0085573219845851,-0.0113668187003542,0.0,,1.0745655574275432,1.0046810129447286,1.079595612711821,0.0,1.079595612711821,1.1035883771933563
761,2025-01-15,0.0132279686683187,0.000172619047619,1.0102827518121975,0.0,0.0,,1.079595612711821,1.0132279686683188,1.0938764696512273,0.0,1.0938764696512273,1.1181866096695907
762,2025-01-16,0.0021372976133037,0.0001722222222222,1.0124420267264078,0.0,0.0,,1.0938764696512273,1.0021372976133036,1.0962144092190618,0.0,1.0962144092190618,1.1205765072416658
763,2025-01-17,0.0050076381300829,0.0001722222222222,1.0175119700239414,0.0,0.0,,1.0962144092190618,1.005007638130083,1.1017038542934134,0.0,1.1017038542934134,1.1261879488870044
764,2025-01-21,0.0097921816359663,0.0001730158730158,1.0274756320511855,0.0,0.0,,1.1017038542934134,1.0097921816359663,1.1124919385436987,0.0,1.1124919385436987,1.1372157858387422
765,2025-01-22,0.0023180620419918,0.0001730158730158,1.029857384312915,0.0,0.0,,1.1124919385436987,1.0023180620419918,1.1150707638784587,0.0,1.1150707638784587,1.1398519225854489
766,2025-01-23,0.0019948621833361,0.0001730158730158,1.0319118078631104,0.0,0.0,,1.1150707638784587,1.001994862183336,1.1172951763770635,0.0,1.1172951763770635,1.1421257700804175
767,2025-01-24,0.0012175412946544,0.000172619047619,1.0331682031016254,0.0,0.0,,1.1172951763770635,1.0012175412946545,1.1186555293926208,0.0,1.1186555293926208,1.1435163553691794
768,2025-01-27,-0.011577471652697,0.0001714285714285,1.0331682031016254,-0.011577471652697,0.0,,1.1186555293926208,0.988422528347303,1.105704326711945,0.0,1.105704326711945,1.1302773271804971
769,2025-01-28,0.0056946734002398,0.0001710317460317,1.0331682031016254,-0.0059487281723199,0.0,,1.105704326711945,1.0056946734002399,1.1120009517298017,0.0,1.1120009517298017,1.1367138874104863
770,2025-01-29,-0.0016251437206301,0.0001710317460317,1.0331682031016254,-0.0075642043547151,0.0,,1.1120009517298017,0.99837485627937,1.1101937903657635,0.0,1.1101937903657635,1.134866563974208
771,2025-01-30,0.0093240656268781,0.0001706349206349,1.034913567347308,0.0,0.0,,1.1101937903657635,1.009324065626878,1.1205453101256864,0.0,1.1205453101256864,1.1454481342944534
772,2025-01-31,-0.0038317584842154,0.0001710317460317,1.034913567347308,-0.0038317584842154,0.0,,1.1205453101256864,0.9961682415157846,1.1162516511266645,0.0,1.1162516511266645,1.1410590536876415
773,2025-02-03,-0.0011312351509993,0.0001722222222222,1.034913567347308,-0.0049586590153273,0.0,,1.1162516511266645,0.9988687648490007,1.114988908021549,0.0,1.114988908021549,1.139768247576744
774,2025-02-04,0.0072307916890529,0.0001718253968253,1.0372279214207445,0.0,0.0,,1.114988908021549,1.0072307916890528,1.1230511605510571,0.0,1.1230511605510571,1.1480096743487684
775,2025-02-05,0.0059909611468053,0.0001718253968253,1.0434419135983577,0.0,0.0,,1.1230511605510571,1.0059909611468052,1.129779316419793,0.0,1.129779316419793,1.1548873557039487
776,2025-02-06,0.002121460059278,0.0001722222222222,1.045655533942233,0.0,0.0,,1.129779316419793,1.002121460059278,1.132176098115376,0.0,1.132176098115376,1.1573374031020398
777,2025-02-07,-0.0040393788862122,0.000172619047619,1.045655533942233,-0.0040393788862121,0.0,,1.132176098115376,0.9959606211137878,1.1276028098891746,0.0,1.1276028098891746,1.1526624788317257
778,2025-02-10,0.0077427846539648,0.000172619047619,1.0494953167125212,0.0,0.0,,1.1276028098891746,1.0077427846539648,1.136333595621352,0.0,1.136333595621352,1.161587296184025
779,2025-02-11,-0.0024791868155269,0.000172619047619,1.0494953167125212,-0.0024791868155269,0.0,,1.136333595621352,0.997520813184473,1.1335164123530472,0.0,1.1335164123530472,1.158707504274242
780,2025-02-12,-0.0015830385159324,0.000172619047619,1.0494953167125212,-0.0040583006832422,0.0,,1.1335164123530472,0.9984169614840676,1.1317220122138507,0.0,1.1317220122138507,1.156873225666276
781,2025-02-13,0.0087360838777463,0.0001722222222222,1.054367419822689,0.0,0.0,,1.1317220122138507,1.0087360838777464,1.1416088306388428,0.0,1.1416088306388428,1.1669797672016156
782,2025-02-14,0.0002631638725651,0.0001722222222222,1.0546448912359958,0.0,0.0,,1.1416088306388428,1.0002631638725652,1.1419092608396684,0.0,1.1419092608396684,1.1672868741163576
783,2025-02-18,0.0036619903431185,0.0001722222222222,1.0585069906431213,0.0,0.0,,1.1419092608396684,1.0036619903431185,1.1460909215255808,0.0,1.1460909215255808,1.1715614673770207
784,2025-02-19,0.0006483671561773,0.0001722222222222,1.0591932918104383,0.0,0.0,,1.1460909215255808,1.0006483671561772,1.1468340092370908,0.0,1.1468340092370908,1.1723210693539108
785,2025-02-20,-0.0014351856904263,0.0001718253968253,1.0591932918104383,-0.0014351856904263,0.0,,1.1468340092370908,0.9985648143095737,1.1451880894777395,0.0,1.1451880894777395,1.1706385709305889
786,2025-02-21,-0.0068556434090603,0.0001714285714285,1.0591932918104383,-0.0082809899781673,0.0,,1.1451880894777395,0.9931443565909397,1.1373370882999772,0.0,1.1373370882999772,1.1626130903273966
787,2025-02-24,-0.0034096664798383,0.0001710317460317,1.0591932918104383,-0.0116624210440571,0.0,,1.1373370882999772,0.9965903335201617,1.1334591481537237,0.0,1.1334591481537237,1.158648967444286
788,2025-02-25,-0.001432163640565,0.0001706349206349,1.0591932918104383,-0.0130778821892419,0.0,,1.1334591481537237,0.998567836359435,1.1318358491736722,0.0,1.1318358491736722,1.156989592520934
789,2025-02-26,0.0030374843652902,0.0001710317460317,1.0591932918104383,-0.0100801216866325,0.0,,1.1318358491736722,1.0030374843652903,1.1352737828696122,0.0,1.1352737828696122,1.16050393031902
790,2025-02-27,-0.0124551374544522,0.0001714285714285,1.0591932918104383,-0.0224097098399203,0.0,,1.1352737828696122,0.9875448625455479,1.1211337918555353,0.0,1.1211337918555353,1.1460496943504643
791,2025-02-28,0.0049158343558595,0.0001714285714285,1.0591932918104383,-0.0176040379055966,0.0,,1.1211337918555353,1.0049158343558595,1.1266450998670539,0.0,1.1266450998670539,1.1516834848114743
792,2025-03-03,-0.0051469890198445,0.000172619047619,1.0591932918104383,-0.0226604191356362,0.0,,1.1266450998670539,0.9948530109801555,1.1208462699087767,0.0,1.1208462699087767,1.1457557825608136
793,2025-03-04,-0.0038953662859941,0.0001722222222222,1.0591932918104383,-0.0264675147889027,0.0,,1.1208462699087767,0.9961046337140059,1.116480163137192,0.0,1.116480163137192,1.1412926441134434
794,2025-03-05,0.0081675561015375,0.000172619047619,1.0591932918104383,-0.0185161335992719,0.0,,1.116480163137192,1.0081675561015375,1.1255990775058686,0.0,1.1255990775058686,1.150614215812512
795,2025-03-06,-0.012489968237715,0.0001722222222222,1.0591932918104383,-0.0307748359164468,0.0,,1.1255990775058686,0.987510031762285,1.111540380779419,0.0,1.111540380779419,1.1362430808031505
796,2025-03-07,0.0019762503557463,0.0001722222222222,1.0591932918104383,-0.0288594043411283,0.0,,1.111540380779419,1.0019762503557463,1.1137370628523608,0.0,1.1137370628523608,1.138488581595802
797,2025-03-10,-0.0159949418791835,0.0001718253968253,1.0591932918104383,-0.0443927417252076,0.0,,1.1137370628523608,0.9840050581208165,1.0959229032633448,0.0,1.0959229032633448,1.120278522903063
798,2025-03-11,-6.611239337167328e-05,0.0001722222222222,1.0591932918104383,-0.0444559192081754,0.0,,1.0959229032633448,0.9999338876066284,1.0958504491772594,0.0,1.0958504491772594,1.120204458608671
799,2025-03-12,0.0039257650913326,0.000172619047619,1.0591932918104383,-0.0407046776125732,0.0,,1.0958504491772594,1.0039257650913327,1.1001525006159607,0.0,1.1001525006159607,1.1246021181674322
800,2025-03-13,-0.0023784640443116,0.0001722222222222,1.0591932918104383,-0.0429863270447481,0.0,,1.1001525006159607,0.9976215359556884,1.097535827449986,0.0,1.097535827449986,1.1219272924652142
801,2025-03-14,0.0113082386381957,0.0001718253968253,1.0591932918104383,-0.032164188050954,0.0,,1.097535827449986,1.0113082386381957,1.10994702450076,0.0,1.10994702450076,1.1346143140231155
802,2025-03-17,0.0077990610652596,0.0001722222222222,1.0591932918104383,-0.0246159774524182,0.0,,1.10994702450076,1.0077990610652596,1.1186035691240448,0.0,1.1186035691240448,1.1434632403436995
803,2025-03-18,-0.0037875293707723,0.0001722222222222,1.0591932918104383,-0.0283102730855993,0.0,,1.1186035691240448,0.9962124706292277,1.1143668252517367,0.0,1.1143668252517367,1.1391323397364994
804,2025-03-19,0.0076986722187739,0.0001718253968253,1.0591932918104383,-0.0208295523797353,0.0,,1.1143668252517367,1.007698672218774,1.1229459701708255,0.0,1.1229459701708255,1.1479021462339358
805,2025-03-20,-0.0027028086889829,0.0001718253968253,1.0591932918104383,-0.0234760627735587,0.0,,1.1229459701708255,0.9972971913110171,1.1199108620453895,0.0,1.1199108620453895,1.1447995863389926
806,2025-03-21,-0.0015653276562935,0.0001718253968253,1.0591932918104383,-0.0250046426995319,0.0,,1.1199108620453895,0.9984346723437065,1.1181578346004464,0.0,1.1181578346004464,1.1430075998855826
807,2025-03-24,0.0070966981203292,0.0001718253968253,1.0591932918104383,-0.0180853949800479,0.0,,1.1181578346004464,1.007096698120329,1.1260930632034867,0.0,1.1260930632034867,1.1511191797712128
808,2025-03-25,0.0014785067488924,0.0001718253968253,1.0591932918104383,-0.0166336276096897,0.0,,1.1260930632034867,1.0014785067488925,1.1277579993973141,0.0,1.1277579993973141,1.1528211172472842
809,2025-03-26,-0.007431424920869,0.0001718253968253,1.0591932918104383,-0.0239414409758157,0.0,,1.1277579993973141,0.992568575079131,1.1193771504958836,0.0,1.1193771504958836,1.1442540136672688
810,2025-03-27,0.0004044615651887,0.0001718253968253,1.0591932918104383,-0.0235466628033168,0.0,,1.1193771504958836,1.0004044615651888,1.1198298955302097,0.0,1.1198298955302097,1.1447168204366105
811,2025-03-28,-0.0075321917654042,0.0001718253968253,1.0591932918104383,-0.0309014965890512,0.0,,1.1198298955302097,0.9924678082345958,1.1113951220124436,0.0,1.1113951220124436,1.1360945938279978
812,2025-03-31,0.0049428776220868,0.0001714285714285,1.0591932918104383,-0.0261113612829435,0.0,,1.1113951220124436,1.0049428776220868,1.1168886120903354,0.0,1.1168886120903354,1.141710170372404
813,2025-04-01,0.0023386145418004,0.0001714285714285,1.0023386145418005,0.0,1.0,0.11699858864008743,1.1168886120903354,1.0023386145418005,1.1195005840401413,0.001309799883144501,1.118190784156997,1.1443801903793585
814,2025-04-02,0.0029390288089916,0.0001714285714285,1.0052845166063036,0.0,0.0,,1.118190784156997,1.0029390288089917,1.1214771790855833,0.0,1.1214771790855833,1.1477435567273226
815,2025-04-03,-0.0178316559763676,0.0001710317460317,1.0052845166063036,-0.0178316559763676,0.0,,1.1214771790855833,0.9821683440236324,1.101479383842782,0.0,1.101479383842782,1.1272773884746683
816,2025-04-04,-0.0361837745250471,0.0001698412698412,1.0052845166063036,-0.0533702138821574,0.0,,1.101479383842782,0.9638162254749529,1.061623702173827,0.0,1.061623702173827,1.0864882376229172
817,2025-04-07,-0.0150497262770343,0.000170238095238,1.0052845166063036,-0.0676167330489185,0.0,,1.061623702173827,0.9849502737229657,1.0456465560468993,0.0,1.0456465560468993,1.0701368870434749
818,2025-04-08,-0.0091087282379958,0.0001710317460317,1.0052845166063036,-0.0761095588412307,0.0,,1.0456465560468993,0.9908912717620042,1.0361220457348719,0.0,1.0361220457348719,1.060389300961941
819,2025-04-09,0.0535812122400145,0.000172619047619,1.0052845166063036,-0.026606389026982,0.0,,1.0361220457348719,1.0535812122400146,1.0916387209739502,0.0,1.0916387209739502,1.1172062451538234
820,2025-04-10,-0.0150549698034144,0.0001722222222222,1.0052845166063036,-0.0412608004470173,0.0,,1.0916387209739502,0.9849450301965856,1.0752041329934494,0.0,1.0752041329934494,1.1003867388688466
821,2025-04-11,0.0140100259142631,0.0001722222222222,1.0052845166063036,-0.0278288394162602,0.0,,1.0752041329934494,1.014010025914263,1.0902677707598103,0.0,1.0902677707598103,1.1158031855961106
822,2025-04-14,0.0064386433751571,0.0001718253968253,1.0052845166063036,-0.0215693760136489,0.0,,1.0902677707598103,1.006438643375157,1.0972876161191603,0.0,1.0972876161191603,1.122987444385028
823,2025-04-15,0.0012428611261002,0.0001718253968253,1.0052845166063036,-0.0203533226265103,0.0,,1.0972876161191603,1.0012428611261002,1.0986513922413859,0.0,1.0986513922413859,1.1243831618247528
824,2025-04-16,-0.0033373261750569,0.0001718253968253,1.0052845166063036,-0.0236227231252162,0.0,,1.0986513922413859,0.9966626738249431,1.094984834192796,0.0,1.094984834192796,1.120630728468002
825,2025-04-17,0.0006251571839092,0.0001722222222222,1.0052845166063036,-0.0230123338563722,0.0,,1.094984834192796,1.000625157183909,1.0956693718281632,0.0,1.0956693718281632,1.1213312988184132
826,2025-04-21,-0.00717340851325,0.0001722222222222,1.0052845166063036,-0.0300206654980272,0.0,,1.0956693718281632,0.99282659148675,1.0878096878285837,0.0,1.0878096878285837,1.1132875313332955
827,2025-04-22,0.0106345738386396,0.0001718253968253,1.0052845166063036,-0.0197053486433115,0.0,,1.0878096878285837,1.0106345738386395,1.099378080276184,0.0,1.099378080276184,1.1251268697888963
828,2025-04-23,0.0043556847383513,0.0001718253968253,1.0052845166063036,-0.0154354941913098,0.0,,1.099378080276184,1.0043556847383512,1.104166624602121,0.0,1.104166624602121,1.1300275677243448
829,2025-04-24,0.0128743006927517,0.0001714285714285,1.0052845166063036,-0.0027599146921183,0.0,,1.104166624602121,1.0128743006927516,1.1183819977421492,0.0,1.1183819977421492,1.1445758824223269
830,2025-04-25,0.0014007969216562,0.0001714285714285,1.0052845166063036,-0.0013629838504668,0.0,,1.1183819977421492,1.0014007969216563,1.1199486238018221,0.0,1.1199486238018221,1.146179200795026
831,2025-04-28,0.0040079431771719,0.0001714285714285,1.007937961634614,0.0,0.0,,1.1199486238018221,1.0040079431771718,1.1244373142473716,0.0,1.1244373142473716,1.1507730219026688
832,2025-04-29,0.0024799124993813,0.0001710317460317,1.0104375595842725,0.0,0.0,,1.1244373142473716,1.0024799124993813,1.1272258203977443,0.0,1.1272258203977443,1.153626838303636
833,2025-04-30,-0.0003456870902023,0.0001710317460317,1.0104375595842725,-0.0003456870902023,0.0,,1.1272258203977443,0.9996543129097977,1.1268361529838902,0.0,1.1268361529838902,1.1532280443987235
834,2025-05-01,-0.0029404866645153,0.0001710317460317,1.0104375595842725,-0.0032851572664388,0.0,,1.1268361529838902,0.9970595133354847,1.1235227063029474,0.0,1.1235227063029474,1.149836992713024
835,2025-05-02,0.009071639626929,0.0001718253968253,1.0162543258786694,0.0,0.0,,1.1235227063029474,1.009071639626929,1.1337148994071997,0.0,1.1337148994071997,1.1602678995406284
836,2025-05-05,0.0037781524807195,0.0001718253968253,1.0200938896810297,0.0,0.0,,1.1337148994071997,1.0037781524807194,1.1379982471668235,0.0,1.1379982471668235,1.164651568583577
837,2025-05-06,0.0014496329283203,0.0001718253968253,1.0215726513734895,0.0,0.0,,1.1379982471668235,1.0014496329283202,1.1396479268982873,0.0,1.1396479268982873,1.1663398858474157
838,2025-05-07,-0.0014715332379104,0.0001722222222222,1.0215726513734895,-0.0014715332379103,0.0,,1.1396479268982873,0.9985284667620896,1.1379708970943407,0.0,1.1379708970943407,1.1646235779386904
839,2025-05-08,-0.003252831149429,0.0001722222222222,1.0215726513734895,-0.0047195777381857,0.0,,1.1379708970943407,0.996747168850571,1.1342692699131287,0.0,1.1342692699131287,1.160835254087012
840,2025-05-09,0.0014332967470159,0.0001722222222222,1.0215726513734895,-0.0032930455465892,0.0,,1.1342692699131287,1.0014332967470159,1.1358950143679352,0.0,1.1358950143679352,1.1624990754805162
841,2025-05-12,0.0080171831832878,0.0001753968253968,1.02637173069661,0.0,0.0,,1.1358950143679352,1.0080171831832878,1.1450016927751063,0.0,1.1450016927751063,1.1718190435190463
842,2025-05-13,0.0024722381018411,0.000175,1.0289091659958909,0.0,0.0,,1.1450016927751063,1.0024722381018412,1.1478324095866577,0.0,1.1478324095866577,1.1747160592068973
843,2025-05-14,-0.0035932447935653,0.000175,1.0289091659958909,-0.0035932447935654,0.0,,1.1478324095866577,0.9964067552064347,1.143707966757025,0.0,1.143707966757025,1.1704950168432344
844,2025-05-15,0.007761384015631,0.0001738095238095,1.0331691078591163,0.0,0.0,,1.143707966757025,1.007761384015631,1.1525847234887627,0.0,1.1525847234887627,1.179579678157337
845,2025-05-16,0.0014423843493239,0.0001734126984126,1.034659334810497,0.0,0.0,,1.1525847234887627,1.0014423843493239,1.1542471936551928,0.0,1.1542471936551928,1.1812810854238918
846,2025-05-19,0.0032216267530519,0.0001742063492063,1.037992621003818,0.0,0.0,,1.1542471936551928,1.0032216267530518,1.1579657472939073,0.0,1.1579657472939073,1.1850867321715677
847,2025-05-20,0.0009086777047412,0.0001738095238095,1.03893582175621,0.0,0.0,,1.1579657472939073,1.0009086777047411,1.1590179649513273,0.0,1.1590179649513273,1.1861635940632769
848,2025-05-21,-0.0080452727492824,0.0001730158730158,1.03893582175621,-0.0080452727492824,0.0,,1.1590179649513273,0.9919547272507176,1.1496933493019756,0.0,1.1496933493019756,1.1766205844237687
849,2025-05-22,-0.0011441314313975,0.0001734126984126,1.03893582175621,-0.0091801993312534,0.0,,1.1496933493019756,0.9988558685686025,1.1483779490045707,0.0,1.1483779490045707,1.1752743758303
850,2025-05-23,0.0024033146502574,0.0001730158730158,1.03893582175621,-0.0067989475885409,0.0,,1.1483779490045707,1.0024033146502573,1.1511378625534459,0.0,1.1511378625534459,1.1780989299558051
851,2025-05-27,0.0060129381889182,0.000172619047619,1.03893582175621,-0.0008268910512223,0.0,,1.1511378625534459,1.0060129381889182,1.1580595833679033,0.0,1.1580595833679033,1.1851827660020604
852,2025-05-28,-0.0039769857578705,0.000172619047619,1.03893582175621,-0.0048005882751588,0.0,,1.1580595833679033,0.9960230142421295,1.1534539968980837,0.0,1.1534539968980837,1.1804693110211966
853,2025-05-29,0.0039230159966193,0.0001730158730158,1.03893582175621,-0.0008964050631362,0.0,,1.1534539968980837,1.0039230159966193,1.1579790153792793,0.0,1.1579790153792793,1.1851003110118508
854,2025-05-30,-0.0011194564718917,0.0001730158730158,1.03893582175621,-0.0020148580485785,0.0,,1.1579790153792793,0.9988805435281083,1.1566827082761981,0.0,1.1566827082761981,1.1837736427988474
855,2025-06-02,0.0061754104455736,0.0001761904761904,1.0432454416424028,0.0,0.0,,1.1566827082761981,1.0061754104455736,1.1638256987551012,0.0,1.1638256987551012,1.191083930917782
856,2025-06-03,0.0004274874394771,0.0001757936507936,1.0436914159649968,0.0,0.0,,1.1638256987551012,1.0004274874394772,1.1643232196230597,0.0,1.1643232196230597,1.1915931043376125
857,2025-06-04,0.004146495577498,0.0001761904761904,1.0480190778055685,0.0,0.0,,1.1643232196230597,1.004146495577498,1.1691510807040049,0.0,1.1691510807040049,1.1965340398749256
858,2025-06-05,-0.0026938932420928,0.0001761904761904,1.0480190778055685,-0.002693893242093,0.0,,1.1691510807040049,0.9973061067579072,1.1660015125087109,0.0,1.1660015125087109,1.1933107049109724
859,2025-06-06,0.0001427788875774,0.0001757936507936,1.0480190778055685,-0.0025514989855959,0.0,,1.1660015125087109,1.0001427788875774,1.1661679929075803,0.0,1.1661679929075803,1.1934810844859538
860,2025-06-09,0.0015601706857162,0.0001761904761904,1.0480190778055685,-0.0009953090738017,0.0,,1.1661679929075803,1.0015601706857162,1.1679874140247353,0.0,1.1679874140247353,1.1953431186879255
861,2025-06-10,0.0029734581920891,0.0001765873015873,1.0500891141974216,0.0,0.0,,1.1679874140247353,1.002973458192089,1.1714603757692241,0.0,1.1714603757692241,1.198897421476545
862,2025-06-11,0.0017400862370786,0.0001765873015873,1.0519163598127426,0.0,0.0,,1.1714603757692241,1.0017400862370787,1.1734988178463832,0.0,1.1734988178463832,1.2009836063793258
863,2025-06-12,0.005388974254466,0.0001769841269841,1.0575851099936249,0.0,0.0,,1.1734988178463832,1.005388974254466,1.1798227727634036,0.0,1.1798227727634036,1.2074556761141395
864,2025-06-13,-0.0058703713872245,0.0001765873015873,1.0575851099936249,-0.0058703713872245,0.0,,1.1798227727634036,0.9941296286127755,1.1728967749161776,0.0,1.1728967749161776,1.2003674628617371
865,2025-06-16,0.0017450504531128,0.0001757936507936,1.0575851099936249,-0.0041355650283608,0.0,,1.1728967749161776,1.001745050453113,1.1749435389646998,0.0,1.1749435389646998,1.202462164646706
866,2025-06-17,-0.0040680212715206,0.0001753968253968,1.0575851099936249,-0.0081867627333763,0.0,,1.1749435389646998,0.9959319787284794,1.1701638436553556,0.0,1.1701638436553556,1.1975705229827245
867,2025-06-18,-0.0011392384252478,0.0001753968253968,1.0575851099936249,-0.00931667448394,0.0,,1.1701638436553556,0.9988607615747522,1.1688307480408278,0.0,1.1688307480408278,1.1962062046259985
868,2025-06-20,-0.0011702833060261,0.0001742063492063,1.0575851099936249,-0.0104760546413499,0.0,,1.1688307480408278,0.9988297166939739,1.1674628849288256,0.0,1.1674628849288256,1.19480630447416
869,2025-06-23,0.0066402752081349,0.0001738095238095,1.0575851099936249,-0.0039053433191289,0.0,,1.1674628849288256,1.006640275208135,1.1752151597800362,0.0,1.1752151597800362,1.202740147156283
870,2025-06-24,0.0066095076045407,0.0001738095238095,1.0604176950708029,0.0,0.0,,1.1752151597800362,1.0066095076045407,1.182982753315574,0.0,1.182982753315574,1.210689667305199
871,2025-06-25,-0.0010464876799109,0.0001738095238095,1.0604176950708029,-0.0010464876799111,0.0,,1.182982753315574,0.9989535123200891,1.1817447764386821,0.0,1.1817447764386821,1.2094226954841685
872,2025-06-26,0.0044160495435423,0.0001742063492063,1.063985937543394,0.0,0.0,,1.1817447764386821,1.0044160495435424,1.1869634199192578,0.0,1.1869634199192578,1.214763566026511
873,2025-06-27,-0.0024396683537632,0.0001742063492063,1.063985937543394,-0.002439668353763,0.0,,1.1869634199192578,0.9975603316462368,1.1840676228266063,0.0,1.1840676228266063,1.2117999457971715
874,2025-06-30,0.0066753971146011,0.000175,1.0684753655657766,0.0,0.0,,1.1840676228266063,1.0066753971146012,1.1919717444195157,0.0,1.1919717444195157,1.21988919165882
875,2025-07-01,0.0003961658680061,0.0001746031746031,1.000396165868006,0.0,1.0,0.1561141434190982,1.1919717444195157,1.000396165868006,1.1924439629402823,0.0018615736784969707,1.1905823892617853,1.2203724701193046
876,2025-07-02,0.0008275113296202,0.000175,1.0012240050293706,0.0,0.0,,1.1905823892617853,1.0008275113296201,1.1915676096777457,0.0,1.1915676096777457,1.221382342164685
877,2025-07-03,0.0018883061756302,0.0001753968253968,1.0031146225012568,0.0,0.0,,1.1915676096777457,1.0018883061756303,1.1938176541537813,0.0,1.1938176541537813,1.2236886859842004
878,2025-07-07,-0.0051613133614863,0.0001753968253968,1.0031146225012568,-0.0051613133614863,0.0,,1.1938176541537813,0.9948386866385137,1.1876559871442192,0.0,1.1876559871442192,1.2173728452189303
879,2025-07-08,-0.0020091200867498,0.0001753968253968,1.0031146225012568,-0.0071600637498877,0.0,,1.1876559871442192,0.9979908799132502,1.185269843644299,0.0,1.185269843644299,1.2149269969825374
880,2025-07-09,0.0050469960013661,0.0001753968253968,1.0031146225012568,-0.0021492045616368,0.0,,1.185269843644299,1.0050469960013662,1.1912518958057117,0.0,1.1912518958057117,1.22105872867826
881,2025-07-10,0.0001327834145719,0.0001753968253968,1.0031146225012568,-0.0020167065257852,0.0,,1.1912518958057117,1.000132783414572,1.191410074300052,0.0,1.191410074300052,1.2212208650256466
882,2025-07-11,-0.0034787523699698,0.000175,1.0031146225012568,-0.0054884432731489,0.0,,1.191410074300052,0.9965212476300302,1.1872654536804748,0.0,1.1872654536804748,1.2169725400471822
883,2025-07-14,0.0014053561496226,0.0001753968253968,1.0031146225012568,-0.004090800341032,0.0,,1.1872654536804748,1.0014053561496226,1.188933984487039,0.0,1.188933984487039,1.2186828198902593
884,2025-07-15,-0.0055841370546252,0.0001753968253968,1.0031146225012568,-0.0096520938058898,0.0,,1.188933984487039,0.9944158629453748,1.1822948141687617,0.0,1.1822948141687617,1.2118775279978748
885,2025-07-16,0.003546911765825,0.000175,1.0031146225012568,-0.0061394171651497,0.0,,1.1822948141687617,1.003546911765825,1.1864883095558105,0.0,1.1864883095558105,1.2161759506606695
886,2025-07-17,0.0024885073940744,0.000175,1.0031146225012568,-0.0036661877560861,0.0,,1.1864883095558105,1.0024885073940744,1.1894408944871229,0.0,1.1894408944871229,1.219202413506384
887,2025-07-18,0.0002006851161482,0.0001746031746031,1.0031146225012568,-0.0034662383892535,0.0,,1.1894408944871229,1.0002006851161482,1.1896795975711845,0.0,1.1896795975711845,1.2194470892843468
888,2025-07-21,0.0048141255982309,0.000175,1.0044499689896893,0.0,0.0,,1.1896795975711845,1.0048141255982308,1.195406864575545,0.0,1.195406864575545,1.2253176607325589
889,2025-07-22,0.0033031011045132,0.000175,1.0077677687916875,0.0,0.0,,1.195406864575545,1.0033031011045133,1.1993554143102672,0.0,1.1993554143102672,1.229365008851104
890,2025-07-23,0.0035598619393455,0.000175,1.011355282915508,0.0,0.0,,1.1993554143102672,1.0035598619393455,1.2036249540014183,0.0,1.2036249540014183,1.2337413785556763
891,2025-07-24,-0.0023093016329708,0.0001753968253968,1.011355282915508,-0.0023093016329709,0.0,,1.2036249540014183,0.9976906983670292,1.2008454209296584,0.0,1.2008454209296584,1.230892297575514
892,2025-07-25,0.0006891737971578,0.0001753968253968,1.011355282915508,-0.0016217193459882,0.0,,1.2008454209296584,1.0006891737971577,1.2016730121282,0.0,1.2016730121282,1.2317405962941266
893,2025-07-28,-0.0049794606768648,0.0001746031746031,1.011355282915508,-0.0065931047351408,0.0,,1.2016730121282,0.9950205393231352,1.1956893286178578,0.0,1.1956893286178578,1.225607192430782
894,2025-07-29,0.0019944002859539,0.0001746031746031,1.011355282915508,-0.0046118537391559,0.0,,1.1956893286178578,1.001994400285954,1.1980740117567654,0.0,1.1980740117567654,1.228051543765833
895,2025-07-30,-0.0052562705942657,0.000175,1.011355282915508,-0.0098438831822275,0.0,,1.1980740117567654,0.9947437294057343,1.1917766105590144,0.0,1.1917766105590144,1.221596572548094
896,2025-07-31,-0.0023424323498706,0.000175,1.011355282915508,-0.0121632569016837,0.0,,1.1917766105590144,0.9976575676501294,1.1889849544726219,0.0,1.1889849544726219,1.2187350652180662
897,2025-08-01,0.0007147407217974,0.000172619047619,1.011355282915508,-0.0114572097549037,0.0,,1.1889849544726219,1.0007147407217973,1.1898347704371879,0.0,1.1898347704371879,1.2196061447982598
898,2025-08-04,0.0088697269357516,0.000172619047619,1.011355282915508,-0.0026891051411237,0.0,,1.1898347704371879,1.0088697269357516,1.2003882799496284,0.0,1.2003882799496284,1.2304237182717852
899,2025-08-05,-0.0022880653051984,0.0001722222222222,1.011355282915508,-0.0049710175981468,0.0,,1.2003882799496284,0.9977119346948016,1.1976417131735089,0.0,1.1976417131735089,1.2276084284513142
900,2025-08-06,0.0038278554639241,0.0001714285714285,1.011355282915508,-0.0011621904710971,0.0,,1.1976417131735089,1.0038278554639242,1.2022261125491036,0.0,1.2022261125491036,1.232307536081721
901,2025-08-07,0.0016018933720798,0.0001714285714285,1.0117980959219282,0.0,0.0,,1.2022261125491036,1.0016018933720798,1.2041519505905374,0.0,1.2041519505905374,1.2342815613561344
902,2025-08-08,0.0024773256112826,0.0001714285714285,1.0143046492584027,0.0,0.0,,1.2041519505905374,1.0024773256112827,1.2071350270576113,0.0,1.2071350270576113,1.237339278679616
903,2025-08-11,-0.0031585683138221,0.0001722222222222,1.0143046492584027,-0.0031585683138221,0.0,,1.2071350270576113,0.9968414316861779,1.2033222086106423,0.0,1.2033222086106423,1.233431058040531
904,2025-08-12,0.0048870789867261,0.0001718253968253,1.016042228688349,0.0,0.0,,1.2033222086106423,1.0048870789867261,1.2092029392906043,0.0,1.2092029392906043,1.2394589330458563
905,2025-08-13,0.0040309961279241,0.000170238095238,1.0201378909779992,0.0,0.0,,1.2092029392906043,1.0040309961279241,1.2140772316567592,0.0,1.2140772316567592,1.244455187205685
906,2025-08-14,-0.0026351205117047,0.0001706349206349,1.0201378909779992,-0.0026351205117046,0.0,,1.2140772316567592,0.9973648794882953,1.2108779918408268,0.0,1.2108779918408268,1.241175897815982
907,2025-08-15,3.31426251707755e-05,0.0001706349206349,1.0201378909779992,-0.0026020652213454,0.0,,1.2108779918408268,1.0000331426251707,1.2109181235162378,0.0,1.2109181235162378,1.2412170336435344
908,2025-08-18,-0.0008634276573349,0.0001718253968253,1.0201378909779992,-0.003463246183602,0.0,,1.2109181235162378,0.9991365723426651,1.2098725833176258,0.0,1.2098725833176258,1.2401453325279317
909,2025-08-19,-0.001663190197998,0.0001706349206349,1.0201378909779992,-0.005120676344494,0.0,,1.2098725833176258,0.998336809802002,1.2078603350962254,0.0,1.2078603350962254,1.238082734966778
910,2025-08-20,0.0023395946814908,0.0001706349206349,1.0201378909779992,-0.0027930619701443,0.0,,1.2078603350962254,1.0023395946814908,1.2106862387122002,0.0,1.2106862387122002,1.240979346748752
911,2025-08-21,-0.0038596480373085,0.0001714285714285,1.0201378909779992,-0.0066419297713019,0.0,,1.2106862387122002,0.9961403519626915,1.206013415947158,0.0,1.206013415947158,1.2361896032487327
912,2025-08-22,0.0098780016701295,0.0001694444444444,1.023372200319793,0.0,0.0,,1.206013415947158,1.0098780016701294,1.2179264184840826,0.0,1.2179264184840826,1.2484006862142203
913,2025-08-25,-0.0051167768608404,0.000170238095238,1.023372200319793,-0.0051167768608403,0.0,,1.2179264184840826,0.9948832231391596,1.211694560767777,0.0,1.211694560767777,1.2420128984699423
914,2025-08-26,0.0026031502227883,0.0001698412698412,1.023372200319793,-0.0025269463768773,0.0,,1.211694560767777,1.0026031502227883,1.214848783733591,0.0,1.214848783733591,1.2452460446233005
915,2025-08-27,0.0009865420550178,0.0001690476190476,1.023372200319793,-0.0015428972607308,0.0,,1.214848783733591,1.0009865420550177,1.2160472831492313,0.0,1.2160472831492313,1.246474532215166
916,2025-08-28,0.0032762521808091,0.0001690476190476,1.0251408944931586,0.0,0.0,,1.2160472831492313,1.0032762521808092,1.220031360712616,0.0,1.220031360712616,1.2505582971196592
917,2025-08-29,-0.0019444668333668,0.0001678571428571,1.0251408944931586,-0.0019444668333669,0.0,,1.220031360712616,0.9980555331666332,1.2176590501960431,0.0,1.2176590501960431,1.248126627987718
918,2025-09-02,-0.0008888396589972,0.0001666666666666,1.0251408944931586,-0.0028315781731271,0.0,,1.2176590501960431,0.9991111603410028,1.216576746541092,0.0,1.216576746541092,1.247017243541312
919,2025-09-03,0.0041925747183653,0.000165873015873,1.0265239376431643,0.0,0.0,,1.216576746541092,1.0041925747183653,1.2216773354515913,0.0,1.2216773354515913,1.252245456509949
920,2025-09-04,0.0044053428474509,0.0001650793650793,1.0310461275295977,0.0,0.0,,1.2216773354515913,1.0044053428474509,1.227059242963216,0.0,1.227059242963216,1.257762027075038
921,2025-09-05,0.0036287768180445,0.0001615079365079,1.0347875638155115,0.0,0.0,,1.227059242963216,1.0036287768180445,1.231511967098448,0.0,1.231511967098448,1.2623261647615047
922,2025-09-08,0.0055168598428599,0.0001626984126984,1.0404963417722164,0.0,0.0,,1.231511967098448,1.0055168598428599,1.238306046015735,0.0,1.238306046015735,1.2692902412884688
923,2025-09-09,-4.389923111994731e-05,0.0001626984126984,1.0404963417722164,-4.3899231119914894e-05,0.0,,1.238306046015735,0.9999561007688801,1.2382516853324237,0.0,1.2382516853324237,1.2692345204228082
924,2025-09-10,0.0025558194062173,0.0001623015873015,1.0431098687830933,0.0,0.0,,1.2382516853324237,1.0025558194062174,1.2414164330195776,0.0,1.2414164330195776,1.2724784546411458
925,2025-09-11,0.0055695563223517,0.0001619047619047,1.048919527947682,0.0,0.0,,1.2414164330195776,1.0055695563223517,1.248330571762773,0.0,1.248330571762773,1.279565595063249
926,2025-09-12,-0.0017048055553298,0.0001619047619047,1.048919527947682,-0.0017048055553299,0.0,,1.248330571762773,0.9982951944446702,1.2462024108691439,0.0,1.2462024108691439,1.277384184528376
927,2025-09-15,0.0043627952160331,0.0001611111111111,1.0516997436407256,0.0,0.0,,1.2462024108691439,1.004362795216033,1.2516393367854926,0.0,1.2516393367854926,1.2829571501376729
928,2025-09-16,-0.0010061459192741,0.0001603174603174,1.0516997436407256,-0.0010061459192742,0.0,,1.2516393367854926,0.9989938540807259,1.250380004974383,0.0,1.250380004974383,1.2816663080364583
929,2025-09-17,-0.0018046300577326,0.0001595238095238,1.0516997436407256,-0.0028089602558386,0.0,,1.250380004974383,0.9981953699422674,1.2481235316338184,0.0,1.2481235316338184,1.2793533744929924
930,2025-09-18,0.0008837106868736,0.0001599206349206,1.0516997436407256,-0.0019277318771621,0.0,,1.2481235316338184,1.0008837106868735,1.2492265117372616,0.0,1.2492265117372616,1.2804839527423195
931,2025-09-19,0.0027372990187386,0.0001599206349206,1.0525456156093065,0.0,0.0,,1.2492265117372616,1.0027372990187386,1.2526460182420223,0.0,1.2526460182420223,1.2839890202096718
932,2025-09-22,0.0039555621487007,0.0001587301587301,1.0567090252061917,0.0,0.0,,1.2526460182420223,1.0039555621487006,1.257600937417501,0.0,1.257600937417501,1.2890679185773606
933,2025-09-23,-0.0001743467623641,0.0001587301587301,1.0567090252061917,-0.0001743467623641,0.0,,1.257600937417501,0.999825653237636,1.2573816787657162,0.0,1.2573816787657162,1.2888431737592891
934,2025-09-24,-0.004100236412235,0.0001595238095238,1.0567090252061917,-0.0042738683116558,0.0,,1.2573816787657162,0.995899763587765,1.2522261166223638,0.0,1.2522261166223638,1.283558612048581
935,2025-09-25,-0.0029969643492332,0.0001603174603174,1.0567090252061917,-0.0072580240299255,0.0,,1.2522261166223638,0.9970030356507668,1.2484732395936677,0.0,1.2484732395936677,1.2797118326481198
936,2025-09-26,0.0048829223884673,0.0001595238095238,1.0567090252061917,-0.0024105420094898,0.0,,1.2484732395936677,1.0048829223884672,1.2545694375266818,0.0,1.2545694375266818,1.285960566206544
937,2025-09-29,0.0050753451455703,0.0001603174603174,1.0595120186007188,0.0,0.0,,1.2545694375266818,1.0050753451455703,1.2609368104312138,0.0,1.2609368104312138,1.2924872599236352
938,2025-09-30,0.0032393377432654,0.0001595238095238,1.0629441358720155,0.0,0.0,,1.2609368104312138,1.0032393377432653,1.2650214106331161,0.0,1.2650214106331161,1.2966740626873958
939,2025-10-01,0.0036731518485728,0.0001591269841269,1.0036731518485729,0.0,1.0,0.3814454880819796,1.2650214106331161,1.0036731518485729,1.2696680263660673,0.004843091400192883,1.2648249349658744,1.3014369434177526
940,2025-10-02,0.0012539434685043,0.0001595238095238,1.0049317012418466,0.0,0.0,,1.2648249349658744,1.0012539434685044,1.2664109539318764,0.0,1.2664109539318764,1.3030688717726215
941,2025-10-03,-5.380304249580291e-05,0.0001599206349206,1.0049317012418466,-5.3803042495692566e-05,0.0,,1.2664109539318764,0.9999461969575042,1.2663428171695048,0.0,1.2663428171695048,1.3029987627027386
942,2025-10-06,0.0038968008513031,0.0001595238095238,1.0087934408739991,0.0,0.0,,1.2663428171695048,1.0038968008513032,1.2712775029374925,0.0,1.2712775029374925,1.3080762893904856
943,2025-10-07,-0.0010411982787023,0.0001591269841269,1.0087934408739991,-0.0010411982787023,0.0,,1.2712775029374925,0.9989588017212977,1.269953850989681,0.0,1.269953850989681,1.306714322609561
944,2025-10-08,0.0066331047879563,0.0001591269841269,1.0144275523744073,0.0,0.0,,1.269953850989681,1.0066331047879562,1.2783775879591641,0.0,1.2783775879591641,1.3153818956393537
945,2025-10-09,-0.0054712719299314,0.0001599206349206,1.0144275523744073,-0.0054712719299314,0.0,,1.2783775879591641,0.9945287280700686,1.2713832365463098,0.0,1.2713832365463098,1.308185083596602
946,2025-10-10,-0.0145117960822404,0.0001595238095238,1.0144275523744073,-0.0199036700296142,0.0,,1.2713832365463098,0.9854882039177596,1.252933182275171,0.0,1.252933182275171,1.2892009684256196
947,2025-10-13,0.0163585504263081,0.0001595238095238,1.0144275523744073,-0.003870714793154,0.0,,1.252933182275171,1.0163585504263082,1.2734293529182141,0.0,1.2734293529182141,1.3102904274772555
948,2025-10-14,-0.0005831981798992,0.0001595238095238,1.0144275523744073,-0.0044516555792309,0.0,,1.2734293529182141,0.9994168018201008,1.272686691237362,0.0,1.272686691237362,1.3095262684848117
949,2025-10-15,0.0072450177301407,0.0001599206349206,1.017228498258362,0.0,0.0,,1.272686691237362,1.0072450177301406,1.2819073288802907,0.0,1.2819073288802907,1.3190138095180688
950,2025-10-16,0.0029765734151485,0.0001595238095238,1.0202563535634093,0.0,0.0,,1.2819073288802907,1.0029765734151486,1.2857230201561198,0.0,1.2857230201561198,1.322939950957694
951,2025-10-17,-0.0019126473191548,0.0001587301587301,1.0202563535634093,-0.0019126473191547,0.0,,1.2857230201561198,0.9980873526808453,1.2832638854684426,0.0,1.2832638854684426,1.3204096334070918
952,2025-10-20,0.0120130246960629,0.0001575396825396,1.0305378856523648,0.0,0.0,,1.2832638854684426,1.0120130246960628,1.2986797662161405,0.0,1.2986797662161405,1.3362717469421308
953,2025-10-21,-0.011083409667343,0.0001571428571428,1.0305378856523648,-0.0110834096673431,0.0,,1.2986797662161405,0.988916590332657,1.2842859663404778,0.0,1.2842859663404778,1.3214612997438748
954,2025-10-22,-0.0036640096967356,0.0001571428571428,1.0305378856523648,-0.0147068096435847,0.0,,1.2842859663404778,0.9963359903032644,1.2795803301064248,0.0,1.2795803301064248,1.3166194527277524
955,2025-10-23,0.0045729131956948,0.000156746031746,1.0305378856523648,-0.0102011494117755,0.0,,1.2795803301064248,1.0045729131956949,1.28543173988292,0.0,1.28543173988292,1.3226402391968397
956,2025-10-24,0.0050217497765036,0.0001559523809523,1.0305378856523648,-0.0052306272550506,0.0,,1.28543173988292,1.0050217497765035,1.2918868564353876,0.0,1.2918868564353876,1.329282207522421
957,2025-10-27,0.0029277540906648,0.000154365079365,1.0305378856523648,-0.0023181871547283,0.0,,1.2918868564353876,1.0029277540906647,1.2956691834639922,0.0,1.2956691834639922,1.3331740189431431
958,2025-10-28,0.0002428051910061,0.000154365079365,1.0305378856523648,-0.002075944831597,0.0,,1.2956691834639922,1.0002428051910062,1.2959837786675639,0.0,1.2959837786675639,1.333497720515457
959,2025-10-29,-0.0007144949928446,0.0001559523809523,1.0305378856523648,-0.0027889565722539,0.0,,1.2959837786675639,0.9992855050071554,1.2950578047468981,0.0,1.2950578047468981,1.332544943071179
960,2025-10-30,-0.0054074586532569,0.0001555555555555,1.0305378856523648,-0.0081813340581606,0.0,,1.2950578047468981,0.9945925413467431,1.2880548332141517,0.0,1.2880548332141517,1.325339261387915
961,2025-10-31,-0.0002580584789538,0.000154365079365,1.0305378856523648,-0.0084372812744917,0.0,,1.2880548332141517,0.9997419415210462,1.2877224397430833,0.0,1.2877224397430833,1.3249972463540234
962,2025-11-03,0.0010907675682309,0.0001579365079365,1.0305378856523648,-0.007355716819039,0.0,,1.2877224397430833,1.001090767568231,1.2891270456172383,0.0,1.2891270456172383,1.3264425103783417
963,2025-11-04,-0.0121666363304419,0.0001571428571428,1.0305378856523648,-0.0194328588179939,0.0,,1.2891270456172383,0.9878333636695581,1.2734427056694764,0.0,1.2734427056694764,1.31030416674133
964,2025-11-05,0.004688136735115,0.0001571428571428,1.0305378856523648,-0.0148358259821717,0.0,,1.2734427056694764,1.004688136735115,1.2794127791979897,0.0,1.2794127791979897,1.3164470518396043
965,2025-11-06,-0.0055088778349316,0.0001559523809523,1.0305378856523648,-0.0202629750641871,0.0,,1.2794127791979897,0.9944911221650684,1.2723646504969377,0.0,1.2723646504969377,1.309194905854864
966,2025-11-07,0.0007932772617317,0.0001555555555555,1.0305378856523648,-0.0194857719598288,0.0,,1.2723646504969377,1.0007932772617316,1.273373988442808,0.0,1.273373988442808,1.3102334604048538
967,2025-11-10,0.0140014197554732,0.000156746031746,1.0305378856523648,-0.0057571806768246,0.0,,1.273373988442808,1.0140014197554732,1.2912030321606967,0.0,1.2912030321606967,1.3285785890616484
968,2025-11-11,0.0010081390272694,0.000156746031746,1.0305378856523648,-0.0047548456880825,0.0,,1.2912030321606967,1.0010081390272694,1.2925047443295463,0.0,1.2925047443295463,1.329917980988076
969,2025-11-12,0.0024942135964409,0.000156746031746,1.0305378856523648,-0.0022724916924058,0.0,,1.2925047443295463,1.002494213596441,1.2957285272363175,0.0,1.2957285272363175,1.3332350804984077
970,2025-11-13,-0.0122348437630211,0.0001571428571428,1.0305378856523648,-0.0144795318746175,0.0,,1.2957285272363175,0.9877651562369789,1.2798754911462917,0.0,1.2798754911462917,1.3169231575891307
971,2025-11-14,-0.002966625093582,0.000156746031746,1.0305378856523648,-0.0174032016255969,0.0,,1.2798754911462917,0.997033374906418,1.2760785803975965,0.0,1.2760785803975965,1.3130163403035076
972,2025-11-17,-0.0076321005607001,0.0001575396825396,1.0305378856523648,-0.0249024792014125,0.0,,1.2760785803975965,0.9923678994392999,1.2663394203486467,0.0,1.2663394203486467,1.3029952675564689
973,2025-11-18,-0.0027057979785085,0.0001563492063492,1.0305378856523648,-0.0275408961020379,0.0,,1.2663394203486467,0.9972942020214915,1.2629129617049617,0.0,1.2629129617049617,1.299469625595508
974,2025-11-19,0.0013051016485184,0.000156746031746,1.0305378856523648,-0.026271738122424,0.0,,1.2629129617049617,1.0013051016485184,1.264561191493218,0.0,1.264561191493218,1.3011655655460723
975,2025-11-20,-0.0103104551001381,0.0001563492063492,1.0305378856523648,-0.0363113196462483,0.0,,1.264561191493218,0.9896895448998619,1.25152299010695,0.0,1.25152299010695,1.2877499564046635
976,2025-11-21,0.003224305511872,0.0001547619047619,1.0305378856523648,-0.0332040929224551,0.0,,1.25152299010695,1.003224305511872,1.2555582825821863,0.0,1.2555582825821863,1.291902055687012
977,2025-11-24,0.0128635733902428,0.0001551587301587,1.0305378856523648,-0.0207676428183768,0.0,,1.2555582825821863,1.0128635733902427,1.2717092486959094,0.0,1.2717092486959094,1.3085205325933476
978,2025-11-25,0.0044420537522011,0.0001547619047619,1.0305378856523648,-0.0164178400518812,0.0,,1.2717092486959094,1.0044420537522012,1.277358249535788,0.0,1.277358249535788,1.3143330511349862
979,2025-11-26,0.0072989000048468,0.0001555555555555,1.0305378856523648,-0.0092387722198684,0.0,,1.277358249535788,1.007298900004847,1.286681559669516,0.0,1.286681559669516,1.3239262366482858
980,2025-11-28,0.0052813812986342,0.0001539682539682,1.0305378856523648,-0.0040061844000585,0.0,,1.286681559669516,1.005281381298634,1.293477015596052,0.0,1.293477015596052,1.3309183959152913
981,2025-12-01,-0.0032900414945802,0.0001511904761904,1.0305378856523648,-0.0072830453817276,0.0,,1.293477015596052,0.9967099585054198,1.2892214225424552,0.0,1.2892214225424552,1.3265396191668295
982,2025-12-02,0.0016444831747643,0.000149603174603,1.0305378856523648,-0.0056505390525544,0.0,,1.2892214225424552,1.0016444831747644,1.2913415254803722,0.0,1.2913415254803722,1.328721091251208
983,2025-12-03,0.0022300384939737,0.000147619047619,1.0305378856523648,-0.0034331014781795,0.0,,1.2913415254803722,1.0022300384939737,1.2942212667910602,0.0,1.2942212667910602,1.331684190432453
984,2025-12-04,0.0001749300547798,0.0001472222222222,1.0305378856523648,-0.0032587719760293,0.0,,1.2942212667910602,1.0001749300547798,1.294447664988157,0.0,1.294447664988157,1.3319171420208349
985,2025-12-05,0.0021898839356918,0.0001472222222222,1.0305378856523648,-0.0010760243727376,0.0,,1.294447664988157,1.0021898839356917,1.2972823551353083,0.0,1.2972823551353083,1.3348338859738191
986,2025-12-08,-0.0013711394531276,0.0001480158730158,1.0305378856523648,-0.0024456884463953,0.0,,1.2972823551353083,0.9986288605468724,1.295503600116336,0.0,1.295503600116336,1.3330036425693887
987,2025-12-09,0.0004852299119107,0.0001480158730158,1.0305378856523648,-0.0019616452556742,0.0,,1.295503600116336,1.0004852299119107,1.2961322172141005,0.0,1.2961322172141005,1.3336504558094493
988,2025-12-10,0.0068940850140661,0.0001464285714284,1.0356070149562202,0.0,0.0,,1.2961322172141005,1.0068940850140662,1.3050678629090446,0.0,1.3050678629090446,1.3428447554308478
989,2025-12-11,0.0005472813033363,0.000145238095238,1.03617378331311,0.0,0.0,,1.3050678629090446,1.0005472813033363,1.3057821021499998,0.0,1.3057821021499998,1.3435796692587785
990,2025-12-12,-0.0102023254293434,0.0001440476190476,1.03617378331311,-0.0102023254293434,0.0,,1.3057821021499998,0.9897976745706566,1.2924600882040533,0.0,1.2924600882040533,1.3298720322327509
991,2025-12-15,-0.0014110559414166,0.0001448412698412,1.03617378331311,-0.0115989853188468,0.0,,1.2924600882040533,0.9985889440585834,1.2906363547175492,0.0,1.2906363547175492,1.327995508400345
992,2025-12-16,-0.0004693875818169,0.0001444444444444,1.03617378331311,-0.0120629284809934,0.0,,1.2906363547175492,0.9995306124181831,1.2900305460400034,0.0,1.2900305460400034,1.3273721637999931
993,2025-12-17,-0.0072708366920439,0.0001444444444444,1.03617378331311,-0.0192460575900242,0.0,,1.2900305460400034,0.9927291633079561,1.2806509446119985,0.0,1.2806509446119985,1.3177210575674383
994,2025-12-18,0.0079418673608951,0.0001436507936507,1.03617378331311,-0.0114570398657293,0.0,,1.2806509446119985,1.007941867360895,1.290821704549712,0.0,1.290821704549712,1.3281862234252977
995,2025-12-19,0.0071369921820172,0.0001436507936507,1.03617378331311,-0.0044018164876628,0.0,,1.290821704549712,1.0071369921820172,1.3000342889634613,0.0,1.3000342889634613,1.3376654781181467
996,2025-12-22,0.0068588552446149,0.0001444444444444,1.038688418897585,0.0,0.0,,1.3000342889634613,1.006858855244615,1.3089510359644976,0.0,1.3089510359644976,1.3468403319982778
997,2025-12-23,0.0043361870224286,0.0001448412698412,1.0431923661399554,0.0,0.0,,1.3089510359644976,1.0043361870224286,1.3146268924596411,0.0,1.3146268924596411,1.3526804835671724
998,2025-12-24,0.002231251777548,0.0001464285714284,1.0455199909612296,0.0,0.0,,1.3146268924596411,1.002231251777548,1.3175601560502541,0.0,1.3175601560502541,1.3556986543005862
999,2025-12-26,0.0025640418605331,0.0001444444444444,1.0482007479840785,0.0,0.0,,1.3175601560502541,1.002564041860533,1.3209384354441374,0.0,1.3209384354441374,1.3591747224004815
1000,2025-12-29,-0.0083826312405968,0.0001460317460317,1.0482007479840785,-0.0083826312405967,0.0,,1.3209384354441374,0.9916173687594032,1.3098654956482783,0.0,1.3098654956482783,1.3477812619110578
1001,2025-12-30,-0.0004077183473106,0.0001448412698412,1.0482007479840785,-0.0087869318353518,0.0,,1.3098654956482783,0.9995922816526894,1.3093314394531934,0.0,1.3093314394531934,1.3472317467624153
1002,2025-12-31,-0.0059627548289099,0.0001456349206349,1.0482007479840785,-0.0146972923440291,0.0,,1.3093314394531934,0.9940372451710902,1.3015242170899504,0.0,1.3015242170899504,1.3391985341587471
1003,2026-01-02,0.0076361340584433,0.0001448412698412,1.0076361340584434,0.0,1.0,0.25435210024975385,1.3015242170899504,1.0076361340584432,1.3114628304919596,0.0033357332533511686,1.3081270972386083,1.3494248336964545
1004,2026-01-05,0.0091182706200293,0.0001444444444444,1.0168240330153089,0.0,0.0,,1.3081270972386083,1.0091182706200292,1.3200549541166233,0.0,1.3200549541166233,1.3617292545114867
1005,2026-01-06,0.0070892462601191,0.0001440476190476,1.0240325489885616,0.0,0.0,,1.3200549541166233,1.007089246260119,1.3294131487632463,0.0,1.3294131487632463,1.371382888536327
1006,2026-01-07,-0.0043477451580046,0.0001436507936507,1.0240325489885616,-0.0043477451580046,0.0,,1.3294131487632463,0.9956522548419954,1.3236331991827233,0.0,1.3236331991827233,1.365420465222923
1007,2026-01-08,0.0006960910412597,0.0001436507936507,1.0240325489885616,-0.003654680543199,0.0,,1.3236331991827233,1.0006960910412597,1.3245545683945883,0.0,1.3245545683945883,1.3663709221763172
1008,2026-01-09,0.0062500075395848,0.0001436507936507,1.02666685758096,0.0,0.0,,1.3245545683945883,1.0062500075395848,1.332833044433646,0.0,1.332833044433646,1.3749107507417886
1009,2026-01-12,0.00448912214733,0.0001456349206349,1.0312756905092562,0.0,0.0,,1.332833044433646,1.00448912214733,1.3388162947721063,0.0,1.3388162947721063,1.3810828930435457
1010,2026-01-13,-0.0015768814479002,0.0001456349206349,1.0312756905092562,-0.0015768814479002,0.0,,1.3388162947721063,0.9984231185520998,1.3367051401947336,0.0,1.3367051401947336,1.378905089051493
1011,2026-01-14,0.0016981797098109,0.0001456349206349,1.0313980208790638,0.0,0.0,,1.3367051401947336,1.001698179709811,1.3389751057418124,0.0,1.3389751057418124,1.3812467176954752
1012,2026-01-15,0.000998563936026,0.0001460317460317,1.0324279377464023,0.0,0.0,,1.3389751057418124,1.000998563936026,1.3403121579936428,0.0,1.3403121579936428,1.3826259808545205
1013,2026-01-16,-0.0022510685593103,0.0001456349206349,1.0324279377464023,-0.0022510685593102,0.0,,1.3403121579936428,0.9977489314406897,1.337295023435122,0.0,1.337295023435122,1.3795135949797332
1014,2026-01-20,-0.0035124777415558,0.0001468253968253,1.0324279377464023,-0.005755639472657,0.0,,1.337295023435122,0.9964875222584442,1.3325978044314126,0.0,1.3325978044314126,1.374668084183193
1015,2026-01-21,0.0127937277374249,0.0001468253968253,1.0396182327485464,0.0,0.0,,1.3325978044314126,1.0127937277374248,1.3496466979247983,0.0,1.3496466979247983,1.3922552133815604
1016,2026-01-22,0.0063436456421502,0.0001472222222222,1.0462132024202218,0.0,0.0,,1.3496466979247983,1.0063436456421502,1.3582083783185313,0.0,1.3582083783185313,1.4010871870986896
1017,2026-01-23,0.0012018821269664,0.0001468253968253,1.0474706273692072,0.0,0.0,,1.3582083783185313,1.0012018821269664,1.3598407846931282,0.0,1.3598407846931282,1.4027711287471851
1018,2026-01-26,0.0038035852334101,0.0001456349206349,1.0514547711798996,0.0,0.0,,1.3598407846931282,1.0038035852334102,1.3650130550215758,0.0,1.3650130550215758,1.4081066882983422
1019,2026-01-27,0.0087395685258057,0.0001456349206349,1.0606440322044115,0.0,0.0,,1.3650130550215758,1.0087395685258056,1.3769426801545561,0.0,1.3769426801545561,1.420412933192371
1020,2026-01-28,0.0085193659045177,0.0001460317460317,1.0696800468092045,0.0,0.0,,1.3769426801545561,1.0085193659045177,1.3886733586763402,0.0,1.3886733586763402,1.432513950705746
1021,2026-01-29,-0.000650429247409,0.0001456349206349,1.0696800468092045,-0.0006504292474089,0.0,,1.3886733586763402,0.999349570752591,1.3877701249087595,0.0,1.3877701249087595,1.4315822017348856
1022,2026-01-30,-0.0211035941822862,0.0001456349206349,1.0696800468092045,-0.0217402970348135,0.0,,1.3877701249087595,0.9788964058177138,1.3584831873743843,0.0,1.3584831873743843,1.4013706719108887
1023,2026-02-02,-0.0020710197648265,0.0001464285714284,1.0696800468092045,-0.0237662922147878,0.0,,1.3584831873743843,0.9979289802351735,1.3556697418431476,0.0,1.3556697418431476,1.3984684055515129
1024,2026-02-03,0.008072224924224,0.0001464285714284,1.0696800468092045,-0.0158859141469366,0.0,,1.3556697418431476,1.008072224924224,1.3666130129222702,0.0,1.3666130129222702,1.4097571570705456
1025,2026-02-04,-0.0043096045434589,0.0001464285714284,1.0696800468092045,-0.0201270566826108,0.0,,1.3666130129222702,0.9956903954565411,1.3607234512726305,0.0,1.3607234512726305,1.4036816612212606
1026,2026-02-05,-0.0069972795389875,0.0001456349206349,1.0696800468092045,-0.0269835015796932,0.0,,1.3607234512726305,0.9930027204610125,1.35120208890882,0.0,1.35120208890882,1.393859708253945
1027,2026-02-06,0.0170184790143977,0.0001460317460317,1.0696800468092045,-0.0104242407206643,0.0,,1.35120208890882,1.0170184790143977,1.3741974933031251,0.0,1.3741974933031251,1.4175810804478792
1028,2026-02-09,0.0054495044566209,0.0001464285714284,1.0696800468092045,-0.0050315432103075,0.0,,1.3741974933031251,1.005449504456621,1.3816861886671579,0.0,1.3816861886671579,1.4253061948634016
1029,2026-02-10,-0.0016042062713877,0.0001464285714284,1.0696800468092045,-0.0066276778485224,0.0,,1.3816861886671579,0.9983957937286123,1.3794696790182082,0.0,1.3794696790182082,1.423019709726954
1030,2026-02-11,0.0057972536537179,0.0001468253968253,1.0696800468092045,-0.0008688465244276,0.0,,1.3794696790182082,1.0057972536537179,1.3874668146550895,0.0,1.3874668146550895,1.431269315938481
1031,2026-02-12,-0.0122809237605477,0.0001468253968253,1.0696800468092045,-0.0131391000470492,0.0,,1.3874668146550895,0.9877190762394523,1.3704274404840204,0.0,1.3704274404840204,1.4136920065886294
1032,2026-02-13,0.0077773606860282,0.0001460317460317,1.0696800468092045,-0.0054639268811766,0.0,,1.3704274404840204,1.0077773606860283,1.3810857489826953,0.0,1.3810857489826953,1.4246867992228245
1033,2026-02-17,-0.0058204414137148,0.0001464285714284,1.0696800468092045,-0.0112525658285908,0.0,,1.3810857489826953,0.9941795585862852,1.373047220293425,0.0,1.373047220293425,1.416394493175055
1034,2026-02-18,0.0064763672978522,0.0001468253968253,1.0696800468092045,-0.0048490742800877,0.0,,1.373047220293425,1.0064763672978523,1.3819395784093402,0.0,1.3819395784093402,1.425567584151512
1035,2026-02-19,-0.0012808358033177,0.0001464285714284,1.0696800468092045,-0.0061236992154546,0.0,,1.3819395784093402,0.9987191641966823,1.3801695407192918,0.0,1.3801695407192918,1.4237416661496811
1036,2026-02-20,0.008691297015734,0.0001464285714284,1.0723696234823006,0.0,0.0,,1.3801695407192918,1.008691297015734,1.3921650041297524,0.0,1.3921650041297524,1.4361158278438642
1037,2026-02-23,-0.0016368491295009,0.0001464285714284,1.0723696234823006,-0.001636849129501,0.0,,1.3921650041297524,0.9983631508704991,1.389886240054621,0.0,1.389886240054621,1.4337651229011954
1038,2026-02-24,0.0030699507713017,0.0001464285714284,1.0739010494433778,0.0,0.0,,1.389886240054621,1.0030699507713017,1.3941531223892982,0.0,1.3941531223892982,1.4381667112461114
1039,2026-02-25,0.003996668253753,0.0001464285714284,1.0781930756753604,0.0,0.0,,1.3941531223892982,1.003996668253753,1.3997250899144222,0.0,1.3997250899144222,1.4439145864845533
1040,2026-02-26,-0.0018963811961123,0.0001460317460317,1.0781930756753604,-0.0018963811961122,0.0,,1.3997250899144222,0.9981036188038876,1.397070677574182,0.0,1.397070677574182,1.4411763740139516
1041,2026-02-27,0.0012153070699744,0.0001456349206349,1.0781930756753604,-0.0006833788116128,0.0,,1.397070677574182,1.0012153070699743,1.3987685474458915,0.0,1.3987685474458915,1.442927845850371
1042,2026-03-02,-0.0021709679566184,0.000147619047619,1.0781930756753604,-0.0028528631747292,0.0,,1.3987685474458915,0.9978290320433816,1.3957318657506608,0.0,1.3957318657506608,1.439795295733317
1043,2026-03-03,-0.0197174146262689,0.0001472222222222,1.0781930756753604,-0.0225140267149099,0.0,,1.3957318657506608,0.9802825853737311,1.368211641846559,0.0,1.368211641846559,1.4114062549103918
1044,2026-03-04,0.0069661500297774,0.0001472222222222,1.0781930756753604,-0.015704712773003,0.0,,1.368211641846559,1.0069661500297773,1.3777428094161501,0.0,1.3777428094161501,1.421238322635064
1045,2026-03-05,-0.0093447238425456,0.0001468253968253,1.0781930756753604,-0.0249026804116583,0.0,,1.3777428094161501,0.9906552761574544,1.3648681833361034,0.0,1.3648681833361034,1.4079572429955969
1046,2026-03-06,-0.0050338320438044,0.0001464285714284,1.0781930756753604,-0.0298111565448299,0.0,,1.3648681833361034,0.9949661679561956,1.357997666139257,0.0,1.357997666139257,1.400869822709499
1047,2026-03-09,0.0068106894610076,0.0001472222222222,1.0781930756753604,-0.0232035016135226,0.0,,1.357997666139257,1.0068106894610076,1.3672465665321045,0.0,1.3672465665321045,1.41041071204727
1048,2026-03-10,0.0005400645048943,0.0001472222222222,1.0781930756753604,-0.0226759684962389,0.0,,1.3672465665321045,1.0005400645048943,1.3679849678721272,0.0,1.3679849678721272,1.4111724248101694
1049,2026-03-11,-0.001812287431718,0.0001472222222222,1.0781930756753604,-0.0244471605552493,0.0,,1.3679849678721272,0.998187712568282,1.3655057859080735,0.0,1.3655057859080735,1.4086149747606986
1050,2026-03-12,-0.015114462870052,0.000147619047619,1.0781930756753604,-0.0391921177248109,0.0,,1.3655057859080735,0.984885537129948,1.3448668994081248,0.0,1.3448668994081248,1.3873245160264789
1051,2026-03-13,-0.0031734864915922,0.000147619047619,1.0781930756753604,-0.0422412285602266,0.0,,1.3448668994081248,0.9968265135084078,1.3405989824698636,0.0,1.3405989824698636,1.382921860415414
1052,2026-03-16,0.0092920584194695,0.000147619047619,1.0781930756753604,-0.0333416781042489,0.0,,1.3405989824698636,1.0092920584194696,1.353055906532055,0.0,1.353055906532055,1.3957720511319556
1053,2026-03-17,0.0037667098926372,0.000147619047619,1.0781930756753604,-0.0297005566403639,0.0,,1.353055906532055,1.0037667098926373,1.3581524756004806,0.0,1.3581524756004806,1.401029519524821
1054,2026-03-18,-0.0144172724629572,0.0001480158730158,1.0781930756753604,-0.0436896280859354,0.0,,1.3581524756004806,0.9855827275370428,1.3385716213135086,0.0,1.3385716213135086,1.3808304952131856
1055,2026-03-19,-0.0059612522088128,0.0001480158730158,1.0781930756753604,-0.0493904354028187,0.0,,1.3385716213135086,0.9940387477911872,1.3305920582792994,0.0,1.3305920582792994,1.3725990163736
1056,2026-03-20,-0.0187353873951032,0.0001484126984126,1.0781930756753604,-0.0672004738570374,0.0,,1.3305920582792994,0.9812646126048968,1.305662900602589,0.0,1.305662900602589,1.346882842063703
1057,2026-03-23,0.0057677280920821,0.0001484126984126,1.0781930756753604,-0.0618203398258216,0.0,,1.305662900602589,1.005767728092082,1.313193609193184,0.0,1.313193609193184,1.3546512960686172
1058,2026-03-24,-0.0026773115236183,0.0001484126984126,1.0781930756753604,-0.0643321390412303,0.0,,1.313193609193184,0.9973226884763817,1.309677780810549,0.0,1.309677780810549,1.3510244725431682
1059,2026-03-25,0.0099843601383069,0.0001480158730158,1.0781930756753604,-0.0549900941475787,0.0,,1.309677780810549,1.009984360138307,1.3227540754393001,0.0,1.3227540754393001,1.3645135874327052
1060,2026-03-26,-0.0195933804776086,0.0001480158730158,1.0781930756753604,-0.0735060327880543,0.0,,1.3227540754393001,0.9804066195223914,1.2968368515609106,0.0,1.2968368515609106,1.3377781535472697
1061,2026-03-27,-0.0018788466413007,0.0001480158730158,1.0781930756753604,-0.075246772866536,0.0,,1.2968368515609106,0.9981211533586993,1.2944002939980404,0.0,1.2944002939980404,1.3352646735566716
1062,2026-03-30,-0.0028787106644315,0.0001472222222222,1.0781930756753604,-0.0779088698434525,0.0,,1.2944002939980404,0.9971212893355685,1.290674090067665,0.0,1.290674090067665,1.3314208329010653
1063,2026-03-31,0.0232072845048275,0.0001468253968253,1.0781930756753604,-0.0565096386465316,0.0,,1.290674090067665,1.0232072845048275,1.3206271308788746,0.0,1.3206271308788746,1.3623194949658546
1064,2026-04-01,0.0094713094403448,0.0001468253968253,1.009471309440345,0.0,1.0,0.2084921805696328,1.3206271308788746,1.009471309440345,1.3331351990907434,0.0027794826465256067,1.330355716444218,1.3752224444592906
1065,2026-04-02,-0.0021315686238707,0.0001468253968253,1.009471309440345,-0.0021315686238707,0.0,,1.330355716444218,0.9978684313761294,1.3275199719404585,0.0,1.3275199719404585,1.3722910634458385
1066,2026-04-06,0.0026749734738152,0.000147619047619,1.0100141051518878,0.0,0.0,,1.3275199719404585,1.0026749734738152,1.331071052651359,0.0,1.331071052651359,1.3759619056389096
1067,2026-04-07,0.0028433533112118,0.0001472222222222,1.012885932102142,0.0,0.0,,1.331071052651359,1.0028433533112118,1.3348557579363733,0.0,1.3348557579363733,1.3798742514794091
1068,2026-04-08,0.0234725962162333,0.0001464285714284,1.0366609945994787,0.0,0.0,,1.3348557579363733,1.0234725962162332,1.3661882881493277,0.0,1.3661882881493277,1.412263482613563
1069,2026-04-09,0.0037481988274447,0.0001460317460317,1.0405466061238942,0.0,0.0,,1.3661882881493277,1.0037481988274446,1.3713090334890374,0.0,1.3713090334890374,1.4175569269431385
1070,2026-04-10,-0.0009352900621472,0.0001464285714284,1.0405466061238942,-0.0009352900621472,0.0,,1.3713090334890374,0.9990647099378528,1.3700264617778823,0.0,1.3700264617778823,1.4162311000368404
1071,2026-04-13,0.0058252717102936,0.0001472222222222,1.045629190702307,0.0,0.0,,1.3700264617778823,1.0058252717102936,1.3780072381680306,0.0,1.3780072381680306,1.424481030999123
1072,2026-04-14,0.0125284837929081,0.0001472222222222,1.0587293390714123,0.0,0.0,,1.3780072381680306,1.012528483792908,1.3952715795179287,0.0,1.3952715795179287,1.4423276185093004
1073,2026-04-15,-0.0008971015343447,0.0001472222222222,1.0587293390714123,-0.0008971015343447,0.0,,1.3952715795179287,0.9991028984656553,1.3940198792431155,0.0,1.3940198792431155,1.441033704189708
1074,2026-04-16,0.0021082846566787,0.0001468253968253,1.0600096517551496,0.0,0.0,,1.3940198792431155,1.0021082846566787,1.3969588699656288,0.0,1.3969588699656288,1.444071813438008
1075,2026-04-17,0.0122992409635958,0.0001468253968253,1.0730469658858235,0.0,0.0,,1.3969588699656288,1.0122992409635958,1.4141404037235685,0.0,1.4141404037235685,1.4618328006402188
1076,2026-04-20,-0.0023386060540398,0.0001472222222222,1.0730469658858235,-0.0023386060540399,0.0,,1.4141404037235685,0.9976613939459602,1.4108332864141584,0.0,1.4108332864141584,1.4584141496026477
1077,2026-04-21,-0.009258949715637,0.0001464285714284,1.0730469658858235,-0.0115759027338179,0.0,,1.4108332864141584,0.990741050284363,1.397770451958103,0.0,1.397770451958103,1.444910766326903
1078,2026-04-22,0.0090809315294647,0.0001464285714284,1.0730469658858235,-0.0026000911844709,0.0,,1.397770451958103,1.0090809315294647,1.4104635097262432,0.0,1.4104635097262432,1.458031902062104
1079,2026-04-23,-0.0047739631216059,0.0001464285714284,1.0730469658858235,-0.0073616415666494,0.0,,1.4104635097262432,0.9952260368783941,1.4037300089464393,0.0,1.4037300089464393,1.4510713115315346
1080,2026-04-24,0.00969980975543,0.0001464285714284,1.0754793076140146,0.0,0.0,,1.4037300089464393,1.00969980975543,1.4173459229812078,0.0,1.4173459229812078,1.4651464271949526
1081,2026-04-27,-0.0007339239090207,0.0001460317460317,1.0754793076140146,-0.0007339239090208,0.0,,1.4173459229812078,0.9992660760909793,1.4163056989209788,0.0,1.4163056989209788,1.4640711212018178
1082,2026-04-28,-0.0084803537981711,0.0001460317460317,1.0754793076140146,-0.0092080537727826,0.0,,1.4163056989209788,0.9915196462018289,1.4042949255077628,0.0,1.4042949255077628,1.451655280108341
1083,2026-04-29,-0.0011180788624791,0.0001460317460317,1.0754793076140146,-0.0103158373049738,0.0,,1.4042949255077628,0.998881921137521,1.402724813034866,0.0,1.402724813034866,1.450032215024046
1084,2026-04-30,0.0117701101253455,0.0001460317460317,1.0769127648114205,0.0,0.0,,1.402724813034866,1.0117701101253456,1.4192350385598411,0.0,1.4192350385598411,1.4670992538801777
1085,2026-05-01,0.0032508918431163,0.0001460317460317,1.0804136917342937,0.0,0.0,,1.4192350385598411,1.0032508918431162,1.42384881817016,0.0,1.42384881817016,1.4718686348776586
1086,2026-05-04,-0.0052178326894888,0.0001468253968253,1.0804136917342937,-0.0052178326894888,0.0,,1.42384881817016,0.9947821673105112,1.4164194132618217,0.0,1.4164194132618217,1.4641886705999607
1087,2026-05-05,0.0144698242268157,0.0001464285714284,1.0903280976212304,0.0,0.0,,1.4164194132618217,1.0144698242268158,1.4369147532031699,0.0,1.4369147532031699,1.4853752232984372
1088,2026-05-06,0.0184407884731795,0.0001464285714284,1.1104346074358278,0.0,0.0,,1.4369147532031699,1.0184407884731794,1.4634125942209804,0.0,1.4634125942209804,1.5127667135945857
1089,2026-05-07,-0.0073925443840439,0.0001464285714284,1.1104346074358278,-0.0073925443840437,0.0,,1.4634125942209804,0.9926074556159561,1.4525942516660328,0.0,1.4525942516660328,1.5015835185216335
1090,2026-05-08,0.0154033063404863,0.0001464285714284,1.119203589970987,0.0,0.0,,1.4525942516660328,1.0154033063404864,1.4749690059128744,0.0,1.4749690059128744,1.5247128694532477
1091,2026-05-11,0.0028897557963413,0.0001468253968253,1.1224378150323913,0.0,0.0,,1.4749690059128744,1.0028897557963412,1.4792313061471347,0.0,1.4792313061471347,1.5291189173055062
1092,2026-05-12,-0.010770445606078,0.0001468253968253,1.1224378150323913,-0.0107704456060782,0.0,,1.4792313061471347,0.989229554393922,1.4632993258254694,0.0,1.4632993258254694,1.5126496251814423
1093,2026-05-13,0.0051347341739259,0.0001464285714284,1.1224378150323913,-0.005691014807274,0.0,,1.4632993258254694,1.0051347341739258,1.470812978880468,0.0,1.470812978880468,1.520416678905038
1094,2026-05-14,0.000980283358565,0.0001464285714284,1.1224378150323913,-0.0047163102558179,0.0,,1.470812978880468,1.000980283358565,1.472254792367226,0.0,1.472254792367226,1.5219071180734534
1095,2026-05-15,-0.0192856715906391,0.0001464285714284,1.1224378150323913,-0.0239110246357439,0.0,,1.472254792367226,0.9807143284093609,1.4438613699438871,0.0,1.4438613699438871,1.4925561172028323
1096,2026-05-18,-0.0030436493905677,0.0001460317460317,1.1224378150323913,-0.0268818972507511,0.0,,1.4438613699438871,0.9969563506094323,1.4394667621651933,0.0,1.4394667621651933,1.48801329968632
1097,2026-05-19,-0.00729754433433,0.0001456349206349,1.1224378150323913,-0.0339832697481028,0.0,,1.4394667621651933,0.99270245566567,1.4289621896504983,0.0,1.4289621896504983,1.4771544566617862
1098,2026-05-20,0.0160158560326636,0.0001448412698412,1.1224378150323913,-0.0185116848712439,0.0,,1.4289621896504983,1.0160158560326635,1.4518482423560604,0.0,1.4518482423560604,1.5008123497776886
1099,2026-05-21,0.0050116519935416,0.0001460317460317,1.1224378150323913,-0.0135928070000911,0.0,,1.4518482423560604,1.0050116519935417,1.4591244004941841,0.0,1.4591244004941841,1.508333898982384
1100,2026-05-22,0.0025681977597005,0.0001460317460317,1.1224378150323913,-0.0110595182568762,0.0,,1.4591244004941841,1.0025681977597005,1.4628717205106576,0.0,1.4628717205106576,1.5122075987226309
1101,2026-05-26,0.0176355768238078,0.0001460317460317,1.129600110466025,0.0,0.0,,1.4628717205106576,1.017635576823808,1.4886703071210994,0.0,1.4886703071210994,1.53887625200345
1102,2026-05-27,-0.0011476588966282,0.0001460317460317,1.129600110466025,-0.0011476588966283,0.0,,1.4886703071210994,0.9988523411033718,1.4869618213989857,0.0,1.4869618213989857,1.5371101469820283
1103,2026-05-28,0.0046643854041503,0.0001464285714284,1.1335665582286094,0.0,0.0,,1.4869618213989857,1.0046643854041504,1.493897584415248,0.0,1.493897584415248,1.5442798211161828
1104,2026-05-29,0.0033224327452591,0.0001464285714284,1.1373327568805986,0.0,0.0,,1.493897584415248,1.003322432745259,1.4988609586677726,0.0,1.4988609586677726,1.549410586961702
1105,2026-06-01,0.0037602261072736,0.00015,1.1416093852056786,0.0,0.0,,1.4988609586677726,1.0037602261072736,1.5044970147757282,0.0,1.5044970147757282,1.555236721101681
1106,2026-06-02,0.0059744702822951,0.000149603174603,1.148429896551579,0.0,0.0,,1.5044970147757282,1.005974470282295,1.5134855874803073,0.0,1.5134855874803073,1.5645284366738372
1107,2026-06-03,-0.0060202863364019,0.00015,1.148429896551579,-0.0060202863364019,0.0,,1.5134855874803073,0.993979713663598,1.5043739708776582,0.0,1.5043739708776582,1.5551095275036175
1108,2026-06-04,-0.0010348839346228,0.00015,1.148429896551579,-0.0070489399734133,0.0,,1.5043739708776582,0.9989651160653772,1.5028171184235322,0.0,1.5028171184235322,1.5535001696370252
1109,2026-06-05,-0.0339353185194894,0.00015,1.148429896551579,-0.0407450504696803,0.0,,1.5028171184235322,0.9660646814805106,1.4518185408332884,0.0,1.4518185408332884,1.500781646560312
1110,2026-06-08,0.009274127731196,0.0001507936507936,1.148429896551579,-0.031848797540954,0.0,,1.4518185408332884,1.009274127731196,1.465282891423495,0.0,1.465282891423495,1.514700087247147
1111,2026-06-09,-0.0032080985050907,0.0001503968253968,1.148429896551579,-0.0349547219662647,0.0,,1.465282891423495,0.9967919014949093,1.4605821195699842,0.0,1.4605821195699842,1.5098407801615883
1112,2026-06-10,-0.0164229357027182,0.0001503968253968,1.148429896551579,-0.0508035985176246,0.0,,1.4605821195699842,0.9835770642972818,1.4365950733317463,0.0,1.4365950733317463,1.4850447621076528
1113,2026-06-11,0.0271867206075456,0.00015,1.148429896551579,-0.0249980611488356,0.0,,1.4365950733317463,1.0271867206075456,1.4756513822165929,0.0,1.4756513822165929,1.5254182591447725
1114,2026-06-12,0.0034385903606702,0.00015,1.148429896551579,-0.0216454288802672,0.0,,1.4756513822165929,1.0034385903606702,1.4807255428351924,0.0,1.4807255428351924,1.530663547666658
1115,2026-06-15,0.0175261719165975,0.0001503968253968,1.148429896551579,-0.0044986184714336,0.0,,1.4807255428351924,1.0175261719165976,1.5066769932602193,0.0,1.5066769932602193,1.5574902201495329
1116,2026-06-16,-0.0079830334656231,0.0001503968253968,1.148429896551579,-0.0124457393152501,0.0,,1.5066769932602193,0.9920169665343769,1.4946491404011386,0.0,1.4946491404011386,1.5450567235996984
1117,2026-06-17,-0.0079608684554264,0.0001519841269841,1.148429896551579,-0.0203075288771573,0.0,,1.4946491404011386,0.9920391315445736,1.482750435207389,0.0,1.482750435207389,1.532756730266949
1118,2026-06-18,0.013530299929657,0.0001519841269841,1.148429896551579,-0.0070519959040385,0.0,,1.482750435207389,1.013530299929657,1.5028124933165743,0.0,1.5028124933165743,1.553495388546661
1119,2026-06-22,0.0037401560848197,0.0001527777777777,1.148429896551579,-0.0033382153846094,0.0,,1.5028124933165743,1.0037401560848196,1.5084332466077952,0.0,1.5084332466077952,1.5593057037768732
1120,2026-06-23,-0.0221748396376877,0.0001527777777777,1.148429896551579,-0.0254390306314674,0.0,,1.5084332466077952,0.9778251603623123,1.4749839812601107,0.0,1.4749839812601107,1.5247283498494892
1121,2026-06-24,-0.003336294864461,0.0001527777777777,1.148429896551579,-0.0286904533886758,0.0,,1.4749839812601107,0.996663705135539,1.4700629997782704,0.0,1.4700629997782704,1.5196414064861885
1122,2026-06-25,0.0121268736538881,0.0001523809523809,1.148429896551579,-0.0169115052381049,0.0,,1.4700629997782704,1.0121268736538882,1.4878902680398374,0.0,1.4878902680398374,1.5380699058218632
1123,2026-06-26,-0.0056107972912301,0.0001519841269841,1.148429896551579,-0.0224274155015545,0.0,,1.4878902680398374,0.9943892027087698,1.4795420173542717,0.0,1.4795420173542717,1.5294401073605552
1124,2026-06-29,0.0028161861054379,0.0001535714285714,1.148429896551579,-0.019674389172033,0.0,,1.4795420173542717,1.0028161861054379,1.4837086830259563,0.0,1.4837086830259563,1.5337472953400035
1125,2026-06-30,0.0028584294050267,0.0001535714285714,1.148429896551579,-0.0168721976195415,0.0,,1.4837086830259563,1.0028584294050267,1.487949759554011,0.0,1.487949759554011,1.5381314037088836
1126,2026-07-01,-0.0109824807315416,0.0001527777777777,0.9890175192684584,0.0,1.0,0.19085588069016501,1.487949759554011,0.9890175192684584,1.471608379990207,0.00280865113394058,1.4687997288562664,1.5212389052050714
1127,2026-07-02,-0.0048604511295067,0.0001515873015873,0.9890175192684584,-0.0048604511295067,0.0,,1.4687997288562664,0.9951395488704933,1.4616606995551278,0.0,1.4616606995551278,1.513844997850018
1128,2026-07-06,0.0067009850035541,0.0001535714285714,0.990805627401881,0.0,0.0,,1.4616606995551278,1.0067009850035542,1.4714552659831313,0.0,1.4714552659831313,1.5239892504783163
1129,2026-07-07,-0.0100863139603895,0.0001531746031746,0.990805627401881,-0.0100863139603896,0.0,,1.4714552659831313,0.9899136860396105,1.456613706191757,0.0,1.456613706191757,1.5086178164257331
1130,2026-07-08,-0.0026849820102227,0.0001535714285714,0.990805627401881,-0.0127442143990792,0.0,,1.456613706191757,0.9973150179897773,1.4527027245947883,0.0,1.4527027245947883,1.5045672047283285
1131,2026-07-09,0.0087704685807358,0.0001519841269841,0.990805627401881,-0.0040855185503165,0.0,,1.4527027245947883,1.0087704685807357,1.465443608197996,0.0,1.465443608197996,1.517762964125004
1132,2026-07-10,-9.402298406624736e-05,0.0001519841269841,0.990805627401881,-0.0041791574017373,0.0,,1.465443608197996,0.9999059770159338,1.4653058228169724,0.0,1.4653058228169724,1.5176202595220116
