Date,AGG,EEM,EFA,GLD,IWM,LQD,MTUM,QQQ,QUAL,SPY,TLT,USMV,VLUE,VNQ
2021-07-02,98.717529296875,48.705265045166016,67.77913665771484,167.2899932861328,215.36065673828125,110.5624008178711,164.32058715820312,348.0563049316406,127.13228607177734,405.3680725097656,122.2408447265625,68.68352508544922,92.28321075439453,84.61328125
2021-07-06,99.0341567993164,47.851722717285156,67.33493041992188,168.1199951171875,212.23159790039062,110.96562194824219,162.563232421875,349.560546875,126.82122802734375,404.6297607421875,123.67375946044922,68.67431640625,91.03103637695312,85.23217010498047
2021-07-07,99.205322265625,47.798377990722656,67.70226287841797,168.75999450683594,210.25830078125,111.34415435791016,161.92076110839844,350.2981262207031,127.45278930664062,406.0596923828125,124.76932525634766,69.08906555175781,91.03103637695312,85.52922058105469
2021-07-08,99.31653594970703,46.802574157714844,66.83090209960938,168.64999389648438,208.32257080078125,111.40169525146484,160.02169799804688,348.1824645996094,126.40638732910156,402.7510070800781,125.25814819335938,68.63744354248047,90.03282165527344,85.28992462158203
2021-07-09,98.9913558959961,47.61166763305664,67.96708679199219,169.2100067138672,212.72021484375,110.93267822265625,163.30966186523438,350.35638427734375,127.51881408691406,407.05035400390625,123.49674987792969,69.11671447753906,91.59146118164062,86.69273376464844
2021-07-12,98.93144989013672,47.6561164855957,68.25756072998047,169.0,212.89874267578125,110.8750991821289,165.076416015625,351.72479248046875,127.9052963256836,408.5083923339844,123.33659362792969,69.1351547241211,92.01174926757812,87.43536376953125
2021-07-13,98.717529296875,47.70057678222656,67.89875793457031,169.22000122070312,208.8863983154297,110.46369934082031,163.37582397460938,351.72479248046875,127.66963958740234,407.11578369140625,122.39265441894531,68.9876937866211,91.11859893798828,86.21414184570312
2021-07-14,99.05123901367188,47.905067443847656,68.05253601074219,171.0399932861328,205.66336059570312,110.97386169433594,162.18533325195312,352.35552978515625,127.79219818115234,407.723388671875,123.78329467773438,69.2365493774414,91.09232330322266,86.81649780273438
2021-07-15,99.26517486572266,48.02064895629883,67.40327453613281,171.07000732421875,204.49818420410156,111.21246337890625,161.8074188232422,349.88079833984375,127.31143951416016,406.3306884765625,125.14862060546875,69.3010482788086,90.6807861328125,86.95677947998047
2021-07-16,99.1795883178711,47.6472282409668,66.90777587890625,169.41000366210938,201.9798583984375,111.05614471435547,160.0028533935547,347.0470275878906,126.594970703125,403.14361572265625,124.91262817382812,69.3840103149414,89.54248046875,86.89899444580078
2021-07-19,99.70160675048828,46.84703063964844,65.69468688964844,169.61000061035156,198.9541778564453,111.85427856445312,157.8014373779297,344.2034912109375,124.98296356201172,397.1900939941406,127.6517333984375,68.73884582519531,88.06262969970703,85.31468200683594
2021-07-20,99.60749053955078,46.9981803894043,66.173095703125,169.38999938964844,205.12774658203125,111.69792175292969,161.44839477539062,348.2018127441406,126.61381530761719,402.8819274902344,126.42127990722656,69.3010482788086,89.78765106201172,87.32809448242188
2021-07-21,99.28229522705078,47.30047607421875,67.18115234375,168.75999450683594,208.660888671875,111.302978515625,164.21664428710938,350.89013671875,127.5565185546875,406.143798828125,124.81991577148438,69.33792114257812,90.89094543457031,87.31983184814453
2021-07-22,99.5133285522461,47.389381408691406,67.20677947998047,169.08999633789062,205.3438720703125,111.76374816894531,163.6686248779297,353.2095947265625,127.8393325805664,406.9942932128906,125.99990844726562,69.55912017822266,90.32176208496094,86.62669372558594
2021-07-23,99.44488525390625,46.68699264526367,67.67664337158203,168.55999755859375,206.30235290527344,111.71438598632812,165.2086944580078,357.3342590332031,129.64930725097656,411.1814270019531,125.15701293945312,70.27803039550781,90.48814392089844,87.3446044921875
2021-07-26,99.35933685302734,45.79788589477539,67.7706298828125,168.16000366210938,206.9036865234375,111.46752166748047,165.86062622070312,357.6156005859375,129.7152862548828,412.1908874511719,124.78620147705078,70.14898681640625,91.039794921875,87.3858642578125
2021-07-27,99.59037780761719,44.87322235107422,67.49725341796875,168.44000244140625,204.48878479003906,111.94478607177734,164.17886352539062,353.6753845214844,129.19683837890625,410.3122863769531,126.11783599853516,70.25959777832031,90.64576721191406,87.8809585571289
2021-07-28,99.68447875976562,46.0912971496582,67.78771209716797,169.2899932861328,207.4957275390625,112.14225006103516,165.31265258789062,355.0340881347656,129.2344970703125,410.1439514160156,126.12621307373047,70.09369659423828,90.74207305908203,87.57563781738281
2021-07-29,99.52188873291016,46.322452545166016,68.25756072998047,171.1699981689453,209.09310913085938,111.82135009765625,166.35191345214844,355.6649169921875,129.83786010742188,411.84503173828125,125.4267349243164,70.25959777832031,91.84538269042969,87.5921630859375
2021-07-30,99.6588363647461,45.877906799316406,67.90730285644531,169.82000732421875,207.71185302734375,111.91184997558594,165.36929321289062,353.81134033203125,129.48902893066406,409.84490966796875,126.01669311523438,70.2503890991211,91.35501861572266,87.70767974853516
2021-08-02,99.8705062866211,46.206878662109375,68.2490234375,169.61000061035156,206.67820739746094,112.23580932617188,165.237060546875,353.8404235839844,129.28164672851562,408.98504638671875,127.14063262939453,70.13054656982422,91.24994659423828,87.51788330078125
2021-08-03,99.90478515625,46.40248489379883,68.7359619140625,169.49000549316406,207.5332794189453,112.35123443603516,167.1455841064453,355.98516845703125,130.24319458007812,412.31231689453125,127.2081527709961,70.5637435913086,92.33573150634766,87.62515258789062
2021-08-04,99.89619445800781,46.642539978027344,68.53092956542969,169.52999877929688,204.94923400878906,112.37590026855469,166.8243408203125,356.4995422363281,130.0452117919922,410.2841491699219,127.46977996826172,70.28726196289062,90.9172134399414,87.35285186767578
2021-08-05,99.67340087890625,46.5714111328125,68.86410522460938,168.86000061035156,208.63267517089844,111.9143295288086,168.8556671142578,358.7608337402344,130.8936767578125,412.8824462890625,126.82000732421875,70.52687072753906,91.35501861572266,88.3760757446289
2021-08-06,99.22779083251953,46.18020248413086,68.6078109741211,164.63999938964844,209.91062927246094,110.9993667602539,169.78152465820312,357.1885986328125,130.90313720703125,413.5647277832031,124.70201873779297,70.49002075195312,92.0467758178711,88.21929168701172
2021-08-09,99.04779815673828,46.331356048583984,68.5736312866211,161.72000122070312,208.75485229492188,110.52128601074219,171.236572265625,357.84857177734375,130.77110290527344,413.2283020019531,124.25480651855469,70.5637435913086,91.84538269042969,87.74893951416016
2021-08-10,98.91925811767578,46.393585205078125,68.72742462158203,161.77000427246094,209.1683349609375,110.27400970458984,171.80343627929688,356.01434326171875,130.808837890625,413.7423095703125,123.68098449707031,70.49922943115234,92.46708679199219,86.91551971435547
2021-08-11,99.01354217529297,46.5180549621582,69.197265625,164.0,210.19252014160156,110.4471206665039,171.6806182861328,355.4029235839844,130.96905517578125,414.7704772949219,123.60501098632812,70.60061645507812,93.10630798339844,87.42711639404297
2021-08-12,99.02210998535156,46.10906982421875,69.13748168945312,164.0399932861328,209.69448852539062,110.60370635986328,171.9640655517578,356.6839904785156,131.0916290283203,416.013427734375,123.40249633789062,70.75730895996094,92.68598937988281,87.61691284179688
2021-08-13,99.38203430175781,45.993492126464844,69.55606842041016,166.38999938964844,207.7870330810547,111.34556579589844,171.14207458496094,357.9358825683594,131.610107421875,416.7705078125,125.3518295288086,71.0522232055664,92.62469482421875,88.09550476074219
2021-08-16,99.43341827392578,45.57560729980469,69.197265625,167.22000122070312,205.851318359375,111.4114990234375,169.76268005371094,358.09112548828125,132.39256286621094,417.751953125,125.65555572509766,71.42090606689453,92.5721664428711,87.98823547363281
2021-08-17,99.35631561279297,44.73984909057617,68.54801177978516,166.97000122070312,203.3424072265625,111.21368408203125,167.6746368408203,354.9371032714844,131.28018188476562,415.0134582519531,125.60493469238281,71.49466705322266,91.80159759521484,87.8974609375
2021-08-18,99.36483764648438,44.81098556518555,68.28317260742188,167.10000610351562,201.56642150878906,111.13951110839844,166.4180450439453,351.5208740234375,129.7152862548828,410.4711608886719,126.02691650390625,70.6743392944336,90.84715270996094,87.09705352783203
2021-08-19,99.53627014160156,44.04635238647461,67.6082992553711,166.61000061035156,199.15151977539062,111.3950424194336,164.78353881835938,353.2192687988281,130.27151489257812,411.10662841796875,126.95503997802734,70.98772430419922,90.10286712646484,87.51788330078125
2021-08-20,99.54484558105469,44.01077651977539,67.87311553955078,166.6999969482422,202.51548767089844,111.46923065185547,165.98341369628906,356.8780517578125,131.5535430908203,414.37786865234375,127.03948211669922,71.51306915283203,90.6107406616211,87.95521545410156
2021-08-23,99.54484558105469,44.677608489990234,68.50530242919922,168.72999572753906,206.3681182861328,111.55165100097656,169.18637084960938,362.2156982421875,132.37371826171875,418.0229797363281,126.95503997802734,71.66053771972656,91.38130187988281,87.79019927978516
2021-08-24,99.39915466308594,45.691192626953125,68.6505355834961,168.64999389648438,208.3977813720703,111.29609680175781,170.5185089111328,363.3220520019531,132.4585418701172,418.68658447265625,125.9677734375,71.43013763427734,91.91543579101562,87.40235137939453
2021-08-25,99.21063232421875,45.744544982910156,68.6761474609375,167.47999572753906,209.1306915283203,111.00761413574219,171.9168243408203,363.7394104003906,132.67539978027344,419.5650939941406,124.92139434814453,71.42090606689453,92.35325622558594,87.3446044921875
2021-08-26,99.21920776367188,45.308876037597656,68.3173599243164,167.6699981689453,206.9131317138672,110.97462463378906,170.8680877685547,361.4295959472656,131.77980041503906,417.0883483886719,125.26739501953125,71.07989501953125,91.46886444091797,87.37760162353516
2021-08-27,99.49343872070312,45.869014739990234,68.94098663330078,170.19000244140625,212.7484130859375,111.59284210205078,173.23011779785156,364.94287109375,133.1090087890625,420.8175048828125,126.11971282958984,71.39325714111328,92.40579986572266,88.29354858398438
2021-08-30,99.60485076904297,45.96681594848633,68.92389678955078,169.35000610351562,211.87452697753906,111.78246307373047,172.71990966796875,369.03826904296875,133.65574645996094,422.6680908203125,126.44876098632812,71.6513442993164,91.98548889160156,89.1764907836914
2021-08-31,99.4591293334961,46.59808349609375,68.88972473144531,169.69000244140625,212.28794860839844,111.52690887451172,172.1813507080078,368.7373962402344,133.15615844726562,422.0419006347656,125.5880355834961,71.56838989257812,92.05553436279297,89.59733581542969
2021-09-01,99.49091339111328,47.193782806396484,69.51336669921875,169.6999969482422,213.71629333496094,111.67060089111328,171.9923858642578,369.34881591796875,133.23158264160156,422.2660827636719,125.79837799072266,71.83566284179688,91.48637390136719,91.03311920166016
2021-09-02,99.59388732910156,46.980403900146484,69.79527282714844,169.25,215.200927734375,111.8687515258789,172.77658081054688,369.174072265625,133.2975616455078,423.5652770996094,126.34757232666016,72.14903259277344,92.2394027709961,91.51175689697266
2021-09-03,99.4222412109375,47.22935104370117,70.11136627197266,171.05999755859375,214.20489501953125,111.46417999267578,172.99391174316406,370.30963134765625,133.28814697265625,423.4624938964844,125.19854736328125,72.13063049316406,91.76657104492188,91.52822875976562
2021-09-07,99.15623474121094,47.504974365234375,70.16261291503906,167.7100067138672,212.72959899902344,110.93572235107422,173.02227783203125,370.8336181640625,132.24168395996094,421.9483947753906,124.14240264892578,71.35639953613281,91.11859893798828,90.49675750732422
2021-09-08,99.31928253173828,46.811466217041016,69.6073226928711,167.2899932861328,210.40867614746094,111.29076385498047,171.48220825195312,369.5428771972656,132.04376220703125,421.43438720703125,124.98731994628906,71.70663452148438,90.82964324951172,90.95059967041016
2021-09-09,99.6368179321289,46.72255325317383,69.48773193359375,168.02999877929688,210.30528259277344,112.01741790771484,172.14358520507812,368.2716064453125,131.5441131591797,419.63055419921875,126.49968719482422,71.22738647460938,90.51441955566406,89.10221862792969
2021-09-10,99.43942260742188,46.669212341308594,69.33395385742188,167.17999267578125,208.24742126464844,111.69535827636719,171.00035095214844,365.47662353515625,130.86538696289062,416.32183837890625,125.38438415527344,70.84026336669922,89.9014663696289,87.7984390258789
2021-09-13,99.56814575195312,46.7936897277832,69.88069915771484,167.74000549316406,209.43141174316406,111.96782684326172,171.38772583007812,365.2242126464844,130.73341369628906,417.38739013671875,126.14486694335938,70.64672088623047,90.8821792602539,88.392578125
2021-09-14,99.7912826538086,46.40248489379883,69.59024047851562,168.82000732421875,206.7627716064453,112.30638885498047,170.08389282226562,364.1858215332031,130.13954162597656,415.1349182128906,127.67411804199219,70.3425521850586,89.83141326904297,88.23580169677734
2021-09-15,99.6968765258789,46.393585205078125,69.79527282714844,167.8300018310547,208.63267517089844,112.17428588867188,172.3608856201172,366.8934631347656,130.9596405029297,418.6023864746094,127.22631072998047,70.6835708618164,90.99600982666016,88.51634979248047
2021-09-16,99.5252456665039,45.869014739990234,69.68421173095703,164.02999877929688,208.78306579589844,112.01741790771484,172.3797607421875,367.1457824707031,130.7616729736328,417.9388122558594,126.64330291748047,70.49922943115234,90.74207305908203,88.59062194824219
2021-09-17,99.43942260742188,45.67341232299805,68.77013397216797,163.77000427246094,209.05552673339844,111.76969146728516,171.0381317138672,362.7980651855469,129.36651611328125,413.86761474609375,126.03498840332031,69.94624328613281,90.19043731689453,87.7984390258789
2021-09-20,99.62820434570312,44.44644546508789,67.49725341796875,164.94000244140625,204.08474731445312,112.11647033691406,166.4841766357422,355.3014831542969,127.29253387451172,406.9667663574219,127.59814453125,69.2826156616211,88.50045013427734,87.26209259033203
2021-09-21,99.67113494873047,44.775421142578125,68.16358947753906,166.0399932861328,204.39483642578125,112.10823822021484,166.49365234375,355.7386169433594,127.18888092041016,406.5823669433594,127.48824310302734,69.2457504272461,88.04513549804688,87.30335998535156
2021-09-22,99.70545196533203,45.33555603027344,68.50530242919922,165.4199981689453,207.5708770751953,112.4219970703125,169.29969787597656,359.0613708496094,128.02781677246094,410.5484313964844,128.24862670898438,69.58678436279297,88.9557876586914,88.15328216552734
2021-09-23,99.21631622314453,45.691192626953125,69.24852752685547,163.50999450683594,211.24490356445312,111.64582824707031,172.7860565185547,362.3744812011719,129.34765625,415.5365905761719,125.35066223144531,70.06605529785156,90.18167877197266,87.97999572753906
2021-09-24,99.04462432861328,45.14884567260742,68.5992660522461,163.3000030517578,210.22607421875,111.4063491821289,173.13059997558594,362.71435546875,129.3268280029297,416.22113037109375,124.12548828125,70.00684356689453,90.28662872314453,87.03926849365234
2021-09-27,98.9073257446289,45.44224548339844,68.55655670166016,163.63999938964844,213.42117309570312,111.34854125976562,173.575439453125,359.8192443847656,128.5231170654297,415.03033447265625,123.66925048828125,69.32221221923828,91.24797821044922,85.86854553222656
2021-09-28,98.49536895751953,44.85543441772461,67.0615463256836,162.0500030517578,208.5672607421875,110.15953063964844,169.31607055664062,349.63720703125,125.78092193603516,406.6667175292969,121.74288940429688,68.2582778930664,90.18079376220703,85.28736114501953
2021-09-29,98.56404876708984,44.43755340576172,66.90777587890625,161.32000732421875,208.12429809570312,110.13478088378906,168.03823852539062,349.06396484375,125.95108032226562,407.3511657714844,121.95405578613281,68.68385314941406,90.25135040283203,85.92667388916016
2021-09-30,98.54690551757812,44.7932014465332,66.64295959472656,164.22000122070312,206.17333984375,109.84574127197266,166.21145629882812,347.781494140625,124.56112670898438,402.37237548828125,121.93717193603516,67.99925231933594,88.81373596191406,84.50689697265625
2021-10-01,98.84774017333984,44.748741149902344,66.80525207519531,164.58999633789062,209.50038146972656,110.64411926269531,167.89620971679688,349.93841552734375,125.82817077636719,407.15423583984375,122.96333312988281,68.37857055664062,89.61632537841797,85.70250701904297
2021-10-04,98.77896118164062,44.09080505371094,66.10475158691406,165.36000061035156,207.5964813232422,110.46208953857422,165.6056365966797,342.5933837890625,123.76681518554688,401.903564453125,122.65032958984375,67.79569244384766,89.41349029541016,85.71910858154297
2021-10-05,98.54688262939453,44.40198516845703,66.55752563476562,164.58999633789062,208.31283569335938,110.0071029663086,167.9246826171875,347.2179870605469,125.2230453491211,406.0853576660156,121.46601104736328,68.21202850341797,90.08377838134766,85.12960052490234
2021-10-06,98.5898666381836,44.15303421020508,66.11331176757812,165.02999877929688,207.22894287109375,110.0401611328125,167.80162048339844,349.4429016113281,125.60128021240234,407.7731018066406,122.15121459960938,68.5265884399414,89.75746154785156,85.94329833984375
2021-10-07,98.31477355957031,45.015472412109375,66.62586975097656,164.16000366210938,210.4240264892578,109.55207061767578,169.73255920410156,352.6490478515625,126.81160736083984,411.298583984375,120.87377166748047,69.13719177246094,90.77172088623047,86.17576599121094
2021-10-08,98.09992218017578,45.18440246582031,66.61732482910156,164.22999572753906,208.8406524658203,109.0473861694336,169.43911743164062,350.8905334472656,126.68865203857422,410.5484313964844,120.02778625488281,68.85038757324219,90.75408172607422,85.3620834350586
2021-10-11,97.9452133178711,45.09549331665039,66.40376281738281,163.9199981689453,207.64361572265625,108.84056854248047,168.05715942382812,348.1992492675781,125.9322280883789,407.57623291015625,119.72329711914062,68.48957061767578,90.12786102294922,85.57795715332031
2021-10-12,98.30622100830078,44.864322662353516,66.43791961669922,164.66000366210938,208.7840576171875,109.53550720214844,168.21807861328125,346.9848327636719,125.65799713134766,406.5730285644531,121.7705078125,68.50808715820312,89.64279174804688,86.69884490966797
2021-10-13,98.52973175048828,45.486698150634766,67.0957260131836,167.58999633789062,209.773681640625,110.08979034423828,168.94691467285156,349.7635192871094,126.5941390991211,408.0356140136719,122.95489501953125,68.9244155883789,89.61632537841797,87.32986450195312
2021-10-14,98.71878814697266,45.62895584106445,67.76206970214844,168.0,212.88394165039062,110.61101531982422,172.14617919921875,356.2049560546875,128.8824005126953,414.8990783691406,123.41171264648438,69.93281555175781,91.21269226074219,88.39263916015625
2021-10-15,98.4781494140625,46.18020248413086,68.32591247558594,165.3300018310547,212.2147979736328,110.21393585205078,174.1055145263672,358.44927978515625,129.60105895996094,418.058837890625,122.6926498413086,70.04386138916016,91.68893432617188,88.32621765136719
2021-10-18,98.40933990478516,46.06461715698242,68.03544616699219,164.9199981689453,212.09230041503906,110.12291717529297,175.42120361328125,362.0537414550781,130.3197021484375,419.2964782714844,123.26792907714844,70.14559936523438,91.45081329345703,88.55038452148438
2021-10-19,98.1257095336914,46.67810821533203,68.44550323486328,165.4499969482422,212.88394165039062,109.51900482177734,176.27308654785156,364.79364013671875,131.4354705810547,422.5313415527344,121.56747436523438,70.70994567871094,91.98881530761719,88.59191131591797
2021-10-20,98.05696105957031,46.669212341308594,68.68470764160156,166.89999389648438,214.29771423339844,109.25421142578125,176.4907989501953,364.31756591796875,131.87045288085938,424.1909484863281,120.74688720703125,71.09851837158203,92.9325180053711,89.98677062988281
2021-10-21,97.85063934326172,46.36691665649414,68.36006164550781,166.75,214.84437561035156,109.02254486083984,176.88832092285156,366.54241943359375,132.56072998046875,425.29730224609375,120.60306549072266,71.43157958984375,92.6061782836914,90.11133575439453
2021-10-22,98.0397720336914,46.26911163330078,68.77013397216797,167.77000427246094,214.33544921875,109.4610595703125,176.81260681152344,363.4624938964844,132.51341247558594,424.85662841796875,121.9312973022461,71.7183837890625,92.00645446777344,90.53478240966797
2021-10-25,98.13431549072266,46.50917053222656,68.63343811035156,168.92999267578125,216.37124633789062,109.51069641113281,179.7468719482422,367.1837158203125,133.23208618164062,427.13507080078125,121.74515533447266,71.81090545654297,92.16520690917969,90.82540893554688
2021-10-26,98.31477355957031,46.26911163330078,68.77013397216797,167.67999267578125,214.74072265625,109.98226165771484,179.4723663330078,368.33978271484375,132.872802734375,427.5195007324219,122.75189208984375,71.80165100097656,91.56548309326172,91.0744857788086
2021-10-27,98.64141082763672,45.895687103271484,68.49675750732422,168.1199951171875,210.7915802001953,110.65238189697266,177.27638244628906,369.19476318359375,131.89881896972656,425.62548828125,124.98529815673828,71.05226135253906,90.10140991210938,90.30232238769531
2021-10-28,98.5640869140625,45.94013977050781,69.16310119628906,168.0800018310547,214.99520874023438,110.48692321777344,180.16331481933594,373.2948303222656,133.13751220703125,429.7322692871094,124.56227111816406,71.51486206054688,91.22150421142578,91.56434631347656
2021-10-29,98.53829956054688,45.273311614990234,68.76158905029297,166.64999389648438,214.93861389160156,110.42900085449219,180.4851531982422,375.1310729980469,134.168212890625,430.6042785644531,124.94300079345703,71.74614715576172,91.0186538696289,90.53478240966797
2021-11-01,98.47803497314453,45.62895584106445,69.42792510986328,167.52000427246094,220.50885009765625,110.23168182373047,182.34039306640625,376.4135437011719,133.90347290039062,431.3449401855469,124.0433349609375,71.6628646850586,92.1475601196289,90.98313903808594
2021-11-02,98.67604064941406,45.219966888427734,69.2826919555664,167.16000366210938,220.97067260742188,110.65444946289062,182.31198120117188,377.9874267578125,134.6693878173828,433.0889587402344,124.59396362304688,72.04219055175781,92.37686920166016,91.41490173339844
2021-11-03,98.47803497314453,45.433345794677734,69.8465347290039,165.77000427246094,224.9197998046875,110.37261199951172,183.39102172851562,382.0000305175781,135.31236267089844,435.73309326171875,123.30648040771484,72.22721099853516,93.26765441894531,91.72211456298828
2021-11-04,98.80516815185547,45.326663970947266,69.80382537841797,167.64999389648438,224.83493041992188,110.95288848876953,182.7000732421875,386.8967590332031,136.83473205566406,437.7864990234375,124.60247039794922,72.31974792480469,93.13536834716797,90.85028076171875
2021-11-05,99.19258880615234,45.273311614990234,69.90633392333984,169.83999633789062,227.9075164794922,111.7652587890625,182.4634246826172,387.2659606933594,136.91983032226562,439.3054504394531,126.46598815917969,71.95893096923828,93.99088287353516,91.31524658203125
2021-11-08,99.0118179321289,45.691192626953125,69.89778900146484,170.4499969482422,228.61439514160156,111.5082778930664,182.965087890625,386.7412414550781,137.0900421142578,439.68048095703125,126.22874450683594,72.023681640625,94.3348388671875,91.24052429199219
2021-11-09,99.28730010986328,45.51336669921875,69.74401092529297,171.2899932861328,227.28543090820312,111.80667877197266,180.19174194335938,384.0792541503906,137.19407653808594,438.2271728515625,127.87208557128906,71.97743225097656,94.22018432617188,91.39828491210938
2021-11-10,98.61577606201172,45.326663970947266,68.89826965332031,173.14999389648438,223.7039337158203,110.66275024414062,178.30812072753906,378.43438720703125,135.87026977539062,434.7017517089844,125.53419494628906,71.95893096923828,93.89384460449219,90.97482299804688
2021-11-11,98.43498229980469,46.10906982421875,69.14601135253906,174.1199951171875,225.50411987304688,110.34773254394531,178.809814453125,379.4837341308594,136.07826232910156,434.8424072265625,125.34783172607422,71.85714721679688,94.53768920898438,91.12429809570312
2021-11-12,98.41775512695312,46.23354721069336,69.52190399169922,174.4499969482422,225.73031616210938,110.23168182373047,179.60487365722656,383.476806640625,137.5250244140625,438.1240234375,124.7972640991211,72.31049346923828,94.9257583618164,91.05786895751953
2021-11-15,98.05620574951172,46.082401275634766,69.3937759399414,174.17999267578125,224.83493041992188,109.39449310302734,179.05587768554688,383.38934326171875,137.5817413330078,438.2740173339844,123.23017883300781,72.35675811767578,94.91693115234375,91.69720458984375
2021-11-16,98.02175903320312,46.14463424682617,69.239990234375,172.9199981689453,225.24961853027344,109.21212005615234,179.98348999023438,386.1195373535156,138.13961791992188,440.0086669921875,122.91676330566406,72.56951904296875,94.59060668945312,91.0910873413086
2021-11-17,98.25418853759766,45.904579162597656,69.15455627441406,174.5,222.29962158203125,109.65145874023438,178.61102294921875,386.32354736328125,137.03329467773438,438.9397888183594,123.8908920288086,72.3382568359375,94.07025909423828,91.37338256835938
2021-11-18,98.34031677246094,45.34444808959961,69.222900390625,173.94000244140625,221.35708618164062,109.9001693725586,178.56369018554688,390.32635498046875,137.2035369873047,440.43060302734375,124.35684967041016,72.17171478271484,93.54987335205078,91.38997650146484
2021-11-19,98.52970123291016,45.273311614990234,68.63343811035156,172.61000061035156,219.34010314941406,110.3145751953125,177.38998413085938,392.502685546875,137.51556396484375,439.64300537109375,125.66976165771484,72.08846282958984,92.76493835449219,90.85028076171875
2021-11-22,98.05620574951172,44.908775329589844,68.23194885253906,168.74000549316406,218.4070281982422,109.35302734375,177.84432983398438,387.9460144042969,136.46595764160156,438.4052734375,124.1958999633789,71.81090545654297,93.80565643310547,90.40194702148438
2021-11-23,97.66879272460938,44.864322662353516,68.16358947753906,167.27999877929688,218.03005981445312,108.5738296508789,177.88218688964844,386.17779541015625,136.66453552246094,438.9867248535156,122.40009307861328,71.92192840576172,94.37894439697266,91.13259887695312
2021-11-24,97.89262390136719,44.802085876464844,67.7108154296875,167.1199951171875,218.26571655273438,109.09605407714844,178.6961669921875,387.42138671875,137.19407653808594,440.15869140625,124.36527252197266,72.09769439697266,94.23782348632812,92.23688507080078
2021-11-26,98.58992767333984,43.29949951171875,65.89117431640625,166.85000610351562,210.03762817382812,109.9830093383789,175.15615844726562,380.07635498046875,134.3384246826172,430.3417663574219,127.5078353881836,71.21880340576172,92.1563720703125,89.67127990722656
2021-11-29,98.64159393310547,43.46842575073242,66.2243423461914,166.6199951171875,209.90567016601562,110.05767059326172,177.84432983398438,388.3249206542969,136.01206970214844,435.6205749511719,126.48294067382812,71.80165100097656,92.42979431152344,90.33552551269531
2021-11-30,98.80516815185547,43.42396926879883,65.64342498779297,165.5,205.6266632080078,110.29805755615234,173.35777282714844,382.6218566894531,133.3550262451172,427.1445007324219,128.40570068359375,70.27513885498047,90.15432739257812,88.62511444091797
2021-12-01,98.82413482666016,43.584014892578125,65.2675552368164,166.16000366210938,200.9989471435547,110.3138198852539,169.6473388671875,376.1123352050781,131.49221801757812,422.4000244140625,129.19784545898438,69.79405975341797,89.60751342773438,87.16381072998047
2021-12-02,98.8069076538086,44.11747360229492,66.07911682128906,165.24000549316406,206.60684204101562,110.57122802734375,172.48695373535156,378.8231201171875,133.30772399902344,428.8696594238281,129.3590087890625,70.968994140625,91.5125732421875,89.77922058105469
2021-12-03,99.20345306396484,43.4951057434082,65.80575561523438,166.6300048828125,202.3656005859375,111.49298858642578,168.7481231689453,372.2358093261719,132.0879364013672,425.1379699707031,130.90255737304688,70.86723327636719,91.45963287353516,89.48030090332031
2021-12-06,98.858642578125,43.83295822143555,66.43791961669922,166.22000122070312,206.4277801513672,110.92832946777344,168.27490234375,375.21856689453125,133.0996856689453,430.17291259765625,129.10458374023438,71.46861267089844,92.5444564819336,91.0495834350586
2021-12-07,98.70345306396484,44.526466369628906,67.8389663696289,166.80999755859375,211.2157440185547,110.97813415527344,173.96353149414062,386.5178527832031,136.23904418945312,439.0710144042969,128.06146240234375,72.20872497558594,94.06143188476562,92.36141967773438
2021-12-08,98.4448013305664,44.70427703857422,67.96708679199219,166.89999389648438,212.65777587890625,110.23908996582031,174.12445068359375,388.2472229003906,136.4092254638672,440.23370361328125,125.84784698486328,72.30123138427734,93.876220703125,93.0256576538086
2021-12-09,98.45341491699219,44.49089431762695,67.40327453613281,165.8800048828125,207.8415985107422,110.1477279663086,171.2564239501953,382.5344543457031,135.30291748046875,437.2613830566406,126.55179595947266,72.04219055175781,93.41759490966797,91.68058776855469
2021-12-10,98.47927856445312,44.526466369628906,67.54850769042969,166.5800018310547,207.26661682128906,110.27229309082031,173.07383728027344,386.6927185058594,136.39976501464844,441.3775329589844,126.24642181396484,72.80082702636719,94.34365844726562,91.96289825439453
2021-12-13,98.82413482666016,43.82032775878906,66.91575622558594,167.0,204.23765563964844,110.77056121826172,170.35531616210938,381.10626220703125,135.3917999267578,437.4676818847656,128.11228942871094,73.11637115478516,93.21575927734375,92.8263931274414
2021-12-14,98.63447570800781,43.721126556396484,66.55941009521484,165.44000244140625,202.47930908203125,110.27229309082031,168.31533813476562,377.1616516113281,134.2917938232422,434.4578857421875,127.80697631835938,72.62448120117188,92.9759750366211,91.63906860351562
2021-12-15,98.55691528320312,43.5948600769043,67.46332550048828,166.14999389648438,205.69357299804688,110.4134521484375,172.01585388183594,385.75994873046875,136.9848175048828,441.246337890625,126.57721710205078,73.65467834472656,94.01507568359375,92.92601776123047
2021-12-16,98.69236755371094,43.64897155761719,67.47201538085938,168.16000366210938,201.53392028808594,110.41014099121094,169.2926483154297,375.84033203125,135.26849365234375,437.355224609375,126.62653350830078,73.76605224609375,94.6456069946289,92.89281463623047
2021-12-17,98.81317901611328,43.43252944946289,66.62024688720703,167.8000030517578,203.38682556152344,110.66804504394531,167.43292236328125,373.9652404785156,133.72286987304688,432.700439453125,128.06134033203125,72.9586181640625,93.71308898925781,92.77657318115234
2021-12-20,98.6664810180664,42.783203125,66.47249603271484,167.08999633789062,200.5318145751953,110.18547821044922,164.6812744140625,370.3376770019531,131.9022216796875,428.0993957519531,127.10197448730469,72.61519622802734,92.61184692382812,92.05422973632812
2021-12-21,98.58879852294922,43.50468826293945,67.2112808227539,167.02000427246094,206.26072692871094,110.40182495117188,168.45765686035156,378.6259460449219,134.38661193847656,435.70196533203125,126.61795806884766,73.14422607421875,94.58345794677734,93.09209442138672
2021-12-22,98.67509460449219,43.71210861206055,67.8370590209961,168.58999633789062,208.24603271484375,110.57652282714844,170.45973205566406,383.23699951171875,135.51504516601562,440.0584716796875,127.20386505126953,73.66395568847656,95.28506469726562,94.04690551757812
2021-12-23,98.55429077148438,43.93756866455078,68.23686218261719,168.97000122070312,209.90989685058594,110.41014099121094,171.930419921875,386.126220703125,136.43487548828125,442.7965393066406,126.10004425048828,73.94239807128906,96.09323120117188,93.94728088378906
2021-12-27,98.60607147216797,44.13596725463867,68.76705169677734,169.3699951171875,211.87625122070312,110.73462677001953,175.01417541503906,392.50787353515625,138.7106170654297,449.0630798339844,126.40572357177734,74.7776870727539,97.09680938720703,95.54216003417969
2021-12-28,98.56291961669922,43.991668701171875,68.79312896728516,168.63999938964844,210.58106994628906,110.59317779541016,173.59091186523438,390.6886901855469,138.35983276367188,448.696044921875,125.90478515625,74.8890609741211,97.17672729492188,95.8941421508789
2021-12-29,98.26950073242188,43.793270111083984,68.76705169677734,168.58999633789062,210.80796813964844,109.98582458496094,173.75221252441406,390.6302795410156,138.72964477539062,449.2700500488281,124.52936553955078,75.21392059326172,97.4875717163086,96.53950500488281
2021-12-30,98.48526763916016,44.294960021972656,68.5867691040039,169.8000030517578,210.7512664794922,110.4267807006836,173.0310516357422,389.4629821777344,138.35983276367188,448.02801513671875,125.57368469238281,75.1767807006836,97.32769012451172,96.95855712890625
2021-12-31,98.45074462890625,44.07839584350586,68.52580261230469,170.9600067138672,210.29750061035156,110.26038360595703,172.51878356933594,387.0309753417969,138.0279083251953,446.89892578125,125.81989288330078,75.083984375,97.22113037109375,97.22673797607422
2022-01-03,97.77759552001953,44.39421844482422,68.96998596191406,168.3300018310547,213.0106964111328,109.08721923828125,172.88880920410156,390.7567443847656,137.6581268310547,449.48651123046875,122.51708984375,74.61993408203125,98.67761993408203,96.46407318115234
2022-01-04,97.76897430419922,44.24082565307617,69.36190795898438,169.57000732421875,212.68930053710938,109.17872619628906,172.29098510742188,385.6884765625,137.49691772460938,449.33587646484375,122.00764465332031,74.36931610107422,100.37390899658203,96.34674072265625
2022-01-05,97.4669418334961,43.51896286010742,68.75224304199219,169.05999755859375,205.4855499267578,108.53807067871094,166.5125732421875,373.83966064453125,134.1875,440.7076110839844,121.34542846679688,73.47833251953125,99.65454864501953,93.58940887451172
2022-01-06,97.36339569091797,43.717472076416016,68.40386962890625,166.99000549316406,206.6578369140625,108.39663696289062,167.10084533691406,373.5770263671875,134.310791015625,440.293701171875,121.6595687866211,73.17205810546875,99.89431762695312,93.67323303222656
2022-01-07,97.07855987548828,44.11449432373047,68.60418701171875,167.75,204.2660369873047,107.93067169189453,165.56369018554688,369.5302429199219,133.0496063232422,438.55291748046875,120.7850570678711,72.90292358398438,100.22293853759766,93.05304718017578
2022-01-10,96.99227142333984,44.11449432373047,67.96839141845703,168.25999450683594,203.55702209472656,107.83084106445312,166.14251708984375,369.7733459472656,132.45217895507812,438.00726318359375,121.08222961425781,72.71729278564453,100.32952880859375,92.51665496826172
2022-01-11,97.17350769042969,45.134124755859375,68.70869445800781,170.2899932861328,205.7218780517578,108.15535736083984,168.01171875,375.3280944824219,133.68490600585938,441.996826171875,121.88880920410156,72.9678726196289,101.11992645263672,92.65914154052734
2022-01-12,97.17350769042969,45.8830451965332,69.37932586669922,170.74000549316406,204.1903839111328,108.08045196533203,168.69488525390625,376.8165283203125,133.87452697753906,443.19171142578125,121.42186737060547,73.0514144897461,101.27976989746094,92.76808166503906
2022-01-13,97.34610748291016,45.233375549316406,68.87416076660156,170.16000366210938,202.31857299804688,108.42159271240234,163.98861694335938,367.38995361328125,131.95909118652344,437.0851135253906,122.50011444091797,72.30892944335938,101.54621124267578,92.5837173461914
2022-01-14,96.80241394042969,45.21532440185547,68.80450439453125,169.6699981689453,202.60218811035156,107.46475982666016,163.34341430664062,369.6761474609375,131.72203063964844,437.263916015625,120.64923858642578,72.00265502929688,102.0613021850586,91.74561309814453
2022-01-18,96.21556091308594,44.41226577758789,67.79419708251953,169.38999938964844,196.47621154785156,106.44136047363281,159.10208129882812,360.4732971191406,129.370361328125,429.5201110839844,118.95113372802734,71.26014709472656,100.07196807861328,90.78182220458984
2022-01-19,96.42269134521484,44.60175323486328,67.73323059082031,172.0800018310547,193.28085327148438,106.6077651977539,157.28982543945312,356.5140075683594,128.18505859375,425.0601806640625,119.77474975585938,71.17665100097656,98.01152801513672,89.55821228027344
2022-01-20,96.47444915771484,44.86342239379883,67.40227508544922,171.64999389648438,189.78294372558594,106.54949951171875,155.5534210205078,351.88348388671875,126.5160903930664,420.3555908203125,120.51338958740234,70.50839233398438,96.5106430053711,88.41001892089844
2022-01-21,96.85420227050781,44.2137565612793,66.48778533935547,171.08999633789062,186.22836303710938,107.2484130859375,151.80548095703125,342.126220703125,124.42996215820312,412.103759765625,121.94825744628906,69.78447723388672,94.77882385253906,88.19212341308594
2022-01-24,96.74200439453125,43.591148376464844,65.82587432861328,172.02999877929688,190.52035522460938,106.9156494140625,152.6119842529297,343.6923828125,125.26441955566406,413.8538513183594,120.94641876220703,70.10004425048828,95.1518325805664,88.3597412109375
2022-01-25,96.6470718383789,43.50994110107422,65.42523956298828,172.5800018310547,187.97731018066406,106.61607360839844,150.21136474609375,335.72515869140625,123.4627456665039,408.8011169433594,120.75111389160156,68.96772766113281,94.62786865234375,88.00775146484375
2022-01-26,96.10337829589844,42.95952224731445,65.17266845703125,169.7899932861328,185.2641143798828,105.8922119140625,150.37271118164062,335.1998291015625,123.16879272460938,407.7755126953125,119.2907485961914,68.1417236328125,93.78416442871094,86.6332778930664
2022-01-27,96.42269134521484,42.463253021240234,64.86783599853516,167.60000610351562,181.05718994140625,106.13351440429688,148.50350952148438,331.8240966796875,122.62826538085938,405.761962890625,121.48124694824219,68.1231689453125,92.78948211669922,85.20014190673828
2022-01-28,96.4917221069336,42.670780181884766,65.08556365966797,167.10000610351562,184.5834197998047,106.24999237060547,152.38430786132812,342.23321533203125,125.93769073486328,415.8392333984375,121.52374267578125,69.75665283203125,94.22820281982422,87.95745849609375
2022-01-31,96.4831314086914,44.06938171386719,66.03489685058594,168.08999633789062,190.24620056152344,106.29989624023438,156.93870544433594,353.1773681640625,128.43157958984375,423.32891845703125,120.89543151855469,70.5919418334961,95.30281066894531,89.03860473632812
2022-02-01,96.44937896728516,44.3400764465332,66.66197967529297,168.22999572753906,192.25039672851562,106.47661590576172,158.75100708007812,355.580078125,129.1617889404297,426.1892395019531,120.49415588378906,70.69400787353516,95.6935806274414,88.72012329101562
2022-02-02,96.5531005859375,44.26789093017578,67.15840148925781,168.83999633789062,190.34072875976562,106.4849624633789,159.9939422607422,358.4693603515625,130.92550659179688,430.32928466796875,120.9022445678711,71.40863800048828,96.58169555664062,89.85152435302734
2022-02-03,96.16422271728516,43.798683166503906,66.09586334228516,168.60000610351562,186.73887634277344,105.62637329101562,156.24607849121094,343.93560791015625,126.92386627197266,420.2144470214844,119.95856475830078,70.57335662841797,95.36498260498047,88.8961181640625
2022-02-04,95.5592269897461,43.90696334838867,66.25263214111328,168.86000061035156,187.5424346923828,104.57600402832031,158.27658081054688,348.27435302734375,126.48767852783203,422.1903991699219,118.19005584716797,70.39702606201172,94.56568908691406,88.01611328125
2022-02-07,95.6456298828125,43.816734313964844,66.36585235595703,170.11000061035156,188.46888732910156,104.76773834228516,157.88755798339844,345.4726867675781,125.96611785888672,420.83544921875,118.2665786743164,70.2485122680664,94.92091369628906,87.89041900634766
2022-02-08,95.35179901123047,44.24082565307617,66.70552825927734,170.6300048828125,191.6831512451172,104.37594604492188,158.95974731445312,349.3541259765625,126.5160903930664,424.2980651855469,117.47582244873047,70.46197509765625,95.59588623046875,87.47974395751953
2022-02-09,95.41231536865234,44.935611724853516,67.7854995727539,171.2100067138672,195.32281494140625,104.7260513305664,162.8310546875,356.75726318359375,128.94363403320312,430.5082092285156,117.69686126708984,71.29728698730469,97.07015991210938,89.45764923095703
2022-02-10,94.53076934814453,44.637847900390625,66.92325592041016,170.55999755859375,192.32601928710938,103.30059051513672,159.7852325439453,348.6829528808594,126.11782836914062,422.7737731933594,115.8263931274414,69.86800384521484,95.77351379394531,87.34566497802734
2022-02-11,95.15302276611328,43.96110153198242,65.91294860839844,173.80999755859375,190.37855529785156,104.06751251220703,155.16439819335938,337.6221008300781,123.50066375732422,414.437255859375,117.54385375976562,69.16264343261719,94.73443603515625,86.5494613647461
2022-02-14,94.59988403320312,43.65431213378906,65.4862060546875,174.74000549316406,189.71676635742188,103.1421890258789,153.97833251953125,338.0404052734375,122.82740020751953,413.08233642578125,116.08145904541016,68.82852935791016,93.89071655273438,85.76166534423828
2022-02-15,94.4443588256836,44.60175323486328,66.68810272216797,173.0800018310547,194.80287170410156,102.6253890991211,157.5839385986328,346.44549560546875,125.01789093017578,419.7440490722656,114.76360321044922,69.3111343383789,95.40939331054688,86.53270721435547
2022-02-16,94.55667877197266,44.92658615112305,66.940673828125,174.86000061035156,195.20938110351562,102.77542877197266,157.707275390625,346.3579406738281,125.26441955566406,420.2144470214844,115.44383239746094,69.11624145507812,95.42715454101562,86.93498992919922
2022-02-17,94.75547790527344,44.403236389160156,65.86071014404297,177.25,190.2084197998047,102.85047149658203,152.35581970214844,336.05584716796875,122.48604583740234,411.23809814453125,116.30245971679688,68.27165222167969,93.89960479736328,86.01309967041016
2022-02-18,94.95425415039062,43.96110153198242,65.5820083618164,177.1199951171875,188.57289123535156,103.10050201416016,150.59100341796875,332.2229919433594,121.71792602539062,408.5753173828125,117.52681732177734,68.1045913696289,93.34898376464844,85.49347686767578
2022-02-22,94.85054016113281,43.338497161865234,64.8155746459961,177.49000549316406,185.91641235351562,102.96715545654297,148.7786407470703,328.8863220214844,120.14384460449219,404.1906433105469,117.83294677734375,67.59413146972656,92.17667388916016,85.18338012695312
2022-02-23,94.42709350585938,42.83320236206055,64.28430938720703,178.2899932861328,182.4374237060547,102.03352355957031,145.5241241455078,320.4617614746094,118.1904525756836,397.0208740234375,116.20899200439453,66.7124252319336,91.02214813232422,83.775390625
2022-02-24,94.59988403320312,41.94892120361328,63.42206954956055,177.13999938964844,187.22096252441406,102.51699829101562,149.64212036132812,331.2307434082031,120.42832946777344,402.99566650390625,116.28553009033203,67.39924621582031,91.33299255371094,85.18338012695312
2022-02-25,94.69495391845703,42.724918365478516,65.00719451904297,176.5500030517578,191.43736267089844,102.93383026123047,152.57403564453125,336.3671875,123.3963623046875,411.8873291015625,116.37055206298828,68.91205596923828,93.74861907958984,87.2366943359375
2022-02-28,95.37774658203125,42.16548156738281,63.770450592041016,178.3800048828125,192.21255493164062,104.03417205810547,152.73532104492188,337.3691711425781,123.15929412841797,410.8334655761719,118.9212646484375,68.42942810058594,93.25128936767578,85.93766021728516
2022-03-01,95.91520690917969,41.606040954589844,62.37694549560547,181.6199951171875,188.59182739257812,104.3900375366211,150.34423828125,332.20355224609375,121.52828979492188,404.57635498046875,120.29617309570312,68.17884826660156,91.50171661376953,85.48509979248047
2022-03-02,94.76410675048828,41.678226470947266,63.160789489746094,179.72999572753906,193.082275390625,102.80291748046875,153.67471313476562,337.77777099609375,123.83257293701172,412.0190734863281,116.18409729003906,69.15336608886719,94.25485229492188,87.08586883544922
2022-03-03,95.08433532714844,41.09172058105469,61.915340423583984,180.8000030517578,190.79449462890625,103.1788101196289,151.44493103027344,332.9526672363281,123.3299789428711,409.9678649902344,117.36750793457031,69.37610626220703,93.80194091796875,87.79823303222656
2022-03-04,95.46513366699219,40.26158142089844,60.121192932128906,183.67999267578125,187.80712890625,103.27903747558594,149.0348663330078,328.1275329589844,122.19206237792969,406.63702392578125,119.3936996459961,69.84017181396484,92.6917953491211,88.20049285888672
2022-03-07,94.91123962402344,38.75471115112305,58.213829040527344,186.41000366210938,183.13699340820312,102.02608489990234,143.12355041503906,316.02581787109375,118.57923889160156,394.6496887207031,118.48275756835938,68.75426483154297,90.18733215332031,86.457275390625
2022-03-08,94.57367706298828,38.88103103637695,58.71897506713867,191.50999450683594,184.14852905273438,101.4162826538086,142.39297485351562,314.5569152832031,117.70683288574219,391.65753173828125,117.29085540771484,67.46417999267578,89.57452392578125,86.03822326660156
2022-03-09,94.37461853027344,39.98185729980469,61.1750373840332,185.82000732421875,189.33863830566406,101.59170532226562,148.10496520996094,325.8803405761719,120.85503387451172,402.1582336425781,116.14159393310547,68.55009460449219,91.29745483398438,87.3624038696289
2022-03-10,93.84664916992188,39.23293685913086,60.44344711303711,186.39999389648438,188.99830627441406,100.43061065673828,147.3838653564453,322.2614440917969,120.0679702758789,400.3422546386719,114.47293090820312,68.44799041748047,90.69353485107422,87.58030700683594
2022-03-11,93.8293228149414,38.411827087402344,59.79023742675781,185.08999633789062,185.98255920410156,100.38882446289062,144.53733825683594,315.57830810546875,118.313720703125,395.2519226074219,114.85603332519531,67.96537780761719,89.86759948730469,86.88470458984375
2022-03-14,92.92057037353516,37.48242950439453,60.33893585205078,182.3000030517578,182.1821746826172,98.93537139892578,142.8768768310547,309.5177001953125,117.15685272216797,392.36328125,112.17425537109375,67.8911361694336,89.29033660888672,86.20585632324219
2022-03-15,93.12830352783203,37.53657531738281,60.913761138916016,178.88999938964844,185.08447265625,99.71224975585938,146.52989196777344,319.226318359375,119.68869018554688,400.9914855957031,111.97846221923828,69.11624145507812,90.7024154663086,86.78414154052734
2022-03-16,93.19752502441406,40.55935287475586,63.09981918334961,180.00999450683594,190.90797424316406,100.56423950195312,151.63465881347656,331.0653991699219,122.27741241455078,409.8831787109375,113.07667541503906,69.80303955078125,92.3987045288086,87.81498718261719
2022-03-17,93.35330200195312,40.351810455322266,63.63108825683594,180.88999938964844,193.90476989746094,101.54991912841797,154.32936096191406,335.07342529296875,123.97480010986328,415.0111389160156,112.23387145996094,70.61975860595703,93.2690658569336,89.17268371582031
2022-03-18,93.5610580444336,40.92930221557617,64.24946594238281,179.3000030517578,195.94674682617188,101.75040435791016,157.3372344970703,341.9316101074219,125.84284973144531,419.5567321777344,113.60450744628906,71.07453918457031,93.63316345214844,89.17268371582031
2022-03-21,92.64361572265625,40.29768371582031,63.84883117675781,180.6699981689453,194.21673583984375,100.33871459960938,157.1379852294922,340.98095703125,125.56786346435547,419.43402099609375,110.97386932373047,70.9446029663086,93.5532455444336,88.6279296875
2022-03-22,92.3926010131836,41.028560638427734,64.44977569580078,179.36000061035156,196.16419982910156,100.09645080566406,159.9939422607422,347.68212890625,126.83853149414062,424.3420104980469,109.55207824707031,71.29728698730469,94.3525619506836,88.85420989990234
2022-03-23,92.77342987060547,40.757850646972656,63.613677978515625,181.80999755859375,192.76087951660156,100.38045501708984,157.32772827148438,342.6855773925781,125.02734375,418.87713623046875,111.95289611816406,70.42484283447266,93.08253479003906,87.8573226928711
2022-03-24,92.565673828125,40.974422454833984,64.2059097290039,183.1300048828125,194.97740173339844,100.42227172851562,160.00677490234375,350.30224609375,127.01686096191406,425.1914367675781,111.07601165771484,71.12155151367188,94.49378967285156,88.41349029541016
2022-03-25,91.83003997802734,40.64957809448242,64.24076843261719,182.3800048828125,195.24264526367188,99.62866973876953,159.9496612548828,350.0101013183594,127.41626739501953,427.2679443359375,109.53507232666016,71.51273345947266,95.25395965576172,89.51740264892578
2022-03-28,92.05506896972656,40.78493118286133,64.03172302246094,179.05999755859375,195.30892944335938,100.17999267578125,161.975341796875,355.42559814453125,128.31976318359375,430.30712890625,110.47154998779297,72.09020233154297,94.98564910888672,90.4696273803711
2022-03-29,92.4878158569336,41.47971725463867,65.45135498046875,179.13999938964844,200.5376434326172,101.02366638183594,164.27674865722656,361.5423278808594,130.6592254638672,435.63037109375,111.30587768554688,72.90983581542969,96.26453399658203,93.12405395507812
2022-03-30,92.73880004882812,41.36241149902344,65.1813735961914,180.5800018310547,196.51190185546875,101.2575454711914,162.35572814941406,357.5489196777344,129.75575256347656,432.94036865234375,112.17425537109375,72.8353271484375,95.42387390136719,92.44989013671875
2022-03-31,92.69551086425781,40.73981475830078,64.10140991210938,180.64999389648438,194.4375,101.02366638183594,160.02572631835938,353.1172180175781,128.03443908691406,426.2768249511719,112.4466781616211,72.24852752685547,93.51898193359375,91.32072448730469
2022-04-01,92.53083801269531,41.41655731201172,64.70235443115234,179.5,196.6160888671875,101.36271667480469,160.28253173828125,352.44512939453125,128.20562744140625,427.4849853515625,112.87471771240234,72.72355651855469,93.41165161132812,93.0987777709961
2022-04-04,92.60884857177734,42.14743423461914,64.96363830566406,180.3699951171875,196.93817138671875,101.71426391601562,162.05136108398438,359.701416015625,129.3183135986328,431.1470947265625,112.09025573730469,72.86326599121094,93.64417266845703,92.64373016357422
2022-04-05,91.67271423339844,41.371437072753906,64.083984375,179.24000549316406,192.27777099609375,99.9312744140625,158.52316284179688,351.714599609375,127.60648345947266,425.70111083984375,109.5578842163086,72.66766357421875,92.22219848632812,92.18868255615234
2022-04-06,91.43869018554688,40.83004379272461,63.317562103271484,179.66000366210938,189.54977416992188,99.34529876708984,155.78424072265625,344.07830810546875,126.42725372314453,421.44439697265625,108.67109680175781,73.01229095458984,91.8734359741211,93.28414916992188
2022-04-07,91.2392807006836,40.505210876464844,63.456905364990234,180.33999633789062,188.93409729003906,98.88492584228516,157.01107788085938,344.89654541015625,127.05490112304688,423.56805419921875,107.85257720947266,73.5245590209961,92.20433044433594,92.35721588134766
2022-04-08,90.77991485595703,40.54130935668945,63.4830322265625,181.47000122070312,187.42799377441406,98.10643768310547,156.23123168945312,340.0751647949219,126.53184509277344,422.4355163574219,106.68444061279297,73.67357635498047,92.77668762207031,92.50889587402344
2022-04-11,90.38982391357422,40.0359992980957,62.81241226196289,182.3699951171875,186.16815185546875,97.15213775634766,152.9121856689453,332.0298767089844,124.37303924560547,415.21502685546875,104.99618530273438,72.77943420410156,92.57099151611328,91.51453399658203
2022-04-12,90.67589569091797,39.90968322753906,62.342105865478516,183.77000427246094,186.7554473876953,97.21913146972656,152.1038818359375,330.6273498535156,123.84049987792969,413.67657470703125,104.85121154785156,72.4068832397461,92.34741973876953,91.37971496582031
2022-04-13,90.8579330444336,40.43302536010742,63.01273727416992,184.64999389648438,190.3075408935547,97.72136688232422,154.21510314941406,337.3480224609375,125.26702880859375,418.4146423339844,105.06439971923828,72.91915893554688,93.05394744873047,92.028564453125
2022-04-14,90.12113952636719,39.90968322753906,62.725303649902344,184.0399932861328,188.4604949951172,96.58293151855469,151.34304809570312,329.6337890625,123.8689956665039,413.20465087890625,102.95833587646484,72.44413757324219,92.48155975341797,91.63250732421875
2022-04-18,89.8437728881836,39.77433776855469,62.35951232910156,184.61000061035156,187.19119262695312,95.8463134765625,151.46665954589844,329.8871765136719,123.53616333007812,413.3746032714844,102.44672393798828,71.93186950683594,92.74091339111328,91.2617416381836
2022-04-19,89.29767608642578,39.57582092285156,62.65563201904297,181.82000732421875,190.92324829101562,95.08454895019531,154.3387451171875,337.2603759765625,126.07537078857422,420.0475158691406,101.67935180664062,72.81668090820312,94.03768920898438,93.25045776367188
2022-04-20,89.80912780761719,39.341217041015625,63.073692321777344,182.7100067138672,191.6526336669922,96.07231140136719,153.9678497314453,332.341552734375,126.01831817626953,419.73602294921875,103.72570037841797,73.09610748291016,94.6279296875,94.80097961425781
2022-04-21,89.31500244140625,38.58325958251953,62.39435577392578,182.05999755859375,187.36166381835938,95.05106353759766,150.4205780029297,325.465087890625,123.87852478027344,413.4595031738281,102.95833587646484,72.42550659179688,93.75149536132812,94.14368438720703
2022-04-22,89.22833251953125,38.240379333496094,61.375362396240234,180.2899932861328,182.51185607910156,94.94224548339844,145.73211669921875,316.9424133300781,120.58805847167969,402.1144714355469,102.31029510498047,70.6558609008789,91.18480682373047,92.49205017089844
2022-04-25,89.82640838623047,37.960662841796875,61.079227447509766,177.0500030517578,183.6201171875,95.99697875976562,146.82579040527344,321.0137939453125,121.58659362792969,404.44573974609375,103.33351135253906,70.94457244873047,91.55148315429688,92.25609588623047
2022-04-26,90.10380554199219,37.130531311035156,59.37218475341797,177.32000732421875,177.83258056640625,95.94673156738281,141.34800720214844,308.897216796875,118.50533294677734,392.732666015625,104.37373352050781,69.51953887939453,89.55713653564453,90.7392807006836
2022-04-27,89.73974609375,37.56364440917969,59.642181396484375,175.97999572753906,177.09375,95.02594757080078,141.2909393310547,308.5271301269531,118.39122009277344,393.8369445800781,103.03504943847656,69.6033706665039,89.4140625,90.14097595214844
2022-04-28,89.70507049560547,38.105037689208984,60.48698806762695,176.92999267578125,180.39956665039062,95.31057739257812,145.12351989746094,319.48468017578125,121.7387466430664,403.7850341796875,103.18854522705078,70.77693176269531,91.03276824951172,91.80104064941406
2022-04-29,89.16767120361328,38.240379333496094,59.781524658203125,176.91000366210938,175.1898193359375,94.2558364868164,139.7312469482422,305.1083068847656,117.43070220947266,388.8629150390625,101.84986114501953,68.3925552368164,88.14412689208984,87.58767700195312
2022-05-02,88.68225860595703,38.18624496459961,59.633460998535156,173.6300048828125,177.02745056152344,93.69708251953125,141.59523010253906,310.20233154296875,118.46728515625,391.2037353515625,100.08441925048828,68.18763732910156,88.84168243408203,85.47254943847656
2022-05-03,88.8819808959961,38.465965270996094,60.0776481628418,174.08999633789062,178.54295349121094,94.30113983154297,142.68890380859375,310.53350830078125,118.7811279296875,392.9970397949219,100.75916290283203,68.4298095703125,90.00430297851562,86.53433227539062
2022-05-04,89.45507049560547,38.88103103637695,61.131492614746094,175.8000030517578,183.3075408935547,95.22402954101562,147.3773651123047,321.0332946777344,122.53760528564453,404.9648742675781,101.3143310546875,69.9572982788086,92.67831420898438,87.5286865234375
2022-05-05,88.56938934326172,37.44633865356445,59.16315460205078,175.1300048828125,175.871826171875,93.76420593261719,141.05320739746094,304.8648376464844,117.63038635253906,390.5712585449219,98.53849029541016,68.14108276367188,90.46041107177734,85.19447326660156
2022-05-06,88.1960220336914,36.93202209472656,58.58833694458008,175.4199981689453,172.9449005126953,92.96717071533203,139.46498107910156,301.2122497558594,116.32752227783203,388.24005126953125,97.08651733398438,67.75918579101562,90.12055969238281,84.18325805664062
2022-05-09,88.63016510009766,35.86728286743164,56.820316314697266,172.8800048828125,165.67015075683594,93.29437255859375,132.78892517089844,289.42669677734375,112.89437103271484,375.80963134765625,97.94062042236328,66.42729949951172,87.94738006591797,80.47549438476562
2022-05-10,88.89933776855469,36.038719177246094,57.24708557128906,171.4199981689453,165.7174835205078,93.68870544433594,133.5877685546875,292.94293212890625,113.05604553222656,376.67791748046875,98.82886505126953,66.4086685180664,87.72378540039062,79.0092544555664
2022-05-11,89.22931671142578,35.78606414794922,56.90740966796875,172.82000732421875,161.59706115722656,94.12496185302734,130.3924102783203,284.2546691894531,111.11597442626953,370.6940002441406,100.73355865478516,65.9522933959961,86.51644897460938,78.8406982421875
2022-05-12,89.39429473876953,35.55147171020508,56.76806640625,170.1699981689453,163.49156188964844,94.16692352294922,130.54452514648438,283.5826110839844,111.60099029541016,370.3070068359375,100.54563903808594,66.15721893310547,86.77581024169922,79.45586395263672
2022-05-13,89.01226043701172,36.534996032714844,58.34446716308594,168.7899932861328,168.67291259765625,93.67192840576172,135.38516235351562,294.09222412109375,114.33039093017578,379.16021728515625,99.05950927734375,67.22830963134766,88.52867126464844,81.55411529541016
2022-05-16,89.21195983886719,36.390628814697266,58.396732330322266,170.39999389648438,167.86770629882812,93.79777526855469,133.6448516845703,290.6831970214844,113.94047546386719,377.621826171875,98.9570083618164,67.23761749267578,88.4928970336914,81.04008483886719
2022-05-17,88.72570037841797,37.28392028808594,59.48540496826172,169.3300018310547,173.00169372558594,93.26079559326172,136.83071899414062,298.2122497558594,116.06124114990234,385.3896789550781,97.76123809814453,67.86164855957031,90.87179565429688,82.14398956298828
2022-05-18,89.08170318603516,36.390628814697266,58.065765380859375,169.4199981689453,166.939453125,93.60480499267578,130.5160369873047,283.572998046875,110.71656799316406,369.8539733886719,99.84526062011719,65.33757019042969,87.3481674194336,79.75920867919922
2022-05-19,89.30745697021484,36.96811294555664,58.6231689453125,171.91000366210938,167.21414184570312,93.85648345947266,130.6016082763672,282.053466796875,109.7275161743164,367.5887451171875,100.08441925048828,65.07677459716797,86.41807556152344,79.4052963256836
2022-05-20,89.5766372680664,37.12150192260742,59.023799896240234,172.02999877929688,166.78787231445312,94.31790924072266,130.32582092285156,281.1768493652344,110.29812622070312,367.749267578125,101.22041320800781,65.50521087646484,86.38229370117188,79.91091918945312
2022-05-23,89.28144073486328,37.40122604370117,60.02538299560547,172.8300018310547,168.80551147460938,93.98234558105469,133.2549285888672,285.8521423339844,112.10503387451172,374.6298522949219,99.55487060546875,66.46456146240234,87.87581634521484,80.83783721923828
2022-05-24,89.96739196777344,36.75155258178711,59.9295768737793,174.1300048828125,166.3048095703125,95.21563720703125,130.9439697265625,279.7743225097656,111.06842803955078,371.77001953125,101.51934051513672,66.79985809326172,87.5538558959961,81.52040100097656
2022-05-25,90.34077453613281,36.93202209472656,59.9470100402832,173.0800018310547,169.2980499267578,96.19723510742188,132.98866271972656,283.6898498535156,112.30474090576172,375.0545654296875,101.9207534790039,67.00476837158203,88.77012634277344,82.2114028930664
2022-05-26,90.27130889892578,37.50950241088867,60.60892868041992,172.75999450683594,173.0774383544922,96.222412109375,137.01138305664062,291.5500793457031,115.16728973388672,382.5486755371094,101.45953369140625,67.85233306884766,90.44251251220703,82.31253051757812
2022-05-27,90.41891479492188,37.94261932373047,61.34052276611328,172.85000610351562,177.7378692626953,96.7258071899414,140.69178771972656,301.066162109375,118.258056640625,391.9398498535156,101.70724487304688,69.10972595214844,92.13278198242188,84.52033233642578
2022-05-31,89.84584045410156,38.47499084472656,60.9747314453125,171.13999938964844,175.53079223632812,96.01268005371094,138.89439392089844,300.2674255371094,117.23097229003906,389.7407531738281,99.55487060546875,68.42050170898438,91.58723449707031,83.48384094238281
2022-06-01,89.47698974609375,38.20428466796875,60.33021545410156,172.22999572753906,174.5362091064453,95.4525375366211,138.50448608398438,298.0467529296875,115.85201263427734,386.5882873535156,99.44107818603516,67.88959503173828,90.73763275146484,82.79283905029297
2022-06-02,89.590087890625,38.862979888916016,61.58437728881836,174.35000610351562,178.79873657226562,95.49461364746094,139.1416778564453,306.20892333984375,118.59089660644531,393.9502868652344,99.49243927001953,68.69992065429688,91.64090728759766,83.93047332763672
2022-06-03,89.44221496582031,38.23135757446289,60.70473861694336,172.5800018310547,177.18846130371094,95.19184875488281,138.5425262451172,298.2415466308594,116.7554702758789,387.4849853515625,99.27851867675781,68.11312103271484,90.3799057006836,82.80970001220703
2022-06-06,88.8941879272461,38.43889236450195,60.94860076904297,171.82000732421875,177.95570373535156,94.51904296875,138.6756591796875,299.2350158691406,117.01224517822266,388.66485595703125,97.44746398925781,68.12245178222656,90.65715026855469,82.54846954345703
2022-06-07,89.23344421386719,38.55619430541992,61.131492614746094,172.94000244140625,180.8258056640625,95.02366638183594,140.9105224609375,301.8160705566406,118.22002410888672,392.3929443359375,98.49988555908203,68.65333557128906,91.5335922241211,83.68608856201172
2022-06-08,88.86808776855469,38.76373291015625,60.27796173095703,172.77999877929688,178.031494140625,94.47702026367188,139.59815979003906,299.6441345214844,116.90763092041016,388.1267395019531,97.62713623046875,67.80577850341797,89.90592956542969,81.75634002685547
2022-06-09,88.77237701416016,37.84646224975586,59.0120849609375,172.22999572753906,174.3408966064453,93.85467529296875,136.53094482421875,291.61822509765625,114.15166473388672,378.8959655761719,97.95228576660156,66.4249496459961,87.80158996582031,79.81820678710938
2022-06-10,88.08516693115234,37.4278678894043,57.58774948120117,174.5399932861328,169.6112060546875,92.94642639160156,134.3953094482422,281.3326721191406,110.69715881347656,367.90966796875,97.34480285644531,65.4253158569336,85.4334487915039,78.048583984375
2022-06-13,86.64116668701172,36.11747741699219,55.682701110839844,169.92999267578125,161.6430206298828,90.8018569946289,129.7616424560547,268.2518615722656,106.21200561523438,353.94085693359375,94.29020690917969,63.5474739074707,81.84074401855469,74.14700317382812
2022-06-14,86.12793731689453,36.617977142333984,55.15747833251953,168.57000732421875,160.8643035888672,90.33092498779297,129.1133270263672,268.73876953125,105.92572021484375,352.87420654296875,93.10086822509766,63.17377471923828,81.93074798583984,73.58241271972656
2022-06-15,87.08480834960938,37.10027313232422,56.19011306762695,170.77000427246094,163.2196044921875,91.74378204345703,129.21815490722656,275.44970703125,107.36669158935547,357.9049987792969,94.83780670166016,63.631561279296875,82.75015258789062,75.32675170898438
2022-06-16,87.29356384277344,35.96278381347656,54.95272445678711,172.69000244140625,155.6597900390625,91.84471893310547,125.90977478027344,264.33624267578125,103.60680389404297,346.05975341796875,95.5907211303711,62.3422966003418,79.64363861083984,73.3464584350586
2022-06-17,87.28483581542969,36.09927749633789,54.73017120361328,171.27000427246094,156.8754119873047,92.02972412109375,124.18408203125,267.550537109375,103.65450286865234,346.8057556152344,95.89877319335938,62.51980972290039,79.59861755371094,73.90262603759766
2022-06-21,86.9369125366211,36.681671142578125,55.55807113647461,170.6300048828125,159.6866455078125,91.1046371459961,128.3410186767578,274.3006591796875,105.86847686767578,355.53607177734375,94.27307891845703,63.93986129760742,81.42652130126953,74.93069458007812
2022-06-22,87.67632293701172,36.026485443115234,55.184181213378906,171.30999755859375,159.38272094726562,91.76903533935547,127.62591552734375,273.9006042480469,105.68712615966797,354.8914794921875,96.86563873291016,64.1827621459961,81.03932189941406,75.88290405273438
2022-06-23,88.04167175292969,36.135677337646484,55.12186050415039,170.25999450683594,161.29164123535156,92.47544860839844,128.0549774169922,277.979736328125,107.21399688720703,358.3703308105469,97.661376953125,65.21977996826172,81.25541687011719,77.32459259033203
2022-06-24,87.90249633789062,36.99106979370117,56.76875686645508,170.08999633789062,166.2871856689453,92.58477020263672,130.71507263183594,287.5043640136719,110.75440216064453,369.76434326171875,96.30947875976562,66.71456909179688,83.80365753173828,78.96980285644531
2022-06-27,87.51105499267578,37.03657150268555,56.52839660644531,169.89999389648438,166.90452575683594,91.73538208007812,131.76377868652344,285.3965148925781,110.27725219726562,368.3519592285156,95.48807525634766,66.63983917236328,83.94773864746094,78.85105895996094
2022-06-28,87.54582977294922,36.80907440185547,56.145606994628906,169.6199951171875,163.77040100097656,91.71013641357422,130.8103790283203,276.7012939453125,107.47164916992188,360.825439453125,95.93299865722656,65.49069213867188,82.92123413085938,77.89277648925781
2022-06-29,88.05037689208984,36.663475036621094,55.93196105957031,169.49000549316406,162.10841369628906,92.25677490234375,130.40045166015625,276.95501708984375,107.2712631225586,360.5315856933594,97.43036651611328,65.76162719726562,82.19187927246094,77.40938568115234
2022-06-30,88.45053100585938,36.49057388305664,55.62928771972656,168.4600067138672,160.84527587890625,92.53433227539062,130.01901245117188,273.51995849609375,106.62235260009766,357.6025695800781,98.28597259521484,65.59347534179688,81.5075454711914,77.26522827148438
2022-07-01,89.18778228759766,36.26307678222656,55.76280975341797,168.32000732421875,162.79220581054688,93.70393371582031,131.41104125976562,275.32525634765625,107.18537139892578,361.384765625,99.2950210571289,66.38758087158203,82.03880310058594,78.65601348876953
2022-07-05,89.35338592529297,35.98098373413086,54.5699348449707,164.75,164.1408233642578,93.6786117553711,129.41839599609375,280.03887939453125,107.91062927246094,362.0672302246094,100.0752182006836,66.17269897460938,81.61560821533203,78.43551635742188
2022-07-06,88.75205993652344,35.76258087158203,54.61444854736328,162.13999938964844,162.9252166748047,93.21485137939453,129.79022216796875,281.83447265625,108.50227355957031,363.2900695800781,98.39485168457031,66.59310150146484,81.4985580444336,78.29135131835938
2022-07-07,88.5516128540039,36.481475830078125,55.44234085083008,162.22999572753906,166.78102111816406,93.2064208984375,131.08688354492188,287.86541748046875,110.3822250366211,368.7310485839844,97.52896118164062,66.89207458496094,82.92123413085938,78.50337219238281
2022-07-08,88.22047424316406,36.481475830078125,55.50465393066406,162.3000030517578,166.76205444335938,93.05462646484375,131.29664611816406,288.22650146484375,110.2486343383789,368.4277038574219,96.44876098632812,66.77996826171875,82.85820007324219,78.08782958984375
2022-07-11,88.63004302978516,35.507789611816406,54.60554504394531,161.42999267578125,163.4095458984375,93.31602478027344,130.74365234375,282.0687561035156,108.9698715209961,364.21905517578125,98.11195373535156,66.51837921142578,82.01180267333984,77.918212890625
2022-07-12,88.75205993652344,35.37128448486328,54.596641540527344,160.8300018310547,162.84922790527344,93.45093536376953,129.4469757080078,279.336181640625,107.91062927246094,360.99609375,98.69493865966797,65.9111099243164,82.04781341552734,77.61293029785156
2022-07-13,89.07451629638672,35.28938674926758,54.5699348449707,161.60000610351562,162.70677185058594,94.1508560180664,129.03700256347656,278.7604064941406,107.44302368164062,359.1001892089844,99.82660675048828,65.72425079345703,81.57957458496094,77.23979187011719
2022-07-14,88.76075744628906,34.97089767456055,53.80434799194336,159.3300018310547,161.03521728515625,93.5521240234375,128.49354553222656,279.75592041015625,107.40485382080078,358.2281799316406,99.01213073730469,65.55609893798828,80.76919555664062,76.54440307617188
2022-07-15,89.109375,35.15289306640625,54.65895462036133,159.00999450683594,164.38771057128906,94.30266571044922,130.5338897705078,284.8304748535156,109.24662780761719,365.07208251953125,99.56938171386719,66.40626525878906,82.71414184570312,77.8418960571289
2022-07-18,88.82176971435547,35.39858627319336,54.881507873535156,159.16000366210938,163.9224090576172,93.64490509033203,129.29441833496094,282.41998291015625,108.44502258300781,362.05780029296875,98.53202819824219,65.5654525756836,82.30895233154297,77.29065704345703
2022-07-19,88.69979095458984,35.98098373413086,56.37706756591797,159.5399932861328,169.70623779296875,93.90631866455078,131.61126708984375,291.1053466796875,111.59417724609375,371.84027099609375,98.00048828125,66.80799102783203,84.63207244873047,79.29204559326172
2022-07-20,88.63876342773438,35.82627868652344,56.003170013427734,158.0399932861328,172.365478515625,93.80510711669922,131.20132446289062,295.7212829589844,112.73931121826172,374.2100524902344,98.25767517089844,66.64917755126953,84.72212982177734,79.10548400878906
2022-07-21,89.3795166015625,36.235774993896484,56.58181381225586,160.27000427246094,173.24867248535156,95.08688354492188,131.29664611816406,299.9664001464844,113.66497039794922,378.020751953125,99.95519256591797,67.18169403076172,84.73110961914062,79.73301696777344
2022-07-22,90.07673645019531,35.87178421020508,56.43938446044922,160.6699981689453,170.4849853515625,95.8205337524414,131.12498474121094,294.7063293457031,112.30034637451172,374.513427734375,101.63553619384766,66.9854965209961,83.94773864746094,80.1485824584961
2022-07-25,89.74557495117188,35.99917984008789,56.875579833984375,160.22999572753906,171.36825561523438,95.01099395751953,132.77444458007812,293.0278625488281,112.12857818603516,374.96844482421875,100.64107513427734,66.93878173828125,84.325927734375,80.28427124023438
2022-07-26,89.7281265258789,35.71708297729492,56.083290100097656,160.0399932861328,170.3140411376953,94.9941177368164,132.51705932617188,287.2701110839844,110.59217834472656,370.53216552734375,100.71821594238281,66.81734466552734,83.70462036132812,80.36905670166016
2022-07-27,90.04186248779297,36.381370544433594,57.40970230102539,161.6699981689453,174.1888885498047,95.62657928466797,134.01393127441406,299.4100646972656,113.40731048583984,380.153564453125,100.1523666381836,67.62078094482422,85.2263412475586,80.85244750976562
2022-07-28,90.68675994873047,36.53607177734375,57.70347595214844,163.63999938964844,176.58224487304688,96.41922760009766,135.1484832763672,302.3377685546875,115.21090698242188,384.92156982421875,100.9496841430664,68.57373809814453,85.96471405029297,83.47290802001953
2022-07-29,90.69546508789062,36.36317443847656,58.504669189453125,164.10000610351562,177.83583068847656,96.64695739746094,136.74070739746094,307.8514709472656,116.44194793701172,390.5332336425781,100.67530822753906,68.9567642211914,86.27987670898438,83.92237854003906
2022-08-01,91.00980377197266,36.053775787353516,58.584781646728516,165.02999877929688,177.76937866210938,96.83796691894531,135.7491455078125,307.66607666015625,116.14611053466797,389.3768310546875,103.0999755859375,68.7325439453125,86.40592193603516,83.24393463134766
2022-08-02,90.07552337646484,35.88088607788086,57.650062561035156,164.0500030517578,177.598388671875,95.65455627441406,135.0054931640625,306.74871826171875,115.1631851196289,386.80792236328125,100.91841125488281,68.29344940185547,85.41544342041016,82.17539978027344
2022-08-03,90.4771728515625,36.162986755371094,57.98833465576172,164.4499969482422,180.21017456054688,96.69425964355469,135.30104064941406,315.1023254394531,116.6518783569336,392.8651123046875,102.50732421875,69.05018615722656,86.43292236328125,82.43829345703125
2022-08-04,90.6954574584961,36.41777801513672,58.282108306884766,167.1699981689453,179.8302764892578,96.84644317626953,133.73744201660156,316.5758056640625,116.92862701416016,392.5997619628906,102.47296905517578,69.03150177001953,85.91969299316406,82.31110382080078
2022-08-05,89.68260955810547,36.45417785644531,57.87261962890625,165.2899932861328,181.20736694335938,95.53621673583984,134.20462036132812,313.98974609375,116.72824096679688,391.9361877441406,100.03376770019531,69.15296936035156,85.78462982177734,82.54005432128906
2022-08-08,90.09300231933594,36.49967575073242,58.00615692138672,166.69000244140625,183.12582397460938,95.91659545898438,134.7099151611328,312.9748229980469,116.66143798828125,391.48114013671875,101.64846801757812,69.34915161132812,86.00072479248047,83.27786254882812
2022-08-09,89.89215087890625,36.36317443847656,57.6945686340332,167.1999969482422,180.62803649902344,95.48548889160156,135.4917449951172,309.432373046875,115.53538513183594,389.92657470703125,101.25334930419922,69.31177520751953,85.35240936279297,83.73580169677734
2022-08-10,90.11917877197266,36.81816864013672,58.99427795410156,166.77999877929688,185.78504943847656,96.38993072509766,136.62631225585938,318.0688781738281,118.4364013671875,398.11663818359375,100.5920181274414,70.06853485107422,87.00921630859375,85.00785064697266
2022-08-11,89.63894653320312,36.96376419067383,58.97648239135742,166.33999633789062,186.4783172607422,95.46012878417969,136.9027862548828,316.2635192871094,118.0451431274414,398.11663818359375,98.24728393554688,69.77891540527344,87.77458953857422,84.8043441772461
2022-08-12,90.04058837890625,37.355064392089844,59.43048858642578,167.8699951171875,190.2867431640625,96.56747436523438,138.8477783203125,322.4214172363281,120.03959655761719,404.85638427734375,99.24356842041016,70.75987243652344,89.24229431152344,86.26296997070312
2022-08-15,90.15409088134766,37.18217086791992,59.07439422607422,165.7100067138672,190.96104431152344,96.4998550415039,138.88595581054688,325.0269470214844,120.48811340332031,406.5246276855469,99.15770721435547,71.26435089111328,89.2332992553711,86.61066436767578
2022-08-16,90.02313232421875,37.17306137084961,59.05659866333008,165.4199981689453,190.88507080078125,96.1279296875,139.23870849609375,324.2657775878906,120.69805908203125,407.3208923339844,99.5699462890625,71.59134674072266,89.47642517089844,86.3816909790039
2022-08-17,89.49048614501953,37.01837158203125,58.584781646728516,164.35000610351562,187.6749725341797,95.22343444824219,139.27684020996094,320.5672302246094,119.66743469238281,404.4297790527344,98.53070068359375,71.12420654296875,88.42289733886719,85.86438751220703
2022-08-18,89.68260955810547,36.80907440185547,58.38893127441406,163.9199981689453,188.91912841796875,95.46861267089844,140.22073364257812,321.3381652832031,120.24000549316406,405.6052551269531,98.67671203613281,71.31105041503906,89.12523651123047,85.29619598388672
2022-08-19,89.05393981933594,36.30857467651367,57.58774948120117,162.72000122070312,184.8638153076172,94.33589172363281,140.0872039794922,315.0729675292969,118.36962127685547,400.1546936035156,97.08779907226562,70.8719711303711,88.3148422241211,84.39727020263672
2022-08-22,88.66974639892578,35.990081787109375,56.608516693115234,161.63999938964844,181.055419921875,93.701904296875,138.67616271972656,306.7779846191406,115.98389434814453,391.8224792480469,96.76143646240234,69.85364532470703,86.27987670898438,82.55701446533203
2022-08-23,88.63480377197266,36.181175231933594,56.63522720336914,162.77000427246094,181.34982299804688,93.8033218383789,138.93359375,306.52423095703125,115.62126159667969,390.8745422363281,96.22893524169922,69.36782836914062,86.24385833740234,81.49695587158203
2022-08-24,88.39906311035156,36.17208480834961,56.70643997192383,163.25,182.73643493652344,93.52439880371094,139.57240295410156,307.412353515625,115.9743423461914,392.1257629394531,95.52462768554688,69.46124267578125,86.53199005126953,81.96338653564453
2022-08-25,88.88800811767578,36.954673767089844,57.32958221435547,163.75,185.5760955810547,94.48800659179688,140.7927703857422,312.84796142578125,118.00697326660156,397.66162109375,96.85589599609375,70.03113555908203,88.08975982666016,83.18456268310547
2022-08-26,88.72211456298828,36.40867233276367,55.82512664794922,161.75999450683594,179.4788818359375,93.92167663574219,137.7608642578125,300.02490234375,113.62679290771484,384.2011413574219,97.58596801757812,68.19068145751953,85.3073959350586,81.08990478515625
2022-08-29,88.29427337646484,36.181175231933594,55.700504302978516,161.86000061035156,177.8263397216797,93.22854614257812,137.4557647705078,297.06805419921875,112.52938079833984,381.6607666015625,96.77860260009766,67.79828643798828,84.89318084716797,80.36058044433594
2022-08-30,88.40776824951172,35.75348663330078,55.29991149902344,160.50999450683594,175.3380889892578,93.34685516357422,135.30104064941406,293.75970458984375,111.38423156738281,377.4709167480469,97.01908874511719,67.20973205566406,84.03778839111328,79.2496337890625
2022-08-31,87.9362564086914,35.88088607788086,54.926021575927734,159.27000427246094,174.27435302734375,92.3663330078125,134.01393127441406,292.05194091796875,110.45854949951172,374.59869384765625,96.09149932861328,66.77996826171875,83.20037078857422,78.87651824951172
2022-09-01,87.55480194091797,35.59878158569336,54.18714141845703,157.8699951171875,172.3749542236328,91.81025695800781,134.5382843017578,292.17877197265625,110.68759155273438,375.7742004394531,94.33222198486328,67.43394470214844,83.32644653320312,79.02069091796875
2022-09-02,87.80852508544922,35.27118682861328,53.831058502197266,159.25999450683594,171.03582763671875,91.8780746459961,133.81370544433594,288.0508117675781,109.57108306884766,371.8118591308594,94.86585998535156,66.5744400024414,82.7591781616211,77.918212890625
2022-09-06,86.986083984375,34.85259246826172,53.69752502441406,158.3300018310547,169.3453369140625,90.6319808959961,133.47996520996094,285.9819030761719,109.46611785888672,370.4089660644531,92.51616668701172,66.43429565429688,82.06580352783203,78.62208557128906
2022-09-07,87.58979797363281,35.161991119384766,54.169334411621094,159.94000244140625,173.03025817871094,91.86956787109375,134.74803161621094,291.7591857910156,111.41284942626953,377.0633544921875,93.97935485839844,67.77027130126953,83.17335510253906,80.15704345703125
2022-09-08,87.3097915649414,34.97089767456055,54.2049446105957,158.97999572753906,174.4738311767578,91.65766906738281,135.55844116210938,293.27178955078125,112.26217651367188,379.5279846191406,93.01537322998047,68.05989074707031,83.78565216064453,80.3775405883789
2022-09-09,87.30107879638672,35.48958969116211,55.584774017333984,159.82000732421875,177.97833251953125,91.86956787109375,137.3223114013672,299.6833190917969,114.21846008300781,385.4239807128906,93.22193145751953,68.76055908203125,85.13631439208984,81.25102996826172
2022-09-12,87.16983032226562,36.01738357543945,56.35926055908203,160.6300048828125,180.13418579101562,91.66617584228516,138.4568634033203,303.245361328125,114.9150619506836,389.56640625,92.45592498779297,69.16230010986328,86.01873779296875,82.03970336914062
2022-09-13,86.67987060546875,34.907196044921875,54.40079116821289,158.5399932861328,173.0872039794922,91.00495910644531,134.14743041992188,286.61627197265625,109.69514465332031,372.6270446777344,92.67107391357422,66.90141296386719,82.35397338867188,78.90196228027344
2022-09-14,86.79359436035156,35.0800895690918,54.578834533691406,157.92999267578125,173.7615509033203,91.43729400634766,135.19618225097656,288.8901062011719,109.81919860839844,374.04901123046875,92.98955535888672,66.90141296386719,82.2188949584961,78.00301361083984
2022-09-15,86.5311279296875,34.70699691772461,54.098121643066406,154.97999572753906,172.49842834472656,90.99650573730469,134.0806427001953,284.0790100097656,108.27325439453125,369.8022766113281,92.92928314208984,66.1259994506836,81.9667739868164,76.56134796142578
2022-09-16,86.4698715209961,34.38849639892578,53.76874542236328,155.83999633789062,169.9911346435547,90.78458404541016,133.29884338378906,282.3419494628906,107.45256805419922,366.9810485839844,92.15467834472656,65.93914031982422,81.32745361328125,76.56983184814453
2022-09-19,86.33860778808594,34.49769973754883,53.955684661865234,155.9600067138672,171.4442138671875,90.93716430664062,133.7755584716797,284.5406188964844,108.17784118652344,369.8270568847656,92.3698501586914,66.2661361694336,81.86771392822266,76.45958709716797
2022-09-20,85.95366668701172,34.306602478027344,53.03877639770508,155.07000732421875,169.10784912109375,90.03015899658203,132.86981201171875,282.2725830078125,106.6509780883789,365.5818786621094,91.44889068603516,65.46269226074219,80.21092224121094,74.60237121582031
2022-09-21,86.22489166259766,33.733306884765625,52.34440612792969,155.7899932861328,166.52462768554688,90.36922454833984,131.03921508789062,277.2181701660156,104.95234680175781,359.2047424316406,92.98095703125,64.61251831054688,78.93229675292969,73.42359924316406
2022-09-22,85.30621337890625,33.56950759887695,52.19306945800781,155.6999969482422,162.77322387695312,89.09770965576172,131.29664611816406,273.8062744140625,103.90262603759766,356.1875,90.60541534423828,64.39765167236328,78.20293426513672,72.4907455444336
2022-09-23,85.04370880126953,32.74142074584961,50.52837371826172,153.00999450683594,158.89834594726562,88.8433837890625,128.31240844726562,269.3482360839844,102.38530731201172,350.2197265625,90.97549438476562,63.771690368652344,76.53714752197266,71.52722930908203
2022-09-26,83.95005798339844,32.34102249145508,49.780601501464844,151.22999572753906,156.7227325439453,87.30066680908203,126.77324676513672,268.23370361328125,101.253662109375,346.75506591796875,89.2369384765625,63.08824157714844,75.22329711914062,69.52129364013672
2022-09-27,83.59136962890625,32.30462646484375,49.44232177734375,151.5399932861328,157.25730895996094,85.98682403564453,126.67720031738281,268.3412170410156,101.10981750488281,345.869873046875,86.88722229003906,62.70332336425781,75.13243103027344,68.5954818725586
2022-09-28,84.93873596191406,32.58672332763672,50.63520431518555,154.69000244140625,162.23098754882812,87.7160415649414,129.40577697753906,273.6790771484375,103.51696014404297,352.67535400390625,89.79637908935547,63.82988739013672,76.749755859375,70.01849365234375
2022-09-29,84.4925308227539,31.85873031616211,50.03875732421875,154.66000366210938,158.59385681152344,87.06332397460938,127.5610580444336,265.78961181640625,101.38792419433594,345.3083190917969,89.33161926269531,62.778438568115234,75.25055694580078,67.96115112304688
2022-09-30,84.2912826538086,31.74043083190918,49.8607177734375,154.6699981689453,157.43865966796875,86.84294891357422,126.03343963623047,261.28271484375,99.68087005615234,339.9685974121094,88.17825317382812,62.0555419921875,74.37828826904297,68.72406768798828
2022-10-03,84.97611236572266,32.259132385253906,50.84885787963867,158.42999267578125,161.61048889160156,88.44950866699219,129.50184631347656,267.4124755859375,102.45243835449219,348.94427490234375,89.5793685913086,63.585811614990234,76.65889739990234,69.94991302490234
2022-10-04,85.20406341552734,33.31471252441406,52.887428283691406,160.6999969482422,168.01609802246094,88.85773468017578,132.6819610595703,275.8200988769531,105.41581726074219,359.7568359375,89.32917785644531,64.93770599365234,79.44831085205078,71.36434173583984
2022-10-05,84.75688934326172,33.33291244506836,52.326602935791016,159.80999755859375,166.7750701904297,88.18585968017578,132.8549041748047,275.6735534667969,105.43499755859375,358.9191589355469,88.47503662109375,64.66545104980469,79.23023223876953,69.96704864501953
2022-10-06,84.4237060546875,33.132713317871094,51.40968322753906,159.6300048828125,165.83953857421875,87.98172760009766,131.97100830078125,273.503173828125,104.53353118896484,355.2166748046875,87.98326873779297,63.679683685302734,78.35796356201172,68.02114868164062
2022-10-07,83.97649383544922,32.44112777709961,50.590694427490234,157.8800048828125,160.9613037109375,87.10575866699219,129.83810424804688,263.0815124511719,101.59891510009766,345.3083190917969,87.12911987304688,62.280853271484375,76.4953384399414,66.38384246826172
2022-10-10,83.59944915771484,31.986129760742188,50.30582046508789,155.47999572753906,160.06394958496094,86.32330322265625,129.13673400878906,260.4516906738281,101.00431823730469,342.67181396484375,85.77462768554688,62.20575714111328,75.82296752929688,65.75806427001953
2022-10-11,83.65204620361328,31.47653579711914,49.75389099121094,155.16000366210938,160.1116943359375,86.14473724365234,129.32888793945312,256.8735656738281,100.41931915283203,340.50164794921875,86.15424346923828,62.16819763183594,75.73211669921875,66.42668914794922
2022-10-12,83.72221374511719,31.51293182373047,49.59364700317383,155.99000549316406,159.6725616455078,86.04267883300781,128.944580078125,256.7856140136719,100.026123046875,339.3785400390625,86.57701873779297,61.72695541381836,75.39593505859375,65.73234558105469
2022-10-13,83.45914459228516,31.603933334350586,50.617401123046875,154.91000366210938,163.62477111816406,86.19571685791016,132.47059631347656,262.8078308105469,102.1263656616211,348.33502197265625,85.74874877929688,63.03190994262695,77.6129150390625,66.93247985839844
2022-10-14,83.00318908691406,31.1307430267334,49.8607177734375,152.97999572753906,159.2429962158203,85.37077331542969,129.85733032226562,254.9084930419922,99.56578063964844,340.3969421386719,85.04129791259766,61.89594268798828,76.27727508544922,65.2694320678711
2022-10-17,83.17854309082031,31.986129760742188,51.089210510253906,153.4199981689453,164.32164001464844,85.77900695800781,131.66354370117188,263.3259582519531,102.18391418457031,349.1441345214844,84.62721252441406,63.08824157714844,77.46755981445312,67.72969055175781
2022-10-18,83.3188705444336,31.995229721069336,51.45419692993164,153.75,166.2690887451172,86.28929138183594,133.0470428466797,265.40838623046875,103.35391235351562,353.2464599609375,84.82562255859375,63.81111526489258,78.40341186523438,68.4669189453125
2022-10-19,82.59981536865234,31.4128360748291,50.822147369384766,151.69000244140625,163.44337463378906,85.10713195800781,133.1912384033203,264.44049072265625,102.50996398925781,350.7431640625,83.28128051757812,63.24783706665039,77.7946548461914,66.76103210449219
2022-10-20,82.10002136230469,31.6130313873291,50.706417083740234,151.4499969482422,161.36227416992188,84.36720275878906,132.61471557617188,263.0913391113281,101.70439147949219,347.8020935058594,81.85773468017578,62.73149871826172,77.72196197509766,66.46957397460938
2022-10-21,82.22278594970703,32.09532928466797,51.62333297729492,154.14999389648438,164.86573791503906,84.60533905029297,135.96780395507812,269.26019287109375,104.28418731689453,356.2541809082031,80.3824234008789,63.858062744140625,80.06615447998047,66.99246215820312
2022-10-24,82.10877990722656,30.87594223022461,51.632240295410156,153.64999389648438,165.57220458984375,84.56283569335938,137.73562622070312,272.22247314453125,105.55966186523438,360.6134338378906,79.71810150146484,64.71238708496094,81.10195922851562,66.98390197753906
2022-10-25,82.9155044555664,31.1307430267334,52.77170944213867,154.0,170.08763122558594,85.6939697265625,138.6099395751953,277.8536376953125,107.83256530761719,366.3719482421875,82.03888702392578,65.48220825195312,82.2013931274414,69.6156005859375
2022-10-26,83.2837905883789,31.640331268310547,53.270225524902344,154.97999572753906,170.927734375,86.08519744873047,139.49383544921875,271.7140197753906,107.37223815917969,363.61163330078125,83.22090148925781,65.54792785644531,82.78288269042969,69.57272338867188
2022-10-27,83.70466613769531,31.394636154174805,52.77170944213867,154.74000549316406,170.9659423828125,86.48490905761719,139.54188537597656,266.7672424316406,106.44197845458984,361.66998291015625,84.09229278564453,65.5197525024414,82.55574035644531,69.67561340332031
2022-10-28,83.49422454833984,31.20353126525879,53.29693603515625,153.16000366210938,174.85128784179688,86.66352844238281,142.29928588867188,274.9305419921875,108.96422576904297,370.2744140625,83.51421356201172,67.26594543457031,84.54557800292969,71.21004486083984
2022-10-31,83.21363830566406,31.112539291381836,52.798423767089844,151.91000366210938,175.01358032226562,86.19571685791016,141.84771728515625,271.7336730957031,107.9476547241211,367.5997619628906,82.91893005371094,66.8341064453125,84.1185302734375,71.13289642333984
2022-11-01,83.36833190917969,31.68583106994629,53.21681213378906,153.4600067138672,175.25222778320312,86.81590270996094,141.60751342773438,268.9571228027344,107.90927124023438,365.9912109375,83.69385528564453,66.75900268554688,84.54557800292969,71.10717010498047
2022-11-02,83.2276840209961,31.42193603515625,52.44232940673828,152.38999938964844,169.43850708007812,86.39790344238281,139.20559692382812,259.7380065917969,104.89794158935547,356.8061828613281,83.33061981201172,65.41648864746094,82.8010482788086,69.15270233154297
2022-11-03,82.92008209228516,31.603933334350586,51.99722671508789,151.80999755859375,168.30245971679688,86.0908203125,139.30165100097656,254.66412353515625,103.93893432617188,353.1322326660156,82.88089752197266,64.98465728759766,81.9106216430664,69.05839538574219
2022-11-04,82.91129302978516,32.94160842895508,54.080318450927734,156.47000122070312,170.57452392578125,86.26143646240234,140.0702667236328,258.76031494140625,105.62681579589844,358.21490478515625,81.48843383789062,65.51036071777344,83.44615936279297,70.0013427734375
2022-11-07,82.64765167236328,32.959815979003906,54.24945831298828,155.85000610351562,171.34779357910156,85.9457778930664,141.54026794433594,261.6053466796875,106.84477996826172,361.6413879394531,80.67546081542969,66.00794982910156,84.24574279785156,70.0013427734375
2022-11-08,82.99919128417969,33.19641876220703,54.86370849609375,159.4499969482422,171.41458129882812,86.30410766601562,142.45297241210938,263.51165771484375,107.47772216796875,363.5926513671875,81.55764770507812,66.514892578125,84.59101867675781,70.21566009521484
2022-11-09,83.09586334228516,32.62311935424805,54.098121643066406,158.64999389648438,166.7082061767578,86.082275390625,139.20559692382812,257.4308166503906,105.25279235839844,356.10186767578125,81.82574462890625,65.73567962646484,82.88282775878906,69.49559020996094
2022-11-10,84.87993621826172,33.80610656738281,57.13374328613281,163.47999572753906,176.97056579589844,88.96561431884766,142.88531494140625,276.4263000488281,112.04268646240234,375.6711730957031,84.9738540649414,68.05455017089844,86.58084106445312,74.57894897460938
2022-11-11,84.81840515136719,34.72520446777344,58.27320861816406,164.55999755859375,178.42161560058594,89.20445251464844,142.28001403808594,281.51971435546875,113.64423370361328,379.30706787109375,84.66250610351562,67.67900848388672,87.4349365234375,74.57038116455078
2022-11-14,84.58114624023438,34.515899658203125,57.658958435058594,164.9199981689453,176.42645263671875,88.75237274169922,142.22238159179688,279.05615234375,112.71399688720703,376.08038330078125,84.4549331665039,67.50065612792969,86.85342407226562,72.7530517578125
2022-11-15,85.20511627197266,35.307594299316406,58.041748046875,165.5,179.04214477539062,89.9892807006836,142.7604217529297,282.9178161621094,113.97990417480469,379.2880859375,85.82144927978516,67.86679077148438,87.371337890625,73.5417251586914
2022-11-16,85.73240661621094,34.74339294433594,57.90822219848633,165.1199951171875,175.89181518554688,90.7570571899414,142.08787536621094,279.05615234375,112.36873626708984,376.3945617675781,87.69822692871094,67.84803009033203,85.8448715209961,72.8730697631836
2022-11-17,85.37208557128906,34.807098388671875,57.88151931762695,163.9199981689453,174.25942993164062,90.27081298828125,142.6547393798828,278.44024658203125,112.16734313964844,375.2427673339844,86.7728271484375,67.80108642578125,86.01749420166016,72.37586975097656
2022-11-18,85.2490463256836,34.606895446777344,57.99724578857422,162.7899932861328,175.38584899902344,90.26228332519531,143.58668518066406,278.4499816894531,112.5893325805664,376.94659423828125,86.17607116699219,68.458251953125,86.66261291503906,73.29310607910156
2022-11-21,85.19631958007812,34.170101165771484,57.56104278564453,161.8800048828125,174.4694366455078,90.12578582763672,143.59628295898438,275.58544921875,111.97554779052734,375.5759582519531,86.5392837524414,68.73049926757812,86.37186431884766,73.67886352539062
2022-11-22,85.63574981689453,34.25200271606445,58.36223220825195,162.07000732421875,176.33099365234375,90.92768096923828,145.67156982421875,279.5546569824219,113.8072738647461,380.6300964355469,87.76739501953125,69.35012817382812,87.7892837524414,74.08174896240234
2022-11-23,86.1454849243164,34.53409957885742,59.0031852722168,163.0800018310547,176.7891845703125,91.8404541015625,145.59466552734375,282.36053466796875,114.53612518310547,383.0286560058594,89.2982406616211,69.60359954833984,87.99826049804688,74.14176177978516
2022-11-25,86.16307830810547,34.370304107666016,59.30585861206055,163.22000122070312,177.16151428222656,91.9343032836914,145.78684997558594,280.5030212402344,114.32516479492188,382.9429931640625,88.99552917480469,69.80073547363281,88.2072525024414,74.61322784423828
2022-11-28,86.02245330810547,34.215599060058594,58.540279388427734,161.92999267578125,173.59115600585938,91.2688980102539,144.0670623779297,276.38714599609375,112.77153015136719,376.8323059082031,89.2463607788086,69.04031372070312,86.62628173828125,72.61590576171875
2022-11-29,85.71485900878906,34.95269775390625,58.70941162109375,162.72999572753906,174.0971221923828,90.81678009033203,144.21119689941406,274.2950134277344,112.70439147949219,376.1851806640625,88.19984436035156,68.97459411621094,87.08056640625,73.81600189208984
2022-11-30,86.3827896118164,35.96278381347656,59.75096130371094,164.80999755859375,178.8703155517578,91.9257583618164,146.76683044433594,286.7989196777344,116.27196502685547,388.03515625,88.84851837158203,70.65505981445312,88.9432144165039,75.50474548339844
2022-12-01,87.10157775878906,35.844478607177734,60.32958984375,167.83999633789062,178.47891235351562,93.0759506225586,146.04623413085938,287.15093994140625,116.24319458007812,387.7496643066406,91.6868667602539,70.74894714355469,88.65245819091797,75.34188842773438
2022-12-02,87.4627456665039,35.98098373413086,60.285091400146484,167.25999450683594,179.5194549560547,93.64073944091797,146.6707763671875,286.0070495605469,116.20482635498047,387.3023681640625,92.83987426757812,70.88038635253906,88.3798828125,75.1189956665039
2022-12-05,86.77567291259766,35.57149124145508,59.492794036865234,164.38999938964844,174.57444763183594,92.84484100341797,144.43214416503906,281.2069396972656,114.2963638305664,380.3350524902344,91.53945922851562,69.8758544921875,86.81707000732422,73.7474365234375
2022-12-06,87.0311050415039,35.52598571777344,59.225738525390625,164.83999633789062,171.90145874023438,93.12728881835938,142.7412109375,275.38018798828125,112.43587493896484,374.8525390625,92.71849060058594,69.32194519042969,85.77217864990234,73.05309295654297
2022-12-07,87.80628967285156,35.316688537597656,59.225738525390625,166.3300018310547,171.39549255371094,94.1628189086914,143.1735382080078,274.2558898925781,112.2919921875,374.2149353027344,94.90316772460938,69.39705657958984,85.85395050048828,73.19879913330078
2022-12-08,87.54203796386719,35.744380950927734,59.52840805053711,166.47000122070312,172.63653564453125,93.86327362060547,143.36570739746094,277.501708984375,113.241455078125,377.1464538574219,94.64309692382812,69.84768676757812,86.32645416259766,73.71315002441406
2022-12-09,87.02228546142578,35.507789611816406,59.56401443481445,167.05999755859375,170.5172576904297,93.1614990234375,140.90615844726562,275.73211669921875,112.18653106689453,374.3290710449219,92.18101501464844,69.19990539550781,85.78128051757812,73.57599639892578
2022-12-12,87.03992462158203,35.39858627319336,59.74205780029297,165.67999267578125,172.52194213867188,93.04170227050781,142.85653686523438,279.19293212890625,114.05662536621094,379.7258605957031,92.47574615478516,70.21381378173828,86.98062133789062,74.14176177978516
2022-12-13,87.6213150024414,35.651729583740234,60.589359283447266,168.50999450683594,173.95094299316406,93.85467529296875,142.51058959960938,282.19427490234375,115.04940032958984,382.60040283203125,93.36869812011719,70.24872589111328,87.44573974609375,75.5133285522461
2022-12-14,87.81510925292969,35.670204162597656,60.535743713378906,168.10000610351562,172.80970764160156,93.9402847290039,142.27870178222656,280.1022033691406,114.58718872070312,380.1541748046875,93.76748657226562,69.98462677001953,86.98797607421875,74.99898529052734
2022-12-15,87.9439926147461,34.84796905517578,58.989498138427734,165.35000610351562,168.48439025878906,94.01924133300781,140.38485717773438,270.69732666015625,111.62139892578125,370.85491943359375,94.13335418701172,68.61701965332031,84.90960693359375,73.99603271484375
2022-12-16,87.71443939208984,34.9495964050293,58.47110366821289,166.7899932861328,167.22808837890625,93.61580657958984,139.40899658203125,268.1163330078125,110.32146453857422,366.47662353515625,93.08184051513672,67.93790435791016,83.78347778320312,72.08439636230469
2022-12-19,87.1758804321289,34.9773063659668,58.328102111816406,166.32000732421875,164.9647216796875,92.67158508300781,139.16738891601562,264.3483581542969,109.13707733154297,363.3690490722656,91.517578125,67.55120849609375,82.96861267089844,71.16716766357422
2022-12-20,86.58435821533203,34.96807098388672,58.56047821044922,169.0800018310547,165.83741760253906,91.58143615722656,139.70846557617188,264.142578125,109.31039428710938,363.8663330078125,89.89250183105469,67.58894348144531,82.9411392211914,70.9871597290039
2022-12-21,86.82271575927734,35.28218460083008,59.168251037597656,168.8000030517578,168.69537353515625,92.20806121826172,141.70863342285156,267.9742736816406,111.26513671875,369.30694580078125,90.118408203125,68.40007019042969,84.03983306884766,71.59578704833984
2022-12-22,86.7962417602539,34.96807098388672,58.685611724853516,166.75999450683594,166.48960876464844,92.18230438232422,140.15296936035156,261.41827392578125,109.55113983154297,364.038330078125,90.10105895996094,67.90018463134766,83.03272247314453,71.29499816894531
2022-12-23,86.4960708618164,34.921878814697266,58.891178131103516,167.25999450683594,167.24722290039062,91.89903259277344,141.6796112060547,262.00616455078125,110.1962890625,366.1324157714844,88.78013610839844,68.25859832763672,83.51795959472656,71.92962646484375
2022-12-27,85.8692398071289,35.43923568725586,58.980560302734375,168.6699981689453,166.12518310546875,90.7144546508789,141.93084716796875,258.30194091796875,109.8496322631836,364.68853759765625,87.02466583251953,68.3812026977539,83.5087890625,71.90355682373047
2022-12-28,85.71913146972656,34.921878814697266,58.35491943359375,167.91000366210938,163.54534912109375,90.43118286132812,140.25924682617188,254.89161682128906,108.38599395751953,360.1562194824219,86.5119400024414,67.66438293457031,82.23615264892578,70.67778015136719
2022-12-29,86.03697204589844,35.50391387939453,59.2755012512207,168.85000610351562,167.68841552734375,91.07498168945312,141.0225830078125,261.1046142578125,110.28294372558594,366.6391906738281,87.49397277832031,68.3812026977539,83.52711486816406,72.22518920898438
2022-12-30,85.63084411621094,35.01426696777344,58.6677360534668,169.63999938964844,167.21849060058594,90.4998550415039,141.0032501220703,260.9478759765625,109.73409271240234,365.6733703613281,86.52066040039062,68.0039291381836,83.44471740722656,71.7035903930664
2023-01-03,86.13409423828125,35.30990219116211,59.186126708984375,171.05999755859375,166.2977752685547,91.12648010253906,138.75193786621094,259.1838684082031,109.42594146728516,364.1340026855469,88.17181396484375,68.06996154785156,83.45386505126953,71.77313995361328
2023-01-04,86.61084747314453,36.37233352661133,59.97265625,172.6699981689453,168.3693084716797,91.78744506835938,138.62628173828125,260.41864013671875,110.31183624267578,366.9451904296875,89.3797607421875,68.44725036621094,84.76313018798828,73.39881896972656
2023-01-05,86.54019165039062,36.261470794677734,59.37382507324219,170.52000427246094,166.56631469726562,91.71879577636719,138.52967834472656,256.34197998046875,109.0311508178711,362.7571105957031,89.75346374511719,67.8153076171875,84.33280944824219,71.4253921508789
2023-01-06,87.4848861694336,37.0190315246582,60.89324951171875,173.7100067138672,170.30657958984375,93.22096252441406,140.84864807128906,263.4173889160156,111.83324432373047,371.0758056640625,91.40460968017578,69.28668212890625,86.47522735595703,73.3466567993164
2023-01-09,87.70561981201172,37.29619598388672,61.15244674682617,174.10000610351562,170.59429931640625,93.59008026123047,138.96450805664062,265.12255859375,111.74658203125,370.865478515625,91.89125061035156,68.78677368164062,86.25550842285156,73.37274169921875
2023-01-10,87.37013244628906,37.564117431640625,61.33119583129883,174.74000549316406,173.1165771484375,93.2724609375,139.6794891357422,267.3667907714844,112.55542755126953,373.46630859375,90.37044525146484,68.98485565185547,86.86893463134766,73.53790283203125
2023-01-11,87.90868377685547,37.721168518066406,61.79597473144531,174.6199951171875,175.27442932128906,94.07073974609375,140.31724548339844,271.9921875,114.17312622070312,378.1899108886719,91.83910369873047,69.58851623535156,87.57392120361328,76.17202758789062
2023-01-12,88.54437255859375,37.90593719482422,62.70762252807617,176.63999938964844,178.21868896484375,95.13516998291016,140.70370483398438,273.4620666503906,114.71236419677734,379.5667724609375,93.64668273925781,69.39986419677734,87.94929504394531,77.13700103759766
2023-01-13,88.21769714355469,38.1553840637207,63.03832244873047,178.75999450683594,179.38868713378906,94.82614135742188,141.04188537597656,275.34368896484375,114.96273803710938,381.0393371582031,92.76898193359375,69.48474884033203,87.84858703613281,76.65886688232422
2023-01-17,88.05874633789062,37.942893981933594,63.23495864868164,177.58999633789062,179.16812133789062,94.48278045654297,140.58775329589844,275.9023132324219,114.72200012207031,380.34124755859375,92.16934967041016,69.16405487060547,87.33586883544922,76.87619018554688
2023-01-18,88.93284606933594,37.68422317504883,63.01151657104492,177.0800018310547,176.2718048095703,95.5901107788086,138.21083068847656,272.3155822753906,113.1235580444336,374.3364562988281,94.40277099609375,67.94734954833984,85.85264587402344,75.7547378540039
2023-01-19,88.72976684570312,37.97060775756836,62.91318893432617,179.88999938964844,174.58392333984375,95.39266967773438,138.05624389648438,269.6402282714844,112.1510238647461,371.611328125,93.81182098388672,67.53233337402344,85.21174621582031,75.33747100830078
2023-01-20,88.36778259277344,38.552642822265625,63.46733474731445,179.2899932861328,177.46102905273438,94.89480590820312,138.85818481445312,277.0193786621094,114.40425109863281,378.5340576171875,92.29100799560547,68.24917602539062,86.53932189941406,76.23287963867188
2023-01-23,88.14704895019531,38.829803466796875,63.72654724121094,179.6300048828125,179.6572265625,94.62014770507812,139.14805603027344,283.17364501953125,115.92565155029297,383.07598876953125,91.85649108886719,68.57926940917969,87.85774230957031,76.58060455322266
2023-01-24,88.5355453491211,38.85751724243164,63.646087646484375,180.27999877929688,179.2736053466797,95.11799621582031,139.58291625976562,282.5954895019531,115.84862518310547,382.6648254394531,93.17740631103516,68.5698471069336,87.60140228271484,76.7718734741211
2023-01-25,88.64147186279297,38.894474029541016,64.0661849975586,181.11000061035156,179.77232360839844,95.1609115600586,140.00802612304688,281.96832275390625,115.71379089355469,382.8082580566406,93.40335845947266,68.67359924316406,88.34300231933594,76.80663299560547
2023-01-26,88.49139404296875,39.264015197753906,64.11978912353516,179.47000122070312,180.8368682861328,95.12654876708984,141.331787109375,287.46600341796875,116.95596313476562,387.0155029296875,92.9688491821289,68.77735137939453,89.002197265625,77.66729736328125
2023-01-27,88.35897827148438,39.07924270629883,63.99466323852539,179.22000122070312,181.81509399414062,94.85189056396484,139.6698455810547,290.3275451660156,117.2352294921875,387.90472412109375,92.73419189453125,68.5698471069336,88.92894744873047,78.5366439819336
2023-01-30,88.12057495117188,38.29396438598633,63.583534240722656,178.75999450683594,179.28321838378906,94.49137115478516,138.52967834472656,284.4574890136719,115.65602111816406,383.0377197265625,92.39530181884766,68.23975372314453,87.92182922363281,77.53689575195312
2023-01-31,88.48255920410156,38.2108154296875,63.94999313354492,179.41000366210938,183.63726806640625,95.16948699951172,140.23028564453125,288.7203369140625,117.58187103271484,388.66961669921875,93.13396453857422,69.04145812988281,89.43251037597656,79.16256713867188
2023-02-01,89.10651397705078,38.681983947753906,64.5219955444336,181.6699981689453,186.52398681640625,96.13560485839844,139.14805603027344,294.89422607421875,118.99736022949219,392.8003845214844,94.25354766845703,69.46587371826172,90.06424713134766,79.64942169189453
2023-02-02,89.20387268066406,38.45101547241211,64.4326171875,177.89999389648438,190.19712829589844,96.27336120605469,136.49090576171875,305.47796630859375,121.52019500732422,398.5183410644531,94.37551879882812,69.37157440185547,91.1354751586914,81.4576644897461
2023-02-03,88.34537506103516,37.76736831665039,63.83378219604492,173.4600067138672,188.9215545654297,95.17984771728516,136.36529541015625,300.0488586425781,120.12397003173828,394.282470703125,92.96407318115234,68.83395385742188,90.03678894042969,79.92759704589844
2023-02-06,87.85858154296875,37.213043212890625,63.18133544921875,173.82000732421875,186.1883087158203,94.44794464111328,136.5682373046875,297.5107116699219,119.06476593017578,391.8728942871094,92.27577209472656,68.69247436523438,88.97472381591797,79.34512329101562
2023-02-07,87.70814514160156,37.360862731933594,63.717586517333984,173.97999572753906,187.56932067871094,94.13798522949219,138.16250610351562,303.6748352050781,120.51876068115234,396.9980163574219,91.53520202636719,69.01314544677734,89.78958892822266,79.17127227783203
2023-02-08,87.8320541381836,37.31467056274414,63.3243408203125,174.41000366210938,184.82644653320312,94.2326889038086,137.447509765625,298.2751159667969,118.84329223632812,392.6569519042969,91.9708251953125,68.3434829711914,88.8831787109375,78.79745483398438
2023-02-09,87.48687744140625,37.490203857421875,63.440528869628906,173.02999877929688,182.1507568359375,93.44049835205078,137.1672821044922,295.6390075683594,117.64927673339844,389.2528991699219,91.09955596923828,67.92847442626953,88.4162368774414,77.93680572509766
2023-02-10,87.10631561279297,37.12989807128906,63.16344451904297,173.36000061035156,182.51519775390625,92.78612518310547,139.83409118652344,293.6986083984375,117.83221435546875,390.1612854003906,90.0801773071289,68.5604248046875,89.14869689941406,78.206298828125
2023-02-13,87.3718032836914,37.434776306152344,63.798038482666016,172.47999572753906,184.7113494873047,93.13055419921875,140.5394744873047,298.40252685546875,119.54621887207031,394.74139404296875,90.83821105957031,69.1357650756836,90.03678894042969,78.90177154541016
2023-02-14,87.06204223632812,37.3701057434082,63.91423416137695,172.61000061035156,184.62506103515625,92.89805603027344,140.07566833496094,300.60748291015625,119.38252258300781,394.5597839355469,90.62908172607422,68.58870697021484,89.91776275634766,78.27583312988281
2023-02-15,86.89390563964844,37.055992126464844,63.62821578979492,170.88999938964844,186.49520874023438,92.54505157470703,139.20606994628906,302.9104309082031,119.44029998779297,395.8410339355469,89.78395080566406,68.75846862792969,90.13749694824219,78.58881378173828
2023-02-16,86.53102111816406,37.06523132324219,63.31538772583008,170.75,184.7113494873047,91.8045425415039,137.89198303222656,297.2265625,117.79371643066406,390.3907775878906,88.51190185546875,68.36235809326172,89.4691390991211,77.82377624511719
2023-02-17,86.73457336425781,36.65873718261719,63.47626876831055,171.25999450683594,185.21966552734375,92.16616821289062,137.58279418945312,295.1294250488281,117.32188415527344,389.41552734375,89.20018005371094,68.70188903808594,89.11206817626953,77.51951599121094
2023-02-21,85.92034149169922,36.19680404663086,62.77912139892578,170.6199951171875,179.75314331054688,90.85739135742188,136.51025390625,288.1421813964844,114.79904174804688,381.6034240722656,87.4664077758789,67.8247299194336,86.99710083007812,75.96338653564453
2023-02-22,86.15044403076172,36.021270751953125,62.43055725097656,169.66000366210938,180.24224853515625,91.11566925048828,136.05612182617188,288.35772705078125,114.5390396118164,381.0775451660156,88.2679443359375,67.57007598876953,86.7956771850586,75.2765884399414
2023-02-23,86.46022033691406,36.19680404663086,62.752315521240234,169.57000732421875,181.52737426757812,91.83036041259766,136.6261749267578,290.8763122558594,115.65602111816406,383.1046142578125,89.13050079345703,67.58894348144531,87.09783172607422,75.84168243408203
2023-02-24,85.964599609375,35.38380813598633,61.70658874511719,168.35000610351562,179.82984924316406,91.14152526855469,135.87254333496094,286.0057678222656,114.30793762207031,379.0121154785156,87.97172546386719,67.05130767822266,86.34706115722656,74.51158142089844
2023-02-27,86.13275909423828,35.568580627441406,62.439491271972656,169.00999450683594,180.46287536621094,91.1673583984375,135.97882080078125,288.0539855957031,114.49090576171875,380.30303955078125,88.21568298339844,67.07017517089844,86.30127716064453,74.62458038330078
2023-02-28,86.12389373779297,35.31913757324219,61.983665466308594,169.77999877929688,180.472412109375,91.20181274414062,134.568115234375,287.68157958984375,114.3464584350586,378.89739990234375,88.61646270751953,66.62687683105469,85.81602478027344,74.520263671875
2023-03-01,85.63063049316406,36.076698303222656,62.314361572265625,170.75999450683594,180.70262145996094,90.63323974609375,135.28311157226562,285.368896484375,114.00944519042969,377.44403076171875,87.66443634033203,66.27790069580078,85.9167251586914,73.58136749267578
2023-03-02,85.45320892333984,36.20603942871094,62.439491271972656,170.66000366210938,181.13418579101562,90.71102142333984,135.87254333496094,287.7305908203125,115.11680603027344,380.3795166015625,86.88706970214844,66.85324096679688,86.44776916503906,74.44203186035156
2023-03-03,86.12747192382812,36.52939224243164,63.35114669799805,172.49000549316406,183.65643310546875,91.73926544189453,137.2156219482422,293.67901611328125,116.9078369140625,386.47998046875,88.99200439453125,67.4568862915039,87.53728485107422,75.5721664428711
2023-03-06,85.9145278930664,36.40005111694336,63.19026565551758,171.6199951171875,180.9711151123047,91.4886703491211,137.38954162597656,294.0122375488281,117.02336120605469,386.7476806640625,88.30201721191406,67.48519897460938,87.07035064697266,75.2765884399414
2023-03-07,85.79922485351562,35.790306091308594,62.135597229003906,168.6199951171875,178.8708038330078,91.22947692871094,135.524658203125,290.4058837890625,115.38641357421875,380.8193664550781,88.84354400634766,66.66461181640625,85.60545349121094,73.52052307128906
2023-03-08,85.71049499511719,35.9381217956543,62.4752311706543,168.5399932861328,178.95712280273438,91.08255767822266,134.7227020263672,291.85626220703125,115.78119659423828,381.4408874511719,88.9308853149414,66.68346405029297,85.88927459716797,74.3637924194336
2023-03-09,86.0209732055664,35.14360046386719,62.01941680908203,170.1999969482422,173.97975158691406,90.99613952636719,132.79989624023438,286.7995910644531,113.87464904785156,374.4033508300781,89.14922332763672,65.92891693115234,84.05813598632812,72.65985870361328
2023-03-10,87.02349853515625,34.958831787109375,61.35801696777344,173.8699951171875,168.9639129638672,92.3009262084961,131.49546813964844,282.7718505859375,111.9969482421875,369.0009460449219,92.22364807128906,65.1932373046875,82.82212829589844,70.25179290771484
2023-03-13,87.71549987792969,35.01426696777344,60.93794250488281,177.86000061035156,166.21148681640625,92.37870025634766,130.6451873779297,284.869140625,111.95841979980469,368.4750061035156,92.43326568603516,65.41960144042969,81.46710205078125,71.17327880859375
2023-03-14,87.20096588134766,35.03274154663086,61.751277923583984,176.8300018310547,169.2899932861328,92.10218048095703,131.83364868164062,291.41522216796875,113.95166015625,374.5659484863281,90.91352844238281,66.03268432617188,82.5749282836914,71.86007690429688
2023-03-15,88.07038879394531,34.432228088378906,59.838584899902344,178.2100067138672,166.49920654296875,92.9835433959961,129.58233642578125,292.9440002441406,113.4028091430664,372.2232971191406,92.6690673828125,65.93836212158203,81.24736785888672,71.80789947509766
2023-03-16,87.72439575195312,34.958831787109375,60.76811981201172,178.57000732421875,168.77210998535156,92.84528350830078,130.80941772460938,300.666259765625,115.39604187011719,378.75396728515625,91.94416046142578,66.58916473388672,82.63900756835938,71.65142822265625
2023-03-17,88.27442932128906,34.746341705322266,60.04415512084961,183.77000427246094,164.2166748046875,93.3119125366211,128.67404174804688,299.2452392578125,114.56794738769531,374.3253479003906,93.32415771484375,65.99495697021484,81.27481842041016,70.0257568359375
2023-03-20,87.91956329345703,34.87568283081055,60.982627868652344,183.83999633789062,166.3457489013672,93.03539276123047,130.92535400390625,300.30731201171875,115.55973052978516,377.92474365234375,92.5031509399414,66.7589340209961,82.22701263427734,70.82555389404297
2023-03-21,87.65341186523438,35.18979263305664,61.903221130371094,180.3699951171875,169.4146728515625,93.4847183227539,132.62596130371094,304.5964050292969,116.84041595458984,382.8870544433594,91.70833587646484,66.85324096679688,83.25245666503906,70.51258850097656
2023-03-22,88.49620819091797,35.32837677001953,61.688716888427734,183.44000244140625,164.60984802246094,94.0290756225586,130.46156311035156,300.4544677734375,114.90496063232422,376.3602600097656,92.93110656738281,65.93836212158203,81.51287841796875,67.87847900390625
2023-03-23,88.70913696289062,35.81802749633789,61.69764709472656,185.74000549316406,163.8792724609375,94.29692077636719,129.6004180908203,304.0173034667969,115.68247985839844,377.3776550292969,92.93110656738281,66.02362823486328,81.34383392333984,67.4524917602539
2023-03-24,88.85997772216797,35.72563171386719,61.50996017456055,183.64999389648438,165.36163330078125,94.59073638916016,130.9806365966797,305.1361999511719,116.1750717163086,379.8539733886719,93.32415771484375,66.95220947265625,81.82415771484375,69.18226623535156
2023-03-27,87.90181732177734,35.531620025634766,62.09091567993164,181.9499969482422,167.20016479492188,93.45878601074219,132.24427795410156,303.0456237792969,116.13642883300781,380.5642395019531,91.13187408447266,67.15119171142578,82.4245834350586,69.10324096679688
2023-03-28,87.76873016357422,36.03974533081055,62.11772537231445,183.44000244140625,166.9595184326172,93.3032455444336,132.7205810546875,301.4359436035156,115.81771850585938,379.7099914550781,91.29782104492188,67.20803833007812,82.433837890625,68.9364242553711
2023-03-29,87.8752212524414,36.1413688659668,62.86850357055664,182.52999877929688,168.85580444335938,93.73526763916016,133.8189697265625,306.9323425292969,117.38241577148438,385.2290954589844,91.11441802978516,67.85234832763672,84.02265930175781,70.4642333984375
2023-03-30,87.97279357910156,36.50167465209961,63.601402282714844,184.17999267578125,168.62478637695312,93.86488342285156,134.08139038085938,309.8375549316406,118.0778579711914,387.48468017578125,91.53366088867188,68.1650390625,84.47528076171875,71.38621520996094
2023-03-31,88.39862823486328,36.45548629760742,63.92316436767578,183.22000122070312,171.72427368164062,94.71167755126953,135.15061950683594,314.9903869628906,119.83573150634766,392.9460754394531,92.90491485595703,68.92306518554688,85.52833557128906,72.91401672363281
2023-04-03,88.78290557861328,36.52939224243164,64.4326171875,184.5399932861328,171.80130004882812,95.28373718261719,137.8626251220703,314.2248229980469,120.37661743164062,394.4434814453125,93.34185791015625,69.19783782958984,86.03636932373047,72.3344955444336
2023-04-04,89.11195373535156,36.52939224243164,64.4415512084961,187.97999572753906,168.7884063720703,95.40512084960938,136.65728759765625,313.1648254394531,119.2851791381836,392.25506591796875,93.80591583251953,69.01781463623047,85.0572280883789,72.23790740966797
2023-04-05,89.41436767578125,36.24299240112305,63.99466323852539,187.8300018310547,167.13284301757812,95.71713256835938,138.29031372070312,310.0731506347656,119.15962982177734,391.2279357910156,94.78663635253906,69.43472290039062,85.00180053710938,71.85157775878906
2023-04-06,89.33434295654297,36.39081573486328,64.29854583740234,186.49000549316406,167.383056640625,95.63048553466797,138.09588623046875,312.16363525390625,119.43972778320312,392.7541198730469,95.03181457519531,69.67160034179688,84.95561981201172,72.34327697753906
2023-04-10,88.72062683105469,36.42776870727539,64.25386810302734,185.11000061035156,169.17347717285156,95.18841552734375,138.68882751464844,311.9870910644531,119.86470031738281,393.15728759765625,93.49946594238281,69.60529327392578,85.84239959716797,72.67694091796875
2023-04-11,88.77397155761719,36.64949417114258,64.46837615966797,186.27999877929688,170.511474609375,95.16242980957031,139.17486572265625,309.9847106933594,120.08686065673828,393.2628479003906,93.69210052490234,69.77583312988281,86.32274627685547,72.98426055908203
2023-04-12,88.88068389892578,36.39081573486328,64.8794937133789,187.19000244140625,169.26011657714844,94.96305084228516,139.40814208984375,307.2464294433594,119.47835540771484,391.65997314453125,93.59576416015625,69.80426025390625,85.7223129272461,72.63304901123047
2023-04-13,88.84513854980469,36.88969421386719,65.71072387695312,189.72000122070312,171.5029296875,95.12773895263672,140.42877197265625,313.2629699707031,120.87886047363281,396.8621826171875,92.8602523803711,70.24011993408203,86.06410217285156,72.41352844238281
2023-04-14,88.40933227539062,36.6956901550293,65.44259643554688,186.36000061035156,169.90504455566406,94.81571960449219,139.65113830566406,312.6741027832031,120.73400115966797,395.89276123046875,92.01091003417969,69.78530883789062,85.97171020507812,71.28960418701172
2023-04-17,87.96459197998047,36.85274124145508,65.3263931274414,185.52999877929688,172.0900421142578,94.21762084960938,139.47616577148438,312.9390869140625,120.89818572998047,397.31329345703125,90.9163818359375,70.10747528076172,86.41512298583984,72.77352142333984
2023-04-18,88.08910369873047,36.806541442871094,65.68390655517578,186.25,171.35850524902344,94.52967071533203,139.64141845703125,312.9587097167969,121.09136962890625,397.5724792480469,91.2403564453125,69.97480773925781,86.44282531738281,72.60670471191406
2023-04-19,87.95569610595703,36.4370002746582,65.47834777832031,185.36000061035156,171.57992553710938,94.06163024902344,138.93185424804688,312.81146240234375,120.79194641113281,397.50537109375,91.15277862548828,69.80426025390625,85.68536376953125,73.03694915771484
2023-04-20,88.35595703125,36.38157653808594,65.47834777832031,186.08999633789062,170.69435119628906,94.4170150756836,138.53330993652344,310.4264831542969,120.78228759765625,395.3360900878906,91.93209075927734,69.72846221923828,84.77086639404297,72.31694030761719
2023-04-21,88.2047119140625,36.03974533081055,65.80904388427734,184.25,170.91574096679688,94.47769165039062,138.4263916015625,310.75030517578125,120.59878540039062,395.64324951171875,91.41547393798828,69.91796112060547,84.6323013305664,72.32572937011719
2023-04-24,88.55164337158203,35.956600189208984,65.97886657714844,184.80999755859375,170.80023193359375,94.89370727539062,139.3303680419922,310.10260009765625,120.78228759765625,396.0560607910156,92.29985809326172,70.04114532470703,84.66002655029297,72.05352020263672
2023-04-25,89.10305786132812,35.28218460083008,65.05825805664062,185.75,166.58412170410156,95.30977630615234,138.21253967285156,304.2528381347656,118.71531677246094,389.76904296875,93.6570816040039,69.48209381103516,83.34832763671875,71.34230041503906
2023-04-26,88.77397155761719,35.48543167114258,65.0135726928711,184.74000549316406,164.9766082763672,94.89370727539062,136.0837860107422,306.0980224609375,117.81706237792969,388.1181335449219,92.65885925292969,68.6198501586914,82.46154022216797,70.65740966796875
2023-04-27,88.45378875732422,35.96583938598633,65.82691192626953,184.75,167.18093872070312,94.54701232910156,137.43492126464844,314.421142578125,120.59878540039062,395.8448181152344,91.73945617675781,69.52947235107422,83.45915985107422,72.25547790527344
2023-04-28,88.90738677978516,36.150611877441406,65.80010223388672,184.8000030517578,168.64404296875,95.28373718261719,138.38751220703125,316.5902404785156,121.88336944580078,399.223388671875,93.21925354003906,69.9463882446289,84.5953598022461,73.14231872558594
2023-05-01,87.99700164794922,36.0305061340332,65.7017822265625,183.97000122070312,168.7403106689453,93.74610900878906,138.6693878173828,316.2271423339844,122.1248550415039,398.8203430175781,90.53132629394531,70.16432189941406,84.40138244628906,72.59791564941406
2023-05-02,88.85298156738281,35.679443359375,65.04039001464844,187.52000427246094,165.27499389648438,94.87672424316406,136.3170928955078,313.4691162109375,120.44422149658203,394.3379211425781,92.787353515625,69.56739044189453,83.00652313232422,71.36864471435547
2023-05-03,89.24533081054688,35.62400817871094,65.210205078125,189.11000061035156,165.88145446777344,95.03326416015625,135.3741912841797,311.417724609375,119.661865234375,391.6311340332031,93.3052978515625,69.31156921386719,82.45230102539062,71.087646484375
2023-05-04,89.13832092285156,35.910404205322266,65.07614135742188,190.44000244140625,164.0236358642578,94.77239227294922,134.26612854003906,310.3185119628906,118.29999542236328,388.8572692871094,92.383544921875,68.93254089355469,81.39002227783203,71.67595672607422
2023-05-05,88.85298156738281,36.39081573486328,66.03248596191406,187.4600067138672,167.92213439941406,94.39839172363281,136.59896850585938,316.9141540527344,120.2896957397461,396.0560607910156,92.07632446289062,69.72846221923828,83.00652313232422,72.8701171875
2023-05-08,88.36257934570312,36.40929412841797,66.05035400390625,187.69000244140625,167.53707885742188,93.72001647949219,136.56008911132812,317.6993408203125,120.29935455322266,396.1615295410156,90.78590393066406,69.58634185791016,82.86798858642578,72.44864654541016
2023-05-09,88.2823486328125,36.187564849853516,65.78223419189453,189.02000427246094,167.0365447998047,93.68525695800781,136.462890625,315.6872863769531,119.81641387939453,394.4241943359375,90.46110534667969,69.4157943725586,82.47077178955078,72.14131927490234
2023-05-10,88.85298156738281,36.169090270996094,65.64814758300781,188.75,167.88360595703125,94.42448425292969,136.37539672851562,319.12249755859375,120.39592742919922,396.2671203613281,91.33894348144531,69.72846221923828,82.08281707763672,72.83499145507812
2023-05-11,89.1205062866211,36.03974533081055,65.48727416992188,187.1300048828125,166.5937957763672,94.78976440429688,135.81161499023438,320.162841796875,120.2703628540039,395.5760803222656,92.30455780029297,69.5389633178711,81.60247802734375,72.03595733642578
2023-05-12,88.62117004394531,35.614768981933594,65.37107849121094,186.80999755859375,166.2568359375,94.20706176757812,136.0837860107422,319.01446533203125,120.37661743164062,395.0577392578125,91.53207397460938,69.60529327392578,81.43620300292969,72.02718353271484
2023-05-15,88.39824676513672,36.27070999145508,65.87159729003906,187.2100067138672,168.28787231445312,93.70265197753906,136.33651733398438,320.7419128417969,120.89818572998047,396.42071533203125,90.583984375,69.57685852050781,82.30450439453125,71.90424346923828
2023-05-16,88.19319915771484,36.01203155517578,65.2459487915039,184.8699951171875,165.8333282470703,93.23297882080078,134.3341522216797,321.1051330566406,119.90335083007812,393.77154541015625,90.31187438964844,68.80936431884766,81.02975463867188,70.10421752929688
2023-05-17,88.05944061279297,36.17832946777344,65.54984283447266,184.22999572753906,169.52963256835938,93.22428894042969,135.55889892578125,324.9918212890625,121.41009521484375,398.5515441894531,90.04852294921875,69.05570983886719,82.3137435913086,71.05252075195312
2023-05-18,87.64925384521484,35.984317779541016,65.4515380859375,181.83999633789062,170.55958557128906,92.8329086303711,135.46168518066406,331.0279541015625,122.6947021484375,402.3908996582031,89.38134002685547,69.19783782958984,82.94189453125,70.71007537841797
2023-05-19,87.45309448242188,36.01203155517578,65.83586120605469,183.63999938964844,169.51998901367188,92.7198486328125,136.01571655273438,330.2820739746094,122.39527893066406,401.8053894042969,88.74930572509766,69.29259490966797,82.85873413085938,70.59593963623047
2023-05-22,87.37284088134766,36.30766296386719,65.8537368774414,183.2100067138672,171.58956909179688,92.68507385253906,135.45201110839844,331.39111328125,122.54981994628906,401.9685363769531,88.43330383300781,69.13153076171875,83.01580047607422,71.02619934082031
2023-05-23,87.47093963623047,35.744110107421875,64.8884506225586,183.42999267578125,170.78097534179688,92.87638854980469,134.791015625,327.1903381347656,121.07203674316406,397.45733642578125,88.68787384033203,68.47772216796875,82.5723876953125,70.3588638305664
2023-05-24,87.248046875,35.4761962890625,63.94103240966797,181.9499969482422,168.9713134765625,92.5111312866211,134.3924560546875,325.511962890625,120.2124252319336,394.5777893066406,88.24894714355469,67.94710540771484,81.49162292480469,68.8486099243164
2023-05-25,86.92703247070312,35.402286529541016,63.85166549682617,180.1999969482422,167.65260314941406,92.20673370361328,133.0510711669922,333.4326171875,122.21176147460938,397.9947814941406,88.02947998046875,67.7102279663086,81.14984893798828,68.8398208618164
2023-05-26,86.99835968017578,36.0305061340332,64.477294921875,180.9199981689453,169.5584716796875,92.59809112548828,132.87611389160156,341.95196533203125,123.90204620361328,403.1491394042969,88.74053192138672,68.00395202636719,82.3137435913086,69.63007354736328
2023-05-30,87.57791900634766,35.614768981933594,63.824851989746094,182.0399932861328,168.93283081054688,93.29385375976562,132.5261993408203,343.50274658203125,123.9213638305664,403.3026428222656,89.62715148925781,67.74812316894531,82.24907684326172,69.89350128173828
2023-05-31,87.8900146484375,35.28218460083008,63.16344451904297,182.32000732421875,167.26756286621094,93.5982666015625,131.70968627929688,341.5495910644531,122.76232147216797,401.06634521484375,90.40843963623047,67.69129180908203,81.49162292480469,70.24472045898438
2023-06-01,88.15642547607422,35.910404205322266,64.10191345214844,183.75999450683594,169.07720947265625,93.88533020019531,133.0218963623047,345.49517822265625,123.853759765625,404.8768310546875,90.76313781738281,67.91868591308594,82.06433868408203,70.25350189208984
2023-06-02,87.69153594970703,36.52939224243164,64.93313598632812,181.0500030517578,175.20884704589844,93.63228607177734,134.51881408691406,348.08636474609375,125.6406021118164,410.7318420410156,89.76853942871094,68.6956558227539,83.52384948730469,71.96572875976562
2023-06-05,87.68258666992188,36.52014923095703,64.55774688720703,182.13999938964844,172.86013793945312,93.43162536621094,134.25637817382812,348.3317565917969,125.03213500976562,409.9447326660156,89.60133361816406,68.55353546142578,83.00652313232422,71.46521759033203
2023-06-06,87.78988647460938,36.843509674072266,65.09402465820312,182.33999633789062,177.4131622314453,93.61483764648438,133.96478271484375,348.2727966308594,125.32188415527344,410.8374328613281,90.12942504882812,68.29769897460938,84.06883239746094,72.15009307861328
2023-06-07,87.32501220703125,36.68522262573242,64.52151489257812,180.14999389648438,180.73263549804688,92.77720642089844,133.1060333251953,342.3642272949219,124.58081817626953,409.41680908203125,88.79154205322266,68.38330078125,85.36548614501953,73.47599029541016
2023-06-08,87.78988647460938,36.9459228515625,65.20414733886719,182.52999877929688,180.0569610595703,93.39671325683594,134.3258514404297,346.6140441894531,125.11359405517578,411.89324951171875,89.83016204833984,68.77330780029297,85.37478637695312,73.01939392089844
2023-06-09,87.58427429199219,37.113529205322266,65.09493255615234,182.0399932861328,178.59947204589844,93.15238189697266,134.6478729248047,347.9391784667969,125.28799438476562,412.63232421875,89.70693969726562,68.75428009033203,85.23535919189453,72.59791564941406
2023-06-12,87.7362289428711,37.188011169433594,65.37708282470703,181.8800048828125,179.3426971435547,93.44905090332031,136.31658935546875,353.8182373046875,126.73146057128906,416.3756408691406,89.97097778320312,69.1157455444336,85.99755096435547,72.61547088623047
2023-06-13,87.32501220703125,37.56044387817383,65.99598693847656,180.5399932861328,181.39865112304688,93.03025817871094,137.23387145996094,356.5369567871094,127.5257797241211,419.1207580566406,89.08202362060547,69.35355377197266,87.00142669677734,73.08086395263672
2023-06-14,87.40547943115234,37.839778900146484,66.24172973632812,180.63999938964844,179.44886779785156,93.31818389892578,138.35610961914062,359.128173828125,128.12640380859375,419.6198425292969,89.79495239257812,69.35355377197266,86.49948120117188,73.3530502319336
2023-06-15,88.01338195800781,38.193599700927734,66.94255828857422,181.91000366210938,180.92568969726562,94.129638671875,139.8394012451172,363.40740966796875,129.6376953125,424.8221435546875,90.65752410888672,70.31428527832031,87.46615600585938,73.73939514160156
2023-06-16,87.7362289428711,38.06324768066406,66.79693603515625,181.6300048828125,179.47781372070312,93.9638900756836,139.09771728515625,361.12054443359375,129.32765197753906,423.3750915527344,90.30545806884766,70.2952651977539,87.49405670166016,73.68671417236328
2023-06-20,87.89717102050781,37.31836700439453,65.91407775878906,179.75,178.6959686279297,94.30415344238281,138.4927215576172,360.6035461425781,128.75608825683594,421.1785888671875,90.93037414550781,69.76258087158203,86.36935424804688,72.81742858886719
2023-06-21,88.04022979736328,37.141456604003906,66.01419067382812,179.49000549316406,178.28089904785156,94.19944763183594,138.13165283203125,355.689453125,128.38795471191406,419.0205993652344,91.15039825439453,69.74356079101562,85.70940399169922,72.37841033935547
2023-06-22,87.58427429199219,37.01110076904297,65.60462188720703,177.7100067138672,176.95852661132812,93.71080780029297,138.52200317382812,359.8861389160156,128.73672485351562,420.5331726074219,90.05022430419922,69.80062103271484,85.43985748291016,71.34230041503906
2023-06-23,87.8435287475586,36.471065521240234,64.58524322509766,178.1999969482422,174.29446411132812,93.97259521484375,137.4583282470703,356.3183898925781,127.92298889160156,417.3539123535156,90.947998046875,69.25841522216797,84.73342895507812,70.3588638305664
2023-06-26,87.9508056640625,36.59210968017578,64.66715240478516,178.50999450683594,174.4681854248047,94.07728576660156,136.6385955810547,351.5417785644531,127.23513793945312,415.6487121582031,91.0448226928711,69.42013549804688,85.12381744384766,71.9832992553711
2023-06-27,87.78095245361328,36.96455001831055,65.23145294189453,177.69000244140625,176.9874725341797,93.97259521484375,138.68788146972656,357.5862121582031,128.9595184326172,420.2055969238281,90.80714416503906,69.86720275878906,86.24852752685547,72.8701171875
2023-06-28,88.04022979736328,36.741085052490234,65.2769546508789,177.27999877929688,177.85617065429688,94.38268280029297,138.4731903076172,358.2840576171875,128.65921020507812,420.4175720214844,91.19442749023438,69.50575256347656,86.19276428222656,72.97549438476562
2023-06-29,87.36078643798828,36.54555130004883,65.18595123291016,177.08999633789062,179.9025115966797,93.66719055175781,139.00990295410156,357.5666198730469,129.2307586669922,422.0745849609375,89.54851531982422,69.98136138916016,86.62962341308594,73.79064178466797
2023-06-30,87.56639099121094,36.834197998046875,65.98688507080078,178.27000427246094,180.7615966796875,94.3564682006836,140.76644897460938,363.08038330078125,130.6548309326172,427.05535888671875,90.6047134399414,70.70428466796875,87.17801666259766,74.1991195678711
2023-07-03,87.46331024169922,37.24387741088867,65.91407775878906,178.47000122070312,181.12838745117188,94.0921401977539,140.27853393554688,363.9354248046875,130.48048400878906,427.5466613769531,90.09107971191406,70.62820434570312,87.81938171386719,74.92724609375
2023-07-05,87.06892395019531,37.020408630371094,65.17684936523438,177.83999633789062,179.3233642578125,93.41810607910156,139.90769958496094,363.9256286621094,130.36424255371094,426.9107971191406,89.23501586914062,70.5140380859375,87.28955841064453,75.09596252441406
2023-07-06,86.50423431396484,36.26622772216797,64.04824829101562,177.30999755859375,176.4276580810547,92.47271728515625,138.48297119140625,361.1539611816406,129.33734130859375,423.5678405761719,87.97296142578125,70.14305114746094,86.37864685058594,74.5187759399414
2023-07-07,86.52217102050781,36.6759033203125,64.5306167602539,178.63999938964844,178.29054260253906,92.38521575927734,137.94625854492188,359.954833984375,128.73672485351562,422.4983825683594,87.44341278076172,69.73402404785156,86.56454467773438,74.35006713867188
2023-07-10,86.7641830444336,36.70384216308594,64.71266174316406,178.77999877929688,181.34072875976562,92.86663818359375,139.45883178710938,360.07281494140625,129.56983947753906,423.5678405761719,87.5581283569336,70.02892303466797,87.21520233154297,74.66973114013672
2023-07-11,86.9524154663086,37.07627868652344,65.295166015625,179.4499969482422,183.2036590576172,93.3043212890625,139.82965087890625,361.8517761230469,130.4416961669922,426.265380859375,88.00823974609375,70.52354431152344,88.33989715576172,75.73530578613281
2023-07-12,87.6604995727539,37.90495681762695,66.54209899902344,181.8800048828125,185.2017364501953,94.1271743774414,141.41055297851562,366.4220275878906,131.64292907714844,429.695068359375,88.98786926269531,70.6567153930664,88.44215393066406,76.14378356933594
2023-07-13,88.20726013183594,38.398441314697266,67.60697174072266,182.00999450683594,186.69784545898438,94.79243469238281,142.10336303710938,372.6434020996094,132.8926239013672,433.1054992675781,89.92337036132812,70.74232482910156,88.92547607421875,76.63215637207031
2023-07-14,87.7860107421875,38.18428039550781,67.2247085571289,181.42999267578125,184.87355041503906,94.05712127685547,141.9765167236328,372.5647277832031,132.96046447753906,432.8357238769531,89.39385223388672,70.70428466796875,87.8658447265625,76.481201171875
2023-07-17,87.88459777832031,38.23084259033203,67.14279174804688,181.55999755859375,186.852294921875,94.21470642089844,142.8352508544922,376.04400634765625,133.70639038085938,434.3385925292969,89.43798065185547,70.7518310546875,87.82866668701172,75.98393249511719
2023-07-18,87.9562759399414,37.951507568359375,67.57967376708984,183.63999938964844,189.1592254638672,94.45103454589844,143.84039306640625,379.1202392578125,134.442626953125,437.56597900390625,89.84395599365234,70.93257904052734,88.6187515258789,75.56658935546875
2023-07-19,88.22517395019531,37.87702560424805,67.54325866699219,183.6699981689453,189.96038818359375,94.9850082397461,143.42076110839844,379.03179931640625,134.4716796875,438.53900146484375,90.85890197753906,71.26549530029297,89.4552993774414,76.4190444946289
2023-07-20,87.76806640625,37.59769058227539,67.19740295410156,182.74000549316406,188.3001708984375,94.34599304199219,142.15216064453125,370.2943420410156,133.49330139160156,435.6295471191406,89.75568389892578,71.70307159423828,89.31587219238281,76.17041778564453
2023-07-21,87.83079528808594,37.54182815551758,67.33393859863281,182.17999267578125,187.7017059326172,94.5123062133789,141.8496551513672,369.1837463378906,133.6094970703125,435.6295471191406,89.78218078613281,72.11207580566406,89.4552993774414,76.52560424804688
2023-07-24,87.66947174072266,38.05392837524414,67.17010498046875,181.39999389648438,188.16505432128906,94.39849853515625,141.7423095703125,369.77349853515625,134.20045471191406,437.57562255859375,89.45561981201172,72.21672821044922,89.8642807006836,77.15606689453125
2023-07-25,87.57085418701172,38.37050247192383,67.24291229248047,182.41000366210938,188.14572143554688,94.24969482421875,142.7962188720703,372.2796936035156,135.03355407714844,438.770263671875,89.28794860839844,72.34988403320312,89.78992462158203,76.60551452636719
2023-07-26,87.85770416259766,38.59396743774414,67.4249496459961,183.3000030517578,189.63221740722656,94.68737030029297,141.9667510986328,371.0412902832031,134.98512268066406,438.8377380371094,89.37619018554688,72.14061737060547,90.08736419677734,76.95184326171875
2023-07-27,87.10479736328125,38.119102478027344,67.27023315429688,180.4199981689453,187.18048095703125,93.53192901611328,141.61546325683594,370.1568298339844,134.38453674316406,435.92822265625,87.63755798339844,71.58892822265625,89.82711029052734,75.28243255615234
2023-07-28,87.44538879394531,39.0408935546875,67.75260162353516,181.86000061035156,189.60321044921875,94.14466857910156,142.94259643554688,376.8990783691406,135.55665588378906,440.19610595703125,88.08766174316406,71.7411117553711,90.17102813720703,75.22029113769531
2023-07-31,87.55294799804688,39.059513092041016,67.77080535888672,182.35000610351562,191.80404663085938,94.40728759765625,143.20606994628906,377.0956115722656,135.59544372558594,441.03424072265625,88.29946899414062,71.68404388427734,90.43128204345703,75.70865631103516
2023-08-01,86.97323608398438,38.566036224365234,66.92436981201172,180.4600067138672,190.92564392089844,93.466552734375,143.22561645507812,376.2208557128906,135.59544372558594,439.772216796875,86.85253143310547,71.5223388671875,90.19891357421875,75.5843505859375
2023-08-02,86.76651763916016,37.64425277709961,65.67742919921875,179.60000610351562,188.32916259765625,92.89559173583984,140.85426330566406,367.965087890625,133.4835662841797,433.6546630859375,85.92328643798828,71.33209228515625,89.24151611328125,75.14923858642578
2023-08-03,86.18231964111328,37.79322814941406,65.49539947509766,179.5399932861328,187.7982635498047,92.0611572265625,140.81524658203125,367.3753662109375,133.231689453125,432.4118347167969,83.94093322753906,71.06574249267578,88.92547607421875,74.33231353759766
2023-08-04,86.89234924316406,37.74666976928711,65.67742919921875,180.19000244140625,187.42181396484375,93.0185775756836,140.70790100097656,365.6553649902344,132.4857635498047,430.45611572265625,85.42771911621094,70.6757583618164,88.95335388183594,73.72848510742188
2023-08-07,86.91032409667969,37.6908073425293,66.23263549804688,179.77999877929688,187.5472869873047,92.79019927978516,142.60107421875,368.75128173828125,133.96792602539062,434.21337890625,84.58696746826172,71.30355072021484,89.77132415771484,74.6519775390625
2023-08-08,87.11702728271484,37.23456954956055,65.8321533203125,178.63999938964844,186.3696746826172,93.15910339355469,142.3180389404297,365.6160583496094,133.4351348876953,432.3251647949219,85.56932830810547,71.1228256225586,89.4831771850586,74.1724624633789
2023-08-09,87.17996978759766,37.32767105102539,65.81395721435547,177.7899932861328,184.91217041015625,93.2469711303711,141.03968811035156,361.5962219238281,132.60203552246094,429.4349060058594,86.01180267333984,71.22745513916016,88.95335388183594,74.16358947753906
2023-08-10,86.6137466430664,37.383544921875,66.09610748291016,177.60000610351562,184.0916748046875,92.58819580078125,141.11776733398438,362.2646179199219,132.44700622558594,429.58905029296875,84.59579467773438,71.18939208984375,88.55368041992188,73.87943267822266
2023-08-11,86.3440933227539,36.834197998046875,65.65013122558594,177.60000610351562,184.3523406982422,92.27198028564453,140.52252197265625,359.954833984375,131.92385864257812,429.3385925292969,84.40111541748047,71.46527099609375,88.53510284423828,73.99488067626953
2023-08-14,86.28120422363281,36.65727996826172,65.35887908935547,177.05999755859375,184.0337677001953,92.23685455322266,142.23023986816406,363.994384765625,133.3479461669922,431.70855712890625,84.21527099609375,71.54136657714844,88.69310760498047,73.5064926147461
2023-08-15,86.04752349853516,36.23828887939453,64.548828125,176.58999633789062,181.60134887695312,91.75373840332031,141.4007568359375,360.13177490234375,132.16607666015625,426.6795959472656,83.70197296142578,70.93257904052734,87.35462188720703,72.68067932128906
2023-08-16,85.84078979492188,35.912410736083984,64.02092742919922,175.57000732421875,179.3812713623047,91.34089660644531,140.0052947998047,356.3183898925781,131.37167358398438,423.548583984375,83.04708862304688,70.72331237792969,86.3972396850586,71.7838134765625
2023-08-17,85.7509536743164,35.9962043762207,63.565853118896484,175.3000030517578,177.26739501953125,91.094970703125,138.17071533203125,352.4263000488281,130.50953674316406,420.3211669921875,82.69310760498047,70.25720977783203,85.80235290527344,71.20662689208984
2023-08-18,85.9396743774414,35.754119873046875,63.565853118896484,175.3300018310547,178.23265075683594,91.43754577636719,138.54153442382812,351.98406982421875,130.64517211914062,420.5235290527344,82.98516082763672,70.41893005371094,86.21133422851562,71.42861938476562
2023-08-21,85.50825500488281,35.83791732788086,63.802490234375,175.80999755859375,177.97206115722656,90.89293670654297,140.05409240722656,357.655029296875,131.90452575683594,423.259521484375,81.87891387939453,70.42842864990234,86.40654754638672,70.77152252197266
2023-08-22,85.59812927246094,35.763431549072266,63.68416976928711,176.10000610351562,177.441162109375,91.17403411865234,139.45883178710938,357.1440124511719,131.32327270507812,422.1130676269531,82.50724029541016,70.27623748779297,85.9417724609375,70.97576904296875
2023-08-23,86.41600799560547,36.33140563964844,64.37588500976562,177.88999938964844,179.33302307128906,92.45642852783203,141.21539306640625,362.77569580078125,132.71826171875,426.8144226074219,84.55156707763672,70.74232482910156,86.54595947265625,72.0946044921875
2023-08-24,86.21829223632812,36.19173812866211,63.4930419921875,177.85000610351562,176.85235595703125,92.14024353027344,138.90257263183594,355.0210876464844,130.9261016845703,420.8992004394531,83.99402618408203,70.2286605834961,85.60716247558594,71.8193359375
2023-08-25,86.16437530517578,36.228981018066406,63.92081832885742,177.6199951171875,177.60523986816406,92.19290161132812,139.7028045654297,357.7730407714844,131.71078491210938,423.866455078125,84.26836395263672,70.70428466796875,85.84883880615234,71.87261962890625
2023-08-28,86.35310363769531,36.582801818847656,64.59434509277344,178.1300048828125,179.188232421875,92.48280334472656,140.903076171875,360.4660339355469,132.58262634277344,426.5544128417969,84.35687255859375,70.98014068603516,86.5924301147461,72.54747009277344
2023-08-29,86.91032409667969,37.048343658447266,65.39527893066406,179.8699951171875,181.68821716308594,93.2206039428711,143.23536682128906,368.3385314941406,134.57826232910156,432.7201232910156,85.2330093383789,71.54136657714844,87.66136169433594,73.42658233642578
2023-08-30,86.87440490722656,36.92729949951172,65.35887908935547,180.32000732421875,182.3735809326172,93.0888442993164,143.68426513671875,370.39263916015625,134.97543334960938,434.50244140625,85.14449310302734,71.63648986816406,87.73571014404297,73.6929702758789
2023-08-31,87.00020599365234,36.471065521240234,65.1040267944336,180.02000427246094,182.05502319335938,93.2469711303711,143.64520263671875,371.50323486328125,135.00448608398438,433.8665466308594,85.52505493164062,71.22745513916016,87.80078125,73.15129852294922
2023-09-01,86.54963684082031,36.89937210083008,65.067626953125,180.11000061035156,184.21719360351562,92.58317565917969,143.70376586914062,371.110107421875,135.3144989013672,434.67578125,84.19270324707031,71.37013244628906,88.4514389038086,73.2756118774414
2023-09-05,86.08101654052734,36.60142517089844,64.5033187866211,178.63999938964844,180.33689880371094,91.92206573486328,142.98162841796875,371.5818786621094,134.5491943359375,432.79718017578125,83.01212310791016,70.8659896850586,87.51264190673828,72.42315673828125
2023-09-06,85.99988555908203,36.39657974243164,64.3667984008789,177.8300018310547,179.6612091064453,91.83392333984375,142.58154296875,368.3090515136719,133.657958984375,429.8876953125,83.21630859375,70.62820434570312,87.28955841064453,72.27220153808594
2023-09-07,86.27025604248047,35.9682731628418,64.1574478149414,178.02000427246094,177.92376708984375,92.23941802978516,142.15216064453125,365.67498779296875,133.14451599121094,428.5679016113281,83.44707489013672,70.87549591064453,86.95494842529297,72.7250747680664
2023-09-08,86.31529998779297,36.042762756347656,64.06643676757812,178.0800018310547,177.5280303955078,92.30992889404297,142.35708618164062,366.1860656738281,133.13482666015625,429.2132873535156,83.7666244506836,71.08478546142578,87.31744384765625,72.44091033935547
2023-09-11,86.2161865234375,36.489688873291016,64.73086547851562,178.41000366210938,177.9527130126953,92.13363647460938,143.17681884765625,370.5008239746094,133.58042907714844,432.0361633300781,83.16304016113281,71.35111236572266,87.37321472167969,72.44979858398438
2023-09-12,86.24321746826172,36.377952575683594,64.46691131591797,177.49000549316406,177.7789764404297,92.10719299316406,141.83993530273438,366.39251708984375,132.75698852539062,429.6661682128906,83.64237213134766,71.05622863769531,87.49405670166016,72.41427612304688
2023-09-13,86.36937713623047,36.33140563964844,64.26667022705078,177.0800018310547,176.61102294921875,92.30992889404297,141.93746948242188,367.7881164550781,132.989501953125,430.1670837402344,83.62460327148438,71.20843505859375,87.26168060302734,71.62398529052734
2023-09-14,86.25225067138672,36.573486328125,65.11312866210938,177.1699981689453,179.10137939453125,92.14244842529297,143.0987548828125,370.795654296875,133.8516845703125,433.8761291503906,83.0210189819336,71.7411117553711,88.19117736816406,72.92041778564453
2023-09-15,86.05396270751953,36.4338264465332,64.9675064086914,178.33999633789062,177.2288055419922,92.00141906738281,140.51272583007812,364.4464111328125,131.81735229492188,428.64874267578125,82.51508331298828,71.18939208984375,87.45687866210938,72.64514923095703
2023-09-18,86.18013000488281,36.387264251708984,64.73997497558594,179.38999938964844,176.0512237548828,92.1777114868164,140.8054962158203,364.8264465332031,132.18544006347656,428.90008544921875,82.98551940917969,71.28453063964844,87.32674407958984,71.99694061279297
2023-09-19,85.92781066894531,36.17311477661133,64.7945785522461,179.22000122070312,175.36585998535156,91.86917877197266,140.6298065185547,364.048828125,132.02078247070312,428.0105895996094,82.373046875,71.35111236572266,87.2244873046875,71.66838073730469
2023-09-20,85.88275146484375,36.024139404296875,64.63984680175781,179.35000610351562,173.60910034179688,91.9044418334961,139.20510864257812,358.802734375,130.7516632080078,424.07574462890625,82.63044738769531,71.38916015625,86.62031555175781,71.73053741455078
2023-09-21,85.2969741821289,35.400306701660156,63.565853118896484,178.0500030517578,170.91607666015625,90.9788589477539,136.72642517089844,352.22784423828125,128.27171325683594,417.0664978027344,80.50899505615234,70.5140380859375,85.48633575439453,69.28860473632812
2023-09-22,85.6574478149414,35.819297790527344,63.62045669555664,178.6199951171875,170.5299835205078,91.5342025756836,137.01918029785156,352.2770690917969,128.44607543945312,416.1287536621094,81.15696716308594,70.4759750366211,85.14241790771484,68.76470947265625
2023-09-25,84.98155212402344,35.6610107421875,63.33831024169922,177.6999969482422,171.2925262451172,90.64388275146484,137.4778594970703,353.9503173828125,128.87232971191406,417.8786315917969,79.1597900390625,70.56160736083984,85.44914245605469,68.70254516601562
2023-09-26,84.8734359741211,35.15821838378906,62.519161224365234,176.27999877929688,169.0901641845703,90.3882827758789,135.97946166992188,348.63531494140625,127.1705093383789,411.7394104003906,78.88459014892578,69.71726989746094,84.27861785888672,67.45050048828125
2023-09-27,84.5760269165039,35.214080810546875,62.40083694458008,174.10000610351562,170.6708984375,89.96515655517578,136.2436981201172,349.4522399902344,127.47199249267578,411.90380859375,78.476318359375,69.48776245117188,84.50335693359375,66.99764251708984
2023-09-28,84.82835388183594,35.30718994140625,62.9105339050293,173.22999572753906,172.21286010742188,90.12382507324219,137.349609375,352.37548828125,128.3861083984375,414.29180908203125,78.71595764160156,69.59294891357422,85.02775573730469,67.64051055908203
2023-09-29,84.74725341796875,35.33512878417969,62.72849655151367,171.4499969482422,171.3982391357422,89.92988586425781,136.72328186035156,352.6313781738281,128.1624298095703,413.2863464355469,78.7248306274414,69.2104721069336,84.95285034179688,67.83777618408203
2023-10-02,84.15717315673828,35.15821838378906,61.80923843383789,169.64999389648438,168.80894470214844,89.10599517822266,136.78199768066406,355.5743713378906,128.4736328125,413.1219787597656,77.40695190429688,68.76107025146484,84.17560577392578,66.59146118164062
2023-10-03,83.49748992919922,34.692665100097656,61.03559112548828,169.16000366210938,165.96749877929688,88.0794448852539,134.6190948486328,349.3341369628906,126.85932922363281,407.5918884277344,75.7418212890625,68.33074951171875,83.24853515625,65.29136657714844
2023-10-04,84.08488464355469,34.59025573730469,61.144813537597656,169.13999938964844,166.04505920410156,88.84937286376953,135.71517944335938,354.08807373046875,127.85123443603516,410.5599365234375,76.81038665771484,68.76107025146484,83.24853515625,66.0893783569336
2023-10-05,84.13907623291016,34.720603942871094,61.68180465698242,168.8300018310547,166.171142578125,88.74320220947266,135.49990844726562,353.0447998046875,127.90957641601562,410.4052734375,76.42747497558594,68.62718200683594,83.17362976074219,66.45697021484375
2023-10-06,83.81378173828125,35.22339630126953,62.364437103271484,169.6999969482422,167.7712860107422,88.47770690917969,137.51600646972656,358.960205078125,129.71841430664062,415.2779235839844,75.50141906738281,69.07659912109375,83.73548889160156,66.63630676269531
2023-10-09,84.68128967285156,35.0557975769043,62.27342224121094,172.82000732421875,168.74105834960938,89.57503509521484,138.3282928466797,360.79095458984375,130.7200469970703,417.93658447265625,77.27338409423828,69.64076232910156,84.40971374511719,67.36256408691406
2023-10-10,84.59996032714844,35.558589935302734,63.12897491455078,172.52999877929688,170.6515350341797,89.61041259765625,139.18959045410156,362.7889709472656,131.23544311523438,420.11187744140625,77.16654205322266,69.92762756347656,84.97156524658203,67.68533325195312
2023-10-11,84.988525390625,35.78205490112305,63.392921447753906,173.7899932861328,170.36056518554688,90.1590805053711,139.65933227539062,365.3775939941406,132.1690216064453,421.83282470703125,78.77827453613281,70.05194091796875,85.28059387207031,68.85990905761719
2023-10-12,84.25657653808594,35.38168716430664,62.865028381347656,173.25999450683594,166.51055908203125,89.22103881835938,138.72959899902344,364.10784912109375,131.7703094482422,419.2611083984375,76.64118957519531,69.55471801757812,84.26925659179688,67.85569763183594
2023-10-13,84.61802673339844,35.25132751464844,62.28251647949219,178.8300018310547,165.1238250732422,89.71662139892578,137.8096160888672,359.5310974121094,131.05067443847656,417.1728210449219,78.01249694824219,69.74593353271484,83.84786224365234,67.68533325195312
2023-10-16,84.14813232421875,35.51203918457031,62.737606048583984,177.9600067138672,167.79066467285156,89.09716796875,139.4342498779297,363.5961608886719,132.4996795654297,421.5621032714844,76.75692749023438,70.3866195678711,84.82173919677734,68.49229431152344
2023-10-17,83.54268646240234,35.41892623901367,62.774009704589844,178.2899932861328,169.66232299804688,88.3891830444336,139.28744506835938,362.4051513671875,132.28573608398438,421.5427551269531,75.91100311279297,70.3770523071289,85.12140655517578,68.3936767578125
2023-10-18,83.15409851074219,34.87888717651367,61.68180465698242,180.8699951171875,166.171142578125,87.68123626708984,137.52581787109375,357.651123046875,130.5936279296875,415.9256896972656,75.24314880371094,69.85114288330078,83.98832702636719,66.94115447998047
2023-10-19,82.83784484863281,34.67404556274414,61.135719299316406,183.08999633789062,163.52366638183594,86.9732894897461,136.61561584472656,354.3046569824219,129.27101135253906,412.27117919921875,73.70269012451172,69.10529327392578,83.22044372558594,65.35416412353516
2023-10-20,83.13602447509766,34.255062103271484,60.58961868286133,183.58999633789062,161.40951538085938,87.3183822631836,135.13778686523438,349.0191955566406,127.85123443603516,407.2051696777344,74.12120819091797,68.56981658935547,82.43384552001953,64.9148178100586
2023-10-23,83.46137237548828,34.22712326049805,60.635128021240234,182.97000122070312,160.04214477539062,87.99983215332031,135.54885864257812,350.0722961425781,127.78312683105469,406.4993896484375,75.01165771484375,68.18733978271484,81.58171081542969,64.27820587158203
2023-10-24,83.75957489013672,34.664737701416016,60.980987548828125,182.9499969482422,161.4386444091797,88.49541473388672,136.87986755371094,353.4778137207031,128.71676635742188,409.5641174316406,76.00004577636719,68.70367431640625,82.3027572631836,65.10308837890625
2023-10-25,83.13602447509766,34.20850372314453,60.54410171508789,183.72000122070312,158.77175903320312,87.69007873535156,134.8050537109375,344.8262634277344,126.68427276611328,403.68597412109375,74.30819702148438,68.55068969726562,81.42249298095703,63.70437240600586
2023-10-26,83.6963119506836,34.04090118408203,60.10722732543945,184.00999450683594,159.17904663085938,88.32722473144531,132.61276245117188,338.2513122558594,124.59344482421875,398.8520202636719,75.4479751586914,68.2925033569336,81.15094757080078,64.92377471923828
2023-10-27,83.66918182373047,34.012969970703125,59.92518997192383,186.14999389648438,157.30738830566406,88.1502685546875,132.49534606933594,339.8753662109375,124.14611053466797,397.04412841796875,75.12742614746094,67.47018432617188,80.48605346679688,63.88369369506836
2023-10-30,83.47040557861328,34.36678695678711,60.68973159790039,185.10000610351562,158.18017578125,87.88478088378906,133.93399047851562,343.7041320800781,125.70206451416016,401.7911376953125,74.78903198242188,68.12039947509766,81.04792785644531,64.28717041015625
2023-10-31,83.41616821289062,34.1712532043457,60.90817642211914,184.08999633789062,159.5475616455078,87.76087951660156,134.50161743164062,345.34783935546875,126.26612091064453,404.31439208984375,74.42396545410156,68.6080551147461,81.89070892333984,65.38104248046875
2023-11-01,84.33795928955078,34.487831115722656,61.4815788269043,183.50999450683594,160.4591522216797,89.01680755615234,136.58624267578125,351.34197998046875,127.56917572021484,408.6263732910156,76.03764343261719,69.03834533691406,82.61177062988281,65.7845230102539
2023-11-02,84.84552764892578,35.093040466308594,62.737606048583984,184.1199951171875,164.73587036132812,90.07382202148438,139.10153198242188,357.7200012207031,130.15599060058594,416.4573669433594,77.77105712890625,69.97543334960938,84.18496704101562,67.94535064697266
2023-11-03,85.36214447021484,35.80998611450195,63.40202331542969,184.7899932861328,169.21621704101562,90.51790618896484,140.68698120117188,361.92279052734375,131.2743377685547,420.2569274902344,78.2982177734375,70.4917984008789,85.6270523071289,69.56822204589844
2023-11-06,84.93614196777344,36.098628997802734,63.083465576171875,183.35000610351562,167.10211181640625,90.03826141357422,141.42098999023438,363.3992004394531,131.73143005371094,421.2237243652344,77.5387191772461,70.6065444946289,85.17759704589844,68.56401824951172
2023-11-07,85.38933563232422,36.03345489501953,62.701194763183594,182.58999633789062,166.51055908203125,90.7577133178711,141.6265411376953,366.8343200683594,132.3148956298828,422.42254638671875,78.68240356445312,70.55872344970703,85.03711700439453,67.9991455078125
2023-11-08,85.67938232421875,35.79136657714844,62.619285583496094,180.77000427246094,164.73587036132812,91.2195816040039,142.22354125976562,367.0705261230469,132.7233123779297,422.73187255859375,80.02265930175781,70.63522338867188,84.25051879882812,68.22331237792969
2023-11-09,84.96334075927734,35.456172943115234,62.61018371582031,181.49000549316406,162.1853790283203,90.29582977294922,141.4014129638672,364.2457275390625,131.86756896972656,419.43511962890625,78.18204498291016,70.08064270019531,83.39836883544922,67.14737701416016
2023-11-10,85.1627426147461,35.70756530761719,62.8923225402832,179.50999450683594,163.9988555908203,90.74883270263672,143.87750244140625,372.43475341796875,134.00701904296875,425.9803161621094,78.61988830566406,70.68303680419922,84.61572265625,67.77499389648438
2023-11-13,85.15367126464844,35.69825744628906,63.05617141723633,180.50999450683594,164.05703735351562,90.7577133178711,144.30812072753906,371.2732849121094,133.7833251953125,425.57427978515625,78.44119262695312,70.7021713256836,84.28797149658203,67.21013641357422
2023-11-14,86.22318267822266,36.64797592163086,64.66715240478516,182.1199951171875,173.06626892089844,92.1788558959961,146.6765594482422,379.2654724121094,136.15615844726562,433.8307189941406,80.2192611694336,71.50538635253906,86.54478454589844,70.9400405883789
2023-11-15,85.68844604492188,36.955238342285156,64.56703186035156,181.63999938964844,173.36688232421875,91.69922637939453,145.8642578125,379.5509338378906,136.02972412109375,434.7491760253906,79.09342193603516,71.44801330566406,87.19090270996094,71.14627075195312
2023-11-16,86.15974426269531,36.60142517089844,64.52151489257812,183.69000244140625,170.564208984375,92.45420837402344,146.4514617919922,379.87579345703125,135.95196533203125,435.281005859375,80.07628631591797,71.44801330566406,86.59160614013672,70.99384307861328
2023-11-17,86.33197784423828,36.64797592163086,65.39527893066406,183.6699981689453,172.9013671875,92.72066497802734,146.7842254638672,379.9643249511719,136.02972412109375,435.8224182128906,80.45157623291016,71.47667694091797,87.19090270996094,70.9400405883789
2023-11-20,86.46793365478516,37.10421371459961,65.64102935791016,183.3699951171875,173.9099578857422,93.09370422363281,148.26205444335938,384.59033203125,137.1383819580078,439.1771545410156,80.94298553466797,71.72530364990234,87.59357452392578,71.46006774902344
2023-11-21,86.55856323242188,36.87144088745117,65.38617706298828,185.35000610351562,171.66976928710938,93.120361328125,147.772705078125,382.3561096191406,136.88552856445312,438.219970703125,80.90725708007812,71.94522857666016,86.92869567871094,70.95796966552734
2023-11-22,86.64014434814453,36.79695129394531,65.54090118408203,184.55999755859375,172.7462158203125,93.49340057373047,148.00753784179688,383.9210510253906,137.28421020507812,439.911865234375,81.19319152832031,72.44245910644531,87.34072875976562,71.30764770507812
2023-11-24,86.2413330078125,36.81556701660156,66.04149627685547,185.52000427246094,173.9099578857422,93.01378631591797,148.0858917236328,383.3797607421875,137.28421020507812,440.18255615234375,80.23712158203125,72.63370513916016,87.70594787597656,71.51387786865234
2023-11-27,86.73078918457031,36.66659927368164,65.81395721435547,186.77000427246094,173.3280792236328,93.76876068115234,147.66505432128906,383.04510498046875,136.87579345703125,439.38983154296875,81.5773696899414,72.43291473388672,87.41565704345703,71.7739028930664
2023-11-28,87.11144256591797,36.973854064941406,65.8321533203125,189.25999450683594,172.658935546875,94.14180755615234,147.1658935546875,384.04901123046875,136.77853393554688,439.8248596191406,81.73821258544922,72.35639190673828,87.29391479492188,72.24911499023438
2023-11-29,87.5374526977539,36.75970458984375,65.96868896484375,189.5399932861328,173.57054138183594,94.90567779541016,147.0386962890625,383.6749572753906,136.7104949951172,439.5155029296875,82.76573944091797,72.27991485595703,88.01496124267578,72.7511978149414
2023-11-30,87.2474136352539,36.834197998046875,65.91407775878906,188.75,174.22996520996094,94.40827941894531,146.9114532470703,382.71044921875,137.18702697753906,441.24603271484375,81.80970001220703,73.00662994384766,88.63300323486328,73.28022766113281
2023-12-01,88.01458740234375,36.99247741699219,66.60580444335938,192.00999450683594,179.3212890625,95.54495239257812,147.30294799804688,383.8029479980469,138.0038604736328,443.8564453125,83.35050964355469,73.513427734375,89.59754180908203,75.08240509033203
2023-12-04,87.67826843261719,36.573486328125,66.08700561523438,187.86000061035156,181.24147033691406,95.10810089111328,145.66848754882812,380.2398986816406,137.30368041992188,441.5264892578125,83.01886749267578,73.47516632080078,89.41024780273438,75.62931823730469
2023-12-05,88.25999450683594,36.35002517700195,65.8503646850586,187.14999389648438,178.81703186035156,95.86592102050781,145.64895629882812,381.1947021484375,137.235595703125,441.439453125,84.80255889892578,73.2265625,89.04502868652344,75.12723541259766
2023-12-06,88.48723602294922,36.303470611572266,66.05059051513672,187.83999633789062,178.49696350097656,96.2225341796875,144.2689971923828,378.9898986816406,136.83692932128906,439.6605529785156,85.93197631835938,73.1500473022461,88.85774993896484,74.90308380126953
2023-12-07,88.51449584960938,36.480377197265625,66.3691635131836,188.14999389648438,179.78677368164062,96.23143768310547,146.35357666015625,384.2852783203125,137.87745666503906,443.0153503417969,85.43897247314453,73.20742797851562,89.66307830810547,75.11824798583984
2023-12-08,88.0691146850586,36.322086334228516,66.56938934326172,185.63999938964844,181.15419006347656,95.71437072753906,147.58676147460938,385.9979248046875,138.5873565673828,444.919921875,84.73985290527344,73.17874908447266,90.29048156738281,74.99273681640625
2023-12-11,88.07818603515625,36.53624725341797,66.73322296142578,183.58999633789062,181.53240966796875,95.68760681152344,149.14288330078125,389.29510498046875,139.7835235595703,446.65045166015625,84.56059265136719,73.9245834350586,91.26438903808594,75.19896697998047
2023-12-12,88.34178161621094,36.54555130004883,66.85153198242188,183.49000549316406,181.34812927246094,96.23143768310547,150.47389221191406,392.3955383300781,140.87266540527344,448.6904602050781,84.81151580810547,74.2401351928711,90.9553451538086,75.15412902832031
2023-12-13,89.45075225830078,36.9086799621582,67.8254165649414,187.6300048828125,187.48681640625,97.8451156616211,151.44281005859375,397.3857727050781,142.4967041015625,454.8779602050781,86.80140686035156,75.18678283691406,92.3693618774414,78.03226470947266
2023-12-14,90.1727066040039,37.4487190246582,68.32601165771484,188.72999572753906,192.7042236328125,98.88567352294922,150.5325927734375,397.0413513183594,142.39944458007812,456.3377380371094,89.05934143066406,74.4313735961914,94.5044174194336,80.28276062011719
2023-12-15,89.96304321289062,37.22525405883789,67.66158294677734,187.0,191.08465576171875,98.74252319335938,151.21768188476562,398.9605712890625,142.27305603027344,455.58642578125,89.15830993652344,73.98197174072266,93.95193481445312,79.15303802490234
2023-12-18,89.78070831298828,37.206634521484375,67.8254165649414,187.85000610351562,191.15257263183594,98.33094024658203,152.89126586914062,401.4734802246094,143.26495361328125,458.149169921875,88.4478988647461,74.42181396484375,93.79273223876953,78.97369384765625
2023-12-19,89.89009094238281,37.5232048034668,68.3988265991211,189.1300048828125,194.8571319580078,98.45618438720703,153.7818603515625,403.5248718261719,143.91650390625,460.93511962890625,88.92449188232422,74.56525421142578,94.72915649414062,79.5744400024414
2023-12-20,90.21827697753906,36.84772491455078,67.70856475830078,188.10000610351562,191.0455780029297,98.71568298339844,151.2402801513672,397.52862548828125,142.042724609375,454.54779052734375,89.52696228027344,73.54605865478516,93.08536529541016,78.60609436035156
2023-12-21,90.20913696289062,37.540283203125,68.80524444580078,189.42999267578125,194.2964630126953,98.67990112304688,153.2511749267578,402.15399169921875,143.30101013183594,458.8577575683594,88.96044158935547,74.0941162109375,94.17871856689453,79.30318450927734
2023-12-22,90.09064483642578,37.36003112792969,68.8697509765625,190.27000427246094,196.10687255859375,98.5098876953125,153.38851928710938,402.755615234375,143.09619140625,459.7799072265625,88.5558090209961,74.44025421142578,94.64999389648438,79.6117935180664
2023-12-26,90.27296447753906,37.65412902832031,69.18309783935547,191.72000122070312,198.65699768066406,98.71568298339844,154.24192810058594,405.2211608886719,143.73995971679688,461.7213439941406,88.80757141113281,74.62293243408203,95.59252166748047,80.20178985595703
2023-12-27,90.84725189208984,37.8723258972168,69.55172729492188,192.58999633789062,199.35780334472656,99.63724517822266,154.62449645996094,406.0461120605469,144.01307678222656,462.55621337890625,90.3812255859375,74.7575454711914,95.65850067138672,80.59207916259766
2023-12-28,90.64671325683594,38.16642761230469,69.36739349365234,191.47000122070312,198.5985870361328,99.37779235839844,154.53619384765625,405.8487243652344,143.97113037109375,462.7309265136719,89.72479248046875,74.8825454711914,95.7150650024414,81.16390991210938
2023-12-29,90.47350311279297,38.14745330810547,69.44113159179688,191.1699981689453,195.35740661621094,99.01095581054688,153.8986053466797,404.0923156738281,143.61973571777344,461.3913269042969,88.91548919677734,75.02678680419922,95.34745788574219,80.20178985595703
2024-01-02,90.04507446289062,37.70156478881836,68.66700744628906,190.72000122070312,194.1991424560547,98.33988952636719,151.08331298828125,397.25421142578125,142.57534790039062,458.8092041015625,88.4029312133789,75.31523895263672,95.47942352294922,80.8916244506836
2024-01-03,90.09064483642578,37.49285125732422,68.15091705322266,189.1300048828125,189.02101135253906,98.11619567871094,149.79830932617188,393.0506591796875,141.65780639648438,455.062255859375,88.7716064453125,75.14216613769531,94.52745056152344,78.95826721191406
2024-01-04,89.72602844238281,37.369510650634766,68.30757904052734,189.32000732421875,188.65118408203125,97.5704345703125,149.41571044921875,391.0278625488281,141.16001892089844,453.596435546875,87.42278289794922,74.9979248046875,94.02790069580078,78.81304931640625
2024-01-05,89.51634979248047,37.41694259643555,68.3536605834961,189.35000610351562,188.09637451171875,97.22149658203125,149.7296142578125,391.4915466308594,141.28689575195312,454.2177429199219,86.58647918701172,74.86332702636719,94.55573272705078,78.61335754394531
2024-01-08,89.85362243652344,37.521305084228516,69.08171844482422,187.8699951171875,191.48353576660156,97.964111328125,153.27078247070312,399.5829162597656,143.37570190429688,460.7021484375,87.44072723388672,75.44023132324219,95.51712036132812,79.73887634277344
2024-01-09,89.8354263305664,36.99003601074219,68.4642562866211,187.92999267578125,189.77047729492188,98.13410949707031,153.79067993164062,400.3723449707031,143.26834106445312,460.0032043457031,86.88325500488281,75.29600524902344,94.77252197265625,79.20333862304688
2024-01-10,89.6622085571289,36.90464782714844,68.90660858154297,187.5,189.87754821777344,98.00884246826172,155.29150390625,403.0858459472656,144.12728881835938,462.6047668457031,86.47858428955078,75.4883041381836,94.5651626586914,79.29410552978516
2024-01-11,90.1727066040039,37.05644989013672,68.89739227294922,187.8699951171875,188.38833618164062,98.59938049316406,156.1841583251953,403.9245910644531,144.47866821289062,462.4008483886719,86.96415710449219,75.41139221191406,94.08446502685547,78.55888366699219
2024-01-12,90.33676147460938,37.18926239013672,69.18309783935547,189.7100067138672,188.076904296875,98.8141098022461,156.49807739257812,404.1318359375,144.830078125,462.7212219238281,86.79331970214844,75.77674102783203,93.82999420166016,79.0308837890625
2024-01-16,89.6622085571289,36.287994384765625,68.02189636230469,187.91000366210938,185.7506103515625,97.81201171875,156.89044189453125,404.0923156738281,144.20538330078125,461.0224914550781,85.26460266113281,75.55561065673828,93.3304214477539,78.4499740600586
2024-01-17,89.41609191894531,35.747222900390625,67.37679290771484,185.83999633789062,184.42686462402344,97.60620880126953,155.99778747558594,401.8129577636719,143.62948608398438,458.4597473144531,85.12972259521484,75.39213562011719,92.52926635742188,77.01586151123047
2024-01-18,89.33406066894531,36.041324615478516,67.97581481933594,187.3699951171875,185.51702880859375,97.4183349609375,158.03814697265625,407.51629638671875,145.0935821533203,462.5367736816406,84.33843231201172,75.76714324951172,92.7083511352539,76.59832000732422
2024-01-19,89.3522720336914,36.420806884765625,68.13247680664062,187.92999267578125,187.2982177734375,97.51673889160156,161.44198608398438,415.5978088378906,147.20191955566406,468.30279541015625,84.60820007324219,76.3248062133789,93.96194458007812,77.51508331298828
2024-01-22,89.51634979248047,36.09825134277344,68.34444427490234,187.22000122070312,191.29861450195312,97.78514099121094,161.8735809326172,416.1405334472656,147.71926879882812,469.2929992675781,85.11177825927734,76.45941925048828,94.32009887695312,77.97799682617188
2024-01-23,89.29757690429688,36.411319732666016,68.15091705322266,187.9499969482422,190.74378967285156,97.42724609375,162.0109100341797,417.8673400878906,147.38739013671875,470.66162109375,84.43733978271484,76.78633880615234,94.67826843261719,77.44246673583984
2024-01-24,89.09701538085938,36.81926727294922,68.66700744628906,186.39999389648438,189.17674255371094,97.2393569946289,163.6098175048828,420.1861267089844,147.6509246826172,471.1761779785156,83.94277954101562,76.44981384277344,94.38607025146484,76.33509826660156
2024-01-25,89.49813842773438,36.866703033447266,68.86052703857422,187.13999938964844,190.74378967285156,97.8835678100586,164.71826171875,420.6993408203125,148.08041381835938,473.73883056640625,84.49130249023438,76.84403228759766,95.65850067138672,77.31539154052734
2024-01-26,89.39786529541016,36.89516067504883,69.16465759277344,187.00999450683594,190.7535400390625,97.60620880126953,163.9629669189453,418.1929016113281,147.72900390625,473.13702392578125,84.32945251464844,76.9017333984375,94.70654296875,77.09754943847656
2024-01-29,89.75334167480469,36.91413497924805,69.57014465332031,188.3300018310547,194.0920867919922,98.00884246826172,165.8365478515625,422.47540283203125,149.0760040283203,476.8840026855469,85.30058288574219,77.12288665771484,95.03641510009766,77.60584259033203
2024-01-30,89.92656707763672,36.62003707885742,69.47798919677734,188.58999633789062,192.43743896484375,98.32200622558594,165.47360229492188,419.6632385253906,149.0760040283203,476.5151062011719,86.07394409179688,77.38249969482422,95.54540252685547,76.87969970703125
2024-01-31,90.33676147460938,36.420806884765625,69.1277847290039,188.4499969482422,187.73622131347656,98.5725326538086,162.4915771484375,411.4436340332031,146.89935302734375,468.7396545410156,86.91924285888672,76.6517333984375,94.536865234375,76.14448547363281
2024-02-01,90.85152435302734,36.77183151245117,69.80975341796875,190.41000366210938,190.22796630859375,99.33486938476562,165.26760864257812,416.2885437011719,148.65628051757812,474.87457275390625,88.62422180175781,77.52670288085938,95.35688018798828,77.5241470336914
2024-02-02,90.01950073242188,36.667476654052734,69.25680541992188,188.61000061035156,189.22543334960938,98.427978515625,169.59352111816406,423.32403564453125,150.60842895507812,479.873779296875,86.66664123535156,77.25748443603516,94.94217681884766,76.56200408935547
2024-02-05,89.27894592285156,36.714908599853516,68.88817596435547,187.57000732421875,186.8212890625,97.48516082763672,170.0153350830078,422.77142333984375,150.5205841064453,478.12646484375,84.91649627685547,76.79595947265625,94.11273956298828,74.95545196533203
2024-02-06,89.74524688720703,37.54977035522461,69.3121109008789,188.5500030517578,188.50515747070312,98.03291320800781,169.2698211669922,421.9228515625,150.78411865234375,479.5146484375,85.74646759033203,76.94979858398438,94.536865234375,75.96296691894531
2024-02-07,89.56238555908203,37.597206115722656,69.27523803710938,188.5,188.06715393066406,97.74555206298828,172.00662231445312,426.2644958496094,152.5508270263672,483.5140075683594,85.33145904541016,77.28634643554688,94.70654296875,75.8540267944336
2024-02-08,89.28809356689453,37.388484954833984,69.15543365478516,188.3300018310547,190.9190216064453,97.24272918701172,172.7521209716797,427.0539855957031,152.9119873046875,483.7275390625,84.83531188964844,77.17095947265625,94.7442398071289,76.47125244140625
2024-02-09,89.26067352294922,37.54977035522461,69.39505004882812,187.60000610351562,194.02394104003906,97.11702728271484,175.0573272705078,431.2574462890625,153.8685302734375,486.5231628417969,84.66392517089844,77.25748443603516,95.09296417236328,76.58924865722656
2024-02-12,89.27894592285156,37.84386444091797,69.51485443115234,187.11000061035156,197.5474090576172,97.1259994506836,174.02734375,429.5701904296875,153.8587646484375,486.3096008300781,84.76315307617188,77.19979095458984,96.13920593261719,76.60740661621094
2024-02-13,88.45610046386719,37.1323356628418,68.44581604003906,184.52999877929688,189.4200897216797,96.05750274658203,171.95758056640625,422.8701477050781,151.94566345214844,479.6116638183594,83.31069946289062,76.62289428710938,94.32951354980469,75.0280532836914
2024-02-14,88.8492431640625,37.66361618041992,69.21074676513672,184.4199981689453,193.81954956054688,96.5064697265625,175.40065002441406,427.47821044921875,153.4878692626953,483.9701843261719,83.73472595214844,77.00748443603516,95.1966552734375,75.61803436279297
2024-02-15,89.05953216552734,37.84386444091797,69.99407958984375,185.66000366210938,198.98794555664062,96.85662841796875,175.73416137695312,428.75115966796875,154.37608337402344,487.3094482421875,84.16776275634766,77.54595184326172,96.2240219116211,77.37891387939453
2024-02-16,88.7761001586914,38.02412414550781,70.10467529296875,186.33999633789062,196.28208923339844,96.5064697265625,173.99789428710938,424.86334228515625,153.20481872558594,484.8826904296875,83.68061065673828,77.3632583618164,95.75274658203125,76.58016967773438
2024-02-20,88.85841369628906,38.0810432434082,70.39035034179688,187.47000122070312,193.5762176513672,96.82968139648438,171.81045532226562,421.6564636230469,152.06275939941406,482.2131652832031,83.75275421142578,77.32479858398438,95.5831069946289,76.44403076171875
2024-02-21,88.59325408935547,38.14745330810547,70.44566345214844,187.47999572753906,192.66127014160156,96.58727264404297,170.2605743408203,419.9691162109375,152.30679321289062,482.6500244140625,83.15738677978516,77.5651626586914,95.78103637695312,76.87064361572266
2024-02-22,88.66638946533203,38.53641891479492,71.23822021484375,187.55999755859375,194.12127685546875,96.73990631103516,176.9505157470703,432.26397705078125,156.23062133789062,492.6387023925781,83.5633316040039,78.36321258544922,96.26172637939453,77.01586151123047
2024-02-23,88.99552917480469,38.5174446105957,71.33037567138672,188.6199951171875,194.55929565429688,97.02725219726562,176.62681579589844,430.99102783203125,156.42584228515625,492.9784240722656,84.68194580078125,78.64205932617188,96.4879379272461,76.97954559326172
2024-02-26,88.80351257324219,38.3466796875,71.22900390625,188.1999969482422,195.78565979003906,96.72193908691406,177.09765625,430.7640686035156,156.27943420410156,491.17291259765625,84.42936706542969,78.27670288085938,96.1297607421875,76.13540649414062
2024-02-27,88.68468475341797,38.42258071899414,71.42253112792969,188.0,198.5596466064453,96.58727264404297,177.20556640625,431.8002014160156,156.26968383789062,492.08538818359375,83.8339614868164,78.30553436279297,96.4879379272461,76.2261734008789
2024-02-28,88.85841369628906,37.91976547241211,71.00782775878906,188.33999633789062,196.92446899414062,96.57829284667969,176.8328094482422,429.5010681152344,155.9280548095703,491.43505859375,84.36619567871094,78.36321258544922,96.28057861328125,76.99771118164062
2024-02-29,89.0046615600586,37.93873977661133,71.19213104248047,189.30999755859375,198.29689025878906,96.66808319091797,178.73582458496094,433.181640625,156.4453582763672,493.2016906738281,84.96162414550781,78.25745391845703,96.92150115966797,77.65122985839844
2024-03-01,89.43196105957031,38.40360641479492,71.88331604003906,192.88999938964844,200.3992462158203,97.25656127929688,182.92440795898438,439.7039794921875,158.4951171875,497.8320617675781,85.49101257324219,78.64205932617188,97.92059326171875,78.57704162597656
2024-03-04,89.2119140625,38.31821823120117,71.69900512695312,196.00999450683594,200.21432495117188,97.07633209228516,184.15057373046875,438.13507080078125,158.3780059814453,497.2981262207031,85.14712524414062,78.73821258544922,98.3918685913086,79.31227111816406
2024-03-05,89.69791412353516,37.976688385009766,71.56998443603516,197.19000244140625,198.29689025878906,97.60800170898438,180.8055877685547,430.2707214355469,156.66009521484375,492.32806396484375,86.3597640991211,78.23823547363281,97.87347412109375,78.35012817382812
2024-03-06,89.83544158935547,38.526939392089844,72.41783905029297,198.80999755859375,199.7763214111328,97.8693618774414,182.5811004638672,432.9744567871094,157.80210876464844,494.82281494140625,86.8665542602539,78.78630065917969,98.75003814697266,78.74043273925781
2024-03-07,90.02800750732422,38.76411437988281,73.27491760253906,199.94000244140625,201.4407501220703,98.11268615722656,185.59254455566406,439.5461120605469,159.64688110351562,499.7345886230469,86.78508758544922,79.07473754882812,99.4098129272461,78.72227478027344
2024-03-08,90.11055755615234,38.726165771484375,73.0353012084961,201.6300048828125,201.31422424316406,98.24784851074219,182.12002563476562,433.20135498046875,157.74351501464844,496.735107421875,86.6312484741211,78.9689712524414,99.042236328125,79.62996673583984
2024-03-11,90.0096664428711,38.81155014038086,72.6205825805664,202.0,199.71791076660156,98.26587677001953,179.7167510986328,431.5930480957031,157.3043212890625,496.3079833984375,86.58600616455078,79.24781036376953,99.50405883789062,79.24871826171875
2024-03-12,89.78044128417969,39.238468170166016,73.20117950439453,199.7899932861328,199.4454345703125,97.9504623413086,183.49334716796875,437.7798156738281,159.5980682373047,501.64697265625,85.86204528808594,79.57473754882812,99.73027801513672,79.07626342773438
2024-03-13,89.61536407470703,39.11513137817383,73.21039581298828,201.19000244140625,200.2240753173828,97.8513412475586,182.48301696777344,434.41510009765625,159.3638458251953,500.860595703125,85.44573974609375,79.46895599365234,99.64545440673828,78.67689514160156
2024-03-14,89.0468521118164,38.91590881347656,72.6758804321289,200.35000610351562,196.64222717285156,97.13040161132812,181.5118865966797,433.3197937011719,159.11004638671875,499.87054443359375,84.13357543945312,79.19012451171875,98.53324890136719,77.4969253540039
2024-03-15,89.03767395019531,38.67873001098633,72.70352935791016,199.7100067138672,197.01205444335938,97.15742492675781,179.05953979492188,428.1689453125,157.61663818359375,496.4381103515625,84.10643768310547,79.02667236328125,98.45785522460938,77.32445526123047
2024-03-18,88.94597625732422,38.745140075683594,72.68510437011719,200.02999877929688,195.8830108642578,96.99518585205078,180.35435485839844,432.2525939941406,158.5048828125,499.3885498046875,83.85304260253906,79.2093505859375,98.77831268310547,77.36077117919922
2024-03-19,89.16606140136719,38.55540084838867,72.81411743164062,199.8000030517578,196.71034240722656,97.27458953857422,181.12928771972656,433.3295593261719,159.43212890625,502.16375732421875,84.08831024169922,79.69010925292969,99.20244598388672,77.33354187011719
2024-03-20,89.3494644165039,38.99179458618164,73.58824157714844,202.17999267578125,200.6036834716797,97.4548110961914,183.25794982910156,438.4674377441406,160.99388122558594,506.808349609375,84.0611801147461,79.90164184570312,100.41832733154297,77.84183502197266
2024-03-21,89.41366577148438,39.03923797607422,73.55137634277344,201.97000122070312,202.9085235595703,97.59901428222656,185.16455078125,440.5423278808594,161.84988403320312,508.4832458496094,84.2421646118164,80.05614471435547,101.13932800292969,78.40458679199219
2024-03-22,89.69791412353516,38.76411437988281,73.39471435546875,200.35000610351562,200.10797119140625,97.93244934082031,185.1547393798828,441.0462341308594,161.008544921875,507.51922607421875,85.0475845336914,79.85335540771484,100.66498565673828,77.41777038574219
2024-03-25,89.53286743164062,38.792572021484375,73.23805236816406,200.99000549316406,200.5665740966797,97.59901428222656,184.938720703125,439.4455871582031,160.38241577148438,506.1170349121094,84.62226104736328,79.6022720336914,100.54167175292969,76.94174194335938
2024-03-26,89.62454223632812,38.76411437988281,73.32097625732422,201.63999938964844,200.20555114746094,97.57196044921875,184.31039428710938,438.0228271484375,159.76609802246094,505.1822204589844,84.85753631591797,79.59262084960938,100.50373077392578,76.63048553466797
2024-03-27,89.91797637939453,38.83052062988281,73.76334381103516,203.10000610351562,204.5673828125,98.24784851074219,184.30059814453125,439.5147399902344,160.59767150878906,509.427734375,85.69915008544922,80.51968383789062,102.2587890625,78.60782623291016
2024-03-28,89.80792999267578,38.97282791137695,73.59746551513672,205.72000122070312,205.21144104003906,98.15775299072266,183.93731689453125,438.70452880859375,160.78353881835938,509.3303527832031,85.62672424316406,80.71282196044922,102.7520980834961,79.16624450683594
2024-04-01,89.15495300292969,39.03923797607422,73.28411865234375,207.82000732421875,203.27932739257812,97.21785736083984,184.13368225097656,439.6333312988281,160.31394958496094,508.4442443847656,84.03060150146484,80.4231185913086,102.34416961669922,77.83885192871094
2024-04-02,89.09058380126953,39.162567138671875,72.76802825927734,210.88999938964844,199.5419921875,97.0731201171875,182.92608642578125,435.83917236328125,159.3160858154297,505.21148681640625,83.5675277709961,80.00787353515625,101.31009674072266,76.85934448242188
2024-04-03,89.14576721191406,39.19103240966797,73.17353820800781,212.74000549316406,200.84959411621094,97.13644409179688,184.48712158203125,436.8174133300781,159.364990234375,505.7664794921875,83.54935455322266,79.82439422607422,101.26266479492188,76.94174194335938
2024-04-04,89.35729217529297,39.04872131347656,72.54685974121094,211.52000427246094,198.8394317626953,97.2449951171875,180.96250915527344,430.1381530761719,157.11492919921875,499.593017578125,84.14860534667969,79.12909698486328,100.20014190673828,76.4474105834961
2024-04-05,88.91582489013672,39.13410949707031,72.7772445678711,215.13999938964844,199.50296020507812,96.8198471069336,184.16311645507812,435.20684814453125,159.0128173828125,504.81219482421875,82.97737121582031,79.5153579711914,100.60807800292969,76.8410415649414
2024-04-08,88.83306121826172,39.3902587890625,73.13666534423828,216.47999572753906,200.59585571289062,96.81077575683594,183.6820526123047,435.3352966308594,158.9149932861328,505.0946044921875,82.9682846069336,79.46707916259766,100.52268981933594,77.66492462158203
2024-04-09,89.13656616210938,39.6558952331543,73.12744903564453,217.6699981689453,201.3862762451172,97.30829620361328,182.5235595703125,436.94580078125,158.9345703125,505.6788330078125,83.74003601074219,79.48638916015625,100.93063354492188,78.6993637084961
2024-04-10,88.0697250366211,39.11513137817383,72.15979766845703,215.61000061035156,196.06814575195312,95.92426300048828,181.79701232910156,433.1319274902344,157.3888397216797,500.615478515625,81.91507720947266,78.71383666992188,98.89094543457031,75.4404296875
2024-04-11,88.08810424804688,39.35231018066406,72.35333251953125,219.8000030517578,197.39523315429688,95.72526550292969,183.82933044433594,440.04827880859375,158.78782653808594,504.3935241699219,81.54280853271484,78.5496597290039,98.90992736816406,75.69676208496094
2024-04-12,88.253662109375,38.45103454589844,71.18291473388672,216.88999938964844,193.88235473632812,95.94235229492188,180.55015563964844,433.03314208984375,156.67469787597656,497.4313659667969,81.97862243652344,77.69986724853516,97.19279479980469,74.79963684082031
2024-04-15,87.7202377319336,38.204376220703125,70.97095489501953,220.9499969482422,191.042724609375,94.88398742675781,177.48699951171875,425.9092712402344,154.73765563964844,491.199462890625,80.7074966430664,77.23632049560547,96.69950103759766,73.52719116210938
2024-04-16,87.47193145751953,37.70156478881836,70.27055358886719,221.22000122070312,190.3401641845703,94.5673599243164,178.37062072753906,425.9488220214844,154.8843994140625,490.3035888671875,80.17179870605469,77.17838287353516,96.03540802001953,72.49275970458984
2024-04-17,87.87659454345703,37.673095703125,70.31663513183594,219.58999633789062,188.3300018310547,95.08300018310547,175.9553985595703,420.751708984375,153.79847717285156,487.40191650390625,81.06159973144531,77.17838287353516,95.64644622802734,71.96180725097656
2024-04-18,87.62825775146484,37.824893951416016,70.12310028076172,220.33999633789062,188.17388916015625,94.89302825927734,174.8754425048828,418.3507080078125,153.46583557128906,486.3989562988281,80.65300750732422,77.2556381225586,95.67491912841797,71.97096252441406
2024-04-19,87.7202377319336,37.673095703125,70.15074157714844,221.02999877929688,188.4666290283203,94.99253845214844,170.4181365966797,409.69537353515625,151.2059783935547,482.1534729003906,80.94355010986328,77.73847198486328,96.0448989868164,72.3188247680664
2024-04-22,87.77540588378906,38.0810432434082,70.97095489501953,215.57000732421875,190.57437133789062,95.22773742675781,172.11663818359375,413.81561279296875,152.49734497070312,486.59368896484375,80.807373046875,78.09578704833984,96.75640869140625,72.9596176147461
2024-04-23,87.95936584472656,38.39411926269531,71.74507904052734,215.0399932861328,193.76524353027344,95.39054107666016,175.8081512451172,419.9908752441406,154.24850463867188,492.367919921875,80.8345947265625,78.385498046875,97.52484893798828,73.62787628173828
2024-04-24,87.72945404052734,38.526939392089844,71.60684204101562,214.63999938964844,192.8967742919922,95.0196762084961,175.00306701660156,421.4136657714844,154.14085388183594,492.13421630859375,80.26258087158203,78.559326171875,97.82843017578125,73.76519775390625
2024-04-25,87.48112487792969,38.61231994628906,71.27507019042969,215.9199981689453,191.72579956054688,94.73921966552734,174.19801330566406,419.3782958984375,153.6713104248047,490.2646484375,79.69966888427734,78.43378448486328,97.240234375,73.34410095214844
2024-04-26,87.67426300048828,39.058204650878906,71.84645080566406,216.6199951171875,193.56033325195312,95.10107421875,176.40701293945312,425.8500671386719,155.5985565185547,494.9093933105469,80.11732482910156,78.15372467041016,96.92716979980469,73.38072204589844
2024-04-29,87.94096374511719,39.43769073486328,72.12293243408203,216.17999267578125,195.12161254882812,95.49911499023438,176.4659423828125,427.5791015625,155.520263671875,496.662109375,80.7892074584961,78.49172973632812,97.53433227539062,74.13137817382812
2024-04-30,87.58229064941406,38.8874397277832,71.21056365966797,211.8699951171875,191.15985107421875,94.97445678710938,173.88381958007812,419.5165710449219,153.55389404296875,488.79437255859375,80.09916687011719,77.6902084350586,95.76976776123047,72.87722778320312
2024-05-01,87.89134979248047,38.92538833618164,71.05389404296875,213.7899932861328,191.55990600585938,95.3695068359375,172.09698486328125,416.4832763671875,152.8006134033203,487.20721435546875,80.6895751953125,77.58397674560547,95.02032470703125,72.90469360351562
2024-05-02,88.28804016113281,39.9310188293457,72.01233673095703,213.1300048828125,195.0825653076172,95.95982360839844,173.98202514648438,421.7989501953125,153.95498657226562,491.76422119140625,81.03580474853516,77.87368774414062,95.61799621582031,73.92998504638672
2024-05-03,88.7400894165039,40.29153060913086,72.73117065429688,212.9600067138672,197.01467895507812,96.63189697265625,176.81936645507812,430.2764587402344,155.73550415039062,497.8597717285156,81.85581970214844,78.32756042480469,96.23462677001953,74.42431640625
2024-05-06,88.80465698242188,40.329471588134766,73.22882843017578,215.1999969482422,199.56150817871094,96.90434265136719,180.4127197265625,434.989501953125,157.83883666992188,503.0010681152344,82.17472076416016,78.80075073242188,97.02204132080078,74.48838806152344
2024-05-07,88.98916625976562,40.101783752441406,73.42235565185547,214.2100067138672,200.01039123535156,96.94976043701172,180.30471801757812,435.0586853027344,158.34759521484375,503.5561218261719,82.67585754394531,79.30290985107422,96.91769409179688,75.19326782226562
2024-05-08,88.80465698242188,40.11127471923828,73.33941650390625,213.5800018310547,198.8491668701172,96.70455169677734,180.55996704101562,434.8017272949219,158.34759521484375,503.60479736328125,82.17472076416016,79.32221984863281,97.09794616699219,74.56161499023438
2024-05-09,88.97071838378906,40.23460388183594,73.90158081054688,216.9499969482422,200.8788604736328,96.85894012451172,180.9330596923828,435.7502746582031,158.86605834960938,506.5063781738281,82.57560729980469,79.78575897216797,97.76201629638672,76.09037780761719
2024-05-10,88.78622436523438,40.31999206542969,74.03981018066406,218.7100067138672,199.3663330078125,96.55014038085938,181.25704956054688,436.7778625488281,159.40414428710938,507.1589660644531,82.11095428466797,80.0658187866211,97.95176696777344,75.87984466552734
2024-05-13,88.83234405517578,40.623573303222656,74.03981018066406,216.25999450683594,199.78594970703125,96.58647918701172,180.33416748046875,437.78564453125,159.30628967285156,507.22698974609375,82.32048797607422,80.0658187866211,98.20789337158203,76.12699890136719
2024-05-14,89.07223510742188,40.84177780151367,74.59276580810547,218.08999633789062,201.85464477539062,96.86802673339844,181.5024871826172,440.6015930175781,160.0106964111328,509.5541687011719,82.78518676757812,80.14306640625,98.61582946777344,76.71287536621094
2024-05-15,89.66266632080078,41.27818298339844,75.38533020019531,220.88999938964844,204.3722381591797,97.73079681396484,185.73397827148438,447.4883117675781,162.60321044921875,515.8641967773438,83.91496276855469,80.68385314941406,99.63092803955078,77.77477264404297
2024-05-16,89.5611572265625,41.363563537597656,74.9798355102539,220.02999877929688,202.89874267578125,97.57642364501953,184.1533203125,446.579345703125,161.97706604003906,514.802734375,83.83296203613281,81.00252532958984,99.19453430175781,77.7198486328125
2024-05-17,89.27518463134766,41.5438232421875,75.23786926269531,223.66000366210938,203.04513549804688,97.34938049316406,183.9864044189453,446.3619384765625,161.94773864746094,515.5427856445312,83.2680892944336,81.18601989746094,99.29888916015625,77.71070098876953
2024-05-20,89.19212341308594,41.39202880859375,75.29316711425781,224.55999755859375,203.4939727783203,97.303955078125,185.5572509765625,449.4743347167969,162.49554443359375,516.13671875,83.0220718383789,81.06048583984375,99.04273223876953,77.25298309326172
2024-05-21,89.35819244384766,41.1358757019043,75.1733627319336,224.22999572753906,203.298828125,97.46743774414062,185.65542602539062,450.3536682128906,162.642333984375,517.4026489257812,83.45030212402344,81.01217651367188,99.05223083496094,77.22552490234375
2024-05-22,89.24749755859375,41.00305938720703,74.4637451171875,220.11000061035156,201.5814208984375,97.32212829589844,185.3118133544922,450.2646789550781,162.14340209960938,515.9127807617188,83.55052185058594,80.96390533447266,98.8530044555664,76.52979278564453
2024-05-23,88.9983901977539,40.69947052001953,74.08589172363281,215.72000122070312,198.2734375,96.8952865600586,185.25289916992188,448.2392578125,161.7520751953125,512.1444702148438,83.012939453125,80.03682708740234,97.50586700439453,74.88201904296875
2024-05-24,89.09988403320312,40.81331253051758,74.69413757324219,215.9199981689453,200.46902465820312,97.15865325927734,187.11830139160156,452.4779968261719,162.9064483642578,515.5330200195312,83.25896453857422,80.17202758789062,98.113037109375,74.93695068359375
2024-05-28,88.68473815917969,40.75639343261719,74.66648864746094,218.19000244140625,200.19580078125,96.57740783691406,187.92337036132812,454.18731689453125,163.30755615234375,515.893310546875,82.06536865234375,79.40914154052734,97.37305450439453,74.44261932373047
2024-05-29,88.3433837890625,40.14921951293945,73.48686218261719,216.16000366210938,197.23910522460938,96.05972290039062,186.55870056152344,450.98602294921875,162.00643920898438,512.2807006835938,81.07225799560547,78.733154296875,96.31051635742188,73.71942138671875
2024-05-30,88.75855255126953,40.035377502441406,74.10432434082031,216.57000732421875,199.11264038085938,96.65005493164062,183.27951049804688,446.1544189453125,161.1161651611328,508.8824157714844,81.85581970214844,78.86833953857422,97.22126770019531,74.79963684082031
2024-05-31,89.04450988769531,39.64640808105469,74.8139419555664,215.3000030517578,200.79104614257812,97.07691955566406,183.20098876953125,445.3244934082031,162.14340209960938,513.5173950195312,82.41160583496094,79.9595947265625,98.76763153076172,76.20024108886719
2024-06-03,89.5831298828125,40.0638427734375,75.02590942382812,217.22000122070312,199.65908813476562,97.74697875976562,182.88681030273438,447.71563720703125,162.2901153564453,513.9360961914062,83.74459075927734,79.74712371826172,98.14149475097656,76.02632141113281
2024-06-04,89.90702819824219,39.50410079956055,74.93375396728516,215.27000427246094,197.08299255371094,98.12985229492188,182.3959197998047,448.9407043457031,162.6814422607422,514.5106201171875,84.72283172607422,80.1334228515625,97.78099822998047,76.61219024658203
2024-06-05,90.1846694946289,40.13973617553711,75.45905303955078,217.82000732421875,200.0981903076172,98.45805358886719,186.55870056152344,457.9913330078125,164.7456512451172,520.6256103515625,85.34451293945312,80.32654571533203,98.4071273803711,76.52063751220703
2024-06-06,90.21244812011719,40.33896255493164,75.71710205078125,219.42999267578125,198.6637725830078,98.39423370361328,185.6947021484375,457.83319091796875,164.67715454101562,520.6159057617188,85.21653747558594,80.38448333740234,98.15097045898438,76.6671142578125
2024-06-07,89.41654205322266,39.883583068847656,74.89688873291016,211.60000610351562,196.3316192626953,97.50992584228516,185.84197998046875,457.4281005859375,164.50106811523438,519.9829711914062,83.65314483642578,80.23963928222656,97.94226837158203,75.94391632080078
2024-06-10,89.34251403808594,40.120758056640625,74.84159088134766,213.5399932861328,197.00489807128906,97.30935668945312,187.90371704101562,459.2757568359375,165.16632080078125,521.589599609375,83.09546661376953,80.4231185913086,98.35968780517578,76.20024108886719
2024-06-11,89.64791870117188,39.98702621459961,73.99114227294922,214.14999389648438,196.33168029785156,97.72874450683594,187.42018127441406,462.4276428222656,165.9260711669922,522.845703125,83.95484161376953,80.35624694824219,97.87403869628906,75.92561340332031
2024-06-12,90.07362365722656,40.38822937011719,74.8631591796875,214.72000122070312,199.34555053710938,98.33042907714844,189.53321838378906,468.484375,167.04360961914062,527.1398315429688,84.585693359375,80.2690200805664,97.99807739257812,76.60302734375
2024-06-13,90.52710723876953,40.292701721191406,73.79422760009766,212.97000122070312,197.60374450683594,98.79537200927734,191.2531280517578,471.0237121582031,167.49453735351562,528.201171875,85.82904052734375,80.25932312011719,97.62596893310547,76.91427612304688
2024-06-14,90.61962890625,40.34046936035156,72.97845458984375,215.72999572753906,194.4626922607422,98.87739562988281,191.3317413330078,473.46417236328125,167.75924682617188,528.522705078125,86.55130004882812,80.3174819946289,96.95807647705078,76.89596557617188
2024-06-17,90.29573059082031,40.598388671875,73.26912689208984,214.61000061035156,196.0968475341797,98.4124755859375,193.94598388671875,479.2640380859375,169.0924530029297,532.7291870117188,85.69190979003906,80.94744873046875,97.55916595458984,76.5938720703125
2024-06-18,90.61962890625,40.9709358215332,73.55980682373047,215.47000122070312,196.43931579589844,98.8683090209961,195.3809051513672,479.4122619628906,169.77865600585938,534.0825805664062,86.47816467285156,81.10252380371094,97.96945190429688,76.89596557617188
2024-06-20,90.46231842041016,40.90407180786133,73.606689453125,218.16000366210938,195.60757446289062,98.54010009765625,193.71995544433594,475.7169189453125,169.02381896972656,532.6317749023438,85.90219116210938,81.54835510253906,98.2270736694336,76.67626190185547
2024-06-21,90.47156524658203,40.760780334472656,73.0909652709961,214.77999877929688,196.0479278564453,98.56745910644531,192.05902099609375,474.4423522949219,168.6610870361328,531.9176635742188,85.90219116210938,81.53865814208984,98.38926696777344,76.8685073852539
2024-06-24,90.54559326171875,40.760780334472656,73.67232513427734,215.6300048828125,196.89923095703125,98.66776275634766,189.79855346679688,469.0409851074219,168.0532989501953,530.1886596679688,86.24959564208984,82.02326202392578,98.98081970214844,77.46353149414062
2024-06-25,90.53633880615234,40.665260314941406,73.8504867553711,214.55999755859375,196.25338745117188,98.63125610351562,191.54794311523438,474.4047546386719,168.8179473876953,532.2303466796875,86.39588165283203,81.62589263916016,98.38926696777344,76.511474609375
2024-06-26,90.12915802001953,40.579280853271484,73.306640625,212.5800018310547,195.7347869873047,98.0933837890625,190.99758911132812,475.3844909667969,168.45526123046875,532.89453125,85.16165161132812,81.28667449951172,97.94083404541016,76.27348327636719
2024-06-27,90.2772216796875,40.60793685913086,73.3628921508789,214.99000549316406,197.72119140625,98.28485870361328,191.70518493652344,476.6116027832031,168.35720825195312,533.7346801757812,85.49991607666016,81.46112823486328,97.89311981201172,77.01496124267578
2024-06-28,89.8330078125,40.684364318847656,73.44729614257812,215.00999450683594,198.5333709716797,97.65579986572266,191.51844787597656,474.13751220703125,167.39649963378906,531.6343383789062,83.90914154052734,81.37390899658203,98.71366882324219,77.62944793701172
2024-07-01,89.35120391845703,40.77988815307617,73.57856750488281,215.57000732421875,196.869873046875,97.0757827758789,191.84280395507812,476.91839599609375,167.07301330566406,532.728515625,82.46096801757812,81.1800765991211,98.4083480834961,76.89726257324219
2024-07-02,89.64826965332031,40.90407180786133,73.75672149658203,215.55999755859375,197.54507446289062,97.6978759765625,193.0123291015625,481.9258728027344,168.08273315429688,536.3136596679688,83.10295867919922,81.43203735351562,98.67550659179688,77.25872039794922
2024-07-03,90.13098907470703,41.505882263183594,74.6006088256836,217.99000549316406,197.4961395263672,98.42062377929688,194.643798828125,485.9437255859375,168.8179473876953,538.70703125,84.1943588256836,81.28667449951172,98.5037612915039,77.18458557128906
2024-07-05,90.58589172363281,41.67782974243164,75.09757232666016,220.92999267578125,196.55674743652344,98.9329605102539,195.17446899414062,491.01055908203125,169.99432373046875,541.8134155273438,84.89140319824219,81.52896881103516,98.19844055175781,77.39775085449219
2024-07-08,90.6137466430664,41.6873779296875,74.72251892089844,218.19000244140625,197.93646240234375,98.92379760742188,196.08848571777344,492.1783447265625,169.81785583496094,542.4386596679688,85.0748519897461,81.58712768554688,99.06669616699219,77.64797973632812
2024-07-09,90.5301742553711,41.85932540893555,74.42245483398438,218.55999755859375,197.07537841796875,98.7408218383789,196.5209197998047,492.6038818359375,169.87667846679688,542.9661254882812,84.69879913330078,81.42235565185547,99.36247253417969,77.62944793701172
2024-07-10,90.62300109863281,42.09813690185547,75.47264099121094,219.36000061035156,199.00306701660156,98.97868347167969,198.12289428710938,497.7400207519531,171.2196807861328,548.3389892578125,84.96477508544922,82.06201934814453,100.37384033203125,78.20406341552734
2024-07-11,91.08717346191406,42.34650802612305,75.68831634521484,223.25,206.15609741210938,99.50932312011719,195.32192993164062,486.8245544433594,169.6414031982422,543.6107788085938,85.79020690917969,82.40125274658203,100.99402618408203,80.44694519042969
2024-07-12,91.33782196044922,42.51844787597656,76.49470520019531,223.11000061035156,208.5632781982422,99.87522888183594,195.9017791748047,489.6845397949219,170.8863983154297,547.0396728515625,86.15709686279297,83.02154541015625,101.90044403076172,81.05862426757812
2024-07-15,91.02220916748047,42.06948471069336,75.819580078125,223.8300018310547,212.5263214111328,99.3263168334961,196.87472534179688,491.000732421875,171.5334014892578,548.5441284179688,85.16654205322266,83.13784790039062,102.21530151367188,81.60545349121094
2024-07-16,91.3935317993164,42.30830001831055,76.18527221679688,228.2899932861328,219.77720642089844,99.9027099609375,197.91651916503906,491.1887512207031,172.6117401123047,551.7969970703125,86.3680191040039,83.95196533203125,104.14263916015625,82.60639953613281
2024-07-17,91.45848846435547,41.62051010131836,75.78207397460938,227.22999572753906,217.4776611328125,99.94844818115234,190.48655700683594,476.7699279785156,169.80807495117188,544.060302734375,86.38636016845703,84.11673736572266,104.02813720703125,83.1717529296875
2024-07-18,91.20785522460938,41.22885513305664,75.03194427490234,225.77999877929688,213.26998901367188,99.51844787597656,189.0418243408203,474.51361083984375,168.6807403564453,539.8792114257812,85.72600555419922,83.65152740478516,103.4556655883789,82.43958282470703
2024-07-19,91.02220916748047,40.82765197753906,74.57247924804688,221.72999572753906,212.183837890625,99.15249633789062,187.91159057617188,470.30767822265625,167.41610717773438,536.2940673828125,85.2215805053711,83.01185607910156,102.25347900390625,82.29129028320312
2024-07-22,90.98507690429688,41.171539306640625,75.36012268066406,221.8000030517578,215.55972290039062,99.0976333618164,191.03689575195312,477.3142395019531,169.6806182861328,541.8233032226562,84.97395324707031,83.38982391357422,102.66373443603516,83.1439437866211
2024-07-23,90.97579956054688,40.80854415893555,74.93817901611328,222.5800018310547,217.84951782226562,99.0244369506836,191.34158325195312,475.63189697265625,169.0924530029297,540.973388671875,84.85472869873047,82.98277282714844,101.61420440673828,83.0790786743164
2024-07-24,90.69727325439453,40.216285705566406,73.99114227294922,221.8000030517578,213.1721649169922,98.42062377929688,184.42266845703125,458.5708312988281,165.151611328125,528.7135009765625,83.93756866455078,82.68230438232422,101.10851287841797,81.8556900024414
2024-07-25,90.94791412353516,40.05389404296875,73.52230072021484,218.3300018310547,215.833740234375,98.81401062011719,182.41773986816406,453.51385498046875,163.90663146972656,525.958740234375,84.62543487548828,82.81800079345703,100.90815734863281,81.58689880371094
2024-07-26,91.27284240722656,40.46465301513672,74.45996856689453,220.6300048828125,219.4053497314453,99.36296844482422,184.85507202148438,458.1650390625,166.0240936279297,531.849365234375,85.28577423095703,83.71936798095703,102.30117797851562,83.01419830322266
2024-07-29,91.42137908935547,40.33091735839844,74.13179016113281,220.32000732421875,216.96881103515625,99.57333374023438,184.16709899902344,459.08538818359375,166.0044708251953,532.1619262695312,85.74435424804688,83.82596588134766,102.07218933105469,83.4405288696289
2024-07-30,91.51422119140625,40.14942169189453,74.3005599975586,222.52000427246094,217.79078674316406,99.65569305419922,181.7789306640625,452.781494140625,165.32806396484375,529.4657592773438,86.07453155517578,84.09734344482422,102.23439025878906,84.08930969238281
2024-07-31,92.0062026977539,41.028255462646484,75.35074615478516,226.5500030517578,219.05308532714844,100.23204803466797,187.68556213378906,466.1810302734375,168.39642333984375,538.072021484375,86.95500183105469,84.35903930664062,102.6541976928711,83.79273223876953
2024-08-01,92.39173889160156,40.31181335449219,73.35352325439453,225.77000427246094,211.92941284179688,100.5644302368164,182.55531311035156,454.889404296875,166.5142364501953,530.452392578125,87.7049560546875,84.40748596191406,100.82228088378906,84.63611602783203
2024-08-02,93.42534637451172,39.7386589050293,72.20018768310547,225.33999633789062,204.43389892578125,101.54680633544922,176.31454467773438,444.0926513671875,164.22035217285156,520.5762939453125,90.43798828125,84.21366119384766,97.33972930908203,84.58977508544922
2024-08-05,93.35084533691406,38.6114501953125,70.62491607666016,222.47999572753906,197.85818481445312,101.28975677490234,172.44232177734375,430.8515319824219,159.43646240234375,505.41510009765625,90.9164810180664,82.33340454101562,94.76360321044922,82.17080688476562
2024-08-06,92.7921371459961,38.8311653137207,70.74681091308594,220.6999969482422,200.01095581054688,100.62866973876953,175.32191467285156,434.96832275390625,161.1519775390625,510.0748291015625,88.88282775878906,82.86647033691406,95.32653045654297,83.79273223876953
2024-08-07,92.51277923583984,39.069976806640625,71.0843734741211,220.5500030517578,197.64291381835938,100.16961669921875,172.99269104003906,430.25775146484375,159.82858276367188,506.6654357910156,88.25708770751953,82.84709167480469,94.59185028076172,83.21810150146484
2024-08-08,92.37310791015625,39.958370208740234,72.27521514892578,224.00999450683594,202.44747924804688,100.21553039550781,179.64622497558594,443.41973876953125,163.94583129882812,518.378173828125,87.71416473388672,83.93257904052734,96.6718521118164,84.03367614746094
2024-08-09,92.69902038574219,40.178077697753906,72.5564956665039,224.55999755859375,202.0267333984375,100.72968292236328,181.4742431640625,445.7354431152344,164.94573974609375,520.6640625,88.57916259765625,84.14581298828125,96.71001434326172,84.42295837402344
2024-08-12,92.85733032226562,40.31181335449219,72.4908676147461,228.41000366210938,200.20668029785156,100.94084930419922,181.9853057861328,446.6953430175781,165.22023010253906,520.9376220703125,88.90122985839844,84.02950286865234,96.05166625976562,83.80198669433594
2024-08-13,93.22979736328125,40.760780334472656,73.73796081542969,228.05999755859375,203.50425720214844,101.64783477783203,185.90667724609375,457.77911376953125,167.6807861328125,529.5048217773438,89.51777648925781,84.72733306884766,97.41606140136719,84.53416442871094
2024-08-14,93.39739990234375,40.541072845458984,74.00988006591797,226.1999969482422,202.24200439453125,102.09770202636719,187.39068603515625,457.92755126953125,168.092529296875,531.1753540039062,90.07911682128906,85.27008819580078,97.49240112304688,84.75658416748047
2024-08-15,93.00630950927734,40.99004364013672,74.91004943847656,226.91000366210938,207.48687744140625,101.78553009033203,191.685546875,469.49627685546875,171.09225463867188,540.27978515625,89.35211944580078,85.87097930908203,99.10486602783203,84.69172668457031
2024-08-16,93.22979736328125,41.46767044067383,75.32261657714844,231.99000549316406,208.03489685058594,102.08854675292969,191.51844787597656,470.09991455078125,171.19027709960938,541.4910278320312,89.66503143310547,86.15204620361328,99.58191680908203,84.64537048339844
2024-08-19,93.33221435546875,41.86887741088867,76.24153137207031,231.61000061035156,210.57904052734375,102.3272476196289,193.66098022460938,476.2751159667969,172.44508361816406,546.6683959960938,90.07911682128906,86.6948013305664,100.55513000488281,85.3497543334961
2024-08-20,93.61158752441406,41.54409408569336,76.00711059570312,232.4600067138672,208.1229248046875,102.59354400634766,193.30715942382812,475.275634765625,172.40585327148438,545.779541015625,90.79683685302734,86.76264190673828,99.99220275878906,85.247802734375
2024-08-21,93.78850555419922,41.70648193359375,76.71035766601562,232.14999389648438,210.8334503173828,102.82304382324219,194.2506561279297,477.49237060546875,173.65084838867188,547.6550903320312,90.8520736694336,87.18909454345703,100.66007995605469,85.70194244384766
2024-08-22,93.40670776367188,41.19064712524414,76.26028442382812,229.3699951171875,208.97425842285156,102.40068817138672,192.6192169189453,469.9217834472656,172.30784606933594,543.3568115234375,89.95027923583984,86.9758529663086,100.19255828857422,85.95216369628906
2024-08-23,93.83503723144531,41.8784294128418,77.65740203857422,232.02000427246094,215.64784240722656,102.98829650878906,194.4668731689453,475.0183410644531,173.88613891601562,549.1302490234375,90.5392074584961,87.47015380859375,101.96723937988281,87.84285736083984
2024-08-26,93.7512435913086,41.524986267089844,77.31047058105469,232.75999450683594,215.71632385253906,102.85977935791016,192.69784545898438,470.40667724609375,173.63125610351562,547.8211669921875,90.30915069580078,87.5379867553711,101.84319305419922,87.80580139160156
2024-08-27,93.77919006347656,41.582298278808594,77.66678619384766,233.38999938964844,214.04302978515625,102.77713775634766,193.33665466308594,471.81195068359375,174.2586212158203,548.5733642578125,90.15270233154297,87.71246337890625,101.642822265625,87.93553924560547
2024-08-28,93.69539642333984,41.324378967285156,77.39485931396484,231.75,212.59481811523438,102.56599426269531,191.54794311523438,466.4580383300781,172.9254150390625,545.3888549804688,90.04228973388672,87.60584259033203,101.38522338867188,87.59263610839844
2024-08-29,93.57431030273438,41.34348678588867,77.68553161621094,232.9499969482422,214.11154174804688,102.39151763916016,191.184326171875,465.7752685546875,172.94503784179688,545.4375610351562,89.74781799316406,87.8966064453125,101.77639770507812,87.3238525390625
2024-08-30,93.35084533691406,41.42945861816406,77.80743408203125,231.2899932861328,215.35427856445312,102.10689544677734,193.97547912597656,471.3270263671875,174.27821350097656,550.6443481445312,88.79080200195312,88.5072021484375,103.07400512695312,88.16724395751953
2024-09-03,93.74500274658203,40.60793685913086,76.57908630371094,230.2899932861328,208.76876831054688,102.41561126708984,188.26539611816406,457.01708984375,170.523681640625,539.3126831054688,90.24299621582031,88.01290893554688,101.35659790039062,88.12091827392578
2024-09-04,94.15602111816406,40.598388671875,76.24153137207031,230.42999267578125,208.41650390625,103.05144500732422,188.0196990966797,455.8295593261719,170.29820251464844,538.208740234375,91.40623474121094,88.07107543945312,100.99402618408203,88.37115478515625
2024-09-05,94.39889526367188,40.65570068359375,76.26028442382812,232.35000610351562,207.37924194335938,103.55826568603516,186.9091339111328,456.25506591796875,169.30812072753906,536.8998413085938,91.9232177734375,87.431396484375,100.16394805908203,88.0838394165039
2024-09-06,94.52033233642578,39.910606384277344,74.8256607055664,230.6300048828125,203.43577575683594,103.51216125488281,182.8305206298828,444.03326416015625,167.29849243164062,527.8637084960938,91.91400146484375,86.56880950927734,98.90450286865234,88.00041961669922
2024-09-09,94.66043090820312,40.24494171142578,75.5757827758789,231.60000610351562,204.00332641601562,103.74256134033203,185.94598388671875,449.743408203125,169.16107177734375,533.773681640625,92.31097412109375,87.34416961669922,99.88724517822266,88.98284912109375
2024-09-10,94.95000457763672,40.09210205078125,75.20071411132812,232.6199951171875,203.8369903564453,104.0282211303711,186.3194580078125,453.8998107910156,169.5825958251953,536.0986938476562,92.95720672607422,87.54769134521484,99.43879699707031,90.27110290527344
2024-09-11,94.9219741821289,40.38822937011719,75.65080261230469,232.25,204.43389892578125,104.0743179321289,189.29734802246094,463.7564392089844,171.3471221923828,541.5985107421875,92.88335418701172,87.46046447753906,99.63916015625,90.09501647949219
2024-09-12,94.83792114257812,40.722572326660156,76.26964569091797,236.3300018310547,207.06614685058594,104.00059509277344,191.803466796875,468.30877685546875,172.59210205078125,546.1605834960938,92.44944763183594,87.97415161132812,100.24980926513672,90.47500610351562
2024-09-13,95.0340576171875,40.91362380981445,76.44781494140625,238.67999267578125,212.17405700683594,104.32311248779297,193.37596130371094,470.40667724609375,173.33714294433594,549.0130004882812,92.69873809814453,88.52658081054688,101.42338562011719,91.42034912109375
2024-09-16,95.25824737548828,41.047359466552734,77.0666732788086,238.66000366210938,212.93728637695312,104.78387451171875,193.90670776367188,468.3285217285156,173.6704559326172,549.8238525390625,93.54805755615234,88.99178314208984,102.58740234375,91.7261962890625
2024-09-17,95.16482543945312,41.095123291015625,76.63536071777344,237.33999633789062,214.69863891601562,104.79308319091797,193.78872680664062,468.5758972167969,173.65084838867188,550.0484619140625,93.095703125,88.47813415527344,102.7591552734375,91.08670043945312
2024-09-18,94.86592864990234,40.95183563232422,76.39155578613281,235.50999450683594,214.73777770996094,104.35997009277344,193.17938232421875,466.5471496582031,172.8960418701172,548.4171142578125,91.94168853759766,88.0419921875,102.62557983398438,90.9754867553711
2024-09-19,94.87525939941406,41.82111358642578,77.90119934082031,239.1699981689453,219.1607208251953,104.45213317871094,196.9337158203125,478.3433837890625,175.45457458496094,557.7755126953125,91.63705444335938,88.46842956542969,103.87548065185547,90.99400329589844
2024-09-20,94.79121398925781,41.735145568847656,77.13231658935547,242.2100067138672,216.812255859375,104.54427337646484,198.10325622558594,477.4330139160156,174.8860321044922,556.8114013671875,91.28622436523438,88.47813415527344,103.39842224121094,90.632568359375
2024-09-23,94.75383758544922,42.05992889404297,77.42298889160156,242.67999267578125,216.0196533203125,104.3968276977539,199.2137908935547,478.6985168457031,175.50360107421875,558.2028198242188,91.09233856201172,88.83673095703125,103.84684753417969,91.53157043457031
2024-09-24,94.88459014892578,43.4928092956543,77.88243865966797,246.07000732421875,216.3817138671875,104.57190704345703,199.50865173339844,481.0075378417969,175.5624542236328,559.7999267578125,91.07389068603516,88.65258026123047,104.07585144042969,91.66132354736328
2024-09-25,94.52033233642578,43.0342903137207,77.46049499511719,245.72999572753906,213.74246215820312,103.95450592041016,199.8927459716797,481.4535217285156,175.2998809814453,558.5653076171875,90.31685638427734,88.29042053222656,103.34406280517578,91.04962158203125
2024-09-26,94.53898620605469,44.6104621887207,79.16704559326172,246.97999572753906,214.88140869140625,103.95450592041016,200.23748779296875,485.0707092285156,176.09637451171875,560.77978515625,90.52919006347656,88.55327606201172,104.42105865478516,90.22476959228516
2024-09-27,94.80989837646484,44.52449035644531,78.68883514404297,245.02000427246094,216.33456420898438,104.36917877197266,198.89796447753906,482.37518310546875,175.7030487060547,559.9664916992188,91.0000228881836,88.6603775024414,104.89226531982422,90.33971405029297
2024-09-30,94.59504699707031,43.808048248291016,78.41690826416016,243.05999755859375,216.8844451904297,104.11116027832031,199.70562744140625,483.68328857421875,176.30284118652344,562.2103271484375,90.56612396240234,88.8940200805664,104.8537826538086,91.05001831054688
2024-10-01,94.84520721435547,44.12328338623047,77.83556365966797,245.61000061035156,213.93881225585938,104.61151885986328,198.5926513671875,476.94439697265625,175.1622314453125,557.1739501953125,91.22000122070312,88.7382583618164,104.20951843261719,90.46121978759766
2024-10-02,94.64845275878906,44.9925651550293,77.67615509033203,245.66000366210938,213.64425659179688,104.38029479980469,199.1737518310547,477.61834716796875,175.4571990966797,557.4091186523438,90.4512939453125,88.57275390625,104.12295532226562,90.14344787597656
2024-10-03,94.26429748535156,44.45762252807617,76.95414733886719,245.49000549316406,212.21075439453125,103.70514678955078,198.7600860595703,477.2615051269531,175.3785400390625,556.3900756835938,89.59918975830078,88.27095031738281,103.84410095214844,89.32099914550781
2024-10-04,93.65530395507812,44.86838150024414,77.40422821044922,245.0,215.1759796142578,103.14097595214844,200.69053649902344,482.9400634765625,176.21432495117188,561.4461669921875,88.49702453613281,88.68956756591797,104.62300872802734,88.89107513427734
2024-10-07,93.33674621582031,45.240936279296875,76.97290802001953,244.1699981689453,213.4871826171875,102.61381530761719,199.2525634765625,477.7669982910156,174.62142944335938,556.3704223632812,87.8302001953125,87.72576141357422,104.33452606201172,88.10600280761719
2024-10-08,93.49600982666016,44.12328338623047,76.85100555419922,242.3699951171875,213.63446044921875,102.8172836303711,201.23226928710938,484.9022216796875,176.38150024414062,561.6323852539062,87.97835540771484,88.43644714355469,104.4883804321289,88.28357696533203
2024-10-09,93.25244140625,43.88447189331055,76.86976623535156,241.0500030517578,214.1057586669922,102.61381530761719,202.8475799560547,488.7176208496094,177.53195190429688,565.5225219726562,87.47821807861328,89.20555114746094,105.55575561523438,88.37703704833984
2024-10-10,93.19620513916016,43.97043991088867,76.7760009765625,242.82000732421875,212.91770935058594,102.5028076171875,201.91188049316406,488.1627197265625,177.24679565429688,564.5327758789062,87.13552856445312,88.93296813964844,104.8730239868164,87.59197235107422
2024-10-11,93.22432708740234,44.28567886352539,77.1698226928711,245.47000122070312,217.2477264404297,102.48432922363281,204.236328125,488.92572021484375,178.39723205566406,567.9132080078125,86.78357696533203,89.57550048828125,105.93079376220703,88.58264923095703
2024-10-14,93.13999938964844,44.10417938232422,77.39485931396484,245.07000732421875,218.84815979003906,102.49357604980469,205.812255859375,493.028564453125,180.12782287597656,572.557861328125,86.84842681884766,90.16935729980469,106.6904525756836,89.1153793334961
2024-10-15,93.5147705078125,43.168025970458984,76.11026000976562,245.9199981689453,219.02491760253906,102.99300384521484,203.7143096923828,486.4383239746094,177.91543579101562,568.1092529296875,87.90428161621094,89.79940795898438,105.77693176269531,90.19019317626953
2024-10-16,93.63658142089844,43.50236892700195,76.30715942382812,247.14999389648438,222.62835693359375,103.31671142578125,205.50689697265625,486.4977722167969,178.86920166015625,570.5784912109375,88.27474975585938,90.24723815917969,106.87315368652344,91.18087768554688
2024-10-17,93.17745971679688,43.43550109863281,76.31654357910156,248.6300048828125,222.01959228515625,102.54906463623047,205.50689697265625,486.834716796875,178.57421875,570.6275634765625,86.8761978149414,90.39328002929688,106.64237976074219,90.46121978759766
2024-10-18,93.24304962158203,43.8653678894043,76.83226013183594,251.27000427246094,221.55809020996094,102.42882537841797,206.1766357421875,490.0257873535156,179.37069702148438,572.8224487304688,86.94103240966797,90.41275024414062,106.58467864990234,91.13414764404297
2024-10-21,92.59656524658203,43.55967712402344,75.92272186279297,251.22000122070312,218.07247924804688,101.38372802734375,205.56600952148438,490.96728515625,178.92820739746094,571.8817749023438,85.4220962524414,90.00384521484375,105.35381317138672,89.34904479980469
2024-10-22,92.61532592773438,43.46415710449219,75.49140167236328,253.92999267578125,217.2477264404297,101.3744888305664,204.92578125,491.50238037109375,178.3480682373047,571.5780029296875,85.50545501708984,89.65338134765625,105.06534576416016,89.47988891601562
2024-10-23,92.38106536865234,43.20623779296875,74.73188781738281,250.8699951171875,215.2643585205078,101.03227996826172,204.4530029296875,483.9706726074219,176.84365844726562,566.3552856445312,85.27391052246094,89.4684066772461,105.07495880126953,90.13411712646484
2024-10-24,92.55908966064453,43.13936996459961,75.15383911132812,252.8000030517578,215.7356414794922,101.33749389648438,203.85220336914062,487.8951110839844,176.71583557128906,567.5801391601562,85.82035064697266,89.14714813232422,104.8537826538086,90.33038330078125
2024-10-25,92.37171936035156,43.10115432739258,74.90067291259766,253.32000732421875,214.9207000732422,101.0970458984375,202.64073181152344,490.8681335449219,176.75514221191406,567.3840942382812,85.3387451171875,88.59222412109375,104.30567932128906,89.47988891601562
2024-10-28,92.22181701660156,43.29220962524414,75.50077056884766,253.3300018310547,218.42596435546875,101.01380157470703,203.40896606445312,490.9473876953125,177.0796356201172,569.13818359375,85.1072006225586,88.7382583618164,105.14226531982422,89.76026153564453
2024-10-29,92.32488250732422,43.15847396850586,75.22885131835938,256.0899963378906,217.71902465820312,101.1340103149414,203.2021484375,495.6646423339844,177.53195190429688,570.0592041015625,85.23685455322266,88.65064239501953,104.44029998779297,89.1153793334961
2024-10-30,92.23117065429688,42.7381591796875,74.74126434326172,257.5,217.42446899414062,101.00453186035156,202.01040649414062,491.9186096191406,176.6174774169922,568.3345947265625,85.4869384765625,88.24174499511719,104.08450317382812,89.50791931152344
2024-10-31,92.21244049072266,42.46113586425781,74.28180694580078,253.50999450683594,213.81117248535156,100.80106353759766,199.36090087890625,479.5012512207031,173.4709930419922,557.1935424804688,85.6258544921875,87.60894775390625,103.4883041381836,87.99385070800781
2024-11-01,91.84587860107422,42.49934768676758,74.43183135986328,252.47000122070312,215.00906372070312,100.24881744384766,198.66162109375,483.04901123046875,174.12979125976562,559.5452270507812,84.4186782836914,87.58946990966797,103.74794006347656,87.02185821533203
2024-11-04,92.23123168945312,42.7381591796875,74.48809814453125,252.8300018310547,216.09893798828125,100.99132537841797,198.28733825683594,481.6418151855469,173.93312072753906,558.3399047851562,85.72900390625,87.56026458740234,103.56522369384766,87.97515106201172
2024-11-05,92.44741821289062,43.32086181640625,75.22885131835938,253.39999389648438,220.16387939453125,101.47398376464844,201.6558074951172,487.7861022949219,175.7030487060547,565.09130859375,86.18435668945312,88.32937622070312,104.8537826538086,89.14341735839844
2024-11-06,91.72367858886719,42.78592300415039,74.14115905761719,245.6999969482422,232.91830444335938,100.41588592529297,206.31454467773438,501.03594970703125,179.21334838867188,579.142578125,83.82391357421875,90.00384521484375,108.0367202758789,87.24615478515625
2024-11-07,92.4192123413086,43.731624603271484,75.266357421875,249.64999389648438,232.0935516357422,101.6039047241211,207.2896728515625,508.92437744140625,180.9046173095703,583.62060546875,84.87403869628906,90.17909240722656,108.09440612792969,88.29293060302734
2024-11-08,92.57899475097656,42.652191162109375,74.22555541992188,247.9600067138672,233.8019561767578,101.95660400390625,210.61871337890625,509.51898193359375,181.33724975585938,586.148681640625,85.9520492553711,90.99687194824219,108.34442901611328,89.61073303222656
2024-11-11,92.37220764160156,42.32740020751953,74.24430847167969,242.13999938964844,237.31707763671875,101.7616958618164,210.38232421875,509.2217102050781,181.1701202392578,586.7072143554688,85.53385162353516,90.87030792236328,109.15218353271484,89.16211700439453
2024-11-12,91.83648681640625,41.524986267089844,72.86593627929688,240.0500030517578,233.15396118164062,100.84283447265625,209.3087615966797,508.3000793457031,180.99310302734375,584.8847045898438,84.25140380859375,90.67560577392578,108.0655517578125,87.92842102050781
2024-11-13,91.81767272949219,41.257511138916016,72.43460845947266,237.6300048828125,230.8465576171875,100.46229553222656,208.77688598632812,507.6460266113281,180.5506134033203,585.1688842773438,83.45219421386719,90.67560577392578,108.33480834960938,88.41442108154297
2024-11-14,91.78009033203125,41.028255462646484,72.58463287353516,237.00999450683594,227.7340545654297,100.43446350097656,206.61985778808594,504.1180114746094,179.49851989746094,581.4061279296875,83.93543243408203,89.69232177734375,107.70015716552734,87.6199951171875
2024-11-15,91.78947448730469,41.028255462646484,72.32208251953125,236.58999633789062,224.33680725097656,100.4808578491211,205.27052307128906,492.1069030761719,176.55850219726562,573.9590454101562,83.71240234375,88.7382583618164,106.70970153808594,87.66673278808594
2024-11-18,91.87408447265625,41.4963264465332,72.71591186523438,241.08999633789062,224.7786407470703,100.6664810180664,206.25546264648438,495.52587890625,176.9714813232422,576.310791015625,83.86109161376953,89.06925964355469,107.3539810180664,88.30228424072266
2024-11-19,92.00565338134766,41.46767044067383,72.62213897705078,243.25,226.44781494140625,100.87995910644531,207.81166076660156,498.9349670410156,177.3844451904297,578.4174194335938,84.28857421875,88.95243835449219,106.76738739013672,88.73219299316406
2024-11-20,91.91167449951172,41.4199104309082,72.42523193359375,244.6199951171875,226.74234008789062,100.6386489868164,208.4223175048828,498.6476135253906,177.8662567138672,578.6134033203125,84.01908874511719,89.53656005859375,107.07510375976562,88.62004089355469
2024-11-21,91.86466217041016,41.33393478393555,72.44398498535156,246.66000366210938,230.18873596191406,100.51798248291016,210.58917236328125,500.4413146972656,179.03636169433594,581.7196044921875,83.95401000976562,90.50035858154297,108.52713775634766,89.2742691040039
2024-11-22,91.93047332763672,41.34348678588867,72.72528076171875,249.83999633789062,234.44020080566406,100.61079406738281,211.672607421875,501.2440490722656,179.69517517089844,583.5226440429688,84.00048065185547,90.98712921142578,109.74837493896484,89.94718170166016
2024-11-25,92.75758361816406,41.37215042114258,73.10034942626953,242.47999572753906,238.00436401367188,101.86380767822266,211.22938537597656,502.036865234375,180.67845153808594,585.5018920898438,86.1750717163086,91.3960189819336,110.95039367675781,91.19956970214844
2024-11-26,92.6165771484375,41.20020294189453,72.67840576171875,242.9499969482422,236.25665283203125,101.6039047241211,213.00225830078125,504.7324523925781,181.46510314941406,588.5592041015625,85.84053802490234,92.0677490234375,110.12340545654297,91.56407165527344
2024-11-27,92.87036895751953,41.257511138916016,73.07221984863281,243.49000549316406,236.58067321777344,101.97517395019531,212.00747680664062,500.7584228515625,181.1701202392578,586.7757568359375,86.4352798461914,91.94119262695312,109.7291488647461,92.15287017822266
2024-11-29,93.23690795898438,41.324378967285156,74.0473861694336,245.58999633789062,237.4839630126953,102.60630798339844,213.2583770751953,505.15850830078125,182.1927032470703,590.4208984375,87.32743072509766,92.04828643798828,110.1714859008789,91.74164581298828
2024-12-02,93.24822235107422,41.486778259277344,74.2536849975586,243.44000244140625,237.3661346435547,102.76744079589844,211.5543975830078,510.6585998535156,182.8711700439453,591.4791870117188,87.53724670410156,91.66860961914062,109.78683471679688,90.40514373779297
2024-12-03,93.06908416748047,41.572750091552734,74.67562866210938,243.92999267578125,235.67735290527344,102.40419006347656,212.02719116210938,512.2244262695312,182.91053771972656,591.7535400390625,86.7818832397461,91.33760070800781,109.14256286621094,89.94718170166016
2024-12-04,93.37079620361328,41.67782974243164,74.73188781738281,244.6699981689453,236.5217742919922,102.89783477783203,213.39625549316406,518.5570678710938,183.72665405273438,595.427978515625,87.71442413330078,91.58098602294922,108.6136703491211,89.70419311523438
2024-12-05,93.38965606689453,41.95485305786133,75.09757232666016,242.86000061035156,233.76271057128906,102.8698959350586,213.32730102539062,517.1200561523438,182.9498291015625,594.4481811523438,87.89159393310547,91.38628387451172,108.1040267944336,89.48921966552734
2024-12-06,93.65363311767578,41.88798522949219,75.08820343017578,242.9499969482422,234.5972900390625,103.10272216796875,214.2728271484375,521.7479858398438,183.34317016601562,595.5750732421875,88.02216339111328,91.0552749633789,108.04633331298828,89.35838317871094
2024-12-09,93.3802261352539,42.74771499633789,75.04132080078125,245.36000061035156,233.4190673828125,102.84193420410156,209.78152465820312,517.6848754882812,182.46804809570312,592.5079956054688,87.21084594726562,90.25697326660156,107.42127990722656,89.61073303222656
2024-12-10,93.26708221435547,42.05992889404297,74.36620330810547,248.58999633789062,232.40773010253906,102.68362426757812,207.80178833007812,515.9208984375,182.05503845214844,590.6658325195312,86.80054473876953,89.95518493652344,106.41159057617188,88.31160736083984
2024-12-11,93.05023956298828,42.231876373291016,74.83502960205078,250.9600067138672,233.45834350585938,102.40419006347656,210.1361083984375,525.1571655273438,183.00885009765625,595.232177734375,85.97989654541016,89.76045989990234,106.07502746582031,88.10600280761719
2024-12-12,92.67308044433594,42.021724700927734,74.17866516113281,247.27999877929688,230.4243621826172,101.82676696777344,208.599609375,521.7679443359375,181.65191650390625,592.1651000976562,84.93545532226562,89.50733947753906,105.8827133178711,87.96581268310547
2024-12-13,92.32422637939453,42.05992889404297,73.97238159179688,244.2899932861328,228.84356689453125,101.25862884521484,211.06192016601562,525.76171875,180.88494873046875,592.0475463867188,84.06820678710938,89.23475646972656,105.57500457763672,87.71347045898438
2024-12-16,92.40910339355469,41.83067321777344,73.72858428955078,244.8800048828125,230.18873596191406,101.3890151977539,212.79542541503906,533.3330078125,180.83578491210938,594.5755004882812,84.31998443603516,88.87454986572266,104.89226531982422,87.40504455566406
2024-12-17,92.40910339355469,41.73061752319336,73.61167907714844,243.94000244140625,227.55345153808594,101.39832305908203,210.2335968017578,530.9843139648438,180.1730499267578,592.1257934570312,84.52513885498047,88.48138427734375,104.22222137451172,86.98446655273438
2024-12-18,91.70533752441406,40.75923538208008,71.80584716796875,239.25999450683594,217.47914123535156,100.14117431640625,202.9593048095703,511.8279724121094,175.46875,574.4783935546875,83.46822357177734,86.60358428955078,101.35620880126953,83.3955307006836
2024-12-19,91.4688491821289,40.895225524902344,71.5777359008789,239.60000610351562,216.5140380859375,99.59905242919922,202.8011474609375,509.5486755371094,175.2616424560547,574.302001953125,82.20439910888672,86.6427001953125,100.70748138427734,82.10578155517578
2024-12-20,91.71479797363281,41.060359954833984,71.3781509399414,242.10000610351562,218.54269409179688,99.99164581298828,206.67550659179688,513.9984130859375,176.9579315185547,581.199951171875,82.6724853515625,87.47402954101562,102.24700164794922,83.489013671875
2024-12-23,91.4310302734375,41.293495178222656,71.84385681152344,240.9600067138672,218.0404510498047,99.70187377929688,207.4859619140625,519.0060424804688,178.29920959472656,584.6802978515625,81.91419219970703,87.44468688964844,102.66334533691406,83.81550598144531
2024-12-24,91.53507232666016,41.41977310180664,72.10047912597656,241.44000244140625,219.99034118652344,100.01033020019531,210.154541015625,526.0436401367188,179.630615234375,591.1790771484375,82.26056671142578,88.09017181396484,103.4476318359375,84.37226867675781
2024-12-26,91.60127258300781,41.274070739746094,72.4426498413086,243.07000732421875,222.24546813964844,100.10379791259766,210.45101928710938,525.6863403320312,179.73910522460938,591.2184448242188,82.2137680053711,88.1292953491211,103.76715850830078,84.59874725341797
2024-12-27,91.41210174560547,41.08950424194336,72.33808898925781,241.39999389648438,219.00555419921875,99.68319702148438,207.90109252929688,518.6983642578125,178.03292846679688,584.9950561523438,81.53973388671875,87.69896697998047,103.13777923583984,83.74945831298828
2024-12-30,91.77154541015625,40.75923538208008,71.86287689208984,240.6300048828125,217.32154846191406,100.1131362915039,205.46971130371094,511.7997741699219,176.11965942382812,578.3192138671875,82.19505310058594,86.76985931396484,101.94683074951172,83.3342514038086
2024-12-31,91.65804290771484,40.62323760986328,71.86287689208984,242.1300048828125,217.59730529785156,99.86078643798828,204.51100158691406,507.4521179199219,175.62657165527344,576.2152709960938,81.75503540039062,86.83831024169922,102.25667572021484,84.06086730957031
2025-01-02,91.66749572753906,40.56495666503906,71.61576080322266,245.4199981689453,217.77456665039062,99.87013244628906,205.55865478515625,506.4595031738281,175.1630401611328,574.799560546875,81.9797134399414,86.71117401123047,102.1114501953125,83.31537628173828
2025-01-03,91.57289123535156,40.94379806518555,71.92939758300781,243.49000549316406,221.01449584960938,99.6364517211914,208.80047607421875,514.747802734375,176.82974243164062,581.9864501953125,81.71760559082031,87.14149475097656,103.11841583251953,84.4100112915039
2025-01-06,91.47831726074219,41.08950424194336,72.61371612548828,243.19000244140625,221.10311889648438,99.38410949707031,209.4330291748047,520.663818359375,177.52008056640625,585.3389892578125,81.35250091552734,86.66227722167969,103.67032623291016,83.32481384277344
2025-01-07,91.15670776367188,40.79808807373047,72.55669403076172,244.55999755859375,219.33053588867188,98.92610168457031,206.39877319335938,511.3728942871094,176.17881774902344,578.7222900390625,80.43505859375,86.50579071044922,103.36048126220703,82.53214263916016
2025-01-08,91.26075744628906,40.60380935668945,72.4426498413086,245.86000061035156,218.33590698242188,99.08501434326172,207.3376922607422,511.4622497558594,176.52401733398438,579.5678100585938,80.53802490234375,87.04369354248047,103.07000732421875,82.74917602539062
2025-01-10,90.74996185302734,39.91413116455078,71.34012603759766,248.2100067138672,213.53016662597656,98.51484680175781,204.49124145507812,503.4419860839844,173.92037963867188,570.7193603515625,80.00440979003906,85.75271606445312,101.68541717529297,80.7297592163086
2025-01-13,90.66483306884766,39.64214324951172,71.1405258178711,245.74000549316406,213.9437713623047,98.23445129394531,204.4319305419922,501.8240051269531,174.21624755859375,571.604248046875,79.97634887695312,86.23194122314453,102.4212875366211,81.72059631347656
2025-01-14,90.69320678710938,40.0889778137207,71.39715576171875,247.02999877929688,216.3761749267578,98.34661102294922,206.55691528320312,501.3475646972656,174.20639038085938,572.3907470703125,79.84525299072266,86.69161224365234,103.42826843261719,82.46609497070312
2025-01-15,91.47831726074219,40.613529205322266,72.30958557128906,248.8800048828125,220.6304168701172,99.52429962158203,210.50045776367188,512.8817138671875,176.9776611328125,582.8025512695312,81.221435546875,87.2197494506836,104.89031219482422,82.93791198730469
2025-01-16,91.67694091796875,40.56495666503906,72.68025207519531,250.60000610351562,221.07359313964844,99.72059631347656,211.9039306640625,509.2884826660156,176.9973907470703,581.681640625,81.48355865478516,87.73808288574219,105.29698181152344,84.65536499023438
2025-01-17,91.67694091796875,40.8855094909668,72.97489166259766,249.27000427246094,222.02882385253906,99.80470275878906,214.819580078125,517.8844604492188,178.20059204101562,587.521728515625,81.62398529052734,87.87500762939453,106.21680450439453,84.59874725341797
2025-01-21,91.97965240478516,41.322635650634766,74.44808197021484,253.1300048828125,226.29290771484375,100.38419342041016,218.1997833251953,520.9218139648438,179.630615234375,592.8995971679688,82.35419464111328,88.70632934570312,107.41744232177734,86.18409729003906
2025-01-22,91.7620849609375,41.351776123046875,74.27699279785156,254.42999267578125,224.8157501220703,100.06642150878906,219.3956756591797,527.5823364257812,181.1888427734375,596.2326049804688,81.9235610961914,88.64765167236328,107.10761260986328,84.68367004394531
2025-01-23,91.6107406616211,41.44891357421875,74.88526916503906,254.07000732421875,225.83993530273438,99.92622375488281,221.17471313476562,528.7037963867188,182.06658935546875,599.48681640625,81.28697204589844,88.95083618164062,107.80474090576172,85.30648803710938
2025-01-24,91.7620849609375,41.72090530395508,75.303466796875,255.64999389648438,225.20965576171875,100.12251281738281,220.41368103027344,525.716064453125,181.56361389160156,597.7368774414062,81.65206146240234,88.94104766845703,107.51426696777344,85.59901428222656
2025-01-27,92.27288055419922,40.96322250366211,75.303466796875,252.99000549316406,223.05300903320312,100.81416320800781,211.4295196533203,510.4101257324219,180.0349578857422,589.2815551757812,82.61629486083984,89.87995147705078,107.30126190185547,86.74085235595703
2025-01-28,92.2444839477539,41.26435470581055,75.20841979980469,255.17999267578125,223.29917907714844,100.67394256591797,213.77191162109375,517.9539184570312,181.1790008544922,594.344970703125,82.56013488769531,89.62565612792969,106.25554656982422,85.69338989257812
2025-01-29,92.187744140625,41.274070739746094,75.19892120361328,254.1999969482422,222.78709411621094,100.54308319091797,213.8213348388672,516.981201171875,180.62669372558594,591.6804809570312,82.39164733886719,89.50830078125,106.35236358642578,84.56100463867188
2025-01-30,92.32015991210938,41.97346115112305,76.02580261230469,258.04998779296875,225.05210876464844,100.76741790771484,217.33001708984375,519.1846923828125,182.31314086914062,594.8561401367188,82.7005615234375,90.36896514892578,107.44649505615234,85.63676452636719
2025-01-31,92.13099670410156,41.49748611450195,75.3129653930664,258.55999755859375,223.03329467773438,100.4402847290039,216.57887268066406,518.4302978515625,180.83383178710938,591.6903686523438,82.1575927734375,89.9288558959961,106.50729370117188,85.44804382324219
2025-02-03,92.21830749511719,41.19635772705078,74.42906188964844,259.94000244140625,220.42361450195312,100.59880828857422,216.51956176757812,514.28125,179.9462127685547,587.7085571289062,82.82653045654297,90.33963012695312,105.86824035644531,85.26873779296875
2025-02-04,92.38912963867188,41.93460464477539,75.2939682006836,262.5,223.47645568847656,100.79580688476562,217.80441284179688,520.59423828125,180.7943572998047,591.6510620117188,83.0802001953125,90.31027221679688,106.18775939941406,85.33480072021484
2025-02-05,92.88262939453125,41.827754974365234,76.02580261230469,264.1300048828125,225.9088592529297,101.4993667602539,221.20437622070312,522.9566650390625,181.5833282470703,594.0498657226562,84.45185852050781,91.06336212158203,107.0592041015625,86.53324890136719
2025-02-06,92.78773498535156,42.00260925292969,76.38697814941406,263.42999267578125,225.17025756835938,101.31175231933594,223.46771240234375,525.6863403320312,181.82003784179688,596.1146240234375,84.41426849365234,91.0731430053711,106.51698303222656,86.75027465820312
2025-02-07,92.49351501464844,41.963748931884766,75.66463470458984,263.8999938964844,222.5605926513672,100.87085723876953,222.25201416015625,519.0557250976562,180.3900146484375,590.6580200195312,83.86937713623047,90.6721420288086,105.94569396972656,86.4671859741211
2025-02-10,92.5219955444336,42.468868255615234,76.1778793334961,268.3699951171875,223.56507873535156,100.89900207519531,224.4363250732422,525.3388671875,181.7115478515625,594.6693725585938,83.61571502685547,91.05357360839844,106.38141632080078,86.429443359375
2025-02-11,92.31319427490234,42.30373001098633,76.5390396118164,267.3900146484375,222.2651824951172,100.67388153076172,223.32933044433594,524.0882568359375,181.8791961669922,595.1216430664062,83.0802001953125,91.18072509765625,106.84617614746094,86.80690002441406
2025-02-12,91.82920837402344,42.536865234375,76.82417297363281,267.6700134277344,220.21681213378906,100.12976837158203,222.86483764648438,524.3959350585938,181.3170623779297,593.204345703125,81.95280456542969,90.80907440185547,106.91394805908203,86.00480651855469
2025-02-13,92.37962341308594,42.8088493347168,77.75560760498047,270.30999755859375,222.69847106933594,100.90837097167969,225.0589599609375,531.9398193359375,183.24020385742188,599.4671630859375,83.31504821777344,91.630615234375,108.34696197509766,86.86353302001953
2025-02-14,92.72128295898438,43.139122009277344,77.86965942382812,266.2900085449219,222.53106689453125,101.30236053466797,225.64210510253906,534.1732177734375,182.55970764160156,599.4376831054688,83.75664520263672,90.90686798095703,108.4534683227539,86.4671859741211
2025-02-18,92.35116577148438,43.411109924316406,78.43041229248047,270.70001220703125,223.752197265625,100.88961029052734,226.808349609375,535.3841552734375,183.0232391357422,601.1975708007812,82.77015686035156,91.11226654052734,109.86710357666016,86.85408782958984
2025-02-19,92.48401641845703,43.34311294555664,77.62254333496094,270.8500061035156,222.9840545654297,100.9458999633789,226.5316162109375,535.5330810546875,183.64454650878906,602.6133422851562,82.87349700927734,91.68928527832031,109.95425415039062,86.9201431274414
2025-02-20,92.6263656616211,43.74137878417969,77.98371124267578,270.989990234375,220.84707641601562,101.1898193359375,222.5485382080078,533.2599487304688,183.14157104492188,600.1062622070312,83.18352508544922,91.66972351074219,109.77997589111328,87.33536529541016
2025-02-21,93.02497100830078,43.61509704589844,77.49898529052734,270.739990234375,214.48541259765625,101.5462646484375,217.35964965820312,522.1923828125,180.08428955078125,589.8419799804688,84.18880462646484,91.01445770263672,108.09522247314453,86.47663116455078
2025-02-24,93.18632507324219,42.944847106933594,77.45146179199219,272.2099914550781,212.9392852783203,101.80892181396484,215.1259765625,516.0282592773438,179.5122833251953,587.1580200195312,84.43307495117188,91.46434020996094,107.89188385009766,86.81633758544922
2025-02-25,93.76522827148438,42.9739875793457,78.15479278564453,268.6199951171875,212.1317596435547,102.58753204345703,214.3253936767578,509.5266418457031,179.3249053955078,584.2379150390625,85.88931274414062,92.01203155517578,107.66918182373047,87.8826675415039
2025-02-26,93.9170913696289,43.401397705078125,78.25933074951172,269.0299987792969,212.3976593017578,102.80327606201172,215.65966796875,510.75738525390625,179.0388641357422,584.532958984375,86.3966293334961,91.3274154663086,107.51426696777344,87.5146484375
2025-02-27,93.77472686767578,42.55629348754883,77.37543487548828,264.92999267578125,209.15774536132812,102.37177276611328,211.96322631835938,496.5730895996094,176.47470092773438,575.2025146484375,85.78594207763672,91.25895690917969,106.50729370117188,87.86380767822266
2025-02-28,94.19231414794922,41.97346115112305,77.5370101928711,263.2699890136719,211.38333129882812,102.82205963134766,215.8870086669922,504.4147644042969,179.06849670410156,584.178955078125,86.83818817138672,92.49124908447266,107.63046264648438,88.60928344726562
2025-03-03,94.39601135253906,41.604339599609375,78.39240264892578,266.739990234375,205.60264587402344,103.14690399169922,211.85452270507812,493.37689208984375,176.63250732421875,573.9441528320312,87.24346160888672,92.34456634521484,106.10063171386719,89.02449035644531
2025-03-04,94.15804290771484,41.95403289794922,78.3733901977539,269.05999755859375,203.27857971191406,102.80791473388672,207.495849609375,491.8879699707031,174.81785583496094,567.1504516601562,86.1690444946289,91.27851867675781,103.78651428222656,87.99591064453125
2025-03-05,93.83438110351562,43.20711898803711,80.24576568603516,269.6199951171875,205.2974090576172,102.47835540771484,210.14463806152344,498.3002624511719,176.6818084716797,573.24609375,85.48106384277344,91.630615234375,104.72571563720703,88.9773178100586
2025-03-06,93.73918151855469,42.93513107299805,79.41887664794922,268.25,202.15594482421875,102.15818786621094,202.02035522460938,484.59234619140625,173.79217529296875,563.0703735351562,85.19832611083984,91.03401947021484,103.99952697753906,86.69366455078125
2025-03-07,93.62493133544922,43.148834228515625,80.24576568603516,268.3900146484375,202.8157501220703,101.99810791015625,201.97093200683594,488.15576171875,174.39378356933594,566.2262573242188,84.92501068115234,91.75775146484375,105.3066635131836,87.21267700195312
2025-03-10,94.07235717773438,42.119171142578125,78.3543930053711,266.0400085449219,197.71456909179688,102.34652709960938,193.8367462158203,469.2366027832031,170.49818420410156,551.1444702148438,85.8109130859375,91.10248565673828,103.71875,86.37283325195312
2025-03-11,93.73918151855469,42.468868255615234,78.08827209472656,269.1600036621094,197.6948699951172,101.67796325683594,194.48904418945312,468.114990234375,168.3975372314453,546.5628051757812,85.19832611083984,89.8310546875,101.90811157226562,85.36310577392578
2025-03-12,93.4631118774414,42.70199966430664,78.64901733398438,270.3299865722656,198.03955078125,101.37662506103516,197.55296325683594,473.39569091796875,168.75257873535156,549.4632568359375,84.68939208984375,89.13665771484375,101.66604614257812,85.09889221191406
2025-03-13,93.74868774414062,42.52715301513672,78.12627410888672,275.1300048828125,195.085205078125,101.69679260253906,194.4495391845703,464.8790283203125,165.84323120117188,542.1386108398438,85.43392944335938,88.95083618164062,101.55953979492188,83.41918182373047
2025-03-14,93.55830383300781,43.30426025390625,79.56144714355469,275.239990234375,199.8022918701172,101.64971160888672,199.63841247558594,476.11541748046875,169.01885986328125,553.3369750976562,84.98152923583984,89.96797943115234,103.36048126220703,85.0894546508789
2025-03-17,93.68206024169922,44.04250717163086,80.45486450195312,276.7300109863281,202.32333374023438,101.85688018798828,201.98080444335938,479.2023620605469,170.7151641845703,557.6039428710938,85.4056625366211,91.20027160644531,104.91936492919922,86.54267883300781
2025-03-18,93.77725982666016,43.819091796875,80.44535827636719,279.9599914550781,200.56649780273438,102.10169982910156,198.53936767578125,471.03326416015625,168.98635864257812,551.5770874023438,85.49048614501953,90.72428131103516,104.7332534790039,86.0897216796875
2025-03-19,94.05330657958984,43.92594528198242,80.6829605102539,281.1099853515625,203.68539428710938,102.70433044433594,202.3246612548828,477.3363342285156,170.587646484375,557.5842895507812,85.9334487915039,91.13648986816406,105.32760620117188,86.19352722167969
2025-03-20,94.11043548583984,43.51796340942383,80.00814819335938,280.75,202.39242553710938,102.55367279052734,202.03729248046875,475.7183837890625,169.9451446533203,555.9717407226562,85.98998260498047,90.82242584228516,104.81120300292969,86.13690185546875
2025-03-21,93.9962158203125,43.30426025390625,79.51393127441406,278.489990234375,201.13894653320312,102.41242980957031,202.86965942382812,477.2866516113281,169.61898803710938,556.1552734375,85.48106384277344,90.70464324951172,104.21685028076172,85.1838150024414
2025-03-24,93.63446807861328,43.49853515625,79.5044174194336,277.25,206.1429901123047,101.96986389160156,208.54759216308594,487.7604064941406,172.55470275878906,566.1151733398438,84.60456848144531,91.31314849853516,105.72710418701172,86.4955062866211
2025-03-25,93.72013092041016,43.37225341796875,79.9416275024414,278.4700012207031,204.99807739257812,102.07343292236328,209.13223266601562,490.54388427734375,172.82156372070312,567.4760131835938,84.59513854980469,91.12667846679688,105.63941192626953,85.52498626708984
2025-03-26,93.49166870117188,43.109981536865234,78.90563201904297,278.239990234375,202.91552734375,101.65913391113281,205.12893676757812,481.51751708984375,171.35865783691406,560.7013549804688,84.03909301757812,91.41129302978516,105.31787109375,85.85865783691406
2025-03-27,93.4440689086914,43.32368469238281,79.07671356201172,281.9700012207031,201.9482879638672,101.5367202758789,202.9588623046875,478.77386474609375,171.07199096679688,559.2122802734375,83.79405975341797,91.73516845703125,104.63582611083984,85.63938903808594
2025-03-28,93.98670196533203,42.51743698120117,78.3733901977539,284.05999755859375,197.8424072265625,102.14877319335938,199.0348358154297,466.1687927246094,167.65194702148438,547.95068359375,84.95327758789062,91.01870727539062,103.11583709716797,85.52498626708984
2025-03-31,94.16755676269531,42.449440002441406,77.67957305908203,288.1400146484375,196.8948974609375,102.34652709960938,200.29330444335938,466.14892578125,168.9171600341797,551.62890625,85.79206085205078,91.92164611816406,103.9148178100586,86.3162612915039
2025-04-01,94.51617431640625,42.58543395996094,77.79362487792969,287.57000732421875,196.9146270751953,102.71232604980469,201.69046020507812,469.90655517578125,169.31253051757812,553.18701171875,86.53550720214844,91.8529281616211,103.79788208007812,86.35440063476562
2025-04-02,94.41108703613281,42.64371871948242,77.97420501708984,288.1600036621094,200.02365112304688,102.94865417480469,204.2272186279297,473.336181640625,170.27133178710938,556.687744140625,86.47874450683594,92.0394058227539,104.48966979980469,86.87874603271484
2025-04-03,94.90774536132812,41.74032974243164,76.33944702148438,286.4200134277344,187.1829071044922,102.939208984375,193.2181854248047,447.996826171875,162.7096710205078,529.2537231445312,86.87600708007812,90.95982360839844,99.26714324951172,83.91382598876953
2025-04-04,94.99371337890625,39.41872787475586,71.30210876464844,279.7200012207031,178.83294677734375,102.82575988769531,179.5138397216797,420.1722106933594,153.69496154785156,498.26971435546875,87.82186126708984,85.58152770996094,93.39179229736328,80.27203369140625
2025-04-07,93.790283203125,37.951934814453125,69.5818099975586,273.7099914550781,177.2142791748047,100.82180786132812,181.04977416992188,421.1861877441406,152.8053436279297,497.38214111328125,85.17350006103516,84.60990905761719,93.04100799560547,78.1651382446289
2025-04-08,93.30320739746094,37.41767883300781,69.34420776367188,275.20001220703125,172.5458221435547,99.54569244384766,179.19674682617188,413.60125732421875,150.660400390625,489.591796875,83.56553649902344,83.8345718383789,91.10205841064453,76.06776428222656
2025-04-09,93.51331329345703,40.01126480102539,74.69518280029297,285.3800048828125,187.21250915527344,101.20935821533203,197.97451782226562,463.24615478515625,163.73765563964844,541.0084228515625,84.0573959350586,88.19216918945312,98.20509338378906,80.60570526123047
2025-04-10,92.77788543701172,39.32158660888672,73.22200775146484,292.3500061035156,179.34620666503906,99.48897552490234,191.50389099121094,443.54327392578125,158.8448028564453,517.3019409179688,81.74007415771484,86.97518157958984,94.71691131591797,78.76573181152344
2025-04-11,92.68238067626953,40.555240631103516,75.05635070800781,297.92999267578125,181.9617156982422,99.47007751464844,194.2784423828125,451.71466064453125,161.5630645751953,526.5320434570312,82.18460845947266,88.3099365234375,95.8958740234375,79.72862243652344
2025-04-14,93.22679138183594,40.92436981201172,75.86422729492188,296.2300109863281,184.10348510742188,100.08451080322266,196.00265502929688,454.7764892578125,162.94691467285156,531.6401977539062,82.77102661132812,89.4189682006836,97.0845947265625,81.3779067993164
2025-04-15,93.41778564453125,40.8855094909668,76.54854583740234,297.7799987792969,184.33050537109375,100.623291015625,197.09262084960938,455.283447265625,162.5416259765625,530.151123046875,83.06424713134766,89.16378784179688,96.98715209960938,81.62579345703125
2025-04-16,93.7138900756836,40.40953826904297,76.25391387939453,307.4700012207031,182.5637969970703,101.04869079589844,192.93080139160156,441.5550842285156,159.15121459960938,518.3668823242188,83.5277099609375,88.16272735595703,95.5743408203125,81.5685806274414
2025-04-17,93.47511291503906,40.72037887573242,77.08079528808594,306.1199951171875,184.05413818359375,100.90687561035156,193.57492065429688,441.4755554199219,159.5663604736328,519.1064453125,82.7899398803711,88.36882781982422,96.11997985839844,82.78887176513672
2025-04-21,92.9115982055664,40.710662841796875,76.66260528564453,315.5899963378906,180.36279296875,99.81983184814453,188.2140655517578,430.5505065917969,156.03759765625,506.7503662109375,81.34281158447266,86.56297302246094,94.44409942626953,81.06331634521484
2025-04-22,93.08351135253906,41.322635650634766,78.24983215332031,311.1099853515625,185.03125,100.06558990478516,193.99105834960938,441.8533630371094,159.90245056152344,519.9348754882812,81.79682922363281,88.35900115966797,96.490234375,82.6363296508789
2025-04-23,93.31273651123047,41.79861068725586,78.56348419189453,303.6499938964844,187.7751007080078,100.5098876953125,198.50965881347656,451.87371826171875,161.78050231933594,527.9915161132812,82.59131622314453,88.69270324707031,97.91279602050781,82.78887176513672
2025-04-24,93.8284912109375,42.2843017578125,79.60897064208984,308.07000732421875,191.5355224609375,101.54021453857422,202.9588623046875,464.5881652832031,164.89414978027344,539.1051635742188,83.46150207519531,89.2226791381836,99.4425277709961,83.09395599365234
2025-04-25,94.17232513427734,42.20659637451172,79.95112609863281,304.7300109863281,191.59474182128906,102.0790023803711,204.9109344482422,469.7673645019531,165.7936248779297,543.0003662109375,84.0762939453125,89.1245346069336,98.91636657714844,82.95094299316406
2025-04-28,94.43021392822266,42.2843017578125,80.4833755493164,309.07000732421875,192.40408325195312,102.31532287597656,205.87210083007812,469.6182556152344,165.94190979003906,543.2073974609375,84.60597229003906,89.45822143554688,99.4620132446289,83.46575164794922
2025-04-29,94.65943145751953,42.400875091552734,80.64494323730469,306.05999755859375,193.5391082763672,102.55162811279297,207.40805053710938,472.7198181152344,166.94024658203125,546.6292724609375,85.31535339355469,90.1550521850586,99.7640609741211,83.91382598876953
2025-04-30,94.57345581054688,42.50772476196289,80.5499038696289,303.7699890136719,192.32513427734375,102.06954956054688,207.7251434326172,472.6601867675781,167.41470336914062,546.8462524414062,84.62488555908203,90.82242584228516,99.9297103881836,84.20936584472656
2025-05-01,94.31571960449219,42.498008728027344,80.29328918457031,297.4599914550781,193.51939392089844,101.71080017089844,209.5979766845703,478.8334655761719,167.45425415039062,550.7216186523438,84.19580078125,90.20411682128906,100.03688049316406,84.48583221435547
2025-05-02,93.85578155517578,43.71223831176758,81.83300018310547,297.9800109863281,197.8719940185547,101.46406555175781,214.413818359375,485.94122314453125,170.29112243652344,558.8966674804688,83.2844467163086,91.10704040527344,101.77122497558594,85.52498626708984
2025-05-05,93.69287872314453,44.04250717163086,81.97557067871094,306.8800048828125,196.35205078125,101.32170104980469,214.07688903808594,483.058349609375,169.7178192138672,555.6918334960938,82.81927490234375,91.02851867675781,101.3814926147461,85.33432006835938
2025-05-06,93.92285919189453,43.86766052246094,81.87100982666016,315.4800109863281,194.2102813720703,101.52098846435547,212.1248016357422,478.5650939941406,168.0670928955078,551.0471801757812,83.09457397460938,90.63594818115234,100.82610321044922,84.67650604248047
2025-05-07,94.06657409667969,43.36254119873047,81.59538269042969,310.75,194.85182189941406,101.72979736328125,213.72015380859375,480.4438781738281,168.99624633789062,553.3645629882812,83.44583129882812,91.09722900390625,101.25482177734375,84.77183532714844
2025-05-08,93.57791137695312,43.333396911621094,81.31026458740234,304.6300048828125,198.56289672851562,101.21729278564453,215.66233825683594,485.4044189453125,169.490478515625,557.22021484375,82.5154800415039,90.68502807617188,102.30712127685547,84.43816375732422
2025-05-09,93.67371368408203,43.624813079833984,81.70944213867188,306.8399963378906,198.1977081298828,101.17933654785156,215.2362518310547,485.0862731933594,168.94680786132812,556.51025390625,82.6388931274414,90.42002868652344,102.37532806396484,85.00065612792969
2025-05-12,93.3575210571289,44.567054748535156,82.12763977050781,298.19000244140625,205.1658935546875,101.16035461425781,221.22137451171875,504.8488464355469,174.30426025390625,574.9015502929688,81.86994171142578,91.11685180664062,105.28864288330078,85.42012786865234
2025-05-13,93.26168823242188,44.64476776123047,82.23218536376953,299.4599914550781,205.91600036621094,101.24575805664062,225.40301513671875,512.5431518554688,174.6106719970703,578.6981811523438,81.53768920898438,90.44947814941406,105.53223419189453,84.33330535888672
2025-05-14,92.993408203125,44.98474884033203,81.83300018310547,293.1600036621094,204.09007263183594,100.73328399658203,226.42367553710938,515.6148071289062,174.67987060546875,579.437744140625,80.99656677246094,89.78209686279297,104.63582611083984,83.50389099121094
2025-05-15,93.52041625976562,44.9653205871582,82.7264175415039,297.8399963378906,205.42250061035156,101.45457458496094,226.85968017578125,516.181396484375,175.8759002685547,582.2678833007812,81.70855712890625,91.35240173339844,106.0291519165039,85.02924346923828
2025-05-16,93.57791137695312,44.936180114746094,82.91650390625,294.239990234375,207.12013244628906,101.64436340332031,228.57394409179688,518.4281616210938,177.07191467285156,585.9559936523438,81.92691040039062,92.22588348388672,106.74044036865234,86.08747100830078
2025-05-19,93.54916381835938,45.03331756591797,83.70537567138672,298.0299987792969,206.2515869140625,101.65386199951172,229.09912109375,518.9251708984375,177.59580993652344,586.5969848632812,81.68959045410156,92.6380844116211,106.66249084472656,86.10652160644531
2025-05-20,93.3862533569336,44.98474884033203,84.10456085205078,303.5799865722656,206.36013793945312,101.40709686279297,228.23704528808594,517.1953735351562,176.8939971923828,584.6246948242188,81.10099792480469,92.4908676147461,106.46761322021484,85.60125732421875
2025-05-21,92.77301025390625,44.868186950683594,83.61032104492188,305.82000732421875,200.56649780273438,100.27772521972656,224.07521057128906,510.0080871582031,174.08677673339844,574.7733154296875,79.71498107910156,91.27388000488281,104.25582122802734,83.32274627685547
2025-05-22,93.04129028320312,44.722476959228516,83.56279754638672,303.1099853515625,200.55661010742188,100.79022979736328,224.20401000976562,510.9624938964844,173.79026794433594,575.0001831054688,80.1326904296875,90.84205627441406,103.7491683959961,82.94141387939453
2025-05-23,93.17546081542969,44.90704345703125,83.6768569946289,309.75,199.92494201660156,100.86614227294922,223.67884826660156,506.2305908203125,172.0011444091797,571.0753784179688,80.26559448242188,90.70464324951172,103.2814712524414,83.02720642089844
2025-05-27,93.59706115722656,44.80018997192383,84.89342498779297,304.5,204.99807739257812,101.77723693847656,228.4847869873047,518.1397705078125,175.5299530029297,582.9483032226562,81.38579559326172,91.61738586425781,104.99634552001953,84.47630310058594
2025-05-28,93.42457580566406,44.596195220947266,83.91446685791016,303.80999755859375,202.83657836914062,101.53048706054688,228.0289306640625,515.8433837890625,174.3536834716797,579.5758056640625,81.03453063964844,90.93038177490234,104.14864349365234,84.3905029296875
2025-05-29,93.76956176757812,44.76133346557617,84.28514099121094,305.6099853515625,203.4386444091797,101.98603820800781,228.22714233398438,516.857421875,174.847900390625,581.8635864257812,81.78453063964844,91.24443817138672,104.27531433105469,85.15318298339844
2025-05-30,93.99950408935547,44.21735763549805,84.40869903564453,303.6000061035156,202.40231323242188,102.2802505493164,229.43603515625,516.042236328125,175.0159454345703,581.2127075195312,81.90792846679688,91.7744140625,104.24607849121094,85.15318298339844
2025-06-02,93.75243377685547,44.53791427612305,85.3116226196289,311.6700134277344,203.03399658203125,101.99066162109375,231.37823486328125,520.1180419921875,175.7968292236328,584.4866943359375,81.14563751220703,91.93144226074219,104.31429290771484,85.26759338378906
2025-06-03,93.68512725830078,44.64476776123047,84.66532135009766,308.9100036621094,206.310791015625,102.03828430175781,232.1709747314453,524.183837890625,176.8939971923828,587.8198852539062,81.00270080566406,91.94126892089844,105.5809555053711,85.09598541259766
2025-06-04,94.24272918701172,45.198455810546875,85.04550170898438,310.8999938964844,205.7284698486328,102.78130340576172,231.5962371826172,525.6452026367188,177.55625915527344,587.6619262695312,82.3176498413086,91.5486831665039,105.33737182617188,85.33432006835938
2025-06-05,94.00239562988281,45.43158721923828,84.98845672607422,309.3299865722656,205.81727600097656,102.46694946289062,229.30722045898438,521.688720703125,177.09169006347656,584.8218994140625,82.37483215332031,91.38185119628906,105.23993682861328,85.26759338378906
2025-06-06,93.52172088623047,45.57728958129883,85.2926025390625,305.17999267578125,209.14344787597656,101.84777069091797,230.62515258789062,526.7883911132812,178.31736755371094,590.8275146484375,81.32666778564453,92.00996398925781,106.47735595703125,85.67752075195312
2025-06-09,93.6370620727539,45.96584701538086,85.2831039428711,306.6199951171875,210.58447265625,102.15258026123047,229.34686279296875,527.5637817382812,177.66500854492188,591.3599243164062,81.41243743896484,91.4014663696289,106.98402404785156,85.79192352294922
2025-06-10,93.84857940673828,46.22812271118164,85.39715576171875,306.7099914550781,211.71949768066406,102.4002685546875,229.2576904296875,531.0530395507812,179.0587158203125,594.7128295898438,81.8316879272461,91.52906036376953,108.31887817382812,86.5260009765625
2025-06-11,94.16581726074219,46.42239761352539,85.25458526611328,308.3699951171875,210.8509521484375,102.72413635253906,230.2584991455078,529.263671875,178.4853973388672,593.0165405273438,82.07942962646484,91.34259033203125,107.73428344726562,86.05885314941406
2025-06-12,94.51191711425781,46.50010299682617,85.91039276123047,312.20001220703125,210.0120086669922,103.2956771850586,230.17922973632812,530.5062255859375,179.09825134277344,595.37353515625,83.06087493896484,92.06884765625,107.92913818359375,86.47834014892578
2025-06-13,94.17544555664062,45.76185989379883,84.8078842163086,316.2900085449219,206.17262268066406,102.67650604248047,228.1676788330078,523.845947265625,176.22183227539062,588.7171020507812,82.2604751586914,91.28369903564453,106.67223358154297,85.63938903808594
2025-06-16,93.98316192626953,46.32286834716797,85.1259994506836,311.7799987792969,208.60336303710938,102.49552154541016,230.08506774902344,531.132568359375,177.8246612548828,594.318359375,81.4314956665039,91.3280258178711,107.98277282714844,85.70612335205078
2025-06-17,94.2715835571289,45.714778900146484,84.08174133300781,311.94000244140625,206.40618896484375,102.84798431396484,228.3374786376953,525.953369140625,176.12078857421875,589.2398071289062,82.42247009277344,90.71739196777344,106.9429702758789,85.40105438232422
2025-06-18,94.3388671875,45.7049674987793,84.22677612304688,310.260009765625,207.49488830566406,102.92417907714844,228.64529418945312,525.8638305664062,174.92218017578125,589.1510620117188,82.56541442871094,90.38253784179688,107.29611206054688,85.69659423828125
2025-06-20,94.42538452148438,45.44015884399414,83.47259521484375,310.1300048828125,207.0594024658203,103.0099105834961,228.67507934570312,523.7167358398438,173.99099731445312,587.7673950195312,82.4129409790039,90.4120864868164,107.58057403564453,85.63938903808594
2025-06-23,94.61766815185547,45.81285858154297,84.10108184814453,311.0799865722656,209.5930938720703,103.26708984375,232.5773162841797,529.1017456054688,175.93260192871094,593.5730590820312,82.67973327636719,91.26892852783203,108.46344757080078,86.92642211914062
2025-06-24,95.00221252441406,46.99961853027344,85.1259994506836,306.19000244140625,212.2653350830078,103.75291442871094,235.21856689453125,537.1928100585938,177.92372131347656,600.1304321289062,83.2800521850586,91.74166870117188,109.925048828125,87.15522003173828
2025-06-25,94.99259185791016,47.03884506225586,84.66188049316406,307.1199951171875,209.79103088378906,103.62907409667969,233.54051208496094,538.5661010742188,177.6859588623047,600.4666748046875,83.38484954833984,90.95376586914062,109.28743743896484,85.0578384399414
2025-06-26,95.25216674804688,47.35270309448242,85.60944366455078,306.7799987792969,213.1956787109375,104.01010131835938,235.45689392089844,543.6019287109375,178.67657470703125,605.16455078125,83.80410766601562,91.29847717285156,110.2781982421875,84.9789047241211
2025-06-27,94.98297119140625,47.166351318359375,86.3829574584961,301.2200012207031,213.2649383544922,103.83863830566406,236.0327911376953,545.462890625,179.8851318359375,608.1712646484375,83.27052307128906,91.60379791259766,110.45476531982422,85.19070434570312
2025-06-30,95.36753845214844,47.313472747802734,86.43130493164062,304.8299865722656,213.57176208496094,104.41016387939453,238.6243896484375,548.9959106445312,181.1035919189453,611.0791015625,84.0899658203125,92.4507827758789,111.05313873291016,85.73944091796875
2025-07-01,95.2797622680664,47.4017448425293,86.2862777709961,307.54998779296875,215.76893615722656,104.53636169433594,235.13914489746094,544.3681640625,181.70785522460938,610.8812866210938,84.29846954345703,92.84473419189453,112.69132232666016,86.3652114868164
2025-07-02,95.16403198242188,47.60770797729492,86.53767395019531,309.25,218.7578887939453,104.51725006103516,235.22848510742188,548.1599731445312,182.21307373046875,613.650634765625,83.76288604736328,91.96818542480469,112.98561096191406,86.5673828125
2025-07-03,94.97113800048828,47.823482513427734,86.5570068359375,307.1400146484375,220.7868194580078,104.26866912841797,237.68106079101562,553.553955078125,183.2333984375,618.4869995117188,83.17945861816406,92.73640441894531,113.59380340576172,86.66365814208984
2025-07-07,94.6335678100586,47.14673614501953,85.61911010742188,307.3699951171875,217.47125244140625,103.64722442626953,236.88673400878906,549.3840942382812,181.87625122070312,613.8780517578125,82.38563537597656,92.42123413085938,112.2400894165039,85.92237091064453
2025-07-08,94.59498596191406,47.440975189208984,86.24759674072266,304.1600036621094,218.9756317138672,103.35086059570312,234.76181030273438,549.692626953125,182.08428955078125,613.5418090820312,82.28042602539062,92.13562774658203,113.08370208740234,85.7972183227539
2025-07-09,94.99041748046875,47.362510681152344,86.89542388916016,305.5199890136719,221.3509521484375,103.94359588623047,236.21151733398438,553.5838623046875,183.20367431640625,617.2210693359375,83.1412124633789,92.31291198730469,113.22103881835938,85.86460876464844
2025-07-10,94.96147918701172,47.490013122558594,86.83740997314453,306.20001220703125,222.48915100097656,103.96273040771484,235.93348693847656,552.7876586914062,183.19375610351562,618.9617309570312,83.19859313964844,92.0371322631836,113.81941223144531,86.40372467041016
2025-07-11,94.56607055664062,47.33308792114258,86.00587463378906,309.1400146484375,219.42098999023438,103.33172607421875,234.58306884765625,551.5436401367188,182.13381958007812,616.7858276367188,82.0508804321289,91.3378677368164,112.88751220703125,86.4133529663086
2025-07-14,94.55641174316406,47.4017448425293,86.00587463378906,308.010009765625,220.8956756591797,103.30304718017578,237.522216796875,553.5440063476562,182.17344665527344,617.9628295898438,81.87875366210938,91.83031463623047,112.78942108154297,86.97172546386719
2025-07-15,94.27672576904297,47.745018005371094,85.10665893554688,306.7300109863281,216.5706329345703,102.93018341064453,235.55616760253906,554.0515747070312,180.9054412841797,615.3220825195312,81.30489349365234,90.78633880615234,111.32781219482422,85.69132232666016
2025-07-16,94.41173553466797,47.970603942871094,85.45474243164062,308.260009765625,218.7480010986328,103.09272003173828,236.4796142578125,554.6187744140625,181.65834045410156,617.3792724609375,81.4196548461914,91.39697265625,111.19048309326172,86.5
2025-07-17,94.4503173828125,48.24522399902344,85.67713165283203,307.5899963378906,221.61817932128906,103.3412857055664,237.581787109375,559.107177734375,182.7479705810547,621.1573486328125,81.40052032470703,91.62348937988281,111.81828308105469,86.40372467041016
2025-07-18,94.62393188476562,48.13733673095703,85.4354019165039,308.3900146484375,220.04454040527344,103.53248596191406,237.38319396972656,558.56982421875,182.30224609375,620.7024536132812,81.52487182617188,91.54469299316406,111.79866027832031,86.5866470336914
2025-07-21,94.88433074951172,48.451194763183594,85.88984680175781,313.1300048828125,219.1537628173828,103.93405151367188,237.85980224609375,561.4658813476562,182.6885528564453,621.87939453125,82.25173950195312,91.56439208984375,111.85751342773438,86.94284057617188
2025-07-22,95.06758880615234,48.48061752319336,86.3636245727539,316.1000061035156,220.97486877441406,104.18263244628906,235.88385009765625,558.5598754882812,183.09471130371094,621.9683837890625,82.74906921386719,92.38185119628906,112.67169952392578,88.43505859375
2025-07-23,94.85539245605469,48.971012115478516,88.51014709472656,312.17999267578125,224.3498077392578,104.02008819580078,238.66407775878906,561.1075439453125,184.5013885498047,627.2598266601562,82.29000091552734,92.54927825927734,114.29026794433594,88.60834503173828
2025-07-24,94.79753112792969,48.70619583129883,87.8526611328125,310.2699890136719,221.2519989013672,103.86712646484375,237.9094696044922,562.3018798828125,184.40232849121094,627.4674072265625,82.14653015136719,92.57881164550781,113.33875274658203,88.30027770996094
2025-07-25,94.95184326171875,48.55907440185547,87.74629211425781,307.3999938964844,222.07345581054688,104.20175170898438,239.5875244140625,563.6553955078125,185.1353759765625,630.1181030273438,82.66300201416016,92.82504272460938,113.40741729736328,88.30990600585938
2025-07-28,94.82646942138672,48.23542022705078,86.3346176147461,305.4100036621094,221.81613159179688,103.99140930175781,239.04139709472656,565.4168090820312,185.02639770507812,629.9598388671875,82.12741088867188,92.0075912475586,112.91693878173828,86.89471435546875
2025-07-29,95.33761596679688,48.255035400390625,86.16057586669922,306.25,220.4008331298828,104.67977905273438,238.99176025390625,564.5410766601562,184.283447265625,628.29833984375,83.51420593261719,92.36214447021484,112.61284637451172,88.29064178466797
2025-07-30,95.06758880615234,47.90195083618164,85.54176330566406,300.9599914550781,219.28244018554688,104.28779602050781,239.6471405029297,565.2974853515625,183.5404815673828,627.5070190429688,83.08381652832031,91.92879486083984,112.12237548828125,87.03911590576172
2025-07-31,95.11581420898438,47.62732696533203,84.62320709228516,302.9599914550781,217.13475036621094,104.31645965576172,239.5875244140625,562.3018798828125,182.39137268066406,625.1531372070312,83.13162994384766,91.2098388671875,110.79808807373047,85.81646728515625
2025-08-01,95.93836212158203,47.27423858642578,84.40081787109375,309.1099853515625,212.71070861816406,105.24188995361328,237.09524536132812,551.2251586914062,180.6182098388672,614.9066772460938,84.3134994506836,90.94392395019531,109.42476654052734,85.60466766357422
2025-08-04,96.01578521728516,47.7646369934082,85.52242279052734,310.9100036621094,217.47125244140625,105.42427825927734,240.630126953125,561.3961791992188,183.70889282226562,624.2530517578125,84.54390716552734,91.9583511352539,110.54305267333984,86.48075103759766
2025-08-05,96.04481506347656,47.90195083618164,85.51275634765625,311.1600036621094,218.57974243164062,105.5010986328125,239.42864990234375,557.5845336914062,182.1536407470703,621.088134765625,84.80313110351562,91.17044067382812,110.8863754272461,86.87545776367188
2025-08-06,96.00609588623047,48.12752914428711,86.07355499267578,310.5,218.292724609375,105.47228240966797,242.33798217773438,564.6007690429688,183.6494598388672,625.845458984375,84.3134994506836,91.6727294921875,110.92562103271484,86.2015609741211
2025-08-07,95.9286880493164,48.52965545654297,86.84707641601562,313.1199951171875,217.5801239013672,105.36669158935547,242.14930725097656,566.5115356445312,182.39137268066406,625.3212280273438,84.16947937011719,91.19013214111328,111.08257293701172,86.45186614990234
2025-08-08,95.74482727050781,48.490421295166016,87.37887573242188,313.04998779296875,218.05520629882812,105.03070068359375,243.92669677734375,571.7960815429688,183.90701293945312,630.1972045898438,83.80464935302734,91.43635559082031,112.25971221923828,85.73944091796875
2025-08-11,95.81256866455078,48.353111267089844,87.01144409179688,308.54998779296875,218.00570678710938,105.19389343261719,243.96641540527344,570.1041870117188,183.560302734375,628.9509887695312,83.90065002441406,91.2393798828125,112.16161346435547,85.17145538330078
2025-08-12,95.81256866455078,48.94158935546875,88.07503509521484,308.2699890136719,224.47848510742188,105.2898941040039,246.1111602783203,577.2697143554688,185.47216796875,635.6468505859375,83.47823333740234,91.42652130126953,114.29026794433594,85.6528091430664
2025-08-13,96.16094207763672,49.53006362915039,88.6068344116211,309.2099914550781,228.8431396484375,105.8466796875,244.5224609375,577.558349609375,186.92837524414062,637.82275390625,84.16947937011719,92.15531921386719,115.48703002929688,86.45186614990234
2025-08-14,95.88996124267578,48.921974182128906,88.61650848388672,307.25,225.893798828125,105.48186492919922,244.22457885742188,577.110595703125,186.83920288085938,637.882080078125,83.5454330444336,91.84016418457031,115.67340087890625,85.83572387695312
2025-08-15,95.74482727050781,48.98081970214844,89.13863372802734,307.42999267578125,224.7952117919922,105.34748077392578,243.13233947753906,574.57275390625,186.3439178466797,636.388671875,82.95018768310547,92.10607147216797,114.72188568115234,86.32670593261719
2025-08-18,95.63836669921875,49.2652473449707,89.04193878173828,306.95001220703125,225.61666870117188,105.1554946899414,243.11248779296875,574.3438110351562,186.3340301513672,636.2501220703125,82.71017456054688,92.05683135986328,114.9965591430664,85.59504699707031
2025-08-19,95.82222747802734,48.86312484741211,89.0516128540039,305.2699890136719,223.8846435546875,105.31868743896484,240.4017333984375,566.5513916015625,185.78916931152344,632.7984008789062,83.1902084350586,92.67730712890625,115.62435913085938,87.06800079345703
2025-08-20,95.88031005859375,48.79446792602539,89.37068939208984,308.3599853515625,223.09286499023438,105.36669158935547,241.14645385742188,563.1876220703125,185.39292907714844,631.1170043945312,83.37261199951172,93.15005493164062,114.81016540527344,87.31830596923828
2025-08-21,95.65772247314453,48.686580657958984,88.80988311767578,307.2900085449219,223.64712524414062,104.96349334716797,239.8258514404297,560.5801391601562,184.8084716796875,628.5851440429688,82.95979309082031,92.90383911132812,114.54531860351562,87.05838012695312
2025-08-22,96.18997192382812,49.65756607055664,90.14421844482422,310.5799865722656,232.41603088378906,105.78907012939453,241.9407958984375,569.2284545898438,187.5920867919922,638.2380981445312,83.57422637939453,93.11064910888672,117.1546401977539,88.74312591552734
2025-08-25,96.04481506347656,49.37313461303711,88.95492553710938,309.8299865722656,229.97142028808594,105.51067352294922,241.1265869140625,567.5863647460938,186.64109802246094,635.4292602539062,83.33422088623047,92.26366424560547,116.6739730834961,88.2328872680664
2025-08-26,96.16094207763672,49.245635986328125,88.85823059082031,312.0799865722656,231.87168884277344,105.58747863769531,243.44017028808594,569.8654174804688,187.2849884033203,638.0897216796875,83.28620910644531,92.2538070678711,116.8799819946289,88.00183868408203
2025-08-27,96.25769805908203,48.95139694213867,88.6455078125,312.7099914550781,233.51461791992188,105.6258773803711,243.04298400878906,570.7412109375,187.57229614257812,639.543701171875,83.1902084350586,92.63790893554688,117.51759338378906,88.55057525634766
2025-08-28,96.37383270263672,49.13774871826172,88.97425842285156,315.0299987792969,233.791748046875,105.78907012939453,244.58204650878906,574.31396484375,187.9091033935547,641.8085327148438,83.73745727539062,92.60836029052734,117.79225158691406,88.31953430175781
2025-08-29,96.2480239868164,48.90235900878906,88.45214080810547,318.07000732421875,232.75253295898438,105.40509033203125,242.01031494140625,567.666015625,187.176025390625,637.9810180664062,83.1421890258789,92.83488464355469,117.3998794555664,88.8008804321289
2025-09-02,95.99267578125,48.86312484741211,87.58192443847656,325.5899963378906,231.49560546875,105.05249786376953,240.77906799316406,562.908935546875,185.84860229492188,633.2533569335938,82.52349090576172,92.5985107421875,116.8014907836914,87.32793426513672
2025-09-03,96.34220886230469,49.049476623535156,87.71729278564453,328.1400146484375,231.26795959472656,105.67867279052734,240.95779418945312,567.3375854492188,186.89865112304688,636.6853637695312,83.42938232421875,92.63790893554688,116.45817565917969,87.37606811523438
2025-09-04,96.73054504394531,48.892547607421875,88.35543823242188,326.69000244140625,234.15794372558594,106.40118408203125,243.21176147460938,572.4728393554688,188.54307556152344,642.00634765625,84.06544494628906,92.78563690185547,117.70396423339844,88.03071594238281
2025-09-05,97.18687438964844,49.48102569580078,88.75187683105469,331.04998779296875,235.32582092285156,107.09478759765625,242.57627868652344,573.298828125,187.44351196289062,640.14697265625,85.3471908569336,92.56896209716797,118.12577819824219,89.02230834960938
2025-09-08,97.51699829101562,49.93218994140625,89.64141845703125,334.82000732421875,235.80088806152344,107.47048950195312,244.74090576171875,576.0953979492188,187.9289093017578,641.7195434570312,86.48438262939453,92.64776611328125,117.65492248535156,88.50244140625
2025-09-09,97.32279205322266,50.206809997558594,89.34168243408203,334.05999755859375,234.415283203125,107.27781677246094,246.6870880126953,577.7276000976562,188.2161865234375,643.203125,85.99288940429688,92.815185546875,117.79225158691406,88.30027770996094
2025-09-10,97.51699829101562,50.55009078979492,89.32234191894531,335.260009765625,233.99960327148438,107.59571838378906,252.57522583007812,577.9166259765625,187.79022216796875,645.0625,86.48438262939453,92.32275390625,118.09635162353516,88.1558609008789
2025-09-11,97.70146179199219,51.28568649291992,90.26990509033203,334.760009765625,238.32467651367188,108.09666442871094,252.1681365966797,581.2803955078125,189.77145385742188,650.4232177734375,87.06262969970703,93.47505950927734,119.93071746826172,89.76360321044922
2025-09-12,97.61408233642578,51.25625991821289,89.91215515136719,335.4200134277344,235.88995361328125,107.90399169921875,251.73126220703125,583.8479614257812,189.0185546875,650.2054443359375,86.68675231933594,92.71670532226562,119.33234405517578,89.3496322631836
2025-09-15,97.77912139892578,51.628963470458984,90.51163482666016,338.9100036621094,236.8895721435547,108.24115753173828,252.823486328125,588.8439331054688,189.6426544189453,653.6671142578125,86.88916015625,92.43108367919922,119.40101623535156,89.2052230834961
2025-09-16,97.81796264648438,52.011470794677734,90.26023864746094,339.5899963378906,236.49949645996094,108.14482879638672,252.21035766601562,588.3463745117188,189.46290588378906,652.7671508789062,87.07225036621094,92.04747772216797,119.44046020507812,88.7334976196289
2025-09-17,97.64320373535156,52.23705291748047,89.92182159423828,336.9700012207031,237.10494995117188,107.95214080810547,251.93167114257812,587.172119140625,189.9594268798828,651.9561157226562,86.85060119628906,92.50226593017578,119.8349838256836,88.61798095703125
2025-09-18,97.371337890625,52.10955047607422,90.26990509033203,335.6199951171875,243.01048278808594,107.73059844970703,253.48435974121094,592.4664916992188,190.68435668945312,655.0023803710938,85.954345703125,92.63080596923828,122.29086303710938,88.81051635742188
2025-09-19,97.371337890625,51.991851806640625,89.92182159423828,339.17999267578125,241.1643829345703,107.64387512207031,255.60435485839844,596.4771728515625,191.36956787109375,658.2465209960938,85.79049682617188,92.77910614013672,121.40319061279297,88.2328872680664
2025-09-22,97.25483703613281,52.246864318847656,90.21189880371094,345.04998779296875,242.5638427734375,107.40306091308594,256.480224609375,600.0083618164062,192.43212890625,661.3607177734375,85.48210144042969,92.87797546386719,121.3637466430664,88.25213623046875
2025-09-23,97.41020202636719,52.276283264160156,90.03785705566406,346.4599914550781,242.01795959472656,107.614990234375,255.58447265625,596.02294921875,191.5284423828125,657.7606201171875,86.07962036132812,93.07571411132812,121.77798461914062,88.7334976196289
2025-09-24,97.22572326660156,52.0997428894043,89.51573181152344,343.32000732421875,239.79470825195312,107.18148803710938,253.9521484375,593.9305419921875,190.86309814453125,655.6678466796875,85.75196838378906,93.09548950195312,121.90620422363281,87.8607177734375
2025-09-25,97.08979797363281,51.79569625854492,88.8775634765625,344.75,237.50193786621094,106.98881530761719,252.39947509765625,591.3699340820312,189.96937561035156,652.6429443359375,85.75196838378906,92.55170440673828,121.65962982177734,87.59830474853516
2025-09-26,97.15774536132812,51.69761657714844,89.56407165527344,346.739990234375,239.53662109375,107.1333236694336,253.46444702148438,593.801025390625,191.2603302001953,656.3819580078125,85.67485046386719,93.47119140625,122.92208862304688,88.46331024169922
2025-09-29,97.34223175048828,52.16839599609375,89.91215515136719,352.4599914550781,239.81454467773438,107.48976135253906,254.4398651123047,596.5509643554688,192.01504516601562,658.2266845703125,86.37837219238281,93.64916229248047,123.13907623291016,88.49246978759766
2025-09-30,97.33251953125,52.374366760253906,90.27957916259766,355.4700012207031,240.1520233154297,107.38377380371094,255.2460479736328,598.1849975585938,193.14710998535156,660.7061157226562,86.1278076171875,94.06440734863281,123.33634185791016,88.8520736694336
2025-10-01,97.58089447021484,52.78629684448242,91.02409362792969,356.0299987792969,240.6780548095703,107.81501007080078,254.69862365722656,601.0545043945312,194.477783203125,662.95751953125,86.3502426147461,93.89633178710938,125.07221221923828,88.9881362915039
2025-10-02,97.68803405761719,53.031494140625,91.16912841796875,354.7900085449219,242.19662475585938,107.98904418945312,254.6090545654297,603.5255126953125,194.99417114257812,663.7210693359375,86.60169219970703,93.7579116821289,125.20043182373047,88.5216293334961
2025-10-03,97.58089447021484,53.18842315673828,91.93297576904297,357.6400146484375,243.9930877685547,107.85368347167969,253.07627868652344,600.9848022460938,195.10340881347656,663.7113037109375,86.43726348876953,94.07429504394531,125.66400146484375,88.8520736694336
2025-10-06,97.3666000366211,53.433624267578125,92.14569854736328,364.3800048828125,244.96575927734375,107.50562286376953,253.01657104492188,605.498291015625,195.4410400390625,666.0914916992188,85.75064849853516,94.00508880615234,125.46673583984375,88.01622009277344
2025-10-07,97.53218841552734,53.021690368652344,91.34317016601562,366.260009765625,242.3355712890625,107.70864868164062,253.30520629882812,602.3099975585938,194.44801330566406,663.6219482421875,86.24385833740234,94.16328430175781,124.48043823242188,87.69550323486328
2025-10-08,97.54193878173828,53.44343185424805,91.61389923095703,372.29998779296875,244.87644958496094,107.57329559326172,254.71852111816406,609.2147216796875,195.32188415527344,667.5791625976562,86.31156158447266,94.35113525390625,125.1905746459961,87.23870086669922
2025-10-09,97.425048828125,52.89418411254883,90.85972595214844,365.42999267578125,243.29832458496094,107.36058807373047,254.83798217773438,608.4774169921875,194.4082794189453,665.6452026367188,86.24385833740234,93.80734252929688,124.11550903320312,86.76246643066406
2025-10-10,97.82440948486328,50.942405700683594,89.18697357177734,369.1199951171875,236.01315307617188,107.6603012084961,248.79647827148438,587.3545532226562,189.68138122558594,647.6542358398438,87.63645935058594,92.92740631103516,120.61416625976562,85.65447998046875
2025-10-13,98.00948333740234,52.42340850830078,89.9024887084961,378.0899963378906,242.58370971679688,108.02772521972656,253.5440673828125,599.8190307617188,191.5383758544922,657.5919189453125,87.58809661865234,93.21412658691406,122.40921020507812,86.19876098632812
2025-10-14,98.16532135009766,51.9526252746582,90.30859375,380.7900085449219,246.047607421875,108.38545989990234,252.92698669433594,595.8236694335938,191.6873321533203,656.78857421875,87.86854553222656,93.62938690185547,123.34619903564453,87.08319091796875
2025-10-15,98.1263656616211,52.80591583251953,90.74369049072266,387.3900146484375,248.45947265625,108.38545989990234,253.66351318359375,600.0282592773438,192.3626251220703,659.7044067382812,87.67514038085938,93.1844711303711,124.63824462890625,88.3466796875
2025-10-16,98.47704315185547,53.149192810058594,91.21746826171875,396.45001220703125,243.22885131835938,108.69485473632812,251.70277404785156,597.806396484375,190.9524688720703,655.2116088867188,88.33273315429688,92.2748794555664,123.60263061523438,88.0356674194336
2025-10-17,98.34066772460938,53.13938522338867,91.38184356689453,388.989990234375,241.59117126464844,108.48214721679688,251.61318969726562,601.7320556640625,192.11436462402344,658.9308471679688,88.19734191894531,92.99662017822266,124.15496063232422,88.60909271240234
2025-10-20,98.50625610351562,53.865169525146484,92.13602447509766,403.1499938964844,246.30567932128906,108.81087493896484,253.02651977539062,609.3142700195312,194.24940490722656,665.7840576171875,88.53584289550781,93.55028533935547,125.50617980957031,89.50325012207031
2025-10-21,98.6036605834961,53.26688766479492,91.45919799804688,377.239990234375,245.14443969726562,108.83021545410156,252.37957763671875,609.1549682617188,194.76576232910156,665.7741088867188,88.97100067138672,93.65904998779297,126.68974304199219,89.25055694580078
2025-10-22,98.59391784667969,53.21784591674805,91.3238296508789,377.2799987792969,241.5216827392578,108.93657684326172,249.7420196533203,603.286376953125,193.4946746826172,662.3128051757812,89.02903747558594,93.60961151123047,125.6738510131836,89.62960052490234
2025-10-23,98.41858673095703,53.688629150390625,91.749267578125,378.7900085449219,244.57867431640625,108.80120849609375,251.77244567871094,608.35791015625,194.72604370117188,666.2402954101562,88.41978454589844,93.36244201660156,126.48262023925781,89.5712890625
2025-10-24,98.5159912109375,54.04171371459961,91.89430236816406,377.5199890136719,247.56619262695312,108.98492431640625,254.30052185058594,614.8541259765625,195.49069213867188,671.6851806640625,88.4584732055664,93.43164825439453,128.0508270263672,89.83370208740234
2025-10-27,98.58418273925781,54.63999557495117,92.53245544433594,367.010009765625,248.42970275878906,109.16862487792969,256.7091979980469,625.80419921875,197.7945556640625,679.6095581054688,88.75825500488281,93.85678100585938,129.08644104003906,90.08641052246094
2025-10-28,98.64262390136719,54.62038040161133,92.49378204345703,364.3800048828125,247.09971618652344,109.17829895019531,256.7390441894531,630.6165161132812,197.7449188232422,681.41455078125,88.99034881591797,93.16470336914062,128.9976806640625,88.3175277709961
2025-10-29,98.1750717163086,54.934234619140625,91.97166442871094,363.0,244.99554443359375,108.55949401855469,256.8086853027344,633.4562377929688,196.9405517578125,681.7418823242188,88.09097290039062,91.98815155029297,128.51438903808594,86.04325103759766
2025-10-30,97.98999786376953,54.36537551879883,91.5655517578125,370.1300048828125,243.02041625976562,107.97938537597656,252.36959838867188,623.7716064453125,195.33180236816406,674.2440185546875,87.57842254638672,92.1858901977539,127.79439544677734,86.45144653320312
2025-10-31,97.93155670166016,54.23787307739258,91.36250305175781,368.1199951171875,244.3900909423828,107.5442886352539,253.02651977539062,626.7805786132812,194.93460083007812,676.4556274414062,87.31731414794922,92.12657165527344,128.6228790283203,86.67499542236328
2025-11-03,97.81135559082031,54.581153869628906,91.40118408203125,368.7799987792969,243.60601806640625,107.25511169433594,252.32980346679688,629.779541015625,194.6565399169922,677.72509765625,87.09892272949219,91.70143127441406,128.78070068359375,86.54865264892578
2025-11-04,97.86022186279297,53.58074188232422,90.46328735351562,362.32000732421875,239.39767456054688,107.40067291259766,248.0400390625,616.996337890625,193.16697692871094,669.691650390625,87.29305267333984,91.7706298828125,126.51221466064453,86.69442749023438
2025-11-05,97.59637451171875,54.06132888793945,91.0434341430664,366.510009765625,242.8516845703125,107.08043670654297,248.97561645507812,621.01171875,193.93161010742188,672.012451171875,86.34188842773438,91.89916229248047,128.39602661132812,86.77217864990234
2025-11-06,97.95793151855469,53.65920639038086,90.84037780761719,366.07000732421875,238.55404663085938,107.64326477050781,245.77072143554688,609.4439086914062,191.92567443847656,664.8021850585938,87.11834716796875,91.29605865478516,127.63658905029297,86.35426330566406
2025-11-07,97.91886138916016,53.50227737426758,91.17880249023438,368.30999755859375,239.8046112060547,107.4297866821289,247.01486206054688,607.5208740234375,191.8660888671875,665.4567260742188,86.93394470214844,91.93870544433594,128.4946746826172,87.69550323486328
2025-11-10,97.87977600097656,54.4438362121582,92.13602447509766,378.3800048828125,242.20654296875,107.4880142211914,251.43402099609375,620.9617919921875,194.54730224609375,675.8406982421875,86.91454315185547,92.33419036865234,129.66835021972656,87.64690399169922
2025-11-11,98.17293548583984,54.502685546875,92.81285858154297,379.8699951171875,242.41497802734375,107.91497039794922,250.5880126953125,619.307861328125,195.15306091308594,677.387939453125,87.31246185302734,93.2339096069336,129.66835021972656,88.62853240966797
2025-11-12,98.13385009765625,54.51249313354492,93.3639907836914,385.989990234375,241.8194580078125,107.8082275390625,250.4088592529297,618.8196411132812,195.6396484375,677.7648315429688,87.46775817871094,93.49095916748047,130.85191345214844,87.96764373779297
2025-11-13,97.84068298339844,53.87498092651367,92.36808013916016,382.8699951171875,235.02064514160156,107.2745361328125,244.63607788085938,606.1858520507812,193.55426025390625,666.5180053710938,86.74951934814453,93.04605102539062,128.9483642578125,86.8888168334961
2025-11-14,97.7234115600586,53.90440368652344,92.10702514648438,375.9599914550781,235.70547485351562,106.98341369628906,244.91477966308594,606.6441040039062,193.0279541015625,666.4088134765625,86.25454711914062,93.1350326538086,128.8694610595703,87.07347106933594
2025-11-17,97.74295043945312,53.26688766479492,90.90806579589844,371.6499938964844,231.02073669433594,107.05135345458984,242.2174835205078,601.4630126953125,190.98226928710938,660.2003173828125,86.46806335449219,92.65057373046875,126.64041900634766,86.35426330566406
2025-11-18,97.80159759521484,53.0020751953125,89.72844696044922,374.3500061035156,231.72544860839844,107.09986114501953,240.90370178222656,594.1398315429688,189.74098205566406,654.65625,86.4389419555664,92.60114288330078,126.26564025878906,86.70415496826172
2025-11-19,97.80159759521484,52.81571960449219,89.45770263671875,374.9599914550781,231.6857452392578,107.10955810546875,241.80941772460938,597.6868286132812,190.41624450683594,657.185302734375,86.2642593383789,92.12657165527344,126.06837463378906,86.02381134033203
2025-11-20,97.91886138916016,52.08993911743164,88.22007751464844,374.8500061035156,227.3980255126953,107.25511169433594,236.90257263183594,583.5385131835938,188.04286193847656,647.1683349609375,86.60395812988281,91.58277893066406,122.9615478515625,85.66419982910156
2025-11-21,98.15340423583984,52.08012390136719,89.58341217041016,374.2699890136719,233.83953857421875,107.6335678100586,236.7134552001953,587.9224853515625,190.64463806152344,653.6148681640625,86.8659896850586,92.64069366455078,125.6442642211914,87.05403900146484
2025-11-24,98.34883880615234,52.629371643066406,89.6607666015625,380.20001220703125,238.10739135742188,108.06053161621094,241.1624755859375,602.9575805664062,192.3328094482422,663.2351684570312,87.36100006103516,92.55170440673828,127.20262145996094,87.28729248046875
2025-11-25,98.50520324707031,52.81571960449219,90.73401641845703,380.0799865722656,243.29832458496094,108.36134338378906,243.0635223388672,606.6740112304688,194.6267547607422,669.4735717773438,87.58422088623047,93.58983612060547,129.04698181152344,88.09397888183594
2025-11-26,98.66155242919922,53.19823455810547,91.72993469238281,383.1199951171875,245.45211791992188,108.73009490966797,246.5172119140625,612.034423828125,195.9673614501953,674.09521484375,87.97245025634766,93.8469009399414,130.2404022216797,88.48274230957031
2025-11-28,98.52474212646484,53.27669143676758,92.03934478759766,387.8800048828125,246.89126586914062,108.54571533203125,249.0751495361328,616.996337890625,196.70220947265625,677.7747192382812,87.55509948730469,94.25225830078125,131.83819580078125,88.7743148803711
2025-12-01,98.09925079345703,53.237464904785156,91.58489227294922,389.75,243.78465270996094,107.96424865722656,246.4873504638672,614.923828125,196.29505920410156,674.6803588867188,86.46515655517578,93.49095916748047,131.41409301757812,87.75381469726562
2025-12-02,98.22669982910156,53.257080078125,91.89430236816406,387.239990234375,243.33802795410156,108.03241729736328,247.64190673828125,619.736328125,197.04977416992188,675.9299926757812,86.50411987304688,93.22401428222656,132.19326782226562,87.44280242919922
2025-12-03,98.41297149658203,53.29631042480469,92.3874282836914,386.8800048828125,247.7646942138672,108.27591705322266,248.62725830078125,621.2507934570312,197.7349853515625,678.2706298828125,86.74761962890625,93.52062225341797,133.51490783691406,87.66634368896484
2025-12-04,98.17767333984375,53.28650665283203,92.6388168334961,387.1300048828125,249.93833923339844,108.08113098144531,250.4188232421875,620.6729125976562,197.89385986328125,678.7664794921875,86.28009033203125,93.44153594970703,132.8639678955078,87.45252227783203
2025-12-05,98.06983184814453,53.688629150390625,92.6388168334961,386.44000244140625,248.89617919921875,107.97398376464844,251.60321044921875,623.20361328125,198.37051391601562,680.0557861328125,85.8807373046875,93.51074981689453,133.4557342529297,87.35533142089844
2025-12-08,97.91297149658203,53.5709342956543,92.34874725341797,385.4200134277344,248.9954376220703,107.7499771118164,252.19046020507812,622.008056640625,197.1689453125,678.0126953125,85.59825897216797,92.82854461669922,133.4359893798828,86.6847152709961
2025-12-09,97.8247299194336,53.482662200927734,92.22305297851562,387.3999938964844,249.51153564453125,107.6136245727539,252.30990600585938,622.7752075195312,197.0299072265625,677.4276123046875,85.68592834472656,92.60114288330078,133.63327026367188,86.35426330566406
2025-12-10,98.13845825195312,54.0809440612793,93.24796295166016,389.04998779296875,252.90599060058594,108.11033630371094,254.71852111816406,625.3258666992188,197.9534454345703,681.92041015625,86.01709747314453,92.79888153076172,136.3751678466797,86.66526794433594
2025-12-11,98.15807342529297,53.8259391784668,93.7990951538086,393.239990234375,255.87364196777344,107.95450592041016,254.8578643798828,623.3032836914062,199.61183166503906,683.5072021484375,85.90022277832031,93.57994842529297,136.68092346191406,87.04431915283203
2025-12-12,97.85414123535156,53.19823455810547,93.30597686767578,395.44000244140625,251.9531707763672,107.30194091796875,248.2888641357422,611.3867797851562,198.12225341796875,676.1581420898438,85.07227325439453,93.56017303466797,134.90557861328125,86.93740844726562
2025-12-15,97.95219421386719,53.04130935668945,93.87644958496094,395.79998779296875,250.04750061035156,107.42857360839844,247.1741180419922,608.3179931640625,198.30099487304688,675.1365966796875,85.13072967529297,93.6985855102539,135.09300231933594,87.20954895019531
2025-12-16,98.13845825195312,52.70604705810547,93.44133758544922,395.8900146484375,248.8644256591797,107.67205810546875,247.21505737304688,609.5236206054688,197.4154815673828,673.2918701171875,85.59825897216797,93.02448272705078,134.10377502441406,86.56807708740234
2025-12-17,98.10904693603516,52.32801055908203,92.68333435058594,399.2900085449219,246.21546936035156,107.55518341064453,241.39669799804688,598.2247924804688,195.5926513671875,665.8832397460938,85.52034759521484,93.09397888183594,132.99252319335938,86.8888168334961
2025-12-18,98.35415649414062,52.92491149902344,93.3428955078125,398.57000732421875,247.6793670654297,107.96424865722656,245.5783233642578,606.8931884765625,196.99713134765625,670.9115600585938,85.929443359375,93.17340087890625,134.07400512695312,86.43201446533203
2025-12-19,98.21053314208984,53.442222595214844,93.9729232788086,399.0199890136719,249.75074768066406,107.68655395507812,250.7479705810547,614.8042602539062,198.0629425048828,676.9923095703125,85.60871887207031,93.44145965576172,135.52259826660156,86.1015625
2025-12-22,98.17118835449219,53.73072052001953,94.20918273925781,408.2300109863281,252.52919006347656,107.6669921875,252.88368225097656,617.7513427734375,199.0889129638672,681.2098999023438,85.42292785644531,94.04706573486328,136.51478576660156,86.54389953613281
2025-12-23,98.17118835449219,54.029170989990234,94.79000091552734,413.6400146484375,251.035400390625,107.77454376220703,253.8118438720703,620.6444702148438,199.37779235839844,684.3233032226562,85.55982208251953,94.0669174194336,136.19729614257812,86.48505401611328
2025-12-24,98.3875961303711,54.13859939575195,94.90813446044922,411.92999267578125,251.66281127929688,108.19501495361328,254.95953369140625,622.460205078125,200.20455932617188,686.7305297851562,86.07807159423828,94.38461303710938,137.12001037597656,87.05390930175781
2025-12-26,98.40727233886719,54.51663589477539,95.06563568115234,416.739990234375,250.3781280517578,108.18524169921875,254.52041625976562,622.4203491210938,200.244384765625,686.660888671875,85.79449462890625,94.42431640625,137.17955017089844,87.1519775390625
2025-12-29,98.52531433105469,54.37736129760742,94.7801513671875,398.6000061035156,248.8445281982422,108.33191680908203,252.98348999023438,619.4074096679688,199.71646118164062,684.2138671875,86.11719512939453,94.38461303710938,137.06048583984375,87.32852172851562
2025-12-30,98.48596954345703,54.596221923828125,94.93766021728516,398.8900146484375,247.00218200683594,108.20479583740234,252.28488159179688,617.9707641601562,199.31802368164062,683.3783569335938,85.91183471679688,94.26547241210938,136.89181518554688,87.50505828857422
2025-12-31,98.2498779296875,54.427101135253906,94.53404235839844,396.30999755859375,245.1399383544922,107.74522399902344,249.80984497070312,612.8628540039062,197.8437957763672,678.3152465820312,85.22736358642578,93.4811782836914,135.6614990234375,86.78909301757812
2026-01-02,98.22037506103516,55.94919204711914,95.52831268310547,398.2799987792969,247.74908447265625,107.71589660644531,252.22500610351562,611.6756591796875,198.4115753173828,679.55859375,85.10023498535156,92.974853515625,138.26104736328125,86.81851959228516
2026-01-05,98.40727233886719,56.565982818603516,96.62102508544922,408.760009765625,251.6826934814453,108.01900482177734,254.6102294921875,616.5341796875,200.39378356933594,684.0845336914062,85.52071380615234,93.32232666015625,139.3921356201172,87.0146713256836
2026-01-06,98.3875961303711,56.98381042480469,96.76869201660156,413.17999267578125,255.01881408691406,108.01900482177734,257.5942687988281,621.951416015625,202.11705017089844,688.1529541015625,85.34469604492188,93.86836242675781,141.96188354492188,87.65217590332031
2026-01-07,98.48596954345703,56.556034088134766,96.40444946289062,409.2300109863281,254.4213104248047,108.09722900390625,255.95755004882812,622.550048828125,201.140869140625,685.9347534179688,85.84339141845703,93.50102996826172,140.6224365234375,86.79889678955078
2026-01-08,98.30889892578125,56.575931549072266,96.41429901123047,411.489990234375,257.1997375488281,107.79410552978516,252.82382202148438,619.0083618164062,201.61900329589844,685.8651123046875,85.41314697265625,93.83856964111328,141.2078399658203,87.57371520996094
2026-01-09,98.52531433105469,56.84453582763672,97.27073669433594,414.4700012207031,259.1516418457031,108.18524169921875,256.4764709472656,625.173828125,203.2725067138672,690.4010009765625,85.98028564453125,93.95771026611328,143.11282348632812,87.75025939941406
2026-01-12,98.47612762451172,57.64039611816406,97.86139678955078,422.2300109863281,260.4163818359375,108.05812072753906,258.4325866699219,625.6925659179688,203.431884765625,691.4852294921875,85.72603607177734,94.1761245727539,142.57704162597656,87.8679428100586
2026-01-13,98.56465911865234,57.21261978149414,97.3002700805664,421.6300048828125,260.2669982910156,108.29280090332031,258.3926696777344,624.7647705078125,202.73460388183594,690.1026000976562,85.87272644042969,93.60030364990234,142.54727172851562,88.35833740234375
2026-01-14,98.71220397949219,57.45138168334961,97.75311279296875,425.94000244140625,262.099365234375,108.56658172607422,255.21900939941406,618.0905151367188,201.81822204589844,686.7106323242188,86.37141418457031,93.9477767944336,142.56712341308594,89.12335205078125
2026-01-15,98.58433532714844,57.78962326049805,97.71372985839844,423.3299865722656,264.4097595214844,108.42969512939453,256.696044921875,620.3153076171875,202.6947784423828,688.5806884765625,86.35186004638672,93.89814758300781,143.3806915283203,89.7412338256836
2026-01-16,98.41710662841797,57.57075881958008,97.97952270507812,421.2900085449219,264.6587219238281,108.11679077148438,257.8637390136719,619.7965087890625,202.51547241210938,688.0037231445312,85.8531723022461,93.73929595947266,143.36087036132812,90.83971405029297
2026-01-20,98.0433120727539,57.01365661621094,96.4930419921875,437.2300109863281,261.49188232421875,107.46166229248047,252.33477783203125,606.6276245117188,198.750244140625,673.9981689453125,84.72867584228516,92.93513488769531,141.7237548828125,89.15277099609375
2026-01-21,98.36792755126953,57.958744049072266,97.48731231689453,443.6000061035156,266.6802978515625,108.10700988769531,254.88966369628906,614.8282470703125,201.1807098388672,681.77685546875,85.37403106689453,93.65986633300781,145.43453979492188,89.50585174560547
2026-01-22,98.3875961303711,58.39646911621094,97.8712387084961,451.7900085449219,268.6719970703125,108.31234741210938,255.558349609375,619.2976684570312,201.838134765625,685.3379516601562,85.74560546875,94.0569839477539,146.1786651611328,88.62315368652344
2026-01-23,98.47612762451172,58.764556884765625,98.41267395019531,458.0,263.712646484375,108.38079071044922,254.9794921875,621.2530517578125,201.88792419433594,685.5865478515625,85.98028564453125,94.19597625732422,143.91648864746094,88.79969024658203
2026-01-26,98.6236801147461,58.864036560058594,98.9048843383789,464.70001220703125,262.8861083984375,108.46879577636719,256.43658447265625,623.9866333007812,202.933837890625,689.0680541992188,86.3909683227539,94.83135986328125,143.61883544921875,88.68199920654297
2026-01-27,98.55481719970703,60.02798843383789,100.49964141845703,476.1000061035156,263.63299560546875,108.35147094726562,259.7000427246094,629.6432495117188,203.34222412109375,691.8134765625,85.8531723022461,94.64273834228516,144.96820068359375,88.65257263183594
2026-01-28,98.51547241210938,60.43586730957031,99.43647003173828,494.55999755859375,262.2088928222656,108.19501495361328,259.5702819824219,631.728271484375,203.4717254638672,691.7438354492188,85.65760040283203,94.47396850585938,146.8037567138672,87.74044799804688
2026-01-29,98.51547241210938,60.127471923828125,100.10588073730469,495.8999938964844,262.27862548828125,108.22435760498047,260.5982360839844,627.9472045898438,203.9398956298828,690.3711547851562,85.67716217041016,93.99742126464844,147.3097686767578,88.96641540527344
2026-01-30,98.49579620361328,58.79439926147461,99.17066955566406,444.95001220703125,258.57403564453125,108.11679077148438,255.37869262695312,620.405029296875,201.6289520263672,688.3120727539062,85.1980209350586,94.30518341064453,146.02984619140625,89.05469512939453
2026-02-02,98.38230895996094,58.97346878051758,99.82039642333984,427.1300048828125,261.0935363769531,108.01667785644531,257.84375,624.6650390625,202.933837890625,691.7339477539062,84.95459747314453,94.69236755371094,148.46070861816406,88.13275909423828
2026-02-03,98.39218139648438,59.291812896728516,99.86961364746094,454.2900085449219,261.6910400390625,108.06575775146484,255.9375762939453,615.0676879882812,200.5830535888672,685.885009765625,85.16073608398438,94.19597625732422,148.4011688232422,87.93660736083984
2026-02-04,98.33296203613281,58.49595260620117,100.19447326660156,453.9700012207031,259.4403991699219,107.92835998535156,246.5563507080078,604.322998046875,200.8320770263672,682.5626831054688,84.94479370117188,94.44417572021484,147.96461486816406,89.2018051147461
2026-02-05,98.75732421875,58.22734832763672,98.7670669555664,441.8800048828125,254.7698516845703,108.4485092163086,243.64219665527344,595.6235961914062,198.46139526367188,674.0379638671875,85.8674545288086,94.24562072753906,146.99224853515625,89.07431030273438
2026-02-06,98.8165283203125,59.75938415527344,101.01154327392578,455.4599914550781,263.9217529296875,108.50740051269531,252.98348999023438,608.2138671875,202.84417724609375,686.96923828125,85.92635345458984,95.33768463134766,150.693115234375,90.47682189941406
2026-02-09,98.84614562988281,60.19710922241211,102.37004089355469,467.0299987792969,265.7740783691406,108.50740051269531,256.9156188964844,612.8728637695312,203.232666015625,690.2816772460938,85.9067153930664,95.20862579345703,150.1474151611328,90.85932159423828
2026-02-10,99.13233947753906,60.286643981933594,102.61614990234375,462.3999938964844,265.05706787109375,108.7625732421875,254.55035400390625,610.029541015625,202.8242645263672,688.4613037109375,86.89810180664062,95.23841094970703,149.63148498535156,92.07548522949219
2026-02-11,98.90535736083984,61.24168014526367,103.30525207519531,467.6300048828125,263.8520812988281,108.6447982788086,254.64016723632812,611.6657104492188,202.99359130859375,688.3021850585938,86.43675994873047,95.33768463134766,151.70513916015625,91.56549072265625
2026-02-12,99.34944915771484,60.5452995300293,102.52755737304688,451.3900146484375,258.4644775390625,109.15514373779297,249.70005798339844,599.22509765625,199.95553588867188,677.668701171875,87.585205078125,94.50374603271484,148.6988067626953,91.45759582519531
2026-02-13,99.6652603149414,60.803955078125,102.61614990234375,462.6199951171875,261.87030029296875,109.51828002929688,250.9774932861328,600.5020141601562,200.96157836914062,678.1461181640625,88.066162109375,95.49653625488281,150.3756103515625,92.77183532714844
2026-02-17,99.67512512207031,60.55524826049805,102.59646606445312,448.20001220703125,261.9499816894531,109.62622833251953,251.14715576171875,599.8834838867188,201.4496612548828,679.2402954101562,88.21340942382812,95.14905548095703,149.67117309570312,93.654541015625
2026-02-18,99.53695678710938,60.873592376708984,102.71459197998047,458.2799987792969,262.8960266113281,109.51828002929688,252.98348999023438,604.3629760742188,202.6947784423828,682.662109375,87.87966918945312,95.33768463134766,151.10984802246094,92.55606842041016
2026-02-19,99.55669403076172,60.724369049072266,102.42911529541016,459.55999755859375,263.5035400390625,109.60659790039062,252.7938690185547,602.04833984375,202.236572265625,680.8616333007812,87.96800994873047,95.3575439453125,150.19703674316406,92.35991668701172
2026-02-20,99.57643127441406,62.01764678955078,103.265869140625,468.6199951171875,263.5134582519531,109.51828002929688,254.2709197998047,607.3757934570312,203.5912628173828,685.7855834960938,87.76187896728516,95.49653625488281,151.22889709472656,93.05625915527344
2026-02-23,99.77381134033203,61.331214904785156,102.84256744384766,481.2799987792969,259.4105224609375,109.63604736328125,249.25096130371094,599.9932250976562,201.46957397460938,678.7827758789062,88.08580017089844,95.1093521118164,149.06593322753906,93.06607818603516
2026-02-24,99.7639389038086,62.296199798583984,103.02960968017578,474.6099853515625,262.23876953125,109.60659790039062,251.63619995117188,606.4380493164062,203.1728973388672,683.7164916992188,88.24285125732422,95.69509887695312,149.9688262939453,93.30146026611328
2026-02-25,99.714599609375,62.98263168334961,104.0140380859375,473.4200134277344,263.48358154296875,109.57716369628906,255.86770629882812,615.227294921875,204.64710998535156,689.4859008789062,88.2526626586914,95.71495056152344,150.80226135253906,93.04646301269531
2026-02-26,99.87249755859375,62.38573455810547,103.92543029785156,477.4800109863281,264.88775634765625,109.64585876464844,254.3806915283203,607.8048095703125,203.99964904785156,685.6561889648438,88.60602569580078,96.10213470458984,149.9390411376953,93.6839599609375
2026-02-27,100.06988525390625,62.25640869140625,103.73838806152344,483.75,260.3267517089844,109.60659790039062,252.4545440673828,605.8594360351562,204.05941772460938,682.3637084960938,89.14588165283203,97.1048583984375,149.6116180419922,93.8507080078125
2026-03-02,99.66992950439453,61.18199157714844,101.6907958984375,490.0,262.7167663574219,109.23532104492188,253.1930694580078,606.6575317382812,203.6709442138672,682.751708984375,88.25067138671875,96.97579956054688,149.11553955078125,94.08609008789062
2026-03-03,99.56103515625,58.117916107177734,98.53079986572266,468.1400146484375,258.1657409667969,109.18609619140625,246.5164337158203,600.162841796875,201.49945068359375,676.7337036132812,88.07340240478516,96.5091781616211,145.95046997070312,93.58588409423828
2026-03-04,99.52143859863281,58.744659423828125,99.80070495605469,471.79998779296875,260.67529296875,109.2845687866211,250.20904541015625,609.3112182617188,202.6449737548828,681.5082397460938,87.79766082763672,96.6581039428711,148.0935821533203,93.70357513427734
2026-03-05,99.23434448242188,57.33200454711914,97.61529541015625,466.1300048828125,255.6959991455078,108.85124969482422,246.53639221191406,607.4755859375,200.891845703125,677.70849609375,87.443115234375,96.112060546875,146.47633361816406,92.76203155517578
2026-03-06,99.11555480957031,57.02360534667969,96.74899291992188,473.510009765625,249.850341796875,108.48687744140625,240.9974822998047,598.337158203125,197.88365173339844,668.82568359375,87.11811828613281,95.9532241821289,143.43031311035156,91.7518310546875
2026-03-09,99.43233489990234,58.147762298583984,97.44793701171875,472.5299987792969,252.5690155029297,109.13684844970703,246.74598693847656,606.3283081054688,199.92564392089844,674.6845703125,87.8764419555664,95.94329071044922,144.20420837402344,91.95779418945312
2026-03-10,99.10565185546875,58.37657165527344,97.67435455322266,477.8599853515625,252.31008911132812,108.38838958740234,247.7838897705078,606.3383178710938,199.497314453125,673.6002807617188,86.94084930419922,95.22847747802734,144.5812530517578,91.82048797607422
2026-03-11,98.66016387939453,58.52579879760742,97.4676284790039,476.239990234375,251.80221557617188,107.50205993652344,248.29287719726562,606.2584228515625,198.74029541015625,672.7548217773438,85.81814575195312,94.73208618164062,145.22616577148438,90.86913299560547
2026-03-12,98.29386901855469,56.655517578125,95.9417724609375,466.8800048828125,246.384765625,106.92101287841797,243.4126434326172,595.85302734375,195.45318603515625,662.5390625,85.65071868896484,94.30518341064453,142.66632080078125,90.2414321899414
2026-03-13,98.21467590332031,56.50629425048828,94.79984283447266,460.8399963378906,245.56814575195312,106.52709197998047,242.9535675048828,592.3213500976562,194.38735961914062,658.7890014648438,85.22724914550781,94.38461303710938,143.55931091308594,90.3885498046875
2026-03-16,98.60076141357422,58.078125,96.5718002319336,460.42999267578125,247.8885040283203,107.0392074584961,246.28689575195312,598.9656982421875,196.210205078125,665.493408203125,85.8870849609375,94.95050048828125,145.04759216308594,91.14375305175781
2026-03-17,98.79875946044922,58.44620895385742,96.83760070800781,459.2699890136719,249.45677185058594,107.63993835449219,247.9560546875,601.8887939453125,196.52964782714844,667.2440185546875,86.12344360351562,94.7929916381836,146.4934844970703,91.54586029052734
2026-03-18,98.38297271728516,57.262367248535156,95.18376922607422,444.739990234375,245.43634033203125,107.05889129638672,245.96826171875,593.4986572265625,193.734619140625,657.9335327148438,85.640869140625,93.19799041748047,144.96885681152344,90.19239807128906
2026-03-19,98.49186706542969,57.322052001953125,95.01641082763672,426.4100036621094,247.04251098632812,107.53160858154297,246.5875701904297,591.623046875,193.86439514160156,656.3121948242188,86.16283416748047,92.9886474609375,144.8492889404297,89.82949829101562
2026-03-20,97.67020416259766,55.352291107177734,92.1320571899414,413.3800048828125,241.64535522460938,106.21195983886719,241.2534637451172,580.6888427734375,191.54852294921875,646.9034423828125,84.52801513671875,92.06155395507812,142.59722900390625,87.04409790039062
2026-03-23,98.03648376464844,57.01365661621094,94.34700012207031,404.0400085449219,246.86293029785156,106.91117095947266,244.25015258789062,587.3545532226562,193.6048583984375,653.6959228515625,85.07952117919922,92.47027587890625,143.29476928710938,87.72083282470703
2026-03-24,97.7691879272461,56.22774124145508,93.78588104248047,404.1300048828125,248.18978881835938,106.69451141357422,245.26902770996094,583.3389282226562,192.9560089111328,651.5015869140625,84.70529174804688,92.02167510986328,144.40086364746094,87.14193725585938
2026-03-25,98.11567687988281,57.123085021972656,95.15423583984375,416.2900085449219,251.2225799560547,107.0785903930664,246.90721130371094,587.1747436523438,193.77455139160156,655.1322021484375,85.52269744873047,92.3406753540039,145.048583984375,87.07254028320312
2026-03-26,97.5613021850586,55.18317413330078,93.18539428710938,400.6400146484375,246.85296630859375,106.24150085449219,237.94712829589844,573.1600952148438,189.81161499023438,643.432373046875,84.80377197265625,91.92198944091797,142.39791870117188,86.95359802246094
2026-03-27,97.55140686035156,54.91456985473633,92.33879089355469,414.70001220703125,242.5232696533203,105.9854507446289,235.49981689453125,561.9624633789062,186.96669006347656,632.4606323242188,84.34089660644531,90.83539581298828,140.58432006835938,86.23988342285156
2026-03-30,98.04638671875,54.466896057128906,92.60457611083984,414.5799865722656,239.04153442382812,106.66497039794922,230.5153350830078,557.6671752929688,186.15814208984375,630.3460693359375,85.46360778808594,91.40361785888672,137.9934539794922,86.56700134277344
2026-03-31,98.2740707397461,56.49634552001953,95.61690521240234,430.2900085449219,247.41163635253906,107.33464050292969,239.72515869140625,576.54638671875,191.46865844726562,648.6688842773438,85.37496948242188,92.45033264160156,141.6904296875,87.9250259399414
2026-04-01,98.34062957763672,56.9340705871582,97.07386016845703,437.82000732421875,248.96792602539062,107.44935607910156,244.9693603515625,583.6685791015625,192.4269561767578,653.5562744140625,85.29092407226562,92.38055419921875,144.2513885498047,88.24223327636719
2026-04-02,98.56909942626953,56.29737854003906,96.47335815429688,429.4100036621094,250.69381713867188,107.90422821044922,245.5786895751953,584.3378295898438,192.81626892089844,654.144775390625,85.81497192382812,93.06839752197266,144.70977783203125,89.44166564941406
2026-04-06,98.39029693603516,56.814693450927734,96.95572662353516,427.6499938964844,251.76129150390625,107.7361068725586,247.41665649414062,587.85400390625,193.68470764160156,657.23681640625,85.67654418945312,93.12821197509766,145.7361602783203,89.57052612304688
2026-04-07,98.5094985961914,57.01365661621094,96.81790161132812,431.80999755859375,252.3099822998047,107.85477447509766,249.00489807128906,587.9439086914062,193.0458526611328,657.5260009765625,85.66665649414062,92.91886901855469,145.7959442138672,89.69938659667969
2026-04-08,98.76776885986328,60.127471923828125,100.59809112548828,434.5299987792969,259.85205078125,108.27009582519531,259.3534851074219,605.4246826171875,198.6558380126953,674.27294921875,85.94351196289062,93.8260269165039,151.11717224121094,91.31515502929688
2026-04-09,98.82736206054688,59.968299865722656,100.36182403564453,437.9100036621094,261.3385009765625,108.27009582519531,262.12042236328125,609.5202026367188,199.89364624023438,678.162841796875,85.72598266601562,93.56684112548828,152.2930450439453,91.9693832397461
2026-04-10,98.65850067138672,60.24685287475586,100.58824157714844,437.1300048828125,260.6800537109375,107.98332214355469,263.1492614746094,610.3992309570312,199.1150360107422,677.7140502929688,85.51834106445312,92.4603042602539,151.60546875,92.16764068603516
2026-04-13,98.85716247558594,60.754215240478516,101.20842742919922,435.3599853515625,264.4411315917969,108.39865112304688,265.7563781738281,616.7122802734375,200.89186096191406,684.3369750976562,85.77542114257812,93.21793365478516,152.92083740234375,92.51457977294922
2026-04-14,99.11543273925781,61.91816711425781,102.02549743652344,445.0899963378906,268.0824890136719,108.754638671875,270.0316467285156,627.909912109375,202.9082794189453,692.675537109375,86.23025512695312,93.37742614746094,154.475341796875,93.39680480957031
2026-04-15,98.95650482177734,61.87837219238281,101.70063781738281,440.4599914550781,268.75091552734375,108.715087890625,269.6920471191406,636.7003173828125,204.0063018798828,698.1414184570312,85.85453033447266,93.64659118652344,153.92727661132812,93.46619415283203
2026-04-16,98.81743621826172,62.127079010009766,101.40531158447266,440.0799865722656,269.3095703125,108.21076202392578,270.5211486816406,639.7669067382812,203.95640563964844,699.8569946289062,85.31069946289062,94.09518432617188,155.7309112548828,94.3285903930664
2026-04-17,99.18496704101562,63.3109245300293,102.69490814208984,445.92999267578125,275.125732421875,108.81397247314453,274.1571044921875,648.1376953125,206.55177307128906,708.3152465820312,86.0918197631836,94.56371307373047,157.6641082763672,95.83531188964844
2026-04-20,99.17503356933594,62.85330581665039,102.29129791259766,442.0899963378906,276.6920166015625,108.8040771484375,273.2580871582031,646.0799560546875,206.22235107421875,706.8988037109375,86.07205200195312,94.44408416748047,157.5544891357422,96.1822509765625
2026-04-21,98.80750274658203,61.9281120300293,100.04680633544922,429.57000732421875,273.8587646484375,108.38875579833984,271.290283203125,643.6226806640625,205.09437561035156,702.2708129882812,85.5974349975586,93.79611206054688,157.67405700683594,94.47727966308594
2026-04-22,98.94657135009766,63.052268981933594,100.38151550292969,435.260009765625,275.8240661621094,108.59642028808594,275.6854248046875,654.390869140625,206.80133056640625,709.3825073242188,85.7655258178711,93.79611206054688,158.5509796142578,93.69417572021484
2026-04-23,98.78762817382812,62.02759552001953,99.66288757324219,431.0400085449219,274.8663330078125,108.29975891113281,275.5755615234375,650.7048950195312,205.5236053466797,706.6295776367188,85.57766723632812,94.01542663574219,159.34815979003906,94.65570831298828
2026-04-24,98.92669677734375,63.41040802001953,100.18462371826172,433.25,275.99365234375,108.37886810302734,280.5899963378906,663.1512451171875,207.03091430664062,712.10546875,85.73587036132812,93.7861557006836,161.75965881347656,94.46736907958984
2026-04-27,98.77770233154297,63.3109245300293,99.80070495605469,429.8900146484375,276.4825134277344,108.07232666015625,280.4401550292969,663.5008544921875,206.8212890625,713.332275390625,85.31069946289062,93.27774047851562,162.9554443359375,93.95191192626953
2026-04-28,98.73796844482422,62.66428756713867,99.38724517822266,421.9100036621094,273.2601623535156,108.12177276611328,275.9051818847656,656.8281860351562,205.5435791015625,709.8612060546875,85.39969635009766,93.4870834350586,161.54043579101562,94.8143081665039
2026-04-29,98.30089569091797,62.36583709716797,98.373291015625,417.4100036621094,271.4344787597656,107.51856994628906,277.40350341796875,660.84375,205.39382934570312,709.7515258789062,84.73722076416016,93.5867691040039,164.390380859375,94.07086181640625
2026-04-30,98.43995666503906,63.65911865234375,100.72605895996094,423.6600036621094,277.310546875,107.63722229003906,283.6666259765625,667.0069580078125,206.8811798095703,716.8132934570312,84.65811157226562,94.34439849853516,166.48301696777344,95.48837280273438
2026-05-01,98.56953430175781,63.79838943481445,100.50949096679688,423.17999267578125,278.617431640625,107.81095886230469,284.775390625,673.4099731445312,206.79135131835938,718.7982177734375,84.96080017089844,94.28459167480469,167.71864318847656,95.2207260131836
2026-05-04,98.26056671142578,63.7685432434082,99.13129425048828,414.7099914550781,277.22076416015625,107.4635009765625,283.97625732421875,672.141357421875,205.73324584960938,716.1649780273438,84.31572723388672,94.06527709960938,167.36988830566406,94.62596893310547
2026-05-05,98.4399642944336,65.06182861328125,100.45042419433594,418.2699890136719,281.8896484375,107.860595703125,290.77874755859375,680.8617553710938,207.1307373046875,721.9102172851562,84.78216552734375,94.16496276855469,173.29898071289062,94.92334747314453
2026-05-06,98.85856628417969,67.1410140991211,103.1772689819336,430.9599914550781,286.11956787109375,108.39667510986328,298.8498229980469,695.0062255859375,209.6662139892578,731.9443359375,85.42723846435547,93.69642639160156,176.73684692382812,96.2417221069336
2026-05-07,98.6193618774414,66.24566650390625,101.28718566894531,431.67999267578125,281.5903625488281,107.94993591308594,293.5856628417969,694.1771240234375,209.08726501464844,729.7001342773438,85.00050354003906,93.98552703857422,174.19581604003906,95.54784393310547
2026-05-08,98.84859466552734,67.58869171142578,102.34051513671875,433.7699890136719,283.495849609375,108.4065933227539,301.4669189453125,710.44921875,210.05552673339844,735.724609375,85.42723846435547,93.7363052368164,181.94847106933594,95.77583312988281
2026-05-11,98.58946228027344,67.53894805908203,102.12393951416016,434.6499938964844,284.6530456542969,108.13855743408203,306.32159423828125,712.5069580078125,210.19528198242188,737.4002685546875,84.91117858886719,93.80608367919922,184.5393524169922,95.84522247314453
2026-05-12,98.30043029785156,65.47965240478516,101.53328704833984,432.92999267578125,281.8996276855469,107.77124786376953,302.90533447265625,706.463623046875,210.01559448242188,736.2831420898438,84.34550476074219,94.19486999511719,181.58973693847656,95.84522247314453
2026-05-13,98.34030151367188,66.86246490478516,102.21253967285156,430.5,281.9993896484375,107.830810546875,305.0629577636719,713.9254760742188,210.59457397460938,740.4025268554688,84.15695190429688,94.01542663574219,183.21401977539062,95.05220794677734
2026-05-14,98.3104019165039,67.03158569335938,101.84830474853516,427.2099914550781,283.7751770019531,107.7613296508789,306.9109191894531,718.9998168945312,211.9920654296875,746.2474975585938,84.27603149414062,94.8827133178711,183.51296997070312,94.48719024658203
2026-05-15,97.69246673583984,64.73352813720703,100.13540649414062,417.2900085449219,276.94140625,107.07633209228516,297.9408264160156,708.1517944335938,210.0754852294922,737.2706298828125,83.02558898925781,94.40421295166016,179.14834594726562,93.08951568603516
2026-05-18,97.68251037597656,64.63404846191406,101.0607681274414,418.42999267578125,275.3152770996094,106.87779235839844,293.9952087402344,705.1051025390625,210.54464721679688,736.751953125,82.92634582519531,95.70014953613281,177.44436645507812,94.17990112304688
2026-05-19,97.30377197265625,63.9277229309082,100.33229064941406,411.5,272.3523254394531,106.34171295166016,292.26708984375,700.7599487304688,209.18707275390625,731.8446044921875,82.39044189453125,95.49080657958984,177.66357421875,94.44754028320312
2026-05-20,97.89180755615234,65.12151336669922,102.00581359863281,417.3999938964844,279.2060241699219,107.16567993164062,299.2593688964844,712.3671875,211.85232543945312,739.3452758789062,83.27369689941406,95.6004638671875,182.04812622070312,95.64696502685547
2026-05-21,98.01139831542969,65.68856811523438,102.56693267822266,416.989990234375,281.8197937011719,107.38407897949219,301.8265380859375,713.7256469726562,212.36141967773438,740.8114624023438,83.58134460449219,95.74002838134766,184.27029418945312,95.82539367675781
2026-05-22,98.11106872558594,65.53933715820312,102.3602066040039,413.82000732421875,284.4435729980469,107.58263397216797,303.26495361328125,716.7523193359375,213.99850463867188,743.7239990234375,84.03784942626953,96.57740020751953,186.6718292236328,95.92452239990234
2026-05-26,98.39013671875,68.04631042480469,103.4922866821289,414.0,289.82080078125,107.9896469116211,313.7033996582031,729.4783935546875,215.40597534179688,748.6613159179688,84.45466613769531,96.1886215209961,193.866455078125,96.37059020996094
2026-05-27,98.4698715209961,68.03636169433594,103.13789367675781,408.489990234375,289.6811218261719,108.13855743408203,312.98419189453125,728.6492919921875,214.8569793701172,748.5316162109375,84.65315246582031,95.74002838134766,194.9227294921875,96.07321166992188
2026-05-28,98.66919708251953,68.2552261352539,103.05914306640625,412.7699890136719,291.3371887207031,108.46617126464844,314.3027648925781,734.79248046875,215.49583435058594,752.6609497070312,85.08981323242188,96.02912139892578,195.26153564453125,95.70645141601562
2026-05-29,98.72899627685547,68.24527740478516,103.16743469238281,417.1199951171875,289.740966796875,108.56543731689453,315.46148681640625,737.49951171875,215.1065216064453,754.5361328125,85.10967254638672,96.29827880859375,197.4239044189453,94.8638687133789
2026-06-01,98.68000030517578,69.7176284790039,102.81304168701172,411.260009765625,288.29443359375,108.54849243164062,316.5802307128906,741.9246826171875,215.58566284179688,756.5908203125,85.1554946899414,96.64718627929688,200.77210998535156,93.26793670654297
2026-06-02,98.70999908447266,70.43390655517578,103.38399505615234,411.95001220703125,290.9680480957031,108.53852844238281,325.6701965332031,745.3408813476562,215.39601135253906,757.6182250976562,85.3348388671875,96.62725067138672,202.9842987060547,93.69417572021484
2026-06-03,98.5,69.5584487915039,102.4980239868164,407.8699951171875,286.9875183105469,108.23957824707031,329.1363830566406,743.39306640625,215.24627685546875,752.3018798828125,84.99608612060547,95.95934295654297,202.13729858398438,93.58514404296875
2026-06-04,98.66000366210938,68.74269104003906,103.3150863647461,411.2699890136719,291.3172302246094,108.4687728881836,325.5103759765625,739.7969970703125,216.94325256347656,755.1445922851562,85.18538665771484,96.35809326171875,199.53646850585938,95.2603759765625
2026-06-05,98.16999816894531,64.25601196289062,100.66699981689453,396.239990234375,280.9817810058594,107.79115295410156,306.13177490234375,704.2860107421875,212.76071166992188,735.65478515625,84.74700164794922,95.34127807617188,191.24569702148438,95.94435119628906
2026-06-08,98.16999816894531,65.4100112915039,101.27733612060547,397.2699890136719,283.4359436035156,107.6815414428711,314.7322692871094,715.283935546875,213.44947814941406,737.3204345703125,84.30862426757812,94.93256378173828,194.88287353515625,94.63587951660156
2026-06-09,98.37000274658203,65.47965240478516,101.29702758789062,390.7799987792969,284.3437805175781,108.03031921386719,311.2861022949219,707.052978515625,213.73895263671875,735.1560668945312,84.8067855834961,95.28146362304688,194.1255340576172,96.81665802001953
2026-06-10,98.30999755859375,64.32565307617188,99.98774719238281,374.5799865722656,281.3808288574219,107.78119659423828,304.58349609375,692.9285278320312,211.9521484375,723.56591796875,84.56766510009766,94.92259216308594,189.9403076171875,96.82657623291016
2026-06-11,98.87999725341797,67.15096282958984,103.09852600097656,386.32000732421875,289.72100830078125,108.69796752929688,318.657958984375,716.332763671875,215.5157928466797,735.8642578125,85.66361999511719,95.34127807617188,196.8858184814453,96.75718688964844
2026-06-12,98.76000213623047,67.52899932861328,103.38399505615234,386.5400085449219,292.2550048828125,108.62821197509766,324.0419921875,720.5481567382812,216.5240020751953,739.843994140625,85.45439147949219,95.75,197.68299865722656,97.64932250976562
2026-06-15,98.8499984741211,69.75,104.08000183105469,396.54998779296875,294.6400146484375,108.60828399658203,333.6300048828125,743.1832885742188,219.1999969482422,752.890380859375,85.40457916259766,96.33999633789062,202.33999633789062,96.96534729003906
2026-06-16,98.97000122070312,68.63999938964844,104.30999755859375,397.6300048828125,292.0799865722656,108.73783111572266,326.04998779296875,729.0587768554688,217.75999450683594,748.4019775390625,85.87284851074219,95.91000366210938,198.66000366210938,97.2032470703125
2026-06-17,98.61000061035156,68.55999755859375,103.77999877929688,388.6000061035156,289.8800048828125,108.38905334472656,328.2699890136719,721.7168579101562,214.4499969482422,739.0560302734375,86.01233673095703,94.63999938964844,196.42999267578125,94.774658203125
2026-06-18,98.9000015258789,70.79000091552734,104.41000366210938,387.1199951171875,295.5899963378906,108.68800354003906,338.5199890136719,739.8070068359375,215.88999938964844,746.739990234375,86.4307861328125,94.23999786376953,199.9199981689453,94.72509002685547
2026-06-22,98.62999725341797,71.20999908447266,104.58000183105469,384.5899963378906,298.17999267578125,108.39901733398438,345.2200012207031,737.9500122070312,215.8300018310547,744.3900146484375,85.77320861816406,94.27999877929688,204.1699981689453,95.74609375
2026-06-23,98.70999908447266,67.16999816894531,102.45999908447266,377.32000732421875,295.32000732421875,108.528564453125,329.760009765625,713.6500244140625,213.00999450683594,733.5800170898438,85.88280487060547,94.55000305175781,197.11000061035156,97.00499725341797
2026-06-24,99.19000244140625,67.25,102.26000213623047,365.9200134277344,296.69000244140625,109.02681732177734,328.4100036621094,710.6199951171875,213.19000244140625,733.239990234375,87.05846405029297,94.86000061035156,196.63999938964844,97.01000213623047
2026-06-25,99.25,67.95999908447266,103.1500015258789,369.4599914550781,298.9100036621094,109.11650085449219,339.29998779296875,716.3800048828125,213.25,734.2999877929688,87.02857971191406,94.88999938964844,204.58999633789062,97.19000244140625
2026-06-26,99.33999633789062,67.19000244140625,102.54000091552734,373.6300048828125,299.8299865722656,109.11650085449219,325.739990234375,706.52001953125,213.66000366210938,728.989990234375,87.03854370117188,95.98999786376953,200.08999633789062,98.66999816894531
2026-06-29,99.37000274658203,67.43000030517578,103.44999694824219,368.5799865722656,298.9700012207031,109.3157958984375,336.0,724.0800170898438,217.2899932861328,741.0,87.12820434570312,96.16000366210938,200.8699951171875,98.1500015258789
2026-06-30,98.9800033569336,68.41000366210938,103.87999725341797,368.3800048828125,300.45001220703125,108.68800354003906,342.8299865722656,736.4000244140625,219.42999267578125,746.77001953125,86.10199737548828,96.45999908447266,199.80999755859375,96.43000030517578
2026-07-01,98.5,66.4800033569336,103.0199966430664,370.6000061035156,299.32000732421875,108.45999908447266,328.1000061035156,725.1699829101562,218.8699951171875,745.760009765625,85.5199966430664,96.88999938964844,195.47000122070312,96.81999969482422
2026-07-02,98.56500244140625,65.13999938964844,103.93000030517578,377.364990234375,295.4898986816406,108.61990356445312,313.20001220703125,709.1500244140625,217.52999877929688,742.0800170898438,85.49500274658203,97.56999969482422,191.27000427246094,97.68499755859375
