Date,AGG,EEM,EFA,GLD,IWM,LQD,MTUM,QQQ,QUAL,SPY,TLT,USMV,VLUE,VNQ
2021-07-07,0.0017279672618382147,-0.0011150312542774765,0.005455189233745772,0.003806801143447114,-0.009297705453982785,0.003410979189869323,-0.003951944030192611,0.0021101934627740793,0.004980235470658512,0.0035337754461963744,0.008859453373115667,0.006039586152145615,0.0,0.003485461147778146
2021-07-08,0.0011212797046835643,-0.020833187018477806,-0.012870595031187593,-0.0006518168637834609,-0.009206292715665532,0.0005174949259079131,-0.011728346256719369,-0.006039950443308628,-0.008210113882900716,-0.008147899244545287,0.003917568019771389,-0.006537028900101327,-0.010965734583277986,-0.002798005117886526
2021-07-09,-0.003274034037048401,0.01728712533157717,0.0170012325822273,0.003320562334123478,0.021109559110588982,-0.004210138500375216,0.02054660240537398,0.0062438859868065855,0.008800157939791164,0.010674948533216488,-0.014062686088499254,0.006982757413316332,0.017311732619776254,0.016447627362439876
2021-07-12,-0.0006050885706005982,0.0009338111006302885,0.004273630915979432,-0.001241101031467462,0.0008393330354552475,-0.0005191400076134389,0.010818712357488769,0.0039054990649780574,0.0030310258802979106,0.0035818101175058015,-0.0012961962203794641,0.00026668827253772953,0.004588809316059983,0.008566319252239163
2021-07-13,-0.0021624712185268624,0.0009329399109851977,-0.005256712675663411,0.001301782371024407,-0.018846256722435784,-0.0037107250861426744,-0.010302216149468357,0.0,-0.001842490970965116,-0.0034089339439113964,-0.007653441294349195,-0.0021331580605014056,-0.009706916091688278,-0.013967400063296664
2021-07-14,0.0033810781425678282,0.004286963786647835,0.0022648142742178745,0.010755182911599048,-0.015429619859018362,0.0046184065816112785,-0.007286638314485061,0.0017933564684906589,0.000959906871763172,0.0014920874389474648,0.01136218709931791,0.0036074684993461226,-0.00028828368387190384,0.006986831628092105
2021-07-15,0.0021594698715594607,0.0024127197687979773,-0.00954047980096373,0.00017547964957964624,-0.0056654544019247854,0.002150238488467515,-0.0023303277446173887,-0.0070231340158505295,-0.0037622138966391105,-0.003415423453826838,0.01103040444509329,0.0009317935085639828,-0.0045179701187321175,0.0016158413795122062
2021-07-16,-0.0008620496182725201,-0.007776252378592696,-0.007351367332591341,-0.00970365108457183,-0.01231466096124656,-0.0014060865216827256,-0.011152459476464482,-0.008099332082907695,-0.005627507609084703,-0.007843618812217623,-0.0018858381726655216,0.0011967948664315387,-0.012552888085534009,-0.0006642627683481894
2021-07-19,0.005263147368126386,-0.01679436970815107,-0.018130534374124818,0.0011805498135817327,-0.014980110224770748,0.00718692851198921,-0.013758511989143574,-0.00819378197645837,-0.01273370093692816,-0.014767819739428867,0.021928090930235067,-0.009298462696245235,-0.01652663214817418,-0.018232002435112804
2021-07-20,-0.0009439048121545612,0.0032265348453792697,0.007282072055164512,-0.001297100524211059,0.031030333559558088,-0.0013976112182354505,0.02311105532817992,0.011616424286926996,0.01304889998415315,0.014330328316503271,-0.00963971532710095,0.008179151975152177,0.019588485937158007,0.023600108170329648
2021-07-21,-0.0032650056833326557,0.00643207209959562,0.01523374808611111,-0.0037192566567244567,0.017223804800251097,-0.0035361392588485474,0.01714634436101048,0.007720240304059267,0.0074453190040111306,0.008096118397456165,-0.012666675563323682,0.0005318476680831186,0.01228781864219397,-9.45286188888117e-05
2021-07-22,0.0023272714642090797,0.0018797477583032407,0.00038146313997433623,0.001955450591350383,-0.015896321401140834,0.004140329379860974,-0.0033366161495789193,0.006610474114332465,0.002217226335385458,0.0020943730995721666,0.009453296872901307,0.003190269995606343,-0.006261931035154267,-0.007937921853089835
2021-07-23,-0.0006878586206732207,-0.014821807309179813,0.0069912025617646645,-0.0031344183025339145,0.004667313645557725,-0.00044210549938850097,0.009409397109430895,0.01167775418844963,0.014158198684817824,0.010287941489413477,-0.006689077584614789,0.010335240230801901,0.0018417628079128168,0.008286966318417965
2021-07-26,-0.000860721999913161,-0.01904399277211699,0.0013885329969078875,-0.0023730060647713103,0.0029151131304718803,-0.0022096682476836493,0.003946109763825367,0.0007870781176739783,0.0005090213291116807,0.0024548758111606617,-0.0029626375051619025,-0.00183629518029782,0.006096221209595409,0.00047255391984357686
2021-07-27,0.002325544430867854,-0.020190092307441176,-0.00403384957271502,0.0016650735799190741,-0.011671914961183028,0.00428163595273201,-0.010139795934513862,-0.01101776650049413,-0.003997166458338808,-0.004557451984834149,0.010671231255766855,0.0015770182543668465,-0.004328166663118971,0.005665785943036239
2021-07-28,0.0009450358536766679,0.027144718388104838,0.0043031545841878405,0.005046252863966982,0.014704534817917114,0.0017636616048302134,0.00690572330302186,0.0038417545384354934,0.0002919555613400959,-0.0004101118071591081,6.598157505188773e-05,-0.002361477009560242,0.0010626945155587375,-0.0034741665186469595
2021-07-29,-0.0016311274717087931,0.005015412301834221,0.006931629560966712,0.011105233370970247,0.0076986053617780215,-0.0028613110981959844,0.006286731249577127,0.0017768117768297564,0.0046682725832911665,0.004147370457454169,-0.005545942831671313,0.002367066783349303,0.012158659867014032,0.0001885228278144524
2021-07-30,0.0013759058704985172,-0.009597094000694195,-0.005131638010894779,-0.007886842666167015,-0.006606083896477322,0.0008093958432344728,-0.005906693234173921,-0.005211837901982319,-0.0026864332242886313,-0.004856491563494658,0.00470366036896519,-0.0001310664804589079,-0.005338768405024008,0.0013186271435638997
2021-08-02,0.0021243343034171858,0.007170845065644471,0.005032275388183738,-0.0012366429443513294,-0.004976271252182363,0.0028947748034584553,-0.0007999893703835026,8.219989340751965e-05,-0.0016017783239198335,-0.002098095436871339,0.008919611210196354,-0.0017059338434771698,-0.0011502338341119467,-0.0021636185535184316
2021-08-03,0.0003428520616270969,0.004233022812041742,0.007134619993704128,-0.0007074766626713469,0.004137288368091241,0.0010281213746650142,0.011550217038105437,0.006061506685588025,0.007438094563652298,0.008135507776596107,0.000531257015784492,0.0061770083871546255,0.01189893509484774,0.00122550963957746
2021-08-04,-8.545453795671953e-05,0.005173406961828997,-0.002982787121703079,0.0002359625041987723,-0.012451454502903858,0.0002197278689284321,-0.0019218460823305916,0.0014448445137613675,-0.0015199833169705634,-0.00491893395810461,0.002056034343707047,-0.003918398362102726,-0.015362447283148173,-0.0031074763669848293
2021-08-05,-0.0022306380623822175,-0.001524814507754546,0.004861571729697145,-0.0039520921003340925,0.01797268371855809,-0.004107223935012172,0.012176347953567035,0.006343041816326389,0.0065236782097954915,0.006332845712643476,-0.005096868643967745,0.003409318732170652,0.00481542587744288,0.011713597625191863
2021-08-06,-0.0044710967766034004,-0.008400188165263334,-0.0037215181879770576,-0.024991124040327772,0.006125305356539323,-0.008175385649562439,0.005483401910497454,-0.004382234414707531,7.204270803651269e-05,0.0016523357064239796,-0.016701578097337855,-0.0005226036066248163,0.007572017808121778,-0.0017740554363403493
2021-08-09,-0.0018131709624460424,0.003272959286507726,-0.0004983005959146025,-0.017735654639032372,-0.005505970835160912,-0.004307430842029225,0.008570026808239595,0.00184751696761154,-0.0010077092966748191,-0.0008133304131558994,-0.003586030763541692,0.0010458619615902887,-0.002188026196967896,-0.0053316249071722055
2021-08-10,-0.0012981458997984863,0.0013433797544206705,0.0022425249077027143,0.00030919522248562537,0.001980563057060847,-0.0022375107788863424,0.003310681722591635,-0.005126052555768923,0.0002878573217157676,0.0012438088348092347,-0.004618117555030055,-0.0009145920847942746,0.006769113094087453,-0.009497776319794649
2021-08-11,0.0009532984782933962,0.002682908338747847,0.006836741343119401,0.01378497662510525,0.004896537466222428,0.0015700318355504894,-0.0007148748773571079,-0.0017174023995115695,0.00122563700870848,0.002484969951704885,-0.0006141981902536564,0.0014385627229256404,0.00691279410645973,0.0058862250466131805
2021-08-12,8.660898025714125e-05,-0.008791964135103969,-0.0008642944197606584,0.0002438615008097944,-0.002369116735786214,0.0014178948459342422,0.0016505701048343813,0.003604892700302731,0.000935549385356893,0.002996939636962015,-0.0016379461983152543,0.0022190965278352515,-0.004514395227386503,0.002170910342458754
2021-08-13,0.0036347195810952915,-0.0025066975709381323,0.006054632389121739,0.014325811995228088,-0.009096789305558572,0.006707322688019879,-0.004779661814037217,0.0035098929047596705,0.003954967058236836,0.0018197716684285048,0.015796108445250256,0.004168292575364996,-0.00066114962329622,0.005462497142795009
2021-08-16,0.000517343243231716,-0.009085820349294838,-0.005158358354756976,0.004988291568599701,-0.009315861146017124,0.0005924389391636087,-0.008060382477875994,0.00043346130275079275,0.005945137504057785,0.0023547352489836637,0.002422408451275393,0.005188576477143325,-0.0005671922681298458,-0.0012179937796059637
2021-08-17,-0.000775882157372898,-0.01833784032170427,-0.009382870189571402,-0.0014950364679763295,-0.01218783145594926,-0.0017760598268965477,-0.012299511287697462,-0.008807962687345627,-0.00840202672098056,-0.006555240580046862,-0.00040224502437236076,0.00103265792712115,-0.008323733283839951,-0.0010313199933441597
2021-08-18,8.64637737136853e-05,0.001589917296504595,-0.0038635573153323888,0.0007786122169375354,-0.008733741765404757,-0.0006667461258195173,-0.007494227037258661,-0.009624372859951213,-0.011920156939357107,-0.010944866378153728,0.00335913856004888,-0.011473653623267799,-0.010396737335947037,-0.009106494206745475
2021-08-19,0.001725056532514202,-0.0170635221287605,-0.009883338703903455,-0.002932408589264246,-0.011980748621162385,0.002298922892802091,-0.009821505279527853,0.004831299947849699,0.004287719758871322,0.001548141605552944,0.007364579646827574,0.004434103660113653,-0.008192973163767658,0.004831996961453422
2021-08-20,8.569421666737576e-05,-0.0008074318021950022,0.003916693637099344,0.0005401616803368814,0.016891422082894847,0.0006661382865691401,0.007281427535378304,0.010358476447235754,0.00984155497083905,0.007957008547827105,0.0006655214286765965,0.007400610220664072,0.0056365121550339126,0.004997146754125437
2021-08-23,0.0,0.01515138513688341,0.009314246969289508,0.012177557387281546,0.01902380603455911,0.0007394715311643818,0.01929657314056321,0.01495632742472508,0.0062344183038345324,0.00879666156368386,-0.0006650788044805234,0.00206212029365771,0.008504083263377371,-0.0018764850736034955
2021-08-24,-0.0014635747245489439,0.022686539331949973,0.0021201395325112227,-0.00047414113127741686,0.009835084964072704,-0.0022905656602931757,0.007873882239536112,0.0030544061407271617,0.0006407888930848316,0.001587337857814397,-0.007776089331915426,-0.0032152659977848774,0.005845279105565204,-0.004417634873739362
2021-08-25,-0.001896547621697553,0.0011676727470641968,0.00037329841657673946,-0.006937433805443538,0.003517027754967872,-0.0025922096036182785,0.008200463530527724,0.0011488125996612641,0.0016370605346072153,0.002098397028467369,-0.00830663124231823,-0.0001293459187303725,0.00476329568000633,-0.0006611380950232171
2021-08-26,8.628312816472139e-05,-0.009523871471640688,-0.0052245609131433834,0.0011344784228162208,-0.010603922239314167,-0.0002969500891055743,-0.006100255610739569,-0.006350106338503081,-0.006750305404913615,-0.005903271449601566,0.0027691758124903654,-0.00477456074382987,-0.009576513761710426,0.00037813048410395567
2021-08-27,0.0027638207763380773,0.012362586245364016,0.009128266670150875,0.015029547921398434,0.028201753713204214,0.005570786444670794,0.013823704941886561,0.009720242438652882,0.01008681938603484,0.008941147857537857,0.0068039042870668975,0.004408804772221275,0.010243386356364459,0.010482540537397167
2021-08-30,0.0011197961837516868,0.00213226797832311,-0.00024778026947513965,-0.0049356385559711224,-0.004107675433107194,0.0016987976351419132,-0.0029453503533795056,0.01122211029760889,0.004107557196805445,0.004397669534653259,0.0026093385082242015,0.0036146861089936255,-0.004548452370297662,0.010000076040291628
2021-08-31,-0.001462616644539061,0.013733031533391227,-0.0004959047455538323,0.0020076547129428413,0.0019513291904227348,-0.0022860401149350507,-0.0031180177767827777,-0.0008151235730479156,-0.003738213194828588,-0.0014816617196113935,-0.006806926416188519,-0.001157751000800289,0.0007615668670140074,0.004719066306051456
2021-09-01,0.00031933971317266163,0.012783937530693734,0.009052647689858695,5.8898619200498104e-05,0.006728049347270559,0.001288038889233345,-0.001097121191214856,0.001657812749838783,0.0005665487999169105,0.0005312568400130946,0.0016750152186093548,0.0037348313452076898,-0.006182959851164127,0.01602535827720386
2021-09-02,0.0010351646957842409,-0.00452141555540897,0.004055753467085976,-0.0026517204262498373,0.006946970128599572,0.001774798756088991,0.004558940858683469,-0.00047269979002417806,0.000494991390333599,0.0030768639259204367,0.004365843817570658,0.004362101124022688,0.00823113355256444,0.005257252891136988
2021-09-03,-0.0017234648614793402,0.0052988758757062104,0.004528865601751253,0.01069422486613747,-0.0046283146071239845,-0.0036168899896089624,0.0012581378006204513,0.0030758616653350224,-7.074348309998868e-05,-0.0002429501584724214,-0.009094555675042026,-0.0002552682653749194,-0.005126053318597168,0.0001804141287939931
2021-09-07,-0.0026757599583407954,0.005835848634468066,0.0007308231292679768,-0.01958371853465668,-0.0068873128481277135,-0.004741084188969347,0.000163618770909979,0.0014147491076335061,-0.007850449144143679,-0.003575521450029817,-0.008435244458928737,-0.010733524117692905,-0.007061173530592546,-0.011269597950785193
2021-09-08,0.0016445109474663155,-0.014598402989510317,-0.007914332136409685,-0.0025044029033459703,-0.010910346028668805,0.0032010152043597806,-0.008900816063941108,-0.0034804008139259768,-0.0014972433230401316,-0.0012182487941188036,0.00680574940620482,0.004908249121709396,-0.0031712879833429852,0.005015263129541481
2021-09-09,0.0031968186676512023,-0.0018994654784026954,-0.0017178580623748996,0.004423489287242344,-0.000491176517512848,0.006528846392221288,0.0038568258405196065,-0.0034402819282095543,-0.003784081987441512,-0.004280006024811822,0.012100183038912915,-0.006683773938867543,-0.0034704938723528755,-0.020323158639989014
2021-09-10,-0.0019810011946805872,-0.0011416522385054861,-0.002213134139183337,-0.005058656845151166,-0.009785187331213363,-0.0028748810642637013,-0.0066409900509688535,-0.007589627133919641,-0.005159338869664243,-0.007884611818299803,-0.00881634599990333,-0.005434926396593487,-0.006771716395234106,-0.01463214647113753
2021-09-13,0.001294338278953644,0.002667063373509526,0.007885788118301429,0.0033497597913456634,0.005685572560127694,0.0024397046986277537,0.002265256079409861,-0.0006901340062382966,-0.0010085823948853267,0.0025590018148313742,0.006064598949150346,-0.0027318823246481605,0.010908667206514622,0.006766731086069511
2021-09-14,0.0022410537726473834,-0.008360287099594355,-0.004156711052737627,0.006438546534438316,-0.012742383643865818,0.0030236600738935415,-0.007607416124513544,-0.0028433270636639696,-0.004542736104160006,-0.005396379367677673,0.012122833239653463,-0.004305597298086217,-0.011561764587614154,-0.0017736380709785227
2021-09-15,-0.0009461150946910024,-0.0001914645608469545,0.0029463898474477723,-0.005864266379652205,0.009043789395504431,-0.0011762295778154908,0.013387467536120079,0.007434863556322613,0.006301924661820335,0.008352702632965281,-0.0035069574278296933,0.0048479718627174595,0.012964330023549353,0.0031797000010895804
2021-09-16,-0.0017211495849719372,-0.011307205955170097,-0.0015913500864158658,-0.02264197706190263,0.000720692994511607,-0.001398908721104264,0.00010942077457865018,0.0006874686157891663,-0.0015113186945963086,-0.0015852863266229145,-0.004582113801713139,-0.002608089513716494,-0.0027908035117876206,0.0008389921199902783
2021-09-17,-0.0008624801436388774,-0.0042642864615828335,-0.013117429846494,-0.0015850424237688898,0.0013050686609945572,-0.002211290391417431,-0.007783073148105557,-0.011842187509351176,-0.010670042942494407,-0.009741132177974232,-0.0048036900058561205,-0.007843970757773988,-0.006079245855699744,-0.008941804637543904
2021-09-20,0.0018986185566678415,-0.026863919192924857,-0.018509427559112113,0.0071441542310690664,-0.023777318205499887,0.0031025314423378525,-0.026625292149612734,-0.02066307469034534,-0.016031363873443283,-0.016674120302043627,0.012401899420529938,-0.009487465683594154,-0.01873798792702075,-0.006109097039256439
2021-09-21,0.0004309092829131167,0.00740153367385421,0.0098721622860094,0.006669036185550814,0.0015194135700633549,-7.341857706932853e-05,5.691656828465952e-05,0.0012304040440740405,-0.0008145888298300985,-0.0009445474319760283,-0.0008608532607898844,-0.0005317690433113142,-0.005144686217934069,0.0004729131951175525
2021-09-22,0.0003443033788883554,0.012509875309336893,0.005013130800864074,-0.0037340107339023376,0.015538678389655391,0.0027990599562628393,0.01685376885380041,0.009340608717180787,0.006596524482781474,0.009754564531076593,0.005964521410044776,0.004924538195084427,0.010343015039879555,0.009735187178636195
2021-09-23,-0.004906203117436503,0.007844540968390268,0.01084916282497872,-0.011546389089901132,0.01770032895542073,-0.006904560659493186,0.02059282258809536,0.009227141483175938,0.010308643115642946,0.012150139189837095,-0.022596570119656878,0.006887605216033599,0.013780903362744512,-0.001965567134187385
2021-09-24,-0.0017297936912474832,-0.011869836798823363,-0.009375597005996328,-0.00128427290155253,-0.0048228323492953695,-0.0021446498702337724,0.001993693407997821,0.0009379088666201518,-0.00016126123033466389,0.0016472898959951632,-0.009773873681946266,-0.0008451932979502974,0.0011635921376906833,-0.010692598629085115
2021-09-27,-0.0013865409700517528,0.006498585864320949,-0.0006227030941859946,0.00208203509820426,0.015198391508283171,-0.0005187067357784736,0.0025696521054516808,-0.007981961099413737,-0.00621469113198625,-0.002860896033312188,-0.0036754203204849567,-0.009779492795067402,0.010647752201761618,-0.013450427057720815
2021-09-28,-0.004165012720663941,-0.012913337785832146,-0.021806852889182937,-0.009716428402719801,-0.022743487722293065,-0.010678494648977965,-0.024539096908699487,-0.0282976477105914,-0.021336147253038673,-0.02015189288893182,-0.01557707459895441,-0.015347449979089212,-0.01169526589890535,-0.006768391864104717
2021-09-29,0.0006972141102628004,-0.009316343644468095,-0.0022930884702565546,-0.004504756024632184,-0.0021237626351952033,-0.0002247894151645724,-0.0075471130186145485,-0.0016396217095515642,0.0013532403829252804,0.00168306923749717,0.0017345359166038854,0.006234666219576912,0.0007824755923706572,0.007496074036668521
2021-09-30,-0.0001740853282835575,0.008003323193438439,-0.003958157919463079,0.01797665363761114,-0.009374223769607948,-0.0026240989925195857,-0.010871141482114322,-0.0036738535665720162,-0.011036023266328465,-0.012222054657586412,-0.00013821352107112883,-0.009967531349520664,-0.01592900619184734,-0.01652338691074573
2021-10-01,0.0030530236702044355,-0.0009923126428652562,0.0024357116820743485,0.0022530453929923144,0.01613718404872788,0.007268125042942941,0.010136666020370111,0.006201768604428226,0.010172680273768941,0.011883935477304375,0.008415362992146846,0.005578159134556726,0.009036770482248269,0.014148169374294417
2021-10-04,-0.0006959635656860197,-0.014703065440302976,-0.010485821636992743,0.0046783175745395145,-0.00908781231388589,-0.0016454260412147592,-0.01364324300940567,-0.020989414639506432,-0.01638247990396635,-0.01289617438827384,-0.002545294801551745,-0.008523836057606204,-0.0022634569569439655,0.00019371153254832407
2021-10-05,-0.0023493253828399396,0.007057970145539771,0.006849110327759922,-0.004656532835140448,0.0034507057419810305,-0.00411907189323113,0.014003427030121918,0.013499079243822765,0.011765297657820417,0.010405195308125004,-0.009656390689535943,0.006140813554263769,0.007496413061703011,-0.00687702963871073
2021-10-06,0.0004360245462000645,-0.005606751917314856,-0.006674364358669638,0.0026733243283083574,-0.00520341723074802,0.0003004800426047449,-0.000732841380049809,0.006407830937889436,0.003020429251280765,0.004155830257856152,0.005641348315281514,0.004611278752963743,-0.003622625018420589,0.009558251273423801
2021-10-07,-0.002789820664003795,0.019532841935106182,0.007752722517457178,-0.005271739220885419,0.01541828471094786,-0.0044356015144784156,0.011507182156661244,0.009175020197724981,0.009636632396484046,0.008645921573918969,-0.010457781623149143,0.00891079463566502,0.011300174097294224,0.002704895621389092
2021-10-08,-0.0021858122802653757,0.0037526258338922425,-0.00012790882356750188,0.00042636491147840516,-0.007524683205964,-0.004606331864307922,-0.0017289382294745081,-0.004986843615125025,-0.000969650603909411,-0.0018240120355264011,-0.006998716857899434,-0.004148223710324639,-0.00019424038184412407,-0.009442127340479112
2021-10-11,-0.001577135938556462,-0.0019677800084763053,-0.0032059174045365735,-0.0018875818465466931,-0.005731599859132075,-0.0018965314871622896,-0.008155626826872875,-0.007669521081094199,-0.005970551390294232,-0.007239506870291401,-0.002537328807865724,-0.0052408148611092775,-0.006900025707593516,0.002528828727937693
2021-10-12,0.003685978613690466,-0.005126247809924767,0.0005146103260083024,0.004514430828637339,0.005492229867812837,0.006384621712490324,0.0009573448570634469,-0.0034877047757908564,-0.0021777283444739393,-0.0024615404428661725,0.017099618676897466,0.00027046701789501526,-0.00538226599984426,0.013098035432869803
2021-10-13,0.0022729249984421163,0.013872563624317547,0.009901067413614184,0.017794197805277356,0.004740013299838308,0.005060694050333048,0.004332595360138969,0.008007914158678187,0.007449737390063049,0.0035977257563342135,0.009726412166443543,0.006076735067336303,-0.0002949873094179045,0.00727829231650845
2021-10-14,0.0019195558214422093,0.0031273728273559787,0.00993123784165606,0.0024464685904206362,0.014826811408138019,0.0047343368317653844,0.018936691611340706,0.018416546753299734,0.018075996640499747,0.016820445347127233,0.003715542308478259,0.014630743500789523,0.017813177240760147,0.012169483058622088
2021-10-15,-0.002437933738900777,0.01208115433725454,0.008320694064465783,-0.015892846243722114,-0.003143518307802795,-0.0035902641990279704,0.011381722658461824,0.006300652194865863,0.0055759592888791065,0.007615878062393389,-0.005826921837064791,0.0015874567461402478,0.005221560849050233,-0.0007514371688995825
2021-10-18,-0.0006982658633523098,-0.0025028366418126113,-0.00425118861210283,-0.0024799108302698825,-0.0005771619593969435,-0.0008257521575310012,0.007556937323852431,0.010055878478421043,0.0055448048963353536,0.0029605912218255703,0.0046892431090759246,0.0014530347895087559,-0.0025973020975873506,0.0025381155701176272
2021-10-19,-0.002882620994182461,0.013317720537299849,0.006027222078373473,0.003213671993580469,0.0037327475357167295,-0.005484187898951887,0.004856301152951881,0.007567234051878868,0.008561896656113621,0.0077149039521788865,-0.013795233571282761,0.008045355050099845,0.005883049304638455,0.000468789969600536
2021-10-20,-0.0007003073359428402,-0.00019033400717072269,0.003494926983179436,0.008763958748792211,0.0066407603734777165,-0.0024173994464402604,0.0012348260951084988,-0.0013051346394328256,0.0033094742072417027,0.003927410686020982,-0.006749990185515031,0.005495196154117865,0.01025888436902922,0.01574503023531504
2021-10-21,-0.0021039504488197247,-0.0064775742793374835,-0.004726723030114566,-0.0008987052245035265,0.0025509437552004854,-0.0021198719700846747,0.002252453400116927,0.006106908595316263,0.005234509206038851,0.00260843865913718,-0.0011907140042040076,0.004684717553606665,-0.0035115770226910037,0.0013839210468931107
2021-10-22,0.0019324861010703298,-0.0021092064967213053,0.0059987120665083715,0.006116967151190034,-0.0023689563381922296,0.004021547435122841,-0.00042786092311686286,-0.008402230015355228,-0.00035683453237411733,-0.0010362264508910757,0.011012631674859108,0.004014768417852865,-0.006476148859811293,0.004699404482455538
2021-10-25,0.000964184851745431,0.005188318311284412,-0.0019876103844321813,0.006914158513320778,0.009498468855819064,0.00045355863689655607,0.016595078597865687,0.010238002018649883,0.0054230574363225426,0.005362850030836697,-0.001525930535289155,0.001290281950382166,0.0017256977296680187,0.0032098559854165654
2021-10-26,0.001839593681630891,-0.005161538606020422,0.001991568847354408,-0.00739951491266011,-0.007535838763416902,0.0043060207806695505,-0.0015270941856921905,0.0031486364344708306,-0.002696788728987598,0.0009000910379426408,0.008268710042906635,-0.0001289787939313669,-0.006507464520072004,0.0027422860918566716
2021-10-27,0.0033221366747671066,-0.008070873104188192,-0.003975331709386021,0.002624060476058121,-0.01839028204434401,0.006093126306129015,-0.012235778233108618,0.0023211731071017816,-0.007330084271279014,-0.004430236077481831,0.01819457265722657,-0.010436941741455374,-0.015989192836429633,-0.008478039277184046
2021-10-28,-0.0007844323210557391,0.0009688081349297217,0.009728218047526438,-0.00023788536339730548,0.019942036001901586,-0.0014953557081683888,0.01628518338465601,0.011105182564562499,0.00939158750591007,0.009648812922329553,-0.0033846696584667324,0.006510388424219915,0.012431569381694985,0.013975372138829156
2021-10-29,-0.0002615537033070492,-0.01451531661636607,-0.005805404448986251,-0.008507900517562339,-0.00026302482092699364,-0.0005239175300425503,0.0017862005211233267,0.00491917878850634,0.007741394824086978,0.0020291208274592076,0.00305597460728535,0.003234192054210272,-0.0022237953208382732,-0.011243991490745175
2021-11-01,-0.000611432368394893,0.007855493962948046,0.009690639383147293,0.005220584505493342,0.02591532901767324,-0.001786974939746444,0.010278929091520173,0.0034186455824563033,-0.0019733085313551335,0.0017201934423862753,-0.007199591410049555,-0.0011603685233448902,0.012403104543949217,0.0049522288484900034
2021-11-02,0.002010741359580015,-0.008963447876357167,-0.002091745139618406,-0.0021490007233168074,0.0020944182891078356,0.0038354664463913224,-0.00015565039815956805,0.004181341846383413,0.005720018560774198,0.004042998057280922,0.004438334293660251,0.0052929858276331565,0.0024884984773099195,0.004745356569228809
2021-11-03,-0.0020067063920410355,0.004718941278078148,0.008138291042572021,-0.008315382622616663,0.017871586126746886,-0.0025473452755282455,0.005918732654519365,0.01061570696724945,0.0047746964204054,0.006105362817548476,-0.010333875978117746,0.0025684353036636853,0.00964294580898506,0.0033606433419919313
2021-11-04,0.0033217441062400876,-0.002348430711764271,-0.0006116925467228862,0.011340951773961994,-0.0003771282662825559,0.00525740965182897,-0.0037676243897641903,0.012818580122656797,0.01125088973268773,0.004712321007372067,0.010510375403390615,0.001280980487203598,-0.0014184305499510552,-0.009504750337271939
2021-11-05,0.003921222514590594,-0.001176895250347365,0.0014685234737510378,0.0130629437586407,0.013665826387410984,0.007321577980902161,-0.0012952009081439453,0.0009541852266223838,0.0006217938059924766,0.003469756998505158,0.014956645543583669,-0.004989189895152402,0.009185628533552315,0.00511784960796291
2021-11-08,-0.001822505150432585,0.009230100082346704,-0.00012212474797446138,0.003591619309376348,0.003101803965908978,-0.0022991091496084026,0.0027493066522248366,-0.0013547751133989872,0.0012428148374170611,0.0008537591801689448,-0.001875628629737669,0.0008998281452290424,0.003659380374577914,-0.0008182891723983454
2021-11-09,0.002782169947694646,-0.003891825046789199,-0.0021999329159627656,0.0049281100201232775,-0.005813191357690095,0.002676160577268716,-0.015157787637188558,-0.006883359135441691,0.0007589880648877223,-0.0033053732617499554,0.013018011105384364,-0.0006421414261937874,-0.0012152382104666515,0.0017289791522425713
2021-11-10,-0.006762925909265527,-0.004102319191193082,-0.012126472189210369,0.010858781500706183,-0.015757771872889403,-0.010231416397240567,-0.010453342293695878,-0.014696826651228845,-0.009649377443374907,-0.008044873517983664,-0.01828266960934899,-0.000257042814111097,-0.00346350513553928,-0.004632898647276451
2021-11-11,-0.0018333967081949343,0.0172618316728399,0.003595760829195438,0.005602086369596027,0.008047180952674537,-0.002846335585039661,0.0028132910910365627,0.0027729439825157076,0.0015314915977970855,0.00032363811361801886,-0.0014843140890701267,-0.0014144700466008908,0.0068569102341744514,0.001642618206117108
2021-11-12,-0.00017493361707143773,0.0026995459170173763,0.005436105458768825,0.0018952552280546708,0.0010030693624765163,-0.0010518426670393932,0.004446738257881222,0.010522299089057663,0.010631498353671942,0.00754667987001123,-0.004392932264401406,0.006308993189969581,0.0041049153910479586,-0.0007289111218223843
2021-11-15,-0.0036740936667136737,-0.003269265423130774,-0.0018429884462599633,-0.0015477459282561279,-0.003966549279232345,-0.007594604173188246,-0.0030566872371520226,-0.00022815953404842215,0.00041252257889845545,0.00034242455671651406,-0.012556750906906222,0.0006396999498095024,-9.282993628012548e-05,0.007021285134808153
2021-11-16,-0.0003512966659495742,0.0013504715350913798,-0.0022160214082004304,-0.007233864736584827,0.0018444111566209287,-0.001667417614847344,0.005180488788418813,0.007121125357819391,0.004054873267603787,0.003957841605981338,-0.002543297918789156,0.0029408651084401605,-0.003438000564586985,-0.00661023516472381
2021-11-17,0.002371521505120988,-0.005202231811925695,-0.0012338817448088735,0.009137183945092442,-0.013096904943726617,0.00402264165229993,-0.007625431545421391,0.0005283597594885059,-0.008008510658039536,-0.002429220895280748,0.007925032268746524,-0.003187187330310093,-0.005500968690565822,0.0030991276092302567
2021-11-18,0.0008761999509407925,-0.01220224022550176,0.000988391066153893,-0.0032091550635745536,-0.004239521574616711,0.0022678756365706043,-0.00026517555535865434,0.010361441842906105,0.0012416741522325303,0.003396467734738451,0.003760281934655385,-0.002302162765269955,-0.005531721143379187,0.000181939768501449
2021-11-19,0.001925890307264977,-0.00156863431311427,-0.008515422092682967,-0.007646325240812324,-0.009111826466111417,0.0037711017062560526,-0.006573124763242011,0.005575434032969673,0.0022745248765314585,-0.0017882446197797774,0.010557936929453282,-0.0011537374740887563,-0.008390712207012152,-0.0059054135392326845
2021-11-22,-0.0048056258235447125,-0.00805181811755129,-0.005850316860204319,-0.022420457120115533,-0.004254286896324677,-0.00871629616252978,0.002561540099856874,-0.011609275602288527,-0.007632525615220209,-0.002815172499771257,-0.011727703403565326,-0.0038499162378369256,0.011219036742425414,-0.0049351142528454295
2021-11-23,-0.003950628618734964,-0.0009900134779441405,-0.0010015325449437285,-0.008652404091134991,-0.0017260600342766663,-0.007125582669068264,0.00021278043367223276,-0.004557821679042062,0.0014551457527387512,0.0013260784428650307,-0.014459846897394435,0.0015458331562618888,0.006111116623606749,0.008082257955075889
2021-11-24,0.002291977337225637,-0.0013870522966246135,-0.0066423507418625904,-0.0009565020521100642,0.0010808452512198752,0.004810242061987546,0.00457612217586556,0.0032202561142784525,0.003874527044649856,0.0026698476355042633,0.016055681982783954,0.0024440566673207265,-0.001495096858348366,0.012117440266717239
2021-11-26,0.007122776791837149,-0.03353848011328442,-0.02687371436503827,-0.001615539860939763,-0.037697788092653006,0.008129778836741819,-0.01981029173000437,-0.018958532016838392,-0.020814467559767125,-0.02230335584094456,0.025268866253616462,-0.012190383270246796,-0.022087135940821012,-0.027815472939965113
2021-11-29,0.0005241309567467489,0.0039014323606212375,0.005056453502858993,-0.0013785494630753625,-0.0006279684841767885,0.0006787676476478488,0.015347283112212784,0.02170214665662029,0.012458422326932173,0.012266693103688553,-0.008037694079379487,0.008183900421552037,0.002966854710135358,0.0074074773635597335
2021-11-30,0.0016580406580002371,-0.001022730434005803,-0.008771844936463102,-0.006721853018899604,-0.020385525899331958,0.002184022225162563,-0.025227780167267677,-0.014686163762718474,-0.01953557270570838,-0.019457609996626823,0.015201773848709577,-0.021260125981996336,-0.02461840770571322,-0.018933813112112174
2021-12-01,0.00019203813149903937,0.0036855637975274913,-0.0057261625587211595,0.003987937535404162,-0.022505208724848846,0.00014312501373892061,-0.02140316157523181,-0.017013095008882817,-0.013968790627073235,-0.011107142706596851,0.006168816488244078,-0.006845868513249753,-0.006065225611058489,-0.016488594619685215
2021-12-02,-0.00017447641634704691,0.012239867584945552,0.012434496909260684,-0.005536820827328315,0.02790034638389116,0.0023334237755812115,0.016738251738823262,0.007207300481125056,0.01380683177075226,0.015316295415298331,0.0012475862940322102,0.016834525846779247,0.02125970314099468,0.030005594877640984
2021-12-03,0.004013966726328366,-0.01410723319952023,-0.0041371078554132135,0.008412002804647267,-0.0205283677703193,0.008336419152042529,-0.02167575790843379,-0.017388724360712593,-0.009149708697568704,-0.008701362152198522,0.011932061249070092,-0.0014338777869131736,-0.0005782538052326869,-0.0033294123785578833
2021-12-06,-0.003476414706903852,0.0077677743486459505,0.009606748340432736,-0.002460563224478851,0.020073468779614245,-0.005064418462078835,-0.002804754609742277,0.008013004058316175,0.00765954713656769,0.011843367128660631,-0.013735384303854348,0.008485677774416445,0.011861145129501205,0.01753748583668502
2021-12-07,-0.0015695855107299428,0.01582152703435269,0.02108782667091713,0.003549490636251651,0.023194451456415743,0.00044879247075613193,0.03380576456783868,0.03011379842850359,0.02358640357443953,0.020684866793620804,-0.008079676243154754,0.010356090628363068,0.01639202221667846,0.014407934809049339
2021-12-08,-0.0026203459583250543,0.00399345632775594,0.001888933924200531,0.0005395140531609943,0.006827220688911728,-0.006659352690509324,0.0009252801013817091,0.004474231598411871,0.0012491373190890442,0.0026477880318311886,-0.017284670787815037,0.0012810973843213613,-0.001969044728607816,0.007191891884301249
2021-12-09,8.741934151390574e-05,-0.00477312061362456,-0.008295482200089244,-0.006111378376110088,-0.022647620605679708,-0.0008290796891402552,-0.0164712177387899,-0.014714178487909568,-0.00811043752513363,-0.006751411520760087,0.00559341078130271,-0.003582799733281794,-0.004885349275410067,-0.014459209948873397
2021-12-10,0.00026293253389853,0.0007993640070300678,0.0021544632671031128,0.004219899491422874,-0.002766442020200155,0.0011310371115558215,0.010611967199779082,0.010870380333673602,0.008107059604994138,0.009413545318342154,-0.002412889529641138,0.01053044707273787,0.009912994746265502,0.0030792001535855373
2021-12-13,0.0035014368007546537,-0.015858938370995723,-0.009367139247843603,0.00252130006200435,-0.014613767486018281,0.004518347991508298,-0.01570703061494738,-0.014446995208878932,-0.007390231921635904,-0.00885849759891788,0.01477872010219805,0.004334348129090504,-0.011955219762357694,0.009389767955373829
2021-12-14,-0.001919240579817516,-0.0022638173819737872,-0.005325294218315513,-0.009341302746070368,-0.008609465623213741,-0.004498024352210805,-0.011974842190439872,-0.010350264215808203,-0.008124728461005759,-0.006879972509129972,-0.0023828480497483095,-0.006727702765239707,-0.0025722754734499587,-0.012790889673912287
2021-12-15,-0.0007864215999467961,-0.002887822937662321,0.013580463994123937,0.004291534360497673,0.01587430655836375,0.0012804995726614088,0.02198552151746469,0.022797542680408567,0.02005398511795997,0.015625038414078585,-0.009621824675367874,0.014185262916384112,0.011175765278239602,0.014043924416269116
2021-12-16,0.0013746696183074558,0.0012413228374787977,0.00012869586419217427,0.012097561477355745,-0.020222280925042746,-3.0494986637985555e-05,-0.01583077786934184,-0.025714715848153546,-0.012529075667244927,-0.008818529389795549,0.0003890492249334354,0.0015123164710737491,0.006707029977581325,-0.000357635438617776
2021-12-17,0.001224434167859112,-0.004958698487378066,-0.012623801532640644,-0.002140821851282393,0.009193936942665237,0.0023360698198160446,-0.010985540389044757,-0.0049889838313141865,-0.01142667439296674,-0.010642892056557551,0.011331933380825276,-0.010946186567244443,-0.00985265196397278,-0.0012511862821230624
2021-12-20,-0.0014847574934698793,-0.014950053479937497,-0.0022179213357688132,-0.0042312675861405635,-0.014037196800967933,-0.00436009277173055,-0.01643423916629394,-0.00970051473418021,-0.013615198760518199,-0.010633322634207909,-0.007491534178277637,-0.004706766167208443,-0.01175136864155124,-0.007786085519642438
2021-12-21,-0.0007872487508099324,0.01686338641023033,0.011113798126248797,-0.0004188884251822289,0.028568671881021857,0.0019628909045570353,0.022931367582813778,0.022380391753887396,0.018835323864404785,0.017758958856603613,-0.003808061275287322,0.007285492611279976,0.021288640799629555,0.011274577773129124
2021-12-22,0.0008751606440977611,0.0047676827692106905,0.009310842800181796,0.009400024100517657,0.009625223709939457,0.0015826713970337192,0.01188464789215904,0.012178712791005353,0.008397029599319206,0.00999861036049099,0.004626874307229301,0.007105648898563466,0.0074179414127659715,0.0102569587268726
2021-12-23,-0.0012241071795834335,0.0051578406761925155,0.005893581065502973,0.0022540179789249937,0.00798989537584327,-0.0015049733888811145,0.00862786324321152,0.007538992751262574,0.006787097477389148,0.006222193249784125,-0.008677269084597206,0.0037794848913816903,0.008481806924093283,-0.0010596322616893694
2021-12-27,0.0005254041051965253,0.004515553437898001,0.007770064672832699,0.002367247994286892,0.009367465465444536,0.0029391041979385246,0.017935978029811395,0.01652737365526491,0.01668084603819553,0.014152119589032175,0.0024238239250025106,0.011296691132770764,0.010443637236700942,0.016976729303964655
2021-12-28,-0.00043792921996066436,-0.003269323416172476,0.00037898976594497036,-0.004310065233419702,-0.00611277027343804,-0.0012772809544498998,-0.008132276545703587,-0.004635001954251927,-0.0025295518650536586,-0.0008171989491738696,-0.003962804765177297,0.0014894001904448562,0.000823074563405024,0.003684129201650954
2021-12-29,-0.002976668968479479,-0.004509912807253991,-0.00037884618711714335,-0.0002965076609273698,0.0010774861053566287,-0.005492068001771155,0.0009291999887839353,-0.00014903822307066328,0.002673269554238855,0.001279069656721532,-0.01092481873855966,0.004337776245563418,0.0031988325172034315,0.006729550806620743
2021-12-30,0.002195515214340471,0.011455954860492668,-0.002621974572183161,0.0071772153754725565,-0.00026904540345662475,0.004009202590502081,-0.004150338139271459,-0.0029884743000038183,-0.002666142237368496,-0.0027644263426457316,0.008386411040936181,-0.000493587320831157,-0.0016400202506031691,0.004340653370081604
2021-12-31,-0.00035054076626428454,-0.004889051598914507,-0.0008887847709232455,0.00683158799329231,-0.002153087270698739,-0.001506808168425522,-0.00296099636641467,-0.006244826407052706,-0.002398553611185683,-0.0025201990902108395,0.001960913300725675,-0.0012345776739642877,-0.001094777076155018,0.0027660118581585014
2022-01-03,-0.006837438203758817,0.0071648459799138475,0.00648198754527618,-0.015383743445999576,0.012901629996160846,-0.010639676533098386,0.0021450202442254707,0.009627015063914612,-0.0026794758539295804,0.0057898178528466016,-0.026250012457467164,-0.006180620311709517,0.014981281049965656,-0.007844109976834046
2022-01-04,-8.809389545194612e-05,-0.003455414387646738,0.005682501380249283,0.007366515057776857,-0.0015089684229105949,0.000838600481979368,-0.003457588889539065,-0.012970622414934962,-0.0011708616723868914,-0.000334786950980992,-0.004158362399174109,-0.003358389445371368,0.01718997593528626,-0.0012164123286632078
2022-01-05,-0.003089488652990413,-0.016316582977400684,-0.008789402471763741,-0.00300766493835114,-0.03386969454981181,-0.005867790918178906,-0.03353885211955476,-0.030720970641481715,-0.02406914306273289,-0.01920212520661224,-0.005428133123209888,-0.011980322811434907,-0.007166730717544145,-0.02861868275996904
2022-01-06,-0.0010627663031145262,0.004561617512403693,-0.00506730570232794,-0.012244126909514819,0.005704961126333785,-0.0013033401698235858,0.00353280763362096,-0.0007026949674452387,0.0009189103935576259,-0.0009395399661106252,0.00258937755236488,-0.004168331005249382,0.002406154500551594,0.0008955769941874081
2022-01-07,-0.002924639233373605,0.009081458261818165,0.002928451361619455,0.004551137683908024,-0.011573646953264127,-0.0042984597822687265,-0.009198785987075797,-0.010833016851949484,-0.009390388212390688,-0.003953410775030197,-0.007189005608758681,-0.003678105118984809,0.003289532472591006,-0.006620655683389209
2022-01-10,-0.000889168250453376,0.0,-0.009267370300131694,0.0030402057039400354,-0.0034711113106445923,-0.0009249089298499769,0.0034958216217642057,0.0006582836461728192,-0.004489803127138869,-0.0012445631691135883,0.002461085145014419,-0.002546169067300541,0.001063151066793555,-0.005764369724473473
2022-01-11,0.0018685690017972156,0.023113274848997056,0.010891646575940994,0.0120646549718888,0.01063535845338559,0.0030094769342159378,0.01125105422667394,0.015022036055428512,0.009306843116556829,0.00910830281219055,0.0066614288732296245,0.0034459452228585707,0.007878399320111251,0.0015398705496068033
2022-01-12,0.0,0.01659321953676751,0.009760614982480709,0.002642622730480104,-0.007444338980214682,-0.0006926271122895677,0.004066001272566622,0.003965443320220086,0.0014187596319854556,0.0027035187377613124,-0.0038313980363181566,0.0011445992626970547,0.001580806867908624,0.0011761202145703642
2022-01-13,0.0017762853965535008,-0.014159169901142854,-0.007281095115765468,-0.0033969884760131075,-0.009167359459565483,0.0031562536853844136,-0.027898018630940324,-0.025016195558606458,-0.014307689291652603,-0.013778409961423321,0.008880994782571205,-0.010163558344115753,0.002630670429244031,-0.0019879432214071624
2022-01-14,-0.0055851740014903895,-0.00039906696591629487,-0.0010115785421725976,-0.0028796749096049457,0.0014017490866118365,-0.008825295366495567,-0.0039344351376954245,0.006222965680571901,-0.0017969318948936053,0.0004090793125122172,-0.01510965074038595,-0.004235742577004875,0.005072553327926332,-0.009051984531849633
2022-01-18,-0.006062474675980645,-0.017760929431186123,-0.01468340691854364,-0.001650255097062403,-0.030236557665897057,-0.009522871221633311,-0.025966020154368885,-0.024894355898506748,-0.01785327460048236,-0.017709611038042583,-0.014074632057984093,-0.010311912054973726,-0.019491858644966387,-0.01050545010087911
2022-01-19,0.0021529391651755603,0.004266557227680101,-0.0008995126336340808,0.015880526897095182,-0.016263182591345182,0.0015631550411161488,-0.011390333015182219,-0.010983585323048883,-0.0091622077947352,-0.010383660057393107,0.0069235625179404625,-0.0011725642659327074,-0.02058928246051006,-0.013478078865943766
2022-01-20,0.0005367026517764106,0.0058668769058305426,-0.004886048887522199,-0.0024988838330701757,-0.01809731272637327,-0.0005460472000375916,-0.011039812590935338,-0.012988334783396227,-0.01301963614131818,-0.011067984111854612,0.006167175374037326,-0.00938809622755754,-0.01531358414169448,-0.01282080552189635
2022-01-21,0.003936001599359029,-0.014481139138503685,-0.013567977187751046,-0.0032624385581478954,-0.018729793657418448,0.006559213718972279,-0.024093747651884656,-0.027728760518065165,-0.01648897264676563,-0.01963052262949616,0.01190637292249197,-0.010267400602726129,-0.017943940955463367,-0.0024644293902750247
2022-01-24,-0.0011580298352786844,-0.014081518888656608,-0.009955150415648983,0.005494198734739664,0.023047010802346612,-0.0031029260938906233,0.005312640030492366,0.0045778210852542855,0.006706117808828793,0.004246502729820634,-0.008215743452587687,0.004522024067681096,0.003935488892929939,0.0019003384223565956
2022-01-25,-0.0009812986232955456,-0.0018630177457056307,-0.006086396863024701,0.0031971345443269072,-0.013347969524771242,-0.0028016385853523174,-0.015730014657684088,-0.023181617872241156,-0.014383026043722547,-0.012208835791505224,-0.0016144480217042956,-0.016152651387640438,-0.005506928742838868,-0.003983512652563581
2022-01-26,-0.0056255704965378905,-0.012650328295868651,-0.003860454116744849,-0.016166464916677392,-0.014433876909384802,-0.006789589315393529,0.0010738242761894057,-0.0015644885905776729,-0.0023812129503527624,-0.0025089589145567137,-0.012094080919519468,-0.011976895790563824,-0.00891594349846836,-0.015617728873813297
2022-01-27,0.0033226080722872364,-0.011552284572451721,-0.004677188643682051,-0.012898211138547944,-0.0227075525552225,0.002278404475184681,-0.01243076234933016,-0.010070532786930042,-0.004387890838532638,-0.00493796319364781,0.018363175643822727,-0.000272295601955741,-0.01060608045066913,-0.016542382887974827
2022-01-28,0.0007155244110295111,0.004887398222249706,0.0033567162611496393,-0.0029832934474428585,0.01947586350107766,0.0010978339013829608,0.026132712611367293,0.03136910288263417,0.026987140095925177,0.024835653654187606,0.00034956841312827613,0.023978394984991658,0.015505214476905449,0.032362634873041474
2022-01-31,-8.92678816060144e-05,0.032776652798896855,0.014585570544340287,0.005924537392067553,0.03067853972022494,0.00046962660428628844,0.029887785249415266,0.03197828343780418,0.019802803735770036,0.01801100980235093,-0.0051705288982925035,0.011974330049779436,0.011404394155527298,0.01229160918360761
2022-02-01,-0.000349433114160691,0.006142380129019465,0.00949623497673402,0.0008328835308379912,0.010534750874520604,0.001662906173967249,0.01154773481803928,0.006803559899185352,0.0056853513897168195,0.006756805952979006,-0.003318764028812038,0.0014461841909727546,0.004100378416414863,-0.0035767209295669566
2022-02-02,0.0010755607320425131,-0.001627997111021351,0.007447194958568382,0.0036259919505645666,-0.009933233703625755,7.802119963762344e-05,0.007829945374351777,0.008125373498635291,0.01365498578988844,0.009714027647385715,0.0033863251295951358,0.01010899410166588,0.009280739869645727,0.012752473960169652
2022-02-03,-0.0040278537775451095,-0.010599193661940842,-0.015821483409197423,-0.0014214062993387344,-0.018923104216401088,-0.00806317953625757,-0.02342560097568358,-0.040543921702136054,-0.03056402356412047,-0.023504877054734474,-0.007805658451811692,-0.011697733981389957,-0.012597759281898435,-0.010632996346528811
2022-02-04,-0.006291056592058641,0.0024721372865348368,0.002371608660792557,0.0015420788696549614,0.004303193979401598,-0.009943844560823312,0.012995935443673279,0.012615171088832478,-0.003436729145601891,0.004702028847922035,-0.014742244020068074,-0.0024985435432725023,-0.008381335232688802,-0.00989933395664222
2022-02-07,0.0009045033231653843,-0.0020550051186161156,0.0017090318319126219,0.007402581993851909,0.004939718237618962,0.0018334249222087262,-0.0024580598420004263,-0.008044510046436915,-0.004123350555730321,-0.0032091174905215514,0.0006472338340874906,-0.0021092270065590224,0.003756298449807849,-0.0014281691012546505
2022-02-08,-0.003072245020215081,0.009678578660793358,0.0051180031970277096,0.003056870675416823,0.01705485854141542,-0.003739868363540122,0.006790938482802877,0.011235155072029324,0.004366095737582842,0.008227811338079372,-0.006685727559461396,0.0030386804834912073,0.007111054526175886,-0.004672406784286709
2022-02-09,0.0006343455551003352,0.01570489757891047,0.016190364539400592,0.0033991784238243117,0.0189877559156284,0.0033544936495748523,0.0243539146209113,0.021190750649304313,0.019187745990268512,0.014636062349649981,0.0018817003797104714,0.011854678756991754,0.015421614745985357,0.02260960024322034
2022-02-10,-0.009238957646054868,-0.006626539674260634,-0.012720178471478327,-0.0037965605384254753,-0.015342784657840336,-0.013611598780435608,-0.018705321144247278,-0.022632593740750773,-0.02191515909444841,-0.01796554860536581,-0.01589229005916859,-0.02004723555574006,-0.013357826165758313,-0.023608677645915788
2022-02-11,0.00658224207035385,-0.015160905261732971,-0.01509616365691513,0.019054878321533186,-0.010125769213101266,0.007424616330933276,-0.02891903261032014,-0.03172137403243935,-0.020751860286531865,-0.019718768991206614,0.01482732855876745,-0.010095508322144231,-0.010849324444461406,-0.00911546078545522
2022-02-14,-0.005812764299928608,-0.006978656451354537,-0.006474680661554766,0.005350715998122091,-0.0034760936209714544,-0.008891364616062991,-0.007643929197921451,0.0012388817234936234,-0.00545143564356132,-0.0032692261528077804,-0.012441017516692021,-0.004830736687344794,-0.00890599442861939,-0.009102351049151802
2022-02-15,-0.0016443581353789982,0.021703266815015887,0.018353432575965112,-0.009499848975192515,0.02680877667106163,-0.005011013751493376,0.02341632111546743,0.024864066320306577,0.017833767743235418,0.016126840949621135,-0.01135262972692086,0.007011811350051689,0.016175021801586142,0.008990607824799213
2022-02-16,0.0011895973964894946,0.007283049099642724,0.0037873488020685464,0.010284254451501385,0.0020868516284680005,0.0014618242645496604,0.0007826736220011288,-0.00025298780179494607,0.001972068937402982,0.0011208235581174897,0.005927173290803278,-0.0028118553412977976,0.0001860781107450027,0.0046488208092811956
2022-02-17,0.0021021157194007767,-0.011648914197602389,-0.01613303232441854,0.013668073780773726,-0.025618760279841446,0.0007301410400570862,-0.033932839656392155,-0.02974372159224581,-0.022180191451689257,-0.021361350826183068,0.007438035243823027,-0.01221994780115343,-0.016007335566175063,-0.010604363784246784
2022-02-18,0.0020977866153097935,-0.00995743744245614,-0.0042318003970114315,-0.0007334549100845855,-0.008598214511337132,0.002431658246820678,-0.011584018133178775,-0.0114055920883257,-0.006270831399813992,-0.006475033748406633,0.010526945141340782,-0.0024470020174328644,-0.005864176240214292,-0.00604129410659604
2022-02-22,-0.0010922550567415978,-0.014162447551391733,-0.011686646001932255,0.0020890378623359407,-0.01408743943550872,-0.0012939350554003193,-0.012034499100072371,-0.010043190135989533,-0.012932392659686709,-0.010731840889404265,0.002604385405587273,-0.007495123565467887,-0.012558276422820036,-0.003626961038033838
2022-02-23,-0.004464690408798377,-0.011659346842088913,-0.008196567903481222,0.0045072272703239324,-0.01871248681798754,-0.009067287426375414,-0.021875096470826638,-0.02561541304500936,-0.01625896793483461,-0.017738736716484294,-0.013781698260716069,-0.01304401120670251,-0.0125251401262777,-0.016528831614279982
2022-02-24,0.0018305347842411113,-0.02064458131283642,-0.01341279414014429,-0.006450131470019049,0.02622041079873072,0.004738598290251916,0.028297798474101077,0.03360447535271516,0.018934695357234244,0.01504922220370597,0.0006586598599915838,0.01029524714402763,0.0034148739507420256,0.016806625497126193
2022-02-25,0.0010048900076915501,0.01849834404264561,0.02499290707281987,-0.003330678220184624,0.022520731325750942,0.004065451432664791,0.01959295172961606,0.015507054230926132,0.024645636537774074,0.022064070953006887,0.0007311592520793386,0.022445383853916923,0.026448986383649453,0.024104542372310522
2022-02-28,0.007209816894805154,-0.01309374575895883,-0.019024493637259554,0.010365345791119474,0.0040491661113786215,0.010690265188753711,0.001057195993396265,0.002978748112878904,-0.0019211925849497158,-0.002558620892003094,0.021918490247056832,-0.0070033117293542,-0.005305252631426449,-0.014891001521039171
2022-03-01,0.005635567589135082,-0.01326773800238823,-0.0218519533450926,0.018163415997793697,-0.018837341838322752,0.003420161183150361,-0.015654972599976613,-0.015311383754117669,-0.013242923209728752,-0.01523028457997666,0.011561772616405674,-0.0036622060602168327,-0.018761916418656766,-0.005266059541797707
2022-03-02,-0.012001496050753735,0.0017350683405497058,0.012566307159586287,-0.010406339832951472,0.023810899264131713,-0.015203277184352104,0.022151917362514872,0.016779435965490697,0.018960813381515562,0.018396325969713967,-0.034182683357131816,0.014293440366002219,0.030088435954972237,0.01872544055830838
2022-03-03,0.0033793080461410607,-0.014072326173364291,-0.01971882722838414,0.005953415398956663,-0.011848812400218067,0.003656308481417181,-0.014509855008686179,-0.014284848234611625,-0.0040588420270760706,-0.004978504990837407,0.010185184397852876,0.0032210702744066566,-0.004805421196985127,0.008180110308663169
2022-03-04,0.004005099952980373,-0.020202100845445936,-0.028977311129448013,0.015929145881701023,-0.015657503585478794,0.0009717042606922632,-0.015913404127639308,-0.014492137260279203,-0.009226417026057088,-0.008124491116678123,0.017264005965256013,0.006689017276964471,-0.011834917267902978,0.00458181379589373
2022-03-07,-0.005802389957463516,-0.03742709274001488,-0.03172525334049048,0.014862865283030269,-0.024866492705755694,-0.012132120339624297,-0.039663873289547125,-0.03688086398166679,-0.02956688388125872,-0.029479350465598353,-0.007629883407672122,-0.015548024494845936,-0.027019176500500452,-0.019764173445789845
2022-03-08,-0.003556623136450443,0.0032595701580273584,0.008677357032482735,0.027358997610294145,0.005523047734519837,-0.005976852157425383,-0.005104935133111832,-0.004648142722528892,-0.007357156869488235,-0.007581573599507618,-0.010059551580689496,-0.01876348030090902,-0.006794837642361662,-0.004846750332616279
2022-03-09,-0.0021046430899958057,0.02831277722780534,0.041827339448432754,-0.029711176156992036,0.0281845324926997,0.0017300166736315958,0.04011449373887155,0.03599792382172029,0.026746120982476862,0.026810690116345626,-0.009798421240562294,0.016095366681711187,0.019234610237829797,0.015390515646385827
2022-03-10,-0.005594091498537956,-0.01873188508812995,-0.011958843320819534,0.0031212277978962533,-0.0017975584152086777,-0.011429034853902786,-0.004868740178320952,-0.01110451943143409,-0.0065123974872338675,-0.0045153559894125506,-0.014367535556993882,-0.0014892607063220487,-0.006614610958105782,0.002494330729111871
2022-03-11,-0.00018438066510206852,-0.020929096752382192,-0.01080695553038935,-0.007027884128157469,-0.015956395964441983,-0.0004160125398605663,-0.019314004110177585,-0.02073852073501692,-0.014610661418750781,-0.012715177448620496,0.003346298252988822,-0.007050682296407262,-0.00910688094984724,-0.007942711634103317
2022-03-14,-0.00968599825131311,-0.02419521744432751,0.00917680134937271,-0.015073711931138378,-0.02043408922830392,-0.01447844635925355,-0.011487905331670545,-0.019204670400072676,-0.009777971632384697,-0.007308278335039997,-0.023348347166112005,-0.0010926817265314304,-0.006423735271405495,-0.00781329578319645
2022-03-15,0.002235852144906403,0.0014443613525052523,0.009526797777674734,-0.01870545038411886,0.01593066103649976,0.007852228060397204,0.02556757410814825,0.03136662506851273,0.02161066893809438,0.02199026830603823,-0.0017461184195372015,0.018045486583094128,0.01581472217366109,0.006708278561625702
2022-03-16,0.0007432937259554961,0.08052885836852641,0.035887753498724306,0.006260803404375848,0.03146393776068246,0.008544612991848721,0.034837612437718546,0.037086897009542374,0.02162905482229438,0.022174194699295713,0.00980796290944963,0.00993663460939831,0.01870144119353845,0.011878184128996994
2022-03-17,0.0016716394255749112,-0.005116817092223225,0.00841962322169465,0.004888644573449508,0.015697753974313278,0.009801511179361011,0.01777132099652956,0.012106449367876193,0.013881261205207718,0.012511009935932016,-0.00745375209869481,0.011700885605355316,0.009419462595705141,0.015461050026998047
2022-03-18,0.0022251601895493245,0.014311135001394915,0.0097180481891741,-0.008789852082788041,0.010530822780188132,0.0019741321033877046,0.0194896625325498,0.020467618151158273,0.01506798034637491,0.010952721381422226,0.01221261789726813,0.006439414727910098,0.00390414365363978,0.0
2022-03-21,-0.009805678778785354,-0.015432033754078756,-0.006235612386012335,0.007640798069546317,-0.008829140555821624,-0.013874015625690905,-0.0012663835584659777,-0.002779797567262099,-0.002185095709641427,-0.0002922599909382928,-0.023156222236745738,-0.0018279537920246058,-0.0008537656950131645,-0.0061090637671336045
2022-03-22,-0.0027093908227086017,0.018137138986239254,0.009412108841488909,-0.007250775291250955,0.010027508238211746,-0.002414204500263195,0.018175225675492124,0.019652533140038564,0.010119616512632046,0.01170138420250555,-0.012812012507207537,0.004971258817755064,0.008543647515415254,0.002553147898187502
2022-03-23,0.004122113110836656,-0.006598086485186783,-0.012972855363476476,0.013659661796972422,-0.017349653102614493,0.0028372205368143444,-0.01666474970926146,-0.014371382051023285,-0.014279473248183128,-0.012878322431493117,0.021914942809878823,-0.012236493666880732,-0.013460042852843412,-0.01121927231990183
2022-03-24,-0.0022393147351514875,0.005313434713291931,0.009309816666472681,0.007260367097212672,0.011498977857200776,0.00041652330773866986,0.01702805745138747,0.02222676596445372,0.015912592866783815,0.015074347752344286,-0.007832546182331201,0.009892502519844637,0.015161328448948908,0.006330349448349981
2022-03-25,-0.007947668869521696,-0.007927701167756207,0.0005426827659780198,-0.004095451209537915,0.0013602243661958724,-0.007902398079992046,-0.0003566592283191783,-0.0008340661395108695,0.003144574755609586,0.004883340779857415,-0.013873078829809815,0.00550051099313742,0.008044655479920504,0.012485703541103677
2022-03-28,0.0024505012456887965,0.0033296596748286778,-0.0032538554767038708,-0.018203790082975457,0.0003395746290468793,0.005533628800960644,0.012664393663319506,0.01547231298759133,0.007090837107025738,0.007113137738056663,0.008549653275239377,0.008074941224127663,-0.002816711435934982,0.010637228894869066
2022-03-29,0.004701301396474955,0.01703545565295883,0.02217087642251947,0.00044678784846130526,0.02677135088027005,0.008421259475121401,0.014208663150832468,0.01720967844139043,0.01823138295500426,0.01237086978704438,0.007552618617180817,0.01136934162824299,0.01346389867919262,0.02934069846654186
2022-03-30,0.0027134593075555102,-0.002828118591164386,-0.004125265391296429,0.008038419372069505,-0.020074366753428885,0.0023153778632722943,-0.011693898277565729,-0.011045562512766893,-0.0069144936349124775,-0.006174685554583004,0.007801879906899067,-0.001022033630316388,-0.008732812182362992,-0.007239415967138063
2022-03-31,-0.0004665405830662772,-0.015052327290796863,-0.016568478408961584,0.000387595883929448,-0.010556344374538673,-0.002310029272630909,-0.014351026231315456,-0.01239467221478563,-0.013265793906752088,-0.015391574284255527,0.0024284012861144344,-0.008056107522308786,-0.01996258534349027,-0.01221389429402353
2022-04-01,-0.0017767435000340948,0.016611426335410018,0.009375022316380877,-0.006365867342034592,0.01120465083610922,0.0033560377042074485,0.0016044894811397814,-0.0019033881848025125,0.001336691428907244,0.002834287128105517,0.003806283679646416,0.006574717144392617,-0.001147358749809757,0.019470090454225986
2022-04-04,0.0008432435267022864,0.017647066408697176,0.004038125298620354,0.004846769455083555,0.0016380514056493212,0.0034685360283992495,0.011035792570167846,0.02058876322731784,0.008679038281340423,0.008566637985086833,-0.006949347619203072,0.00192110341331575,0.002488962853736343,-0.004887467374885102
2022-04-05,-0.010108749129621453,-0.01841158116549113,-0.013540594772889047,-0.006264842571455875,-0.023664128702512777,-0.01752932632344606,-0.021771816307002978,-0.02220418117065681,-0.013237278326089452,-0.012631523215633433,-0.022592615016169493,-0.002684513442147707,-0.015184622483976007,-0.004911801442131436
2022-04-06,-0.002552745193535211,-0.013086068641511517,-0.011960009605199828,0.002343216670796844,-0.014187710502172157,-0.0058636981297164326,-0.017277928327303016,-0.021711525004153964,-0.009241441193454047,-0.009999230789799696,-0.008093877183243392,0.004742513566837303,-0.003782010713325512,0.011883123519916383
2022-04-07,-0.0021804721377579606,-0.00795582542739881,0.0022010667950331797,0.003784886240234764,-0.0032484228409214166,-0.004634087207383897,0.007874938157948819,0.0023780550539433953,0.0049646766904416495,0.005038852590426135,-0.007532220103151355,0.007016189462194289,0.0036015510336542267,-0.009936907369241799
2022-04-08,-0.005034833512084669,0.000891111655668908,0.00041160578013066385,0.006265969312183373,-0.007971582580916126,-0.007872988690394767,-0.00496672651837593,-0.013979559657718466,-0.00411653182583982,-0.002673876160742661,-0.010831057001665534,0.0020267695035316446,0.006207736208073911,0.0016424014152309763
2022-04-11,-0.004297033073010215,-0.012463797298746804,-0.010563827148386773,0.004959463770487282,-0.006721657954687821,-0.009726868762807706,-0.021244155425325095,-0.023657117043435094,-0.01706148135173291,-0.017092239446961477,-0.015824658520976587,-0.012136537889387511,-0.002217109645903048,-0.010748741044262156
2022-04-12,0.003164283979146365,-0.0031553475069886483,-0.007487475932071996,0.007676751619003053,0.003154733144737909,0.0006893180117129027,-0.005286363833671537,-0.00422428178937484,-0.004281790798379426,-0.0037051200421115427,-0.0013804093052557365,-0.005118904377721445,-0.0024152208445632484,-0.001473364515783504
2022-04-13,0.002007650797831051,0.013113258612075684,0.010757218186962625,0.004788537865617837,0.019019944514369946,0.00516612839799202,0.013880229475920602,0.020327033534071726,0.011518896936013379,0.011453332542501915,0.0020326705863251693,0.007074853156019412,0.007650509605746425,0.0071005020988832435
2022-04-14,-0.008108980043154301,-0.012943526797823401,-0.004561335174592229,-0.003303550666205468,-0.00970574552874226,-0.011649836782662293,-0.01862369505357908,-0.022867106215283095,-0.011160120733311518,-0.012451743576689878,-0.02004540271309596,-0.006514147449705021,-0.006150893794452328,-0.004303384236277963
2022-04-18,-0.0030779710043583597,-0.0033913896496520213,-0.005831577729769721,0.0030971927027434454,-0.006735031751419207,-0.007626792993983722,0.0008168641410353228,0.0007683234116633297,-0.002687154774399181,0.00041137707997451756,-0.004968912832666317,-0.007071319488522798,0.0028042171822979522,-0.004046556759117803
2022-04-19,-0.006077886244435615,-0.0049909836397322715,0.004748527176623885,-0.015112904376299419,0.01993729906682229,-0.00794773135900384,0.01896152931742434,0.022350768843653945,0.020554365540004227,0.01614267925509205,-0.007490774784571941,0.01230089897875053,0.01398286487818301,0.021791432550982703
2022-04-20,0.005726651764003776,-0.0059279605319279005,0.006672045119090919,0.004894947496407287,0.0038203866804833453,0.010388190661243746,-0.0024031260510648522,-0.014584739270673497,-0.00045283038963317424,-0.000741711111332255,0.02012558695113076,0.0038373970451257566,0.006276637924299111,0.016627745351757595
2022-04-21,-0.005500949205546335,-0.01926614818507366,-0.01077028200502883,-0.0035576001936850066,-0.022389306240658935,-0.010629958168926312,-0.023038649969005287,-0.020690779248982882,-0.016979539479053285,-0.014953275105042851,-0.007397972995695112,-0.009174546530554939,-0.009261738483960946,-0.0069337431058520416
2022-04-22,-0.0009708141572978279,-0.00888676210184125,-0.016331743854633207,-0.0097220932450649,-0.02588473674630576,-0.0011449123328040045,-0.03116900901961006,-0.026185768017688793,-0.026562404442837972,-0.02743920171499714,-0.006294271183553302,-0.024433698463755538,-0.027377816289891888,-0.01754376296993121
2022-04-25,0.0067029467553814115,-0.007314689251897821,-0.0048247334435150835,-0.017970993150090764,0.006072519429236367,0.011109365026922724,0.007504369835850788,0.012845609274096725,0.00828080222881411,0.0057974463762773265,0.010001070360094788,0.004086164711893714,0.004021328048984918,-0.0025509118282791565
2022-04-26,0.0030879000877974683,-0.021868304800646388,-0.027947944837081073,0.001525017044941901,-0.03151939896949674,-0.0005231898269348889,-0.03730794500400836,-0.03774500590884233,-0.025342295429533035,-0.0289608727340116,0.010066850275284311,-0.020086679544963015,-0.02178379952724352,-0.016441271891917686
2022-04-27,-0.004040456041983886,0.011664712085884377,0.004547462960025284,-0.00755702425744631,-0.004154727006952519,-0.009597019298842269,-0.00040374018865463324,-0.0011982878384404483,-0.000963127599792668,0.002811859073533318,-0.012825495671998643,0.001205873618562503,-0.0015977430718393526,-0.006593668074172387
2022-04-28,-0.0003862328355721534,0.014412591585488688,0.014164647671482511,0.005398323510093839,0.01866721695603535,0.002995251013840683,0.027125127826202355,0.0355160871917215,0.02827552079168072,0.025259406015473385,0.001489511647435382,0.016860581993705104,0.018103739710254807,0.018416483713570297
2022-04-29,-0.005990835694320795,0.003551904964317787,-0.011663059898833872,-0.00011297696546286318,-0.02887910147515782,-0.01106651038691997,-0.03715602831808684,-0.04499863118039249,-0.03538786787262549,-0.0369556695064881,-0.012973097575327719,-0.033688611055836315,-0.03173188260527626,-0.04589700819003517
2022-05-02,-0.005443662050765519,-0.0014158331908489252,-0.002476745969034355,-0.018540493535693647,0.010489373141696623,-0.005928087377177538,0.013339771822393764,0.01669589146160222,0.008827450120758584,0.006019417902410007,-0.017333900305898098,-0.0029958672961081234,0.00791371900563198,-0.024148516792823482
2022-05-03,0.0022519447499258494,0.007325360006944948,0.007448622442076891,0.00264926246698316,0.008561008889237387,0.006446987568887952,0.007723835955612657,0.0010676152032260688,0.002649064625932507,0.0045839901402320304,0.0067421344106413095,0.0035514433409906676,0.01308625921742479,0.01242249996184075
2022-05-04,0.0064480343061965595,0.010790567119632222,0.017541372161120616,0.009822544372671826,0.026685942525215056,0.009786497950285522,0.032857925028284996,0.0338120848939758,0.03162539833471634,0.030453049742869887,0.005509607382587323,0.022321750107088256,0.029709990012750653,0.011490686707172015
2022-05-05,-0.009900873567359247,-0.03689954211115509,-0.032198426795704616,-0.003811138551277793,-0.04056431385227832,-0.015330466912441998,-0.04291142651935498,-0.05036398653183294,-0.04004669374757919,-0.03554294455018503,-0.027398439869820157,-0.025961773250567144,-0.023931198534813514,-0.02666798226969236
2022-05-06,-0.004215975655998849,-0.013734964600837785,-0.009715804106022574,0.0016558743678838361,-0.01664229409588025,-0.008500339806077117,-0.011259552348307444,-0.011980708341800317,-0.011075978409981868,-0.005968789458550505,-0.014735347558774814,-0.0056042800962179395,-0.0037569073074946724,-0.01186940457931318
2022-05-09,0.004922493478587198,-0.028829809243540283,-0.030177004621911085,-0.014479496708730832,-0.04206379729448706,0.0035194951038231004,-0.04786904301082562,-0.03912706272716915,-0.029512802971231378,-0.032017355966309946,0.008797393422893762,-0.019656281364939132,-0.024114222806397634,-0.044043955502177434
2022-05-10,0.003037127205805845,0.004779954375434992,0.007510789114223204,-0.008445202872691127,0.00028561268249260863,0.004226684414923021,0.006015887928649155,0.012148542546048358,0.0014319512943281598,0.0023105226102824172,0.009069609819856383,-0.0002804717254178968,-0.0025422821619166536,-0.018219896618191567
2022-05-11,0.0037123522197259895,-0.0070106550694619685,-0.005933505608723411,0.008167128516088473,-0.024864135614120264,0.004656628792211626,-0.023919653758294412,-0.029658140635756114,-0.017160194567863885,-0.01588603014360468,0.019272180447427623,-0.006872566006894454,-0.013763018201565225,-0.0021329871988902127
2022-05-12,0.0018484985342148708,-0.006555413212648187,-0.002448596106056522,-0.015333925720196762,0.01172341886908046,0.00044573952952187135,0.0011669440284634014,-0.0023642811675911313,0.004365089391845434,-0.0010439698945459153,-0.001865294433614384,0.003107063372223884,0.002997914528747758,0.007802446532305218
2022-05-13,-0.004273598737293827,0.027664906398930045,0.02776921377332031,-0.00810956630229509,0.03169157695559188,-0.005256737313423687,0.03707999035459486,0.0370598154176347,0.024456707880068596,0.023907756418809267,-0.014780785840049826,0.016190547360758867,0.020199792876291367,0.026407759457806712
2022-05-16,0.0022435105973841463,-0.003951581588006237,0.0008958032588251008,0.009538483763206873,-0.004773323018046449,0.0013434427869609689,-0.012854740920419938,-0.011591591535500378,-0.0034104938549651687,-0.004057524904978682,-0.0010345226776806715,0.00013822452974721067,-0.00040401153811453483,-0.006302843520360812
2022-05-17,-0.005450708867527521,0.024547399074487997,0.018642827308540166,-0.006279296383541522,0.030583438676187846,-0.005724316038513644,0.023838428908356635,0.025901756274234078,0.01861286070653634,0.0205703758496405,-0.012083850170394927,0.009280982297904528,0.02688236796790333,0.013621711062995479
2022-05-18,0.004012409215178536,-0.023959261520416386,-0.023865466570089477,0.0005314848929158789,-0.035041510114934615,0.003688197929621495,-0.046149821290311754,-0.049090630367472854,-0.04605039698924107,-0.04031160759513819,0.021317595347446705,-0.037194254010872285,-0.03877581827774379,-0.029031526423225262
2022-05-19,0.0025343257208496617,0.01586903413513263,0.009599455194998274,0.014697234801531733,0.0016454392030231801,0.0026890558423446898,0.0006561059945546788,-0.005358411789603612,-0.008933325551182647,-0.006124408735962761,0.002395269741852113,-0.0039915099696669065,-0.01064809812716494,-0.004437545783025798
2022-05-20,0.003014264448654158,0.004149327069357112,0.006834133799488162,0.0006980112537449124,-0.002549060796934177,0.0049163499773901,-0.002111785480449546,-0.0031080913813056332,0.0052004553961904065,0.0004366072651649233,0.011350382103385348,0.006583550455910414,-0.00041379042446409997,0.00636733315007354
2022-05-23,-0.003295557032436669,0.007535262938307641,0.016969202022887098,0.004650369455528214,0.01209676091329559,-0.0035580566900539345,0.022475150254073428,0.016627590382132906,0.01638189565799153,0.01870990436922093,-0.01645485950213177,0.014645174064454425,0.01728968037686318,0.011599776629567682
2022-05-24,0.007682700085607452,-0.01737048073911318,-0.0015962202683559301,0.007521859850632806,-0.014814011993487752,0.013122850359506444,-0.017341933362143624,-0.021262005965323016,-0.00924653471875847,-0.007633837142798305,0.0197324769583318,0.005044973152018795,-0.0036639844446053615,0.008443616761633965
2022-05-25,0.004150295988753827,0.004910528100003697,0.00029076687854634464,-0.006029994959596108,0.01799851949068132,0.01030938944706472,0.015614434087466877,0.013995197239858204,0.011131022323042306,0.008835051323825338,0.003954283204200104,0.0030675253026866134,0.01389168219201009,0.008476241040864307
2022-05-26,-0.0007687622581392661,0.01563630538097005,0.011041666083350554,-0.0018488983177334939,0.022324235066651488,0.00026112930325083994,0.03024917667206739,0.027707340875831044,0.0254890503788483,0.01998130317778446,-0.004525145317418988,0.012649317673314453,0.018839427915738005,0.0012301853481733183
2022-05-27,0.0016349717110593076,0.011546757870778634,0.012070858586510136,0.00052102106703944,0.026926491828698218,0.0052317282878893145,0.026861692619850386,0.0326392990055806,0.026837328354445855,0.02454912525413122,0.0024411994654407465,0.018531311821544216,0.018688797932191248,0.026822276442718618
2022-05-31,-0.006337756850398724,0.014030966694777325,-0.005963538670588742,-0.009893009276743081,-0.012417595842252105,-0.007372799041466149,-0.012775182619973124,-0.0026528245267721795,-0.008685174971537646,-0.005610956306688619,-0.02116247538182736,-0.009973228019095282,-0.005921152710241517,-0.012263218468620996
2022-06-01,-0.0041052991178935905,-0.007035603658383072,-0.010570029471684284,0.006369033199590923,-0.005666233120698139,-0.005833311431764132,-0.002807444258965952,-0.007395649406357063,-0.011762758841153853,-0.008088622487231856,-0.0011428850595945894,-0.007759357984658766,-0.009276420229275217,-0.008277072798048346
2022-06-02,0.0012636535549677141,0.01724149465428204,0.02078828833243551,0.012309182073779512,0.02442211343470646,0.0004400176198151584,0.004600293267731814,0.02738574188472387,0.023641558371427562,0.0190435141274381,0.0005163846077189671,0.011936158582688261,0.00995471011750948,0.013740547211233745
2022-06-03,-0.0016502993599948335,-0.016252639580340955,-0.014283595848209374,-0.010152017266979896,-0.009006077444534188,-0.003169901196375613,-0.004305945516656973,-0.026019807340268764,-0.015477403396343736,-0.016411387963541246,-0.002150326555257376,-0.008541488124396368,-0.013760247734744158,-0.013353502529876105
2022-06-06,-0.006127605795584357,0.005428291533469576,0.004017122698006359,-0.0044037229040009285,0.004330092524058582,-0.007067947261189422,0.0009611739472628056,0.0033311923519794284,0.002199319352579332,0.003044787596924614,-0.0184432370549088,0.00013676498063786013,0.0030676309641637367,-0.0031543113974317194
2022-06-07,0.00381650333008543,0.0030517465098334196,0.003001069141443491,0.006518420844169315,0.016128010234507828,0.00533839250432977,0.01611564559905876,0.008625817055455176,0.010321817238646336,0.009592118073121547,0.010799996942963075,0.007793193932765785,0.009667568965248785,0.013780851321041565
2022-06-08,-0.004094059398745076,0.005382558070047727,-0.013962149120247958,-0.0009251975242893229,-0.015452806685367304,-0.005752529184373301,-0.009313771777614721,-0.0071967280595346406,-0.011101277326451942,-0.01087219935523065,-0.008860489264977622,-0.012345460869719882,-0.01778230131616687,-0.023059099260801075
2022-06-09,-0.0010769150333440614,-0.023663117089213315,-0.02100071714674323,-0.0031832564859568535,-0.020730110110389832,-0.006587003913200662,-0.021971204221101548,-0.0267844048358159,-0.023573748658580196,-0.023782962568891786,0.0033305525536611036,-0.020364359181537006,-0.02340568024094747,-0.023706395567213767
2022-06-10,-0.0077413662602596744,-0.011060331076151675,-0.024136333915440344,0.013412283666592417,-0.02712889164293708,-0.009677725520709002,-0.015642577853020034,-0.03527050266190601,-0.030262754770590816,-0.028995551828363886,-0.006202042111974504,-0.015049413928888589,-0.026971675825827712,-0.02217066599171169
2022-06-13,-0.01639353207682881,-0.03501089029291171,-0.033080856189509955,-0.026412288230091452,-0.046979027120433225,-0.023072566419153673,-0.03447778649865363,-0.046496522127659756,-0.04051713336293272,-0.03796829440501992,-0.03137907794478145,-0.028701842765810448,-0.04205302889381457,-0.049989227744637765
2022-06-14,-0.005923373819598288,0.013857442257224628,-0.009432491286155198,-0.008003209616781914,-0.004817887751088157,-0.005186536433781974,-0.004996438171047335,0.0018154570502428857,-0.0026953430537505207,-0.0030132960784126084,-0.012613503680903082,-0.005880450018906136,0.0010999320780988864,-0.007614372242078171
2022-06-15,0.01110937883395513,0.013170912566204951,0.01872178137643976,0.013050939388113303,0.01464163618894787,0.015640898803078507,0.0008123789822407357,0.024971863033414365,0.0136036743576875,0.01425661526960642,0.018656400876473134,0.007246282734792331,0.010001559760960843,0.023705611661828385
2022-06-16,0.0023976850879634526,-0.0306598668896243,-0.022021597834011586,0.011243181594596585,-0.04631683297716627,0.0010998600155567306,-0.025603292789866172,-0.04034629546371604,-0.03501926557731927,-0.033096227845010096,0.007939357059440155,-0.020261402565562303,-0.03754097045701599,-0.026289181093310465
2022-06-17,-9.989764642714949e-05,0.0037955213018356915,-0.004049973319268374,-0.008222816311715064,0.007809774402702141,0.002014498130281206,-0.01370597198950707,0.012159522573385928,0.00046053188708361503,0.0021557036196331314,0.003222548730366759,0.0028472110933721595,-0.0005653770093300148,0.0075828513285149945
2022-06-21,-0.003986340538336908,0.016133322216596913,0.015126939535525574,-0.0037367862070599722,0.017919871327554127,-0.01005174490178018,0.03347418399069957,0.02522979678328996,0.021358946178049454,0.02517359445905676,-0.016952096696686847,0.022713935221935877,0.0229638220479913,0.013910813585620962
2022-06-22,0.008505249951689109,-0.01786170004997978,-0.0067297830147236,0.003985188163408093,-0.0019030650374101121,0.007292348073509425,-0.0055714237477879625,-0.0014587875819705998,-0.0017126210986704304,-0.0018131009872272008,0.0274999097150479,0.0037988950003320365,-0.004754919896352683,0.01270848408965275
2022-06-23,0.00416668153223676,0.003030984550608462,-0.0011291147640707377,-0.006129257292171064,0.0119768619534113,0.007697814144786319,0.0033616308757851154,0.014892970320129706,0.014446791532522374,0.0098028365607159,0.008214848706397992,0.01615726192395095,0.0026664502602007367,0.018998249268282974
2022-06-24,-0.0015803618826800703,0.02367158178231432,0.029877370489110433,-0.0009984622015154487,0.030972027667046653,0.0011823892547726533,0.02077259249408847,0.034263524854589056,0.033022001669139156,0.031793785634281146,-0.013842638769940296,0.022919491727659835,0.03136096507988961,0.02127697781745508
2022-06-27,-0.0044533167267354345,0.0012301760567665632,-0.004234023380566221,-0.0011170700540719114,0.003712769077343747,-0.009174490422842352,0.008023192560823844,-0.007331644754845157,-0.004308042501371845,-0.003819521875983667,-0.008528361510806381,-0.0011203722604656852,0.0017191788217270076,-0.0015035654490069827
2022-06-28,0.00039772572722251986,-0.006142498930106988,-0.006771633532252519,-0.0016480211262837052,-0.018777854643568848,-0.00027499024609012324,-0.007235557517534796,-0.03046695147954881,-0.025441421676082654,-0.020433119398012956,0.0046595137542284615,-0.01724402830209637,-0.012227899561563782,-0.012153262738763715
2022-06-29,0.005762987310081291,-0.003955425473284091,-0.0038053475841363094,-0.0007663579045243951,-0.010148553134951888,0.005960700137574326,-0.0031341022001005747,0.0009170671321816481,-0.0018647606940135342,-0.0008143931320668818,0.015608156537378681,0.00413711652775306,-0.008795662976420648,-0.00620584959529602
2022-06-30,0.00454444351730765,-0.004715896008276266,-0.005411456254223901,-0.006077047294322124,-0.007791838374041515,0.0030078785657388085,-0.002924903831324488,-0.012402946338855414,-0.006049248882915248,-0.008124328809650416,0.00878171052997967,-0.002557221633570639,-0.008326236151212418,-0.0018621746344099632
2022-07-01,0.008335637814561592,-0.006234511204829429,0.002400348408473141,-0.0008310541616338707,0.012104174143312774,0.01264005247632527,0.010706465471006288,0.006600575741492198,0.0052805669241036135,0.010576451330650105,0.01026667006876103,0.012106353625700672,0.006517989291005666,0.01800014376969683
2022-07-05,0.0018561176089770814,-0.007779070975962088,-0.02139201103415289,-0.02120964335120412,0.008284476464860191,-0.00026994316674322505,-0.01516368435078097,0.017119304196849816,0.0067664597646479585,0.0018887246784773382,0.007857498141549346,-0.0032364337722243786,-0.0051586581964644385,-0.0028033092648299673
2022-07-06,-0.006729515552409637,-0.0060699525105439855,0.0008156485402037728,-0.015842188833696924,-0.007406247797972942,-0.004951322060433472,0.0028730553554809912,0.006412272471178593,0.005482795148749053,0.003377297738688112,-0.01679123391246351,0.006353224477024133,-0.0014342577937931367,-0.0018379098699504715
2022-07-07,-0.0022581690030909485,0.02010176911952355,0.0151588523424393,0.000555053276362516,0.02366676207009455,-9.009988203845243e-05,0.009990675917780134,0.02139900040616549,0.017326235591295758,0.014977124209360593,-0.008800282432051332,0.004489204610875097,0.017456742895829436,0.002707905675463529
2022-07-08,-0.0037396803389655453,0.0,0.0011239947279033657,0.0004315313201161963,-0.00011399644927589936,-0.0016286307612242146,0.0015999467344034457,0.001254456006260618,-0.0012102555297999196,-0.0008223409238755641,-0.011076006204651767,-0.0016760421999938435,-0.0007602598739935296,-0.005293212277686754
2022-07-11,0.004642399224713101,-0.026689673828311444,-0.016198733049387903,-0.005360507452973451,-0.020103635135368836,0.0028091764415683063,-0.004211789524183218,-0.021364467573928736,-0.011598691783106019,-0.011423678193442921,0.017244756549526397,-0.0039170641692022334,-0.010215103713135831,-0.0021720295046627758
2022-07-12,0.001376703199989171,-0.0038443708769353435,-0.00016312111683547403,-0.0037167247224720867,-0.0034290117439123025,0.0014461433178118988,-0.0099171200274496,-0.00968751122491951,-0.009720643605900303,-0.008849131903277296,0.0059418389004202155,-0.009129459467457135,0.0004392783295217306,-0.003918378888967511
2022-07-13,0.003633581239927297,-0.0023153732739986665,-0.0004891637068338284,0.004787690503602615,-0.0008747727567878227,0.00748964761804527,-0.003167818341637596,-0.002061226523190407,-0.0043333375989629275,-0.0052514481637599975,0.011466137276715527,-0.002834901455602834,-0.00570662303956293,-0.004807488617528999
2022-07-14,-0.0035221832362681837,-0.009025282075196595,-0.014029392567629917,-0.014047055610919013,-0.01027323070574826,-0.0063594036646330565,-0.00421140162432343,0.0035709980961027288,-0.0003551857546227888,-0.0024285718413481483,-0.008158688361353805,-0.0025586764810014984,-0.009933973334021684,-0.009002888490516558
2022-07-15,0.003926930520938399,0.005204087086756237,0.015883454968375954,-0.0020084561635671516,0.020818573369005167,0.008022066614025825,0.015878962867979407,0.01813922487520503,0.01714788634847708,0.019105124956755315,0.005628393117596886,0.012968998325064263,0.024080300161175794,0.016950853737351057
2022-07-18,-0.003227135196604669,0.006989492701015898,0.004071810367521689,0.0009433945063559435,-0.0028308832675102424,-0.006974851637614021,-0.009495048844087361,-0.008462580797857333,-0.007337434407878596,-0.00825700919149841,-0.010418563628073474,-0.012662216990913966,-0.004898765457606591,-0.007081422886626387
2022-07-19,-0.0013736451338286493,0.01645256272221629,0.027250492967227924,0.0023874693093759447,0.03528385196509887,0.0027918754945923663,0.01791857429365784,0.03075303379312122,0.029039106780390345,0.02701908789084606,-0.005394741418997651,0.01895135244705104,0.0282244896994428,0.02589441024566863
2022-07-20,-0.0006881113708253617,-0.004299527607506959,-0.006631951426993132,-0.009402031234323593,0.015669672697009585,-0.0010777693638311936,-0.003114915537755669,0.015856691803636913,0.010261455062883229,0.0063732815099495355,0.0026242972141832244,-0.0023771628830500102,0.0010638341987221356,-0.002353321750502624
2022-07-21,0.008357530647420619,0.011430052988587125,0.010332340092344516,0.014110421925231709,0.005124227368954903,0.013664340917944662,0.0007267625270588329,0.014354924163541005,0.008210548768942116,0.01018323428028256,0.017276403507177518,0.007989957692682292,0.00010644146462368553,0.00793334742085916
2022-07-22,0.007800259544863408,-0.010045276383009893,-0.002517295874899239,0.00249575020790771,-0.015952403138763338,0.00771569424821994,-0.0013071992651420006,-0.017535233449068932,-0.01200546935142166,-0.009278045406371671,0.016810944539818795,-0.0029205145792923215,-0.00924546526132064,0.005211770082351741
2022-07-25,-0.00367678696420215,0.0035516291043447,0.007728631732695224,-0.0027385476219622396,0.005181017429491508,-0.008448400341334095,0.012579293337404707,-0.005695594783314828,-0.0015296106534545828,0.0012148737575126134,-0.009784976370520337,-0.0006972726298396514,0.004504963011662699,0.0016926798876941707
2022-07-26,-0.0001938265561765018,-0.007836201662186015,-0.013930159859505187,-0.0011858106875901608,-0.006151660404269066,-0.0001777529894221308,-0.001939089401410632,-0.019648852028263053,-0.01370212541854865,-0.011831073675958703,0.0007668139533407725,-0.0018142649918775344,-0.007368109723112748,0.0010562560147910904
2022-07-27,0.0034964416578648905,0.01859859318894963,0.023650686214073513,0.010184984698782484,0.022751191776235524,0.0066574808627528625,0.011295927957355456,0.042259712567410235,0.025455074520172927,0.02596643374290597,-0.005618088164401458,0.012024252893079401,0.018180295203981123,0.0060148287490606744
2022-07-28,0.0071621306167166665,0.004252104845898108,0.005117142910490147,0.012185323455280006,0.013739655313327548,0.008289646097223269,0.008466269334096888,0.009778036442508409,0.01590384030486547,0.012542313993432641,0.007960888714872105,0.014092555840504284,0.008663307728163483,0.03241030685276236
2022-07-29,9.607568677716394e-05,-0.004732132267080025,0.013884727718419532,0.0028110896821249565,0.007099595679062931,0.002361542937782124,0.011781067646130294,0.018237099554729186,0.01068504010946092,0.014578640795172682,-0.0027178380754788733,0.00558572200227081,0.00366618632043636,0.0053842619492017185
2022-08-01,0.003466047489468771,-0.008508779908163677,0.0013693343311176331,0.0056672312077465925,-0.0003739280029859682,0.001976292045161143,-0.007251291589586373,-0.000602517249261969,-0.0025405771614726014,-0.0029610864803228942,0.024083878632662703,-0.003251496409723109,0.0014609763163022649,-0.008083731898649749
2022-08-02,-0.010265988878854326,-0.004795435115666824,-0.015954980091355098,-0.005938288400823777,-0.000961606799211534,-0.012220601714389545,-0.005478361271049947,-0.002981570385653054,-0.008462899969488014,-0.006597331049786548,-0.02115957555099557,-0.006388451790848904,-0.011462996708813233,-0.012836279150761354
2022-08-03,0.0044590426199604405,0.007862251549735966,0.0058678115288952615,0.002438243761313297,0.014705961952864222,0.010869547080089026,0.002189265073773816,0.02723264024889316,0.012926880812896169,0.015659503414734655,0.015744744234128527,0.011080663841099403,0.011912117064107886,0.0031991773384827393
2022-08-04,0.0024127685061907655,0.007045637252425019,0.005066015090686049,0.016539989487255546,-0.002107914199636518,0.001573421571336997,-0.011556556109514227,0.004676487425850695,0.0023723663564663156,-0.0006755787862202656,-0.000335392095155318,-0.0002707019001947364,-0.0059381558977549265,-0.0015430316383955311
2022-08-05,-0.011167851822789565,0.0009996123268132262,-0.007026171158885597,-0.011246066300201418,0.007657637553309726,-0.013528595610742489,0.0034932509870655437,-0.008168943400995388,-0.001713942321808548,-0.0016902053517106053,-0.023803326064066543,0.0017592651536852966,-0.0015718812449135866,0.0027818048901075976
2022-08-08,0.004576240690540745,0.0012479798548468146,0.00230743488265972,0.008470017618367853,0.010587164983412167,0.003981354366951573,0.0037651081858898205,-0.0032323447129387617,-0.000572229627546772,-0.0011608690049377257,0.016141442223994495,0.0028372639318519077,0.0025190406620867467,0.00893860449475814
2022-08-09,-0.002229300280015334,-0.0037395865667102512,-0.005371510456587236,0.0030595386607856767,-0.013639815903814023,-0.004494503644954628,0.0058038044947712475,-0.01131873942707562,-0.009652249450282868,-0.003970983600320999,-0.0038869825670801994,-0.000538849829549437,-0.007538310548693472,0.005498839025064983
2022-08-10,0.0025253106075182608,0.012512603084074758,0.02252741055015761,-0.0025119508170524663,0.028550287772756144,0.009472481590063753,0.008373927385119995,0.027911098785253108,0.025109397103197262,0.021003957387566885,-0.006531603881209991,0.010918087322023373,0.019411095407807055,0.015191586798023238
2022-08-11,-0.005328533947530079,0.00395434403849948,-0.00030184292955248715,-0.0026382206776995876,0.0037318878639891473,-0.009646805030058991,0.0020235779950328325,-0.0056761905968087945,-0.0033037233334302085,0.0,-0.023309363279468975,-0.004133700899235704,0.008796462369889735,-0.0023943312202464595
2022-08-12,0.004480588598675395,0.010585944232251787,0.007698154418318115,0.00919802099904432,0.020422639798806097,0.011600229593683009,0.014207215042340904,0.01947058872911711,0.016895880028005905,0.01692907416404421,0.010141229383985317,0.014058078354631132,0.016721556847191454,0.01719998780078913
2022-08-15,0.0012608279318127025,-0.00462838244247632,-0.0059916511252559035,-0.012867030834262327,0.003543685961039156,-0.000700103020218501,0.00027462959896062955,0.008081511368133398,0.003736280121478419,0.004120656090823571,-0.0008657482251624993,0.007129877038813515,-0.0001010501003320119,0.004030633629262148
2022-08-16,-0.0014528653597141172,-0.00024489378001602,-0.0003013044234343454,-0.001750096754401964,-0.0003978482156719032,-0.0038545638764063694,0.0025400932627321904,-0.0023421468599786888,0.0017425231043088907,0.001958711808422775,0.004157828091807536,0.004588384179832872,0.0027246099644784305,-0.0026436210958338258
2022-08-17,-0.005916531413542647,-0.0041615459322692505,-0.007989169924837891,-0.006468335614034371,-0.0168169163420423,-0.009408782283907402,0.00027396815920144313,-0.011405914428819663,-0.008538864646928435,-0.0070980255474375475,-0.010437355830168249,-0.006524667452433075,-0.011774192599446787,-0.005988666004664633
2022-08-18,0.0021463521263900276,-0.005653770765744026,-0.003343024486168078,-0.0026164156896926194,0.006629149051743388,0.0025740630798307684,0.006777101833900678,0.0024048141597772243,0.0047844284844484886,0.0029064270393017733,0.0014820194367832773,0.002627007330197939,0.007943127760894564,-0.006617135886926473
2022-08-19,-0.007009535217180618,-0.01359707949133604,-0.013721466096104584,-0.007320625681104476,-0.021465790894791836,-0.01186455426695876,-0.0009518464918738534,-0.01949702396300257,-0.015555364073336131,-0.013437945489050307,-0.016102651195659567,-0.006157452456085677,-0.009092842163545334,-0.010539140446499506
2022-08-22,-0.004314604415919909,-0.008772045947101126,-0.01700425084742707,-0.006637179344595956,-0.02060100531281528,-0.006720452632298146,-0.01007302227702278,-0.02632708371532011,-0.02015476695365881,-0.020822635655202038,-0.003361422154593008,-0.014368955701012709,-0.023042337743901964,-0.021804596715077285
2022-08-23,-0.00039364702742283875,0.005309826624027902,0.0004717787555081898,0.0069908740848763085,0.001626038459930701,0.0010825541204058098,0.0018561263834022679,-0.0008272567366810479,-0.003126512934935932,-0.0024190689836164347,-0.00550351024115181,-0.006954566990692523,-0.000417636553800782,-0.012840045275296585
2022-08-24,-0.0026601220640013468,-0.00025145816742977445,0.0012574609755349186,0.0029489200401788818,0.007646061714057906,-0.002973764013379787,0.0045982762943743705,0.0028971984389776217,0.003053836068126703,0.003201079810102536,-0.007318839280658573,0.0013469818401068423,0.0033409845036598274,0.005723101101847261
2022-08-25,0.005531731115784755,0.02163516549898148,0.01098904942956569,0.003062787136294043,0.01553965220738629,0.010303458858696768,0.008743285654047472,0.017682114853087683,0.017526424265787988,0.014117556780675056,0.013935963605617552,0.008204471100100141,0.01800197850099461,0.014899044549969487
2022-08-26,-0.0018667544668123925,-0.014774587107333259,-0.026242217509432675,-0.012152705301765265,-0.03285559880989142,-0.005993880151355269,-0.02153442388712945,-0.040988340815398594,-0.03711778747170902,-0.03384907667557624,0.007538078583604113,-0.02628083314713181,-0.03158521879731302,-0.025180848830436142
2022-08-29,-0.004822102213329127,-0.006248535123047572,-0.0022325748191363015,0.0006182375550920494,-0.009207190957436273,-0.007380171149274806,-0.0022145928755548105,-0.009855343413810003,-0.009658374410548398,-0.006612174713157892,-0.008273591557357518,-0.005754155791614313,-0.004855558927223003,-0.00899402142292094
2022-08-30,0.0012853329383868406,-0.011820958832660544,-0.007191906723340136,-0.008340578885610683,-0.013993099382788587,0.0012696918824506298,-0.015675984219889583,-0.011136468116690112,-0.010176245239821857,-0.010977862286566942,0.002485069324694278,-0.008681411649050674,-0.010076193127798838,-0.013824332655908211
2022-08-31,-0.005333217348800656,0.003563166993524991,-0.006761131053419023,-0.007725314789180926,-0.006066337050866233,-0.010504462713232576,-0.009513044192185793,-0.00581367867317395,-0.008310436201492188,-0.00760912308933126,-0.00956095807912316,-0.006394030134706297,-0.009964684521107547,-0.0047083921786085225
2022-09-01,-0.0043382099803990215,-0.007861932602923893,-0.013452140864974704,-0.008790162100319021,-0.010899161089779508,-0.00602030967869982,0.003913131843326756,0.0004344847108508354,0.0020734178766208533,0.003137797762270189,-0.018308042513221046,0.009793117410016983,0.0015149599197230579,0.0018276342162530934
2022-09-02,0.0028981478657539306,-0.009202413885628924,-0.006571354049519029,0.008804709144487166,-0.007768773429275844,0.0007388630978986122,-0.005385896025032255,-0.014128094346056996,-0.010087092362403571,-0.010544475771736561,0.005656754543723164,-0.012745987731457853,-0.006807602437702398,-0.013951381799886642
2022-09-06,-0.009366065035399052,-0.011867882901507643,-0.0024806735504188104,-0.0058394619355668365,-0.009883930790626994,-0.01356237695741025,-0.0024938380989358855,-0.007182547960551511,-0.0009581733418504434,-0.0037729626613109968,-0.02476839807853215,-0.0021048481872372182,-0.008377853181344985,0.009033479922494037
2022-09-07,0.00693975387085799,0.008877129818870566,0.008786498105634921,0.010168638866495439,0.02175989954418789,0.01365517007722361,0.009500162613336416,0.02020145861896472,0.017784084838375014,0.017965059042751585,0.015815374055659914,0.020109609014021812,0.013495800830211957,0.019523335650943663
2022-09-08,-0.0031961922335334014,-0.00543465996868564,0.0006573162132530452,-0.006002292729855863,0.008343071237542299,-0.0023068248276665315,0.0060140303594784505,0.005184530088547801,0.007623241247444179,0.006536219611281036,-0.010257620721378813,0.004273434032971091,0.0073615130999304945,0.0027507184705319876
2022-09-09,-0.000100315960321673,0.0148323245060491,0.02545585520561211,0.005283756568463582,0.02008585208893554,0.002312158572467027,0.013011879050770059,0.02186207164234588,0.017425888561492853,0.015535157681034306,0.0022209763635629987,0.01029499102429332,0.016120631377736894,0.010867140643892048
2022-09-12,-0.0015032299212056621,0.014871792887405366,0.013933291497428835,0.005068186218703863,0.012113270035926771,-0.0022144128442894706,0.008262074262330277,0.011885816165011498,0.006098989362053775,0.010747710947947242,-0.008216863568679345,0.005842607864447347,0.010364828781964874,0.00970672131341499
2022-09-13,-0.005620851546624728,-0.030823761123741744,-0.03474967005073226,-0.01301133993119441,-0.03912048123575951,-0.0072130211814506184,-0.031125277733052514,-0.05483708293552525,-0.045424264852529705,-0.04348260348043198,0.002327049261917402,-0.03268969543228961,-0.04260434182917805,-0.03824680269183567
2022-09-14,0.0013121770167987545,0.004953166485842875,0.0032728785069549016,-0.003847613448870524,0.003895729745617027,0.004750606322220907,0.007818134892600082,0.007933375362721762,0.0011308974895676283,0.0038158126746534737,0.0034362601339865684,0.0,-0.001640217522210774,-0.011392851327365894
2022-09-15,-0.003024037945953739,-0.01063566838628427,-0.00880788872141669,-0.018679143196684067,-0.007269462488135203,-0.004820411793554635,-0.008251153245022458,-0.016653620455613805,-0.014077038278070053,-0.01135333876975586,-0.0006478284018857083,-0.01159039067833123,-0.0030665530253294326,-0.01848237086552995
2022-09-16,-0.0007080900366768228,-0.009176728970719639,-0.006088356263683314,0.005549107201315628,-0.014534905578178603,-0.0023288740709916933,-0.005830814207494206,-0.006114709238163263,-0.007579839698052204,-0.007628688629233382,-0.008335556311904413,-0.0028258042587127052,-0.007799471831838045,0.00011081161636572467
2022-09-19,-0.0015174152025804188,0.0031753553818918423,0.0034767268239850324,0.0007700871329356929,0.008547790322551707,0.0016805326869175907,0.003576173783661929,0.007787257394008762,0.006749491959790133,0.007754857554990391,0.0023346567260478235,0.004958823988822969,0.006643023844640217,-0.0014395942831127995
2022-09-20,-0.004459044890805508,-0.005539199793351268,-0.01699379934855083,-0.005706587274526553,-0.013627285079870433,-0.009974090016298232,-0.006770757172770869,-0.007971190370649306,-0.014114170852938757,-0.011478491835328342,-0.009970366242115558,-0.012124389782529388,-0.020237514010210234,-0.024290458128266135
2022-09-21,0.003155665036523869,-0.016711049850493764,-0.013091676546462594,0.004642973675810236,-0.01527576336859382,0.0037660935917736005,-0.013777375888202603,-0.017905931182263246,-0.015927082399638248,-0.017443877980755085,0.01675318601388187,-0.012986804112897876,-0.015940883863813093,-0.01580073225549561
2022-09-22,-0.010654825317387595,-0.004855600779103519,-0.0028911717816036964,-0.0005776772692025478,-0.022527530023298104,-0.01406973639114284,0.0019646511835882396,-0.012307620837078037,-0.01000180789721783,-0.008399698838325476,-0.025548314476705247,-0.003325817987567259,-0.009240162253062012,-0.012704990982230768
2022-09-23,-0.003076765394984027,-0.02466793923577215,-0.031894884557195136,-0.01727683040546535,-0.023805468325448498,-0.0028540013985084434,-0.022729089925268342,-0.016281614871373806,-0.014603202575865226,-0.016754923980131564,0.004084782233994444,-0.0097201331449136,-0.021301110015524594,-0.013291680993341326
2022-09-26,-0.01286007912031606,-0.01222898794787397,-0.0147992055692594,-0.011633219026207842,-0.013691856830544635,-0.01736490948395819,-0.011995366912908478,-0.004138113254663511,-0.011052733235130563,-0.009892647245145936,-0.01911054204382734,-0.010717358224973994,-0.017166181081185616,-0.02804426052690412
2022-09-27,-0.0042729240370675825,-0.0011257364054708674,-0.006795336439155419,0.002049841746687875,0.003411163938478623,-0.015050251374405854,-0.0007575639036567772,0.0004010476160136722,-0.0014207865533433228,-0.002552790018367501,-0.026331429957362484,-0.006101026713910773,-0.001207748699829314,-0.013316842793171246
2022-09-28,0.016118899771869533,0.00873263645748179,0.02412675001820852,0.02078665233491006,0.031627349343592126,0.020110603679635464,0.02153960603793159,0.019892061928771687,0.023807134353193593,0.019676243732719367,0.03348245073829692,0.01796681936814437,0.021526420376453137,0.020744864723942325
2022-09-29,-0.005253362035831821,-0.02234034782205596,-0.01177921930672765,-0.00019392836526865853,-0.022419647762328854,-0.007440882490587053,-0.014254776943887881,-0.028827433263201807,-0.020566953224509077,-0.020888828970522466,-0.00517590975760418,-0.016472907480272414,-0.01953379339796457,-0.029382844759728854
2022-09-30,-0.002381671531413221,-0.003713072752098756,-0.0035581089824393564,6.462244018679009e-05,-0.007283421611983698,-0.0025316835835509366,-0.011975820125851633,-0.016956862899990544,-0.01683693379801432,-0.015463546248041249,-0.012910755387017248,-0.011515045490393727,-0.011591423143771928,0.01122588687402648
2022-10-03,0.008124491602658601,0.01634186194240339,0.01981793154270073,0.024309785681440932,0.02649772923819893,0.018499840886804897,0.027519668018163745,0.023460266699058874,0.027804646940729594,0.026401397762244594,0.015889201935713526,0.0246596770195866,0.030661985665682456,0.01783709277801626
2022-10-04,0.0026827174814778587,0.032721904959441384,0.04009093362937355,0.014328122056449066,0.03963619588296208,0.004615112014879186,0.02455663545120701,0.03144111830205065,0.02892443081388385,0.03098649788188168,-0.002792697501969865,0.021260943979889424,0.03638754744430961,0.020220374707898614
2022-10-05,-0.005248105273714554,0.0005464173650797655,-0.010604204824207097,-0.005538266375543777,-0.007386362655948275,-0.007561258485331068,0.0013033257519710073,-0.0005319716864486956,0.00018180418068558524,-0.0023282836714252353,-0.009561526036297785,-0.004192908078056612,-0.0027450079219670798,-0.019579393117176713
2022-10-06,-0.003931595619138362,-0.006005935209829505,-0.017522939424900463,-0.00112629171222689,-0.005609632626337735,-0.002314584780038653,-0.006653320745442004,-0.00787278843855721,-0.008549972879052126,-0.010315902513930553,-0.0055585632873875745,-0.015243704242665634,-0.011008906808986585,-0.02781187784342387
2022-10-07,-0.005296978831514365,-0.02087353663438196,-0.015930780297699565,-0.010962851258976669,-0.029415209644716,-0.00995649664148679,-0.01616168436709109,-0.03810402637759913,-0.028073515597180076,-0.027893752600466337,-0.00970753365384569,-0.021966785612961615,-0.023771004011669095,-0.024070436906178716
2022-10-10,-0.004490167520688537,-0.014025113340455309,-0.005630880785664649,-0.015201476317757034,-0.005575251918211066,-0.008982666842925702,-0.005401882297139116,-0.009996455026160422,-0.005852394258909044,-0.007635308791475559,-0.015546116680566824,-0.0012057047443762015,-0.00878969783462591,-0.009426664305269394
2022-10-11,0.0006294309768746231,-0.015931657255385034,-0.010971483394451198,-0.002058091550185215,0.0002985715183172477,-0.0020688604670410227,0.0014879879798268547,-0.013738036763809913,-0.005791822952423975,-0.006333163797062724,0.004425582419794516,-0.0006038560689711758,-0.0011981967079173206,0.01016818460429647
2022-10-12,0.0008388957986169565,0.001156230065847641,-0.003220579445150973,0.00534932850905423,-0.0027427597290061723,-0.0011847577056675052,-0.0029715543225402596,-0.00034239280295556007,-0.0039155427376661445,-0.003298482212412801,0.004906752127380898,-0.007097494333166088,-0.0044390894547446935,-0.010453122148382343
2022-10-13,-0.0031421744401182172,0.002887751324730514,0.020642614128077552,-0.006923532232980256,0.02475205940654801,0.0017791561971232106,0.027345322112397152,0.023452313791045842,0.020997095256266585,0.026391378353606054,-0.009566683350224592,0.02114069461814405,0.02940460395033706,0.018257897326371397
2022-10-14,-0.005463414366590369,-0.014972694210462878,-0.014949001235733061,-0.012458897998479546,-0.02677978095204525,-0.009570681677176895,-0.019727596138727987,-0.03005746725351255,-0.02507271079406792,-0.022788804690980435,-0.00825030181329034,-0.018021856955175664,-0.017208989272557096,-0.024846423213658597
2022-10-17,0.002112899052472361,0.027477423604929774,0.02463848880793429,0.0028762090057179446,0.03189271211805589,0.004781725438202322,0.013909334634340853,0.033021517288458035,0.026295513654220892,0.025696764462448396,-0.0048695423405866745,0.019262522130850446,0.015604508024552599,0.037693763971368366
2022-10-18,0.0016862416476737252,0.0002843778130683372,0.00714402515394541,0.0021509701146735782,0.011851536955718167,0.005948866753199722,0.010508070681786386,0.007907944044646564,0.01145007362180217,0.011749838494022224,0.0023446728332789935,0.011458320736234873,0.012080666727924294,0.010884750220389483
2022-10-19,-0.008629455011090803,-0.0182022786321292,-0.012283732817097492,-0.013398358104674823,-0.01699500725546621,-0.013700273540394936,0.0010835642750417485,-0.0036468166818061087,-0.008165835683641154,-0.007086455674987335,-0.018205710951951892,-0.008827214739623446,-0.0077645173080463925,-0.0249157157351243
2022-10-20,-0.0060509882421792005,0.006372919433797586,-0.002277087561699087,-0.0015822103586343728,-0.01273294755207155,-0.008693589591769357,-0.004328190981140678,-0.005101680472105352,-0.007858331225840454,-0.00838534038483607,-0.017093143579851033,-0.008163912260530592,-0.0009345180303431677,-0.004365465329462914
2022-10-21,0.001494937498751181,0.01525630020827995,0.018082837366332205,0.017827646105301076,0.021712361073759068,0.002822857451734606,0.02528431580110091,0.02344745844931495,0.025365474922359077,0.024301427622664296,-0.01802262645918007,0.017958570560466347,0.03016156300900419,0.00786669511686866
2022-10-24,-0.0013859979779294873,-0.037992782635918654,0.0001724705264940507,-0.003243594030472474,0.004284916348477941,-0.0005030798367937628,0.013001545205827414,0.01100166755127474,0.01223090326487375,0.01223644150968961,-0.00826456203975856,0.013378609302768574,0.012936955520794324,-0.00012789215058794934
2022-10-25,0.00982490927683033,0.008252344778354015,0.022069095855429266,0.002277944142005106,0.02727145716934065,0.013376345539579226,0.006347654681292836,0.02068577942208827,0.021531856433378627,0.015968746292286617,0.029112348214899386,0.01189627612980071,0.013555815235050117,0.03928864189524184
2022-10-26,0.004441531884070704,0.01636954068848695,0.009446581081046013,0.006363608620383543,0.004939326876090666,0.004565283005948606,0.006376749117315672,-0.0220962629549748,-0.004269047790369074,-0.007534186213763672,0.014407382324472806,0.001003275588187913,0.007074149325167145,-0.0006156944437137879
2022-10-27,0.005053616928031968,-0.007765310817693605,-0.00935817829104868,-0.001548523944967184,0.0002233545478493859,0.004643598885373912,0.0003444592542112268,-0.0182060435151149,-0.008663805069572983,-0.005339984765201811,0.010471168809015552,-0.0004297272058640944,-0.0027439242992822743,0.0014785550844289563
2022-10-28,-0.002514103149779401,-0.006087061282706974,0.00995266083302715,-0.010210687443231947,0.02272584674819944,0.0020649944637900486,0.01976049462581475,0.03060071757146332,0.023695767993880068,0.023790749344180462,-0.00687397829957781,0.02665162984022107,0.024102869072323507,0.022022615661108302
2022-10-31,-0.0033606473115872504,-0.002916384646384884,-0.009353632126495537,-0.008161399648159207,0.0009282616984143122,-0.005397545390283698,-0.003173480150173824,-0.011628138013833667,-0.009329263733010573,-0.007223432130414209,-0.0071284829474854705,-0.006420214221128928,-0.005050734752412023,-0.0010832854867065533
2022-11-01,0.001858906988362552,0.018426638469713597,0.007924404876687996,0.010203429757038585,0.0013637683320124605,0.00719454466382774,-0.0016930703091576627,-0.010217576806182627,-0.00035557499324678776,-0.0043758217274172395,0.009345989683713807,-0.001123962466548556,0.005076374171858022,-0.00036177277023341503
2022-11-02,-0.0016867050015090257,-0.008328606973230124,-0.01455334792734897,-0.006972548399621914,-0.03317361657460138,-0.004814455834380338,-0.016961679412179853,-0.03427727109387335,-0.027905985930454902,-0.025096224401307432,-0.0043404782970637434,-0.020109635937694437,-0.0206339254162502,-0.02748633365589581
2022-11-03,-0.0036960099428067217,0.005792107061350693,-0.008487470504510597,-0.003806036048150885,-0.006704776752691433,-0.0035547657640023766,0.0006900158380283017,-0.01953450172980098,-0.009142360739371913,-0.010297022894456331,-0.005396675138870322,-0.006601612335698781,-0.010753899879294981,-0.0013636390716574853
2022-11-04,-0.00010590265126508847,0.042326221880444326,0.04006166934198818,0.030696289684813083,0.013499887124689636,0.0019822780650642358,0.0055176348086387605,0.016084799759372048,0.01623894445796692,0.014393201880319895,-0.016800882149007657,0.0080903627930895,0.018746596208393917,0.01365445883621752
2022-11-07,-0.003179992566705314,0.0005528377518471128,0.003127497252383149,-0.003962389674382338,0.004533145501133706,-0.0036592500696076558,0.01049463127445227,0.010994614969112249,0.011531042711966366,0.009565611133427021,-0.009976254473852197,0.007595344174441632,0.00958184426067632,0.0
2022-11-08,0.004253577780664042,0.007178290272503496,0.011322627556145326,0.023099074133724695,0.00039004592122826587,0.004168542217356297,0.006448373180502731,0.00728720607016764,0.005923941252862663,0.005395406314086193,0.01093445974561913,0.007680256834594168,0.004098346923097296,0.003061398983805974
2022-11-09,0.0011646461236081151,-0.01726968949722263,-0.013954342141217713,-0.0050172660211307285,-0.02745591506794609,-0.0025695453612339936,-0.022796015937791236,-0.023076285225099635,-0.020701311534060407,-0.020601965570000824,0.003287374998450998,-0.01171497648264408,-0.02019334905793113,-0.010255119193037787
2022-11-10,0.02147029920825494,0.036262230535330175,0.05611333247211725,0.030444387121793204,0.061558431953745885,0.033494912036730495,0.02643358052232725,0.07378844677027807,0.06451027400288822,0.05495405804924891,0.03847371570467373,0.03527578809364962,0.04461736412307582,0.073146611702259
2022-11-11,-0.0007251004574685416,0.027186879271646314,0.019943825532388493,0.006606324071935177,0.008199558162991227,0.00268506775462507,-0.004236057330246901,0.01842605202774661,0.014294150115711446,0.00967856031100589,-0.0036639975860132123,-0.005518243848015136,0.009864628468485792,-0.00011467781977514413
2022-11-14,-0.0027974448444620936,-0.006027133249793093,-0.010540672013582664,0.002187655661719301,-0.011182464098301259,-0.005068532157790351,-0.00040506345404267563,-0.008751156388871029,-0.008185584217382136,-0.008506706218896154,-0.002451767572362318,-0.002635606045660932,-0.006650802585732918,-0.024370859653342736
2022-11-15,0.007377197644492517,0.022936989452855272,0.0066387905168339145,0.0035168677995043307,0.014826051221890957,0.013937085292197615,0.0037829825437778464,0.013838197484500991,0.011231146159702776,0.008528974624218977,0.016180189000127854,0.00542416482950725,0.005963167241608502,0.010839997281847369
2022-11-16,0.006189037169054723,-0.01597949711490454,-0.00230044802937468,-0.0022961020109516506,-0.017595208197648704,0.00853165397936495,-0.004711120668905,-0.013649315560249953,-0.014135544570115899,-0.007628750348996016,0.02186843677261585,-0.00027665875811577756,-0.017470845104268884,-0.009091675841820579
2022-11-17,-0.004203133693307826,0.0018334890245386148,-0.0004612558583347859,-0.007267423593311895,-0.009280878724837072,-0.005357679432641205,0.003989745991970883,-0.002206885087777777,-0.0017920487461158263,-0.003059910022105261,-0.010552084294663922,-0.0006916696259317012,0.0020108673578531633,-0.006822926372699101
2022-11-18,-0.00144130476687776,-0.0057516759053757305,0.001999368232064036,-0.006893636502166456,0.006464122639525227,-9.455385776790948e-05,0.006532875146419093,3.474380009493849e-05,0.0037619371514079347,0.00454027324105577,-0.006877514401539164,0.009692440144245085,0.007499676038475123,0.01267355016892524
2022-11-21,-0.0006185936248879198,-0.012621486575712715,-0.0075209670322153865,-0.005589952950737276,-0.0052252079503828375,-0.0015123311405654816,6.663054235667154e-05,-0.010287095472097607,-0.005451400756831815,-0.0036359932812939366,0.0042152809224587084,0.003977060853288306,-0.0033549484190655843,0.005262797947719111
2022-11-22,0.00515804811414089,0.0023966540619424492,0.013918884421553646,0.00117372396636517,0.010669992178609977,0.008897390785736148,0.014452019961052942,0.0144027081901823,0.01635826736781576,0.013457034411343605,0.01419135639576563,0.009015452270064284,0.01641092655525833,0.005468231848971161
2022-11-23,0.005952200648229544,0.008236035458910829,0.010982194621848906,0.006231840940288613,0.0025984702358854417,0.010038159366239086,-0.0005276152148432356,0.01003684645520031,0.0064042591017947625,0.006301630645245915,0.01744179351133801,0.003654731353977869,0.002380348179150893,0.000810295072843692
2022-11-25,0.00020431786439556454,-0.004743117321320156,0.005129779994349271,0.000858470616118101,0.0021060657559284213,0.001022068570787349,0.001319786750632268,-0.006578517180805932,-0.0018422006224154686,-0.00022380538794941618,-0.0033898028141013947,0.0028324857761883315,0.002374695576858654,0.006358774020466029
2022-11-28,-0.0016319953615948624,-0.004501014875968434,-0.012909063379086705,-0.007903495498554403,-0.020153380671685817,-0.007237537873000743,-0.01179638122618476,-0.014673195581754617,-0.013589415531340188,-0.015956776206831336,0.002818532515209915,-0.010894178473247584,-0.017923366345197422,-0.026769007858621463
2022-11-29,-0.0035759309047737053,0.0215425444739199,0.0028893558515419304,0.004940425418036076,0.0029147884110614086,-0.004953804272017082,0.0010003622275085444,-0.00756946302348116,-0.0005952159870223905,-0.0017175189851931227,-0.011726105998351,-0.0009520122821187194,0.005244366463075245,0.016526944144892308
2022-11-30,0.00779258209345679,0.028898773475499073,0.01774069559692748,0.012781920270785507,0.027416667097589276,0.012210993719044216,0.017721358265373244,0.04558572396676985,0.03165418516203644,0.03150037852373466,0.007354556086190955,0.02436376724739997,0.021389849590299548,0.02287763350764127
2022-12-01,0.008321075113923104,-0.003289444723358792,0.009684195392098527,0.01838479961277617,-0.0021881104476260127,0.012512646177241349,-0.004909596184856091,0.0012271984547918002,-0.0002475721947226006,-0.0007357373133877187,0.03194564190992333,0.0013285962857614297,-0.003269009642763554,-0.0021572142239323355
2022-12-02,0.004146349303979724,0.0038081540876861997,-0.0007377785820753546,-0.0034556830535615868,0.00583023055977816,0.00606823557829439,0.004276018470661169,-0.003983479855858452,-0.00032974044884870324,-0.0011537267957003605,0.01257554177226261,0.0018576099786848932,-0.0030747371632434684,-0.002958316536223915
2022-12-05,-0.00785562591951805,-0.011380909160207509,-0.013142382560687227,-0.017158885635801036,-0.02754588444969086,-0.008499368111420158,-0.015262560737827946,-0.01678318723491845,-0.016423391929277775,-0.017989189608294653,-0.014006550120041927,-0.014171999752002895,-0.017682558210903587,-0.01825838460036089
2022-12-06,0.002943863236921862,-0.0012791623931404095,-0.0044889351096627506,0.0027373742314797944,-0.015311455530070961,0.0030415465733033553,-0.01170756093677816,-0.020720403264866127,-0.016277826646910132,-0.014414876762632867,0.012879792532587864,-0.007926830333512158,-0.012035812427664605,-0.009415361219090146
2022-12-07,0.008906830206201866,-0.005891382770867648,0.0,0.009039101712364994,-0.0029432613977926625,0.01111930888420054,0.0030289622669443794,-0.004082822721913626,-0.0012796193576865011,-0.0017013524767102162,0.023562527780393694,0.001083184902590295,0.0009533610067165021,0.001994837922160375
2022-12-08,-0.003009753481561628,0.01211031514384553,0.005110438690805852,0.0008416965556858891,0.007240725546838078,-0.0031809142561670667,0.0013419980594742142,0.011834891040954698,0.008455235126088034,0.007834030091163457,-0.0027406138879016995,0.006493616431820115,0.005503486210715058,0.0070265568724812155
2022-12-09,-0.005936844648251061,-0.006618979195268104,0.0005982691719124134,0.003544160110315664,-0.012276129521293644,-0.007476426341086473,-0.017155979980450486,-0.006376760592422315,-0.009315772566655944,-0.007469938909241303,-0.026014358769129498,-0.0092740901331676,-0.0063150796554656274,-0.0018607433658361927
2022-12-12,0.00020234687303943844,-0.0030755826476890347,0.002988916863152502,-0.008260534556326027,0.011756939609129935,-0.0012860245768328005,0.013841576492310104,0.012551479271603494,0.016669373318883407,0.014417066728583006,0.0031975600076308286,0.014651983959288017,0.013981558274651418,0.007689849344943767
2022-12-13,0.006679426783482878,0.007151011037523691,0.014182727027648667,0.017081132038632596,0.00828274178494115,0.008737978285145775,-0.00242121440116283,0.010749956687338358,0.008704431220926123,0.007569965035364001,0.009656116614318977,0.0004970082256274821,0.005347115144499037,0.018498934596128835
2022-12-14,0.002211992930399642,0.0005185169729780004,-0.0008850895836830519,-0.0024330212847030186,-0.006560848992842039,0.0009120243141698126,-0.0016273758037838038,-0.007413477882742159,-0.004017505589447579,-0.006393689105491318,0.004270983892284752,-0.0037593776733910733,-0.005235005524491632,-0.00681108970767097
2022-12-15,0.0014680188739077948,-0.023051138996512677,-0.025542564534301926,-0.01635930934057528,-0.025029105304913646,0.0008408027530302231,-0.013310701615775522,-0.03357680377495398,-0.025882252363845337,-0.02446163938805923,0.003901565780852989,-0.019541752089223374,-0.023892431347434018,-0.013373084029855598
2022-12-16,-0.002610313710449619,0.0029163062470758394,-0.008787911180365593,0.008708721678036602,-0.007456759291107895,-0.004291266077494416,-0.006951540407051371,-0.009534386393826755,-0.011645922932471908,-0.011806116040452341,-0.011170299680885454,-0.009897185484750604,-0.013262951970263614,-0.025834002058191308
2022-12-19,-0.006139840746331338,0.0007929641107609076,-0.0024456791034410674,-0.0028178306902848504,-0.01353433719076258,-0.010086039325071905,-0.0017327570100260647,-0.01405339191682975,-0.01073605726450455,-0.008479764597451256,-0.016805525483630013,-0.005691902170031349,-0.00972530121798465,-0.01272436963974699
2022-12-20,-0.0067854051302220775,-0.00026414829298260223,0.003984012935730474,0.016594482836064905,0.005290289293560457,-0.011763681160944173,0.0038879549707713235,-0.0007785578877530508,0.0015883465236490313,0.0013684530995747846,-0.017756922504339023,0.0005586130944736922,-0.00033131445769674084,-0.0025294743528239128
2022-12-21,0.0027526362578738084,0.008982651279035858,0.010378418632089215,-0.0016560135809358112,0.017233293489713253,0.0068424084919362915,0.014316395396385406,0.014506046785686344,0.017882351561685272,0.014952568398552524,0.0025135407582148606,0.01200099288668266,0.013246576156475731,0.008573980351294974
2022-12-22,-0.0003047452740756462,-0.008902681594821327,-0.008157001782200468,-0.012085358459954287,-0.013075431319093833,-0.0002794329440065635,-0.010977799542931765,-0.02446503414595702,-0.01540461763453882,-0.014266388385987816,-0.00019285802950530506,-0.007308149367329708,-0.011984001480127238,-0.004201740669375731
2022-12-23,-0.0034583486279821107,-0.001320981337824989,0.0035028416712055144,0.002998321039039853,0.0045504273964873665,-0.00307297250188443,0.010892682849821922,0.002248967272827418,0.0058890930878823244,0.005752461247801266,-0.014660374925239417,0.005278537281790285,0.005844295579762848,0.008901657995868506
2022-12-27,-0.007247037712363125,0.01481480105927524,0.001517751460700545,0.008430011409881644,-0.006708961360451626,-0.012890110802600163,0.001773268290161223,-0.014138040321619694,-0.0031457424643869247,-0.003943762275027796,-0.019773143459614007,0.0017962863113392125,-0.00010971175588414539,-0.00036253866159807746
2022-12-28,-0.0017478418302654397,-0.014598526789135757,-0.010607642257492889,-0.004505807286929064,-0.015529184881518443,-0.0031223615328678234,-0.011777676480769883,-0.01320279989291162,-0.013324014584309873,-0.012427749631133134,-0.005891437910802599,-0.010482922700034591,-0.015239547780829366,-0.017047512759771233
2022-12-29,0.003707939342527,0.016666774081247615,0.015775631282484603,0.005598251568726287,0.02533264030063509,0.0071189688358421765,0.005442432786058493,0.02437511441474305,0.0175016547153386,0.018000442143475626,0.011350856152184674,0.010593978558347539,0.015698136509624927,0.021894288967783115
2022-12-30,-0.004720843138310338,-0.01379145769623269,-0.010253163115075736,0.0046786689817972515,-0.0028023699075501174,-0.006314555933955024,-0.0001370907079549788,-0.0006006397707680744,-0.004976753382184729,-0.002634419266203114,-0.01112435590851335,-0.005517433436168728,-0.0009866581927202578,-0.007222049746358317
2023-01-03,0.0058770784229975614,0.008443388821105735,0.00883604271585181,0.008370656531798915,-0.005506062234745812,0.006923929494387693,-0.015966385554307072,-0.0067597674025329235,-0.002808093711862747,-0.004209596705429974,0.019083903086857923,0.0009707843607795752,0.00010971664305481355,0.0009698527419859104
2023-01-04,0.005534938502110398,0.030088764610487706,0.01328908536605411,0.0094119059589024,0.012456955046066032,0.007252900684854291,-0.0009053971590126109,0.004764194059134086,0.008095907891120468,0.007719950365162598,0.013699943054448438,0.0055425515889597765,0.01568839869213834,0.022650136078335326
2023-01-05,-0.0008156110366029923,-0.0030479961328981897,-0.00998519667972586,-0.012451461859522062,-0.010708655194751726,-0.0007479069866038746,-0.0006970820298130009,-0.015654488908815822,-0.011609819490490003,-0.01141312049777543,0.004180758833533416,-0.009232554367907708,-0.005076654768753963,-0.026886151478780373
2023-01-06,0.01091628062713057,0.020891721380174255,0.0255907501247552,0.01870749684189077,0.022455201450336082,0.016378014169821764,0.01673998678882982,0.027601447794135314,0.025700005129126957,0.022932029615311933,0.01839678528297828,0.021696685167716057,0.02540432272720272,0.026898899472007187
2023-01-09,0.0025230254084207537,0.007486976416065438,0.004256647236906774,0.0022451175785793698,0.0016892429165180634,0.003959486260673106,-0.013377161194792375,0.006473494090360354,-0.00077499241380663,-0.0005668859179304153,0.005324123708700279,-0.007214415176280631,-0.0025410073915161924,0.000355430493210962
2023-01-10,-0.0038252497451225498,0.007183613252934817,0.0029230704547373865,0.0036760446135073455,0.014785331787367628,-0.003393257080134049,0.005145172302550849,0.008464539489155598,0.00723834916563626,0.007012866467201784,-0.016549887261920193,0.0028792077037966823,0.007111911888537437,0.002251299792630057
2023-01-11,0.006164300186189964,0.004180982061108063,0.007577932160915735,-0.000686793935011365,0.012464558223232558,0.008558270597807782,0.004565745644871777,0.017300049891149083,0.01437252840414005,0.01264767427721969,0.016251434727981184,0.008750405469774902,0.008115432126143407,0.03581964156807693
2023-01-12,0.007231084524685905,0.004898275035776889,0.014752979115327358,0.011568000967502767,0.016798001668526297,0.011315220921758407,0.0027542915914831045,0.005404571484992182,0.004722783702640676,0.0036409857782793154,0.019682358530074273,-0.0027103084693055335,0.004286627297950707,0.01266844544266199
2023-01-13,-0.0036894938390821252,0.006580478755013663,0.0052733746470920995,0.012001783992939385,0.006565301379191979,-0.003248107787069965,0.002403602410499639,0.006880293955601635,0.00218268947274991,0.0038794324712942974,-0.009372913918022419,0.0012227939880706806,-0.0011452422566460285,-0.00619850589006421
2023-01-17,-0.001801374368472497,-0.005568872620474452,0.00311943347326582,-0.00654507834469964,-0.0012295410702868326,-0.0036209830420713685,-0.0032199459004083053,0.0020283820535902386,-0.0020941842718903425,-0.0018317469432507227,-0.006463867923647282,-0.0046149856206486595,-0.005836211590786955,0.0028350397215080037
2023-01-18,0.009925655057104965,-0.006817672502587135,-0.0035336420202737306,-0.0028717524486322477,-0.016165353598426968,0.011719336361999622,-0.01690725409070981,-0.012999566518887895,-0.013933046176387687,-0.015788142588829213,0.024231683554940986,-0.017591911641014257,-0.01698332242682088,-0.01458796899700554
2023-01-19,-0.0022832615183315808,0.0075999947766358655,-0.0015603499896386097,0.015868520044824974,-0.009575619293757498,-0.002064853856070248,-0.001118485492698884,-0.009824349616624595,-0.008597096227426437,-0.007279890457202232,-0.006259908650832813,-0.006107347478563341,-0.007464758342667244,-0.0055083306778991314
2023-01-20,-0.004079551117820213,0.015328364562207542,0.008808223709042773,-0.003335405556458948,0.01647978609857481,-0.005219068119503678,0.005809130832051146,0.02736664926730259,0.020090939641602024,0.018629117499697534,-0.01621091041295919,0.010614236835320812,0.015579633975701723,0.011885711160823265
2023-01-23,-0.0024976449407213552,0.007189147727407752,0.004083826358672438,0.0018964337632443318,0.01237574683454623,-0.0028945459846273502,0.002087533784927098,0.022216011418282777,0.013298527514882474,0.011998576243338333,-0.004707950998443788,0.004836927390195367,0.015234751165113858,0.004561250368670056
2023-01-24,0.0044068584097987085,0.0007137243344139677,-0.001262336634915151,0.003618515163479552,-0.002135295031423845,0.005261519217586219,0.0031247227692665636,-0.0020418071491270506,-0.0006645778555129933,-0.001073400297770144,0.014380118959154586,-0.0001377265813636841,-0.002917758546622795,0.0024976157084983797
2023-01-25,0.001196691248229076,0.0009510846222831049,0.006600161587682951,0.004603959599926544,0.0027816277914585186,0.0004510743360117697,0.0030456822826798735,-0.0022193091232708406,-0.0011636858877895895,0.000375144776455949,0.002424845173582657,0.0015133095805703878,0.008465619801414137,0.0004529625069675802
2023-01-26,-0.0016930065317173337,0.009501122651310867,0.0008370567612370206,-0.009055266877154966,0.005921713063901546,-0.0003608565094584959,0.00945511257344922,0.019497511672120327,0.010734866326802317,0.010990155106126442,-0.0046519650598174644,0.0015105785492512958,0.007461855180783017,0.011205299268386426
2023-01-27,-0.0014970625191723652,-0.004705801885701799,-0.0019512014610599815,-0.0013929904624704337,0.005409606555351942,-0.002887334893294735,-0.011759363554772029,0.009954259621817618,0.002387529424995538,0.0022978740584282953,-0.002523798500254748,-0.0030170440023854495,-0.0008230114022353963,0.01119341077073921
2023-01-30,-0.0026975266268612907,-0.020094510263666265,-0.0064247824294262346,-0.002566715270248765,-0.0139257190358556,-0.003800775941004919,-0.008163194405752083,-0.020218633572755662,-0.013470101431357295,-0.012547063090838084,-0.0036548561630246335,-0.0048141959364839115,-0.011324805719651887,-0.01272960560546399
2023-01-31,0.004107580283441381,-0.0021714326016128993,0.005763305103659411,0.0036362115419990015,0.024285961347815244,0.007176327458097376,0.012276012341440268,0.014985780116365977,0.016651330614952498,0.014703404303224366,0.007994936696367194,0.011748687826170778,0.01718217948816969,0.020966124099397465
2023-02-01,0.0070520054577034585,0.012330763234650544,0.008944886582956446,0.012596814339808304,0.01571951196408561,0.010151228199022144,-0.007717191408914581,0.02138352760716411,0.012038328564983658,0.010627887549920834,0.012020948044160207,0.006147146518631796,0.007063836684553015,0.006150060789350764
2023-02-02,0.0010926132970892066,-0.0059709573235373625,-0.001385356652478853,-0.02075193653580043,0.0196927626346588,0.0014332982644749137,-0.019096173801916416,0.035889961515423785,0.021200826660029648,0.014556901592483129,0.0012942454856013086,-0.0013574914085949796,0.011893702133765949,0.022702429010188707
2023-02-03,-0.009624020460312521,-0.017779690532548464,-0.009294091207050714,-0.024957770292002968,-0.0067065075225281046,-0.011358711089925033,-0.0009199483916666473,-0.017772205516538575,-0.011489715904724696,-0.010629047461188312,-0.014955818448792124,-0.007749758871706591,-0.01205544570767414,-0.018783313416348757
2023-02-06,-0.005509874542880433,-0.014677355835656214,-0.010221027210993716,0.0020754098721176284,-0.014467702713573671,-0.007689474683658548,0.0014877745350201366,-0.008459213088036432,-0.008817655049838669,-0.006111604408968296,-0.007403632527785309,-0.0020557061223621664,-0.011795733368719308,-0.007287421258957538
2023-02-07,-0.0017126945549112982,0.003972147709072615,0.008487734357745413,0.000920425708082595,0.007417368100096633,-0.003282042302003796,0.011674238620337896,0.02071899697512447,0.012211925934393575,0.013078847279007988,-0.008025631949542533,0.0046685474579939434,0.009158216498989624,-0.0021913617462278046
2023-02-08,0.0014130941856631551,-0.001236276569403949,-0.0061720564072061945,0.002471594120761589,-0.014623254551702214,0.0010064893778070072,-0.005175258597268528,-0.017781253539282282,-0.013902200443183022,-0.010934802673660649,0.0047587791542575975,-0.009703294087759606,-0.010094656255045131,-0.0047217266883656794
2023-02-09,-0.003929712010481978,0.004704136256076019,0.0018349295895467854,-0.007912418174625069,-0.014476767402910706,-0.008406697450438094,-0.0020387976589074652,-0.008838046798001042,-0.010047102695071253,-0.008669124403046569,-0.009473141900057103,-0.006072393161000167,-0.005253604326212913,-0.010922201078258253
2023-02-10,-0.004350550716862411,-0.009610563143529482,-0.0043676241173473684,0.0019071943211166342,0.002000513845815899,-0.007003249751257989,0.019442020291688067,-0.00656309880663708,0.0015552000697252044,0.0023335873505687665,-0.011189758323810306,0.00930306006993642,0.008284139674439972,0.00345784160514806
2023-02-13,0.003048392219225038,0.008211124171549455,0.010046976926323392,-0.005076170279846859,0.012033126126443916,0.003711981069101311,0.005044320995023277,0.016016035882271185,0.0145460139676854,0.011739091835972548,0.008414610082093432,0.008391725585643606,0.009962005652425221,0.00889299269168653
2023-02-14,-0.00354550352472105,-0.0017276547967590705,0.0018210657049189116,0.0007537389032514774,-0.0004671528360513655,-0.0024964331422901997,-0.0033001845523654705,0.007388995806322907,-0.001369313815250628,-0.0004600735978598225,-0.002302150232411093,-0.007912588312009472,-0.0013218881545348227,-0.007932844276642426
2023-02-15,-0.0019312322528931558,-0.008405580487179432,-0.004474676970304903,-0.00996466725346834,0.010129185358414228,-0.003799879451761634,-0.00620806235469773,0.007660880313947738,0.00048396870442224404,0.0032472122996045627,-0.009324770840679175,0.002474955397966605,0.0024437239668646527,0.003997943814356919
2023-02-16,-0.0041763654382097615,0.0002494336784879536,-0.0049166183895844595,-0.0008192368783922488,-0.009564929247309228,-0.008001528246149414,-0.009439868955502417,-0.018763992622836345,-0.01378595680089767,-0.013768800807406167,-0.014167818716248393,-0.005761008469414741,-0.007414701017444458,-0.009734494201999233
2023-02-17,0.002352544309028426,-0.010967199057102084,0.0025410674664376742,0.002986790669610162,0.002751864770034418,0.003938942703894499,-0.0022422541919298045,-0.0070557899214529485,-0.0040055167746843034,-0.002498373047901792,0.007776207329811546,0.004966747544833616,-0.003990994722305574,-0.003909801060122509
2023-02-21,-0.00938773948415983,-0.012600800052779082,-0.010982982194931767,-0.003737004613899475,-0.02951396698026243,-0.014200327736663354,-0.007795488888580837,-0.023674982801317634,-0.021503662499504972,-0.020060868164821333,-0.019437304070427763,-0.012767611393580958,-0.023733874173498037,-0.0200741351157413
2023-02-22,0.002678187463532433,-0.0048492039119067964,-0.005552230763383403,-0.005626488586046308,0.0027210679930844694,0.002843148023302211,-0.003326948596609869,0.0007482649309038525,-0.0022647132592691355,-0.0013781569835403795,0.00916409140006924,-0.0037547002651541206,-0.0023153789589213103,-0.009040672329134858
2023-02-23,0.0035955919482686394,0.004872833274081501,0.005153981215089143,-0.0005304511136865475,0.007129822365665284,0.00784343330283055,0.0041901753274689035,0.0087342368028136,0.009752171821213906,0.0053194692655200715,0.009772050911574182,0.00027911561449744937,0.0034811285702267547,0.007506393250154897
2023-02-24,-0.00573237127291526,-0.022460330491589353,-0.01666435260384347,-0.00719467575637045,-0.00935117801962515,-0.007501148194047347,-0.005516457905541894,-0.016744484593456344,-0.01165623487517764,-0.01068229738258586,-0.013000935160819016,-0.00795426851534431,-0.00861967928412588,-0.017537765628421798
2023-02-27,0.0019565084458239568,0.005222058220591075,0.011877154154116942,0.003920334893926292,0.0035196302114264277,0.0002832866387110222,0.0007826344763457449,0.007161242010371938,0.0016005933294884755,0.0034058613763934265,0.002772982648644229,0.0002811612837156918,-0.0005304089185038663,0.0015167337829642413
2023-02-28,-0.0001030154746426426,-0.007013230565853568,-0.007300402770308967,0.00455596886271592,5.335336014988812e-05,0.00037791423522803846,-0.010374561704420637,-0.0012927282605103008,-0.0012614491671969486,-0.003696103868382705,0.004543471992748405,-0.006609243681706567,-0.005622595405810671,-0.0013976821234708003
2023-03-01,-0.005727470927464284,0.02144923385024189,0.00533521443389362,0.005772150633673867,0.001275508478588705,-0.006234270981067436,0.005313380479724739,-0.008039143925531067,-0.00294743261438446,-0.0038358657027374177,-0.010743151598892164,-0.005237882087306689,0.0011733559125963744,-0.012599509619787952
2023-03-02,-0.0020718567387777442,0.003585170425653539,0.002008162183889217,-0.0005855636445488699,0.0023881729286472364,0.0008582322579098189,0.004356572333481745,0.008276042467051825,0.009713021328080718,0.007777193657935388,-0.008867457555123082,0.008680840738021,0.006180826561676733,0.011696666800422362
2023-03-03,0.00789018699619981,0.008930801878835659,0.014600500069097633,0.010723085619275707,0.01392491564179954,0.01133530712218822,0.00988518216550216,0.02067348750938125,0.01555824529937877,0.016037916364971094,0.02422625080040608,0.009029294880770866,0.012603433042849943,0.015181610830494074
2023-03-06,-0.0024722582926597347,-0.0035405323810320244,-0.002539392589480105,-0.005043830646819902,-0.014621254644773929,-0.0027313936031139185,0.0012672694091773185,0.0011345412314500702,0.0009882960917861894,0.0006927414780084629,-0.007753724004384566,0.00041937593738938794,-0.00533420419535513,-0.003910999620812761
2023-03-07,-0.0013426919196942722,-0.01675162912986161,-0.016690241545567086,-0.017480480627863337,-0.011605948503915386,-0.002833332821026713,-0.013573362561957514,-0.012265689978535832,-0.01398827667944047,-0.015328792059369878,0.006132650386257765,-0.012159291076949796,-0.016824555140746766,-0.023328268462992963
2023-03-08,-0.0010337155783827212,0.004130369256205357,0.005466195855278189,-0.00047445044105887124,0.00048257718910438285,-0.0016100200650572827,-0.00591753084557145,0.004994314325283744,0.0034214656404076838,0.0016321427380827647,0.000983345399900637,0.0002830211460169707,0.003315723860556341,0.011469639756575223
2023-03-09,0.003622594013021896,-0.022108034804081633,-0.007296224237234528,0.009849316056938173,-0.027813375938576468,-0.0009487107872396816,-0.014272435276317053,-0.017326207525304116,-0.01646701161345454,-0.018449874810535727,0.002455093913964923,-0.011315354466922112,-0.02131984565203493,-0.022913383395176234
2023-03-10,0.01165463641756137,-0.0052577505906258315,-0.010664461067763642,0.021562856843419187,-0.028829843355535734,0.014338560248681409,-0.00982239465997059,-0.014043322901511335,-0.016489192923704654,-0.014429370819408427,0.03448609786265888,-0.011158909236844483,-0.014704200562224212,-0.03314193660975795
2023-03-13,0.007951558772213652,0.001585727665349923,-0.006846160948010271,0.022948211912439564,-0.016290023704940704,0.0008425610595319544,-0.006466236241812862,0.00741635701774368,-0.00034367276303770566,-0.0014253078401110786,0.0022732509061855755,0.003472203123999762,-0.01636067887891135,0.013117230907203847
2023-03-14,-0.005866044360209988,0.0005276300911047915,0.013346882412782701,-0.005791064746217711,0.01852171463886898,-0.0029933786451206146,0.009096862483521484,0.02297990838161157,0.017803190366058708,0.016530054316691523,-0.0164415713761763,0.009371431716903134,0.01359854265607896,0.009649446741684997
2023-03-15,0.009970276229916974,-0.017141384956828598,-0.03097420657019978,0.007804133170404848,-0.01648542217423088,0.009569659517583151,-0.01707726407287169,0.005245941055997294,-0.004816524940760125,-0.0062543100020726605,0.019310059582427375,-0.0014283017259089092,-0.016077223299223453,-0.0007258853343239391
2023-03-16,-0.00392852133866517,0.015293807960424566,0.015534167499398288,0.002020092008242713,0.01365122967650012,-0.0014867898124367729,0.009470220393638762,0.02636076311014124,0.017576572768459142,0.017545198774913118,-0.007822882199004622,0.009869632909822235,0.017128617647771405,-0.002179237879788909
2023-03-17,0.006270296690432664,-0.0060780771186110805,-0.011913560069903295,0.02912021467748982,-0.026991634939324105,0.0050254794073554265,-0.016324673274986323,-0.004726035204404955,-0.007176174315826733,-0.0116929233242965,0.015009373729719444,-0.008923264190123459,-0.01650790215831166,-0.022688294036253054
2023-03-20,-0.004020301329000109,0.003722328459448976,0.015629772806167397,0.0003808677357699519,0.012964936967715612,-0.002963442030343044,0.017496598394219243,0.003548762751677037,0.008657057909524202,0.00961593492196644,-0.008797667809418375,0.011576411343696913,0.01171564087104171,0.011421249282828505
2023-03-21,-0.0030270499362143877,0.009006556338119864,0.015095739884170234,-0.018875115806276432,0.018448977465213012,0.004829763479736737,0.012988665816582534,0.014282449342607473,0.011082187221741258,0.013130420472231563,-0.008592322445902023,0.0014127633488822955,0.01247070560227459,-0.004418927989312316
2023-03-22,0.009615299248542764,0.003938191350201681,-0.0034651551965064753,0.01702060989813825,-0.028360971210936947,0.005822998441341154,-0.016319223210359612,-0.013598015833059085,-0.016564947209857905,-0.0170464250305844,0.013333555414241305,-0.013685110644810594,-0.02089513229533224,-0.037356480717576135
2023-03-23,0.0024059975100323427,0.013859875725640958,0.00014507160050269974,0.012538176085624908,-0.004438409684652367,0.0028486905739397717,-0.006601456783686288,0.011857950799432748,0.006766496093872254,0.0027034103432284073,0.0,0.0012931186096152292,-0.0020739318614451108,-0.006275733485834767
2023-03-24,0.0017002293318586492,-0.002579589072025268,-0.0030421046650448424,-0.011252350246951037,0.00904572368396539,0.0031155342263031738,0.010650275758289585,0.0036805721881405518,0.0042582036007758894,0.006561910400293192,0.004229518409293531,0.014064263666290433,0.005905328658242448,0.025644450773447236
2023-03-27,-0.010782840320411435,-0.0054303890581136605,0.009444776134953647,-0.009256722051406152,0.011118151712125712,-0.011966628400218449,0.009647659753724058,-0.0068512879269153615,-0.00033249497054566035,0.0018698398938543637,-0.02349103849254497,0.002972118696041859,0.007337999253696381,-0.0011424968120919976
2023-03-28,-0.0015143077651084136,0.014300542321450171,0.0004317812370655538,0.008189093257242153,-0.0014394533417438904,-0.001664001087809952,0.003601575767282039,-0.005311675494954815,-0.0027443407620497684,-0.0022446881714187628,0.0018207406830470507,0.0008465467799183557,0.00011190758747336993,-0.00241402179564143
2023-03-29,0.0012135790463638774,0.002819762854133545,0.012086130568260245,-0.00496077000653139,0.011357942009671218,0.004630246244543557,0.008275948335566774,0.018233848520074147,0.013509999038237241,0.0145348900290998,-0.0020087971547714245,0.009586914245748979,0.019273901905881186,0.022162916293422263
2023-03-30,0.00111026701800232,0.009969239758786053,0.011657890791213488,0.009039576549164652,-0.0013683186253991009,0.0013828339338397555,0.001961240416147758,0.009465418941655646,0.0059244558594857555,0.005855336826640745,0.004601266906008927,0.0046083995995747085,0.005386989358773242,0.013083741794239545
2023-03-31,0.0048408003026345625,-0.0012653764453122163,0.005059040735150289,-0.005212246135594234,0.018381242447512047,0.009021596396802778,0.007974476395103736,0.01663065510186046,0.014887606200779668,0.01409471676126306,0.014980791121997239,0.011120565070700916,0.012465925233710706,0.021402455772476126
2023-04-03,0.004346589271220891,0.0020273976501650193,0.007969768469125338,0.007204410308019105,0.00044819121877526236,0.006039909918158948,0.02006608610160754,-0.002430436199644892,0.004513497390672194,0.0038103270721012716,0.004702853875582447,0.003986656903425256,0.005939946674373919,-0.007948111679967784
2023-04-04,0.00370665153780414,0.0,0.00013865680746905085,0.018640958960437715,-0.017536729398057727,0.0012734141610450944,-0.008742813888667822,-0.0033731791660054355,-0.009066799577437057,-0.005547955369396118,0.004972146421818868,-0.002601682488230339,-0.011380461700712052,-0.0013351929068443624
2023-04-05,0.00339347804273471,-0.00784004863846044,-0.00693454305182406,-0.0007979247786651378,-0.009808872399590607,0.003270784310273278,0.011949791714400249,-0.009872550450769513,-0.0010525778531530472,-0.0026182148960579577,0.01045448793529724,0.006040699720095688,-0.000651919134041834,-0.005348334580996483
2023-04-06,-0.0008951603489785187,0.004078356910961478,0.004748322004628047,-0.007134091065472581,0.0014971857126540034,-0.0009056333251464821,-0.0014059371549842714,0.006742105389550668,0.002350611208214781,0.003900852753807138,0.0025866808266121755,0.00341151235986481,-0.0005430219702201589,0.006843582656029135
2023-04-10,-0.006869898934999563,0.001015447868906394,-0.0006949669419046289,-0.007399886547073353,0.010696454643444264,-0.0046224000142425226,0.004293692595521037,-0.0005659411364516975,0.0035581778429716326,0.0010262810466916683,-0.016124585006130343,-0.0009522561165975496,0.010438152384524058,0.004612231007240064
2023-04-11,0.0006016120726928254,0.006086820841693541,0.0033383274664735563,0.006320556237305208,0.007909026755054116,-0.0002731591837737968,0.003504193094352237,-0.006417566336926139,0.001853171057968117,0.0002685714644992121,0.0020600053676367303,0.0024505384619009085,0.0055955915707863735,0.004228466079839288
2023-04-12,0.0012025007064433435,-0.007058276159790711,0.006377398713869331,0.004885138866613126,-0.007338850051442414,-0.002094899113543547,0.0016764680826943934,-0.008833893735733511,-0.005067146344068241,-0.0040759909042351605,-0.0010278446789774298,0.0004074064435823921,-0.006955679418303662,-0.00481225917143846
2023-04-13,-0.0004006955002616719,0.013709017946497593,0.012811789809976215,0.013515672558895409,0.013250689872464916,0.0017339269002223379,0.0073210546294038,0.019582232593629012,0.011722023112506585,0.013282777690855285,-0.007858289503630211,0.006243917623306672,0.003987167797205204,-0.0030224288294374846
2023-04-14,-0.004904991603318032,-0.005259134771093521,-0.004080421361790654,-0.017710313033589165,-0.009317045112310351,-0.0032801615424029595,-0.0055374584693331785,-0.0018798827316350852,-0.001198573375791101,-0.0024427919758124306,-0.009146874408720085,-0.006475199293717315,-0.0010734363810983583,-0.015520918761689595
2023-04-17,-0.0050304812142468736,0.004279824199749704,-0.0017756524715506483,-0.0044537552497120325,0.012860381709930868,-0.006307679814807399,-0.0012528166795725548,0.0008475746666529727,0.0013601396184204084,0.003588251096636963,-0.011896026657222336,0.0046166470862580855,0.005157481240823492,0.020815556905669164
2023-04-18,0.0014154792368623603,-0.0012532187028632125,0.005472492079088065,0.003880780603893852,-0.004250895585725778,0.0033120884897241964,0.0011849187661661098,6.250981896638308e-05,0.0015976529640542303,0.0006521156043506338,0.003563685647050008,-0.001892018892765246,0.00032066104203187784,-0.0022924817564391464
2023-04-19,-0.0015143793720829857,-0.010040299039748346,-0.0031292835124357987,-0.004778520212877502,0.0012919682654339848,-0.004951450744836272,-0.00508165727699228,-0.00047020827827903844,-0.002472642007116166,-0.0001687947807026413,-0.0009595129672097524,-0.0024374873251967744,-0.008762661035950359,0.005925896192631397
2023-04-20,0.004550549035047924,-0.0015210837981176617,0.0,0.00393825919904689,-0.005161293879824336,0.003778004442781313,-0.0028686319451529663,-0.007624528204695946,-8.015188055010558e-05,-0.005457007068083275,0.008549534618620402,-0.0010858654527998723,-0.01067273822136705,-0.0098582496639803
2023-04-21,-0.0017114297951119628,-0.009395826642437322,0.005050348516460135,-0.00988766926809792,0.00129699541166306,0.0006425522542619078,-0.0007716778585289408,0.0010434469731042118,-0.0015191546450790128,0.0007767260095528083,-0.005619602485517405,0.002717669303696546,-0.0016343136935489389,0.00012153533307479591
2023-04-24,0.003932830153427824,-0.0023072519029430083,0.0025804216736871055,0.003039335460481629,-0.0006756459368887358,0.004403829411282922,0.006530376396949089,-0.002084620446761054,0.0015214659872009317,0.0010431613806292095,0.009674425549029309,0.0017616209531630123,0.000327415838939471,-0.003763445453986325
2023-04-25,0.006227228489150249,-0.01875638208089392,-0.01395273809606401,0.005086318131183543,-0.024684629070363173,0.00438436053846436,-0.008022971902240217,-0.018863956513258673,-0.017113008619133896,-0.01587383410999621,0.014704360367487235,-0.007981324624083519,-0.015493812090757175,-0.009870926071027686
2023-04-26,-0.0036932464015186905,0.00576072403849448,-0.0006868514445985685,-0.0054373863086726315,-0.00964976913612725,-0.004365221832122068,-0.015402031553464535,0.006064942204709656,-0.007566393196409282,-0.004235453142593437,-0.010658137041188787,-0.012409687807141578,-0.010639535559599178,-0.009599852507390372
2023-04-27,-0.0036066426991568923,0.01353816887278958,0.012510297531174164,5.410039265330013e-05,0.013361380189452321,-0.003653647131343196,0.009928702345917806,0.027190721482463598,0.02361039672348797,0.019908072555625766,-0.009922369459957059,0.01325585030790033,0.012098277654098322,0.022616917510446033
2023-04-28,0.005127919387161395,0.005137656832227666,-0.00040739141309298343,0.0002706525128974846,0.008751713272891815,0.007792471093762021,0.006931215439127225,0.006898508311016016,0.010651780213262185,0.008535164941233742,0.016130523339904057,0.005996356780101131,0.013613749719928236,0.012273684150507114
2023-05-01,-0.010239557451757197,-0.0033224761406093206,-0.0014942227137390018,-0.004491351825477108,0.0005708336831864447,-0.016137437474957883,0.0020367472335156567,-0.0011469991354370324,0.0019812842129418584,-0.0010097269830942057,-0.028834721830912402,0.0031156147885462726,-0.0022931824831052827,-0.007443066373113538
2023-05-02,0.00972757383139844,-0.009743487181452681,-0.010066579467104098,0.019296640909943763,-0.02053638966719462,0.01206016958551892,-0.016963226114910746,-0.008721374605679455,-0.013761601144588576,-0.011239430250268856,0.02492018036069621,-0.008507838459044237,-0.01652613834090666,-0.01693248936767
2023-05-03,0.004415121923533105,-0.001553593911442941,0.0026110343562337768,0.008479075840785555,0.003669403077811717,0.001650187621822452,-0.006916637675241422,-0.006543866501501738,-0.006495653190167872,-0.006863900324896255,0.005581889886568492,-0.0036776450963909024,-0.0066771239340600586,-0.003936957790377615
2023-05-04,-0.0011987146004327487,0.008039409673012754,-0.0020558700107976557,0.00703295344911492,-0.011199584369978366,-0.0027454883950969178,-0.008185520889867237,-0.0035300957740471706,-0.011380985046274605,-0.007082928354303686,-0.009878710523214318,-0.005468033917308657,-0.012883739970101393,0.008275411605323857
2023-05-05,-0.0032008365980491504,0.013377845773255181,0.01469566023784541,-0.015647950479605433,0.023767718806927407,-0.003946076595460757,0.017374862261207324,0.021254428866513075,0.01681897940746868,0.01851244938618324,-0.0033257851254897552,0.01154649216253234,0.01986163978443467,0.016660546201000326
2023-05-08,-0.0055195249298242155,0.0005077763473710917,0.000270710259144602,0.0012269055761324754,-0.0022928785462242862,-0.007186295530797748,-0.00028451265897022626,0.002477504761358107,8.042313222977882e-05,0.0002666828787665221,-0.014014825565128342,-0.0020384161014520563,-0.001669326940098581,-0.005783652389938054
2023-05-09,-0.0009082329821797908,-0.0060899093790052206,-0.004059439415257771,0.007086162362163639,-0.002987783558237589,-0.00037102706048353085,-0.0007119868892508929,-0.006333108237267293,-0.004014427815135058,-0.004385420950031471,-0.0035775114506232386,-0.0024508763960779945,-0.004793368829403066,-0.004241790482087726
2023-05-10,0.0064642632109706,-0.0005103120778144898,-0.002038224775112729,-0.001428442843921074,0.005071295944260479,0.007890597986607517,-0.0006410434886452432,0.010881884374601247,0.00483687016848644,0.004672523711374943,0.009704075799204626,0.0045044960880764595,-0.004704148383549156,0.00961514259637819
2023-05-11,0.0030101035444363156,-0.003576223241211207,-0.002450539738175994,-0.008582755587748347,-0.007683127195369122,0.003868610988268628,-0.0041340428831424525,0.003260206290385037,-0.001042993591219732,-0.001743951023663426,0.01057178476733811,-0.0027177787194829772,-0.005851883646792677,-0.010970365662095527
2023-05-12,-0.005602608027091782,-0.011791774061632343,-0.0017742078480591505,-0.0017100802429794726,-0.002022460754314337,-0.006147433688789783,0.002003921105999007,-0.003586850147920595,0.000883337364650405,-0.0013102675633637206,-0.008369084772755997,0.0009535240674038992,-0.00203762243475214,-0.0001221152780934709
2023-05-15,-0.002515039530043839,0.01841745232722647,0.007656343367194562,0.0021412620336231925,0.012216534305352411,-0.005354620468915994,0.0018572867332722343,0.005414948855734014,0.004332994211435182,0.003449912995140858,-0.010357691685958348,-0.0004081855898430131,0.010662445820476929,-0.001706539049619482
2023-05-16,-0.0023200260164667474,-0.007131777923524152,-0.009497769379894772,-0.0124993937971285,-0.01458574895302489,-0.005012026348706788,-0.01468693165602497,0.0011320567295720618,-0.008228887751579705,-0.00668264624384729,-0.0030041797940657533,-0.011030665128437422,-0.015488121043221392,-0.02503375727906254
2023-05-17,-0.0015166579336859387,0.004617737203900907,0.004657551129752191,-0.0034618889303412725,0.022289277074610814,-9.326170334511552e-05,0.009117279132930367,0.012104004838636717,0.012566451505513054,0.012138936769260367,-0.002916041907731315,0.003580004927385305,0.015845798966982683,0.013527267186870917
2023-05-18,-0.004657819919174133,-0.00536254428675198,-0.001500043646521343,-0.012972911279784505,0.006075717901923738,-0.004197901856219599,-0.000717245372546027,0.018573562843859692,0.010580724526008334,0.00963311895178287,-0.00740873082148652,0.002058274695153184,0.0076309939719310105,-0.00481960803599446
2023-05-19,-0.0022379224002365694,0.000770162597066637,0.005872107512628233,0.0098988291245512,-0.006095298759728585,-0.0012179541971932828,0.004089948913092334,-0.0022533157630878486,-0.002440392089413601,-0.0014549268088541734,-0.007071306957673218,0.0013692543467953566,-0.0010022666901411403,-0.0016144602466543478
2023-05-22,-0.0009178526661958175,0.008209239965772497,0.00027151875982567297,-0.002341497915543389,0.012208111083117368,-0.0003755211062371755,-0.004144414032604682,0.0033578546689527755,0.0012625762064941703,0.00040611075544871866,-0.003560876038014471,-0.002324626562885568,0.0018953153189984473,0.00609468127070234
2023-05-23,0.0011226758962961103,-0.01552149038920192,-0.01465803309961411,0.001200731149241463,-0.004712016789961249,0.0020648708959563056,-0.0048800363817301795,-0.01267636827431562,-0.012058693690179867,-0.011222919794899755,0.002878645969083493,-0.009457350379187934,-0.005341214438391306,-0.00939551825572571
2023-05-24,-0.002548460701127575,-0.007495540338128603,-0.014600721758661561,-0.008068450017086337,-0.01059638932219753,-0.003933256009768571,-0.0029564179661369927,-0.005129474100889375,-0.007100126446564214,-0.007244768283739655,-0.00494917876005585,-0.00774852818964844,-0.013088787063907259,-0.021465229578976674
2023-05-25,-0.0036789917086271773,-0.0020832547032103577,-0.0013977650792953433,-0.009618027091793824,-0.007804524321354034,-0.0032903687802672277,-0.00998121270315111,0.02433281703806278,0.016631886269529383,0.008659868892332279,-0.002486466908263485,-0.0034863154623127057,-0.004194164569771619,-0.00012754702035866483
2023-05-26,0.0008205433367827197,0.017745170328701043,0.009798528873461665,0.003995567330169925,0.011368236724648817,0.00424447524571292,-0.0013149629967393883,0.025550525722318973,0.013830847640868171,0.012950740152930296,0.008077290739043175,0.0043379570395885025,0.014342822383742071,0.01147969870681198
2023-05-30,0.006661744578343676,-0.011538370731063785,-0.010119190597278283,0.006190554546333882,-0.0036900030291069363,0.007513978258441023,-0.002633848141016082,0.004534906167138697,0.00015572572838418175,0.00038098796621532927,0.009990878768288525,-0.0037617460604881803,-0.0007855203254195642,0.0037832465334941556
2023-05-31,0.0035636432251882066,-0.009338704112883622,-0.010362971154307066,0.0015382006614657051,-0.009857484051838394,0.0032627619541865105,-0.006160915622893337,-0.005686086146666103,-0.009353047722596486,-0.005545262868599576,0.00871711072989445,-0.0008392001517136816,-0.009209454209765933,0.0050250619986877965
2023-06-01,0.0030312789445037236,0.017805903787983413,0.014858150023227656,0.00789813034647624,0.0108188725318481,0.0030668427500679663,0.0099632448944742,0.011552199158408882,0.008890662445926845,0.009500963351405156,0.00392338196113462,0.0033595072918000124,0.007027910260475556,0.00012490338994308736
2023-06-02,-0.005273301767835248,0.017236903074647092,0.01296696202603953,-0.014747450675273721,0.036265036917977334,-0.0026951068400874467,0.01125270512057841,0.007499832614710211,0.014427342428823708,0.014461064457355954,-0.010957943864588815,0.011439594016741106,0.017784773551142274,0.024372123915620936
2023-06-05,-0.00010214133123742641,-0.00025313386301384355,-0.0057810463644570875,0.006020416015011243,-0.01340502513175501,-0.002143339263152022,-0.0019510371350426325,0.0007050617595349973,-0.004843220193091247,-0.0019161356843102606,-0.001863207597085248,-0.00206895165378973,-0.006193209766310215,-0.006954643165985153
2023-06-06,0.001223210830105792,0.00885430327370118,0.008306709491717745,0.0010980396887689814,0.026339353573736846,0.001960921331220389,-0.0021715895576399635,-0.00016908859059405756,0.0023173365292892267,0.0021775364827250066,0.005894024434761169,-0.0037319229937116116,0.012797713641586883,0.009583445872731078
2023-06-07,-0.0052949735120966235,-0.004296199415549595,-0.008795003939871981,-0.012010543410059138,0.01871032546887408,-0.00894753797984471,-0.006410375422702619,-0.01696552068596735,-0.0059133622481369885,-0.003457873274601009,-0.014843790116770728,0.0012534748151653563,0.015423714031790992,0.018376608977674236
2023-06-08,0.005323159500653318,0.007106618514871377,0.010580037942694354,0.013211240429905624,-0.003738446212936286,0.006677376181441597,0.009164143998380503,0.012413234424893504,0.0042766715083433215,0.006048627846183985,0.011696816369722862,0.0057032493984248145,0.00010876728680409009,-0.006214226172206128
2023-06-09,-0.002341927294576829,0.0045361183246150905,-0.0016752006303444311,-0.0026845203333208945,-0.00809476913679441,-0.002616108480245849,0.002397429655517591,0.003822994668885471,0.0013938749993291921,0.0017942616080397489,-0.001371427855966112,-0.00027667289199162504,-0.0016330297742417343,-0.005772142069255026
2023-06-12,0.0017350455329676606,0.0020070744569429255,0.004334560616925165,-0.0008788640365902101,0.004161578607828398,0.003184983100456007,0.012393074882117938,0.016896712655983803,0.011521003917610129,0.009072020142689263,0.0029436690783268826,0.005257352031417639,0.008942291193253293,0.00024212991089433977
2023-06-13,-0.004686891833653117,0.01001496315424566,0.00946668292663011,-0.007367558613950331,0.01146374373447423,-0.004481745283667182,0.0067293935967667196,0.00768403080408997,0.006268157836452515,0.006592812353275912,-0.009880679756440247,0.0034405035622038227,0.011672950154153705,0.0064086905277100925
2023-06-14,0.0009214706416325047,0.007437048336701002,0.003723602134788173,0.0005539277015322863,-0.010748442502490518,0.003095045672001362,0.008177557753647147,0.007267480800954962,0.004709584966516189,0.0011909348277734377,0.00800309774215946,0.0,-0.005769044590723804,0.003724558282232948
2023-06-15,0.006954814090069039,0.009350296064145391,0.010579864913487391,0.007030581691497284,0.008229593612849584,0.00869571804058511,0.010720712255500642,0.011915965699598852,0.011795079869442171,0.012397578054858416,0.009605701605946315,0.01385288747673763,0.011175585510979635,0.005266923576407345
2023-06-16,-0.0031489092721274092,-0.00341302859644943,-0.0021753314653769618,-0.0015392159510752013,-0.008002516626051226,-0.0017609871540553712,-0.005303607959220136,-0.006292924962641111,-0.0023912617954967574,-0.0034062534638480413,-0.003883431177044261,-0.0002705009443119133,0.00031863951307897764,-0.0007146278854898158
2023-06-20,0.001834564492459556,-0.0195693547336403,-0.013217047499042844,-0.010350739592973501,-0.00435630641667617,0.0036212089861762387,-0.0043498669524087985,-0.00143165017605551,-0.004419619244239059,-0.005188076887479687,0.006920180236221762,-0.00757802938024843,-0.012854617698139448,-0.01179684173023654
2023-06-21,0.0016271398525227188,-0.004740674077916007,0.0015189554013026463,-0.0014464228474878604,-0.0023225137216935643,-0.0011102970866790907,-0.0026066909953419426,-0.01362758105210471,-0.00285903629678419,-0.005123764408277776,0.002419913240824245,-0.0002727495726941864,-0.00764075974051559,-0.006029236637558277
2023-06-22,-0.005178786913729527,-0.0035096101653083744,-0.006204484125200138,-0.009916979914319946,-0.007417608917084428,-0.005187226363299935,0.0028255973781672328,0.01179890915923587,0.0027165332011414023,0.0036097097061593697,-0.012070356987425646,0.0008182531716882657,-0.0031450661307746985,-0.014315076947596816
2023-06-23,0.0029601524902755916,-0.014591272652763165,-0.015538215926450327,0.0027572461643308177,-0.015054815608623984,0.0027934798257014393,-0.007678633311662297,-0.00991337982348306,-0.006321168108153641,-0.007559998055156614,0.009969884767143888,-0.007767705534159508,-0.008267960094196058,-0.013784655870718088
2023-06-26,0.0012212306002294948,0.0033190142531851485,0.001268470072469885,0.0017396047357047806,0.000997061954588041,0.00111421450910143,-0.005963276782849913,-0.013405541681230204,-0.005376773754440123,-0.004085741489031847,0.0010644553224981035,0.002334916933424358,0.004607254284798801,0.023087532233790675
2023-06-27,-0.0019310614279827165,0.010178159756023542,0.008726112410326836,-0.004593535884055422,0.014439805530005456,-0.0011129744168578704,0.014997515285183782,0.017193980687405075,0.013552645820147813,0.010963234372568964,-0.0026103551795847446,0.0064402433884471755,0.013212456362845959,0.012319989248533503
2023-06-28,0.0029532585708729187,-0.0060455921985833605,0.0006976594315544205,-0.002307409851291853,0.004908417954465838,0.004363764184781349,-0.0015477966946817467,0.0019515446492541777,-0.002328819849657271,0.0005044557107349856,0.004264592890721675,-0.005173606504299433,-0.0006467183840868085,0.001445886922847972
2023-06-29,-0.007717355275215887,-0.005321730791813084,-0.001394229207120845,-0.001071764681377263,0.011505332967970183,-0.007580557618003803,0.0038758207868423433,-0.0020024272051401004,0.004442344460127146,0.003941350623776874,-0.01804842931031858,0.006842726829769941,0.005068486663589278,0.011170469629978586
2023-06-30,0.002353692234064564,0.007898271820506508,0.012287025841248855,0.006663323502016594,0.004775195986596259,0.007358999572043556,0.01263612009193249,0.015420070236242367,0.01101972709323329,0.011800696993804705,0.011795172302883739,0.010330336144751096,0.006330585458940607,0.005535527865451639
2023-07-03,-0.0011767400675636308,0.011122049772034792,-0.0011034758332548744,0.0011218766110339118,0.002029056610654223,-0.0028018323272953616,-0.003466239636754298,0.002355217300966883,-0.0013347589136237792,0.0011504422438903816,-0.005668967619331333,-0.0010762513391096018,0.007356957862698854,0.00981324622695201
2023-07-05,-0.004509521792852689,-0.005999842060902427,-0.011184803732627757,-0.00353003237800964,-0.009965267472641481,-0.007163159564292587,-0.0026435573582221927,-2.716881570041796e-05,-0.0008907557168227331,-0.0014870254124098592,-0.009502512259734752,-0.0016161163560567404,-0.006033101655395501,0.002251838534776507
2023-07-06,-0.006485564482011763,-0.02037213183455111,-0.017315982857729506,-0.002980200124891419,-0.01614821202305594,-0.010119668867641707,-0.010183345146701495,-0.007615944603627689,-0.007877288466420662,-0.007830787228407465,-0.014142903544425267,-0.0052609614995731135,-0.010435427416906173,-0.007686189313215075
2023-07-07,0.00020735116776804396,0.011296444063063626,0.007531568752619844,0.007500997402107412,0.010559348562114712,-0.0009468594840799094,-0.0038755478964522805,-0.003320012722349608,-0.004643445467446772,-0.0025246641262238745,-0.006019447752252605,-0.005831543085644819,0.0021518617494848957,-0.002263670172096277
2023-07-10,0.0027971173316694298,0.0007615684399049361,0.0028208269460088253,0.0007836956455820054,0.017107691486087706,0.0052110174104254,0.010964612701119814,0.0003276811652934697,0.006471341928127483,0.0025310541879335346,0.001311871423911981,0.00422869180133123,0.007516533968636274,0.0042991359656134875
2023-07-11,0.002169389284952805,0.01014717683201427,0.009001514616157946,0.0037476125602418087,0.010273177842516468,0.00471331822382659,0.0026593149000850858,0.004940559123176813,0.006729091532603038,0.006368614939907591,0.005140797798353303,0.007063318527524842,0.012895715695731447,0.014270606951388043
2023-07-12,0.008143373920636687,0.022350628500500624,0.01909663150731533,0.013541420874312982,0.010906150667858494,0.008818791547208882,0.011305586052715366,0.01263000583613616,0.009209080100338829,0.00804582633721429,0.011131366881079297,0.0018883206797997154,0.0011574513891143834,0.005393391491176791
2023-07-13,0.006237268061793255,0.013018895780500195,0.016003225938120202,0.0007146999149643118,0.00807834969326171,0.0070676322838352235,0.004899498029669269,0.01697863131548516,0.009492946446030492,0.007937006214238096,0.010512482900925324,0.0012117327519205467,0.005464925394378595,0.006414024724865852
2023-07-14,-0.004776035852185223,-0.005577135522634835,-0.005654084842983242,-0.0031866482531699436,-0.009771295328402818,-0.007756661845897739,-0.0008925267634544154,-0.0002109611861718097,0.0005101471400759117,-0.000622956551370013,-0.005888718101791035,-0.0005379440357018428,-0.011916032760446171,-0.001969966939560197
2023-07-17,0.0011233891693498421,0.0012193073954365197,-0.001218665442175304,0.0007165567329587841,0.010703231149482129,0.0016748293655461932,0.006048315591879794,0.009338558564034205,0.005610363915652394,0.0034723573590087486,0.0004935767019556003,0.000672684063365736,-0.0004230359392995986,-0.006501642368969551
2023-07-18,0.000815509508099499,-0.0073066356309019476,0.006506873441856964,0.011456278139590825,0.012346032882304403,0.002508769560585433,0.007037073872877553,0.008180839018461672,0.0055065961151632425,0.007430505967050305,0.0045393282409382785,0.0025546751817473456,0.008995576743329403,-0.005492718011825604
2023-07-19,0.003057360178055024,-0.0019624558198665376,-0.0005387339796635304,0.00016335645500209495,0.00423546938198327,0.005653258244106896,-0.0029172382685649367,-0.00023351821063710698,0.00021564360422643425,0.0022237158274738267,0.011296743581751256,0.004693309664754564,0.009439938371663459,0.011280847083757761
2023-07-20,-0.005181159858939299,-0.0073746869723598785,-0.005120731518873933,-0.005063389149303599,-0.008739647864532851,-0.006727417983162121,-0.008845411067977538,-0.023051803151871497,-0.007275721699985471,-0.006634355475664044,-0.012141788752146554,0.0061398715671445725,-0.0015585388080342488,-0.0032534652929591124
2023-07-21,0.0007145399136605501,-0.0014857939470435122,0.0020317454117977363,-0.0030645332195952113,-0.0031782494645045123,0.0017629105626804087,-0.002127932723663739,-0.002999388402996739,0.0008708807051174272,0.0,0.0002949012563402409,0.005704244954174431,0.0015609716429179077,0.0046629497819921095
2023-07-24,-0.0018369326395489827,0.013640687685022579,-0.002432924337208875,-0.00428147332668416,0.002468291762930841,-0.0012041131404747496,-0.0007568635128535339,0.0015975316375493875,0.004422791807528137,0.004467270826008285,-0.003637143590399905,0.0014512465993516965,0.004571907154617749,0.008238784578384672
2023-07-25,-0.0011243602481564308,0.008319091095090103,0.0010838106382227153,0.005567859975791123,-0.00010250103332232197,-0.0015763405597707392,0.00743538965149293,0.006777483611720925,0.006207872894490318,0.002729996484983177,-0.0018743980034059415,0.0018439419155127368,-0.0008275962074223431,-0.0071354684924880285
2023-07-26,0.0032752053287057326,0.005823774428978412,0.0027072739223181763,0.0048791150253855164,0.00790068772754382,0.004643748507599854,-0.005808644803063978,-0.003326376399106157,-0.0003586619401034774,0.000153571967106636,0.0009883241233303863,-0.002892319924665543,0.003312701913842142,0.004520637715569542
2023-07-27,-0.008569467017586097,-0.012304026340947294,-0.0022948735415032617,-0.01571197400361901,-0.01292890250252321,-0.01220284845509012,-0.0024748670831069575,-0.0023839716828413238,-0.004449388083380912,-0.006629841016223326,-0.019452768239967444,-0.007647517872181209,-0.0028889907037050744,-0.021694030208112447
2023-07-28,0.003910144627702783,0.02418186727222915,0.007170949014334793,0.007981390400291666,0.012943525180442617,0.0065511723695865776,0.009371820084845162,0.018214658277392326,0.008722469701456514,0.00979033491976189,0.005135876525991012,0.0021256902551924917,0.003828749843827195,-0.0008257477638531352
2023-07-31,0.0012299318132502624,0.0004771193754045111,0.00026856683615084087,0.0026944104889450315,0.011607184029987838,0.0027893255136415274,0.0018431050673433091,0.0005215288333138002,0.0002859123016920595,0.0019040724619334704,0.002404401737484463,-0.0007956822592526391,0.002886310193439323,0.00649287290177214
2023-08-01,-0.006620942254717543,-0.012634264390672723,-0.01249001447282272,-0.010364679607279714,-0.004579609274985574,-0.009964449885384141,0.00013649218078803926,-0.002319719011652732,0.0,-0.0028617174691808467,-0.01638679585727343,-0.00225569615430099,-0.002569558497762081,-0.0016419962458004145
2023-08-02,-0.002376723374452494,-0.023901334282374398,-0.018631748231770273,-0.004765602229612864,-0.01359967814590557,-0.006108501321592241,-0.016556553852080547,-0.021944020950672827,-0.015574953274014813,-0.013910595738343856,-0.010698931839294934,-0.002659853913377419,-0.010614290383328395,-0.005756640788986078
2023-08-03,-0.006733004860615455,0.003957453298291558,-0.002771687847542781,-0.0003341470787491252,-0.0028189153171652714,-0.008982529288988794,-0.00027721725870799574,-0.001602656741098163,-0.0018867217087193966,-0.0028658699129824328,-0.023071461245612657,-0.0037340475141288687,-0.0035413160088719753,-0.010871006405912986
2023-08-04,0.008238800389020584,-0.0012319238764915141,0.002779391453056723,0.003620414278603157,-0.00200446165376289,0.010399769360020183,-0.0007622066847932096,-0.004681697486034975,-0.005598597166823982,-0.004522674135975402,0.017712062200445855,-0.005487546174187785,0.0003134962718909229,-0.008123160259647988
2023-08-07,0.00020660054044530085,-0.0014801320618170744,0.008453415605764292,-0.0022753962847783527,0.0006695501394868852,-0.0024551512254511465,0.013454523450474154,0.008466760742713353,0.011187331336310002,0.008728277231875525,-0.00984136953106518,0.008882603364367636,0.009195667491044723,0.012525585332386902
2023-08-08,0.0023783562470938158,-0.012104549838331757,-0.006046483660636648,-0.006341080194621318,-0.006278853199282897,0.003975818752204985,-0.0019846976685259365,-0.008502270458352945,-0.003977004288517549,-0.004348586054148562,0.011613489346612438,-0.0025345879015584716,-0.003209872766011368,-0.0064231361673390275
2023-08-09,0.0007220691480389618,0.0025005073857020665,-0.000276517360040307,-0.00475820704444585,-0.007820746223736075,0.0009428204216730407,-0.008982351798378807,-0.010994775847568361,-0.006243819903629655,-0.006685241094615879,0.005170936466682985,0.0014713249326072653,-0.005921010618275213,-0.00011983211161148422
2023-08-10,-0.006494720884263616,0.0014965418274448528,0.004286972719802051,-0.0010686044760203073,-0.004437053664336221,-0.007064737145366262,0.0005535974748078765,0.0018482907741173005,-0.0011690171671419058,0.00035887571416259867,-0.016462597896462983,-0.0005341730429311298,-0.004493067548252294,-0.0038315894728504496
2023-08-11,-0.003112941919497736,-0.01469468472540958,-0.006747275995377278,0.0,0.0014157083282773097,-0.003415280136046417,-0.004218291047160538,-0.006375621962843803,-0.003949632991618546,-0.0005830171032084053,-0.002301254384416418,0.003874851180572403,-0.00021004730889162548,0.0015626542568594193
2023-08-14,-0.0007285329096738957,-0.004802988111680118,-0.004436545063774222,-0.003040588549344525,-0.0017278180443300872,-0.00038063874162697076,0.01215273762354796,0.011222380462504455,0.010794419093558494,0.005519894101510214,-0.0022020255826102897,0.001064791165243939,0.001784743139088274,-0.0066002959585328425
2023-08-15,-0.00270854592175096,-0.011430162713160441,-0.012393777873860201,-0.002654474343068869,-0.013217324800923858,-0.00523793871187328,-0.005832081080538898,-0.010611895162135454,-0.008862936530004806,-0.01164876224213618,-0.00609510361333232,-0.0085092687277869,-0.015090946533138139,-0.011234563775177064
2023-08-16,-0.002402382113261048,-0.008992542777106816,-0.008178433916306127,-0.005776029417432049,-0.012224754598713972,-0.0044992790716053,-0.009868629421531994,-0.010588690697018954,-0.006010411889855405,-0.0073381579205229475,-0.007824307267622732,-0.002950326208415621,-0.01095989282557952,-0.012339602332507305
2023-08-17,-0.0010465462905866474,0.0023334905068639333,-0.00710821262371375,-0.0015378724223797935,-0.01178443259246209,-0.00269221382371998,-0.013103751034833633,-0.010923065683565603,-0.006562808667929798,-0.007620017234869825,-0.0042622776803721285,-0.006590615789019982,-0.006885483632968814,-0.008040515901573064
2023-08-18,0.002200627980610159,-0.006725489130094964,0.0,0.00017112823031739666,0.005445196152390697,0.0037601171104686415,0.0026838852914294886,-0.001254902558444293,0.0010391586743150327,0.0004814463108948619,0.0035317205112366246,0.0023015059693749507,0.00476655137527171,0.0031175812532404645
2023-08-21,-0.005020128720475303,0.0023438213506248307,0.0037228285575487963,0.002737670236275802,-0.0014621611544900492,-0.0059557796040691224,0.010917500701308258,0.01611149476560869,0.009639614102423533,0.0065062308259808965,-0.01333081558546978,0.00013521204401278908,0.0022641809319947637,-0.00919966837187558
2023-08-22,0.0010513303124948248,-0.00207840679464244,-0.0018543607821378538,0.0016495566176504273,-0.0029830473947269898,0.003092397899066013,-0.004250328808888204,-0.001428883237218348,-0.004406735153412611,-0.002708486789015918,0.007674136148046351,-0.002161041988604895,-0.005378493108943672,0.0028861068001815315
2023-08-23,0.009554981475090596,0.015881205354142836,0.01086176972252706,0.01016464068195777,0.01066216473383319,0.014065501345402964,0.012595447576757346,0.015768575573088972,0.01062244252853195,0.011137593558844028,0.024777641919788485,0.006632544609057156,0.007029833292245824,0.01576351809794252
2023-08-24,-0.0022882236558076086,-0.0038440543049974574,-0.013714111533729256,-0.00022482031744353037,-0.013832993087332324,-0.0034201476819176735,-0.016377535755118244,-0.021375849489469245,-0.01350349547277463,-0.013858930050473894,-0.00659423289766059,-0.007261166005560593,-0.010847293809604919,-0.003818052077007028
2023-08-25,-0.0006252670171560393,0.001028938445828631,0.006737493631461033,-0.0012932863561120334,0.004257305420659385,0.000572145851328143,0.005760881983319921,0.007751434885797881,0.005993330591416157,0.00704965267251878,0.0032661190834673004,0.00677239747215963,0.002823085400539105,0.0007420191248657115
2023-08-28,0.0021902464965883883,0.009766236610541323,0.01053665210094179,0.0028713533365909427,0.008913154456817729,0.0031438485920407544,0.00859182647662693,0.007527100470379855,0.006619711587252608,0.006341304386642488,0.001050351773603797,0.003901545986383148,0.00866172388967712,0.009389321509743365
2023-08-29,0.00645309663644511,0.012725806421339358,0.01239967972631928,0.009768091768254772,0.013951464850161521,0.007978153582230085,0.01655211996675421,0.0218398646974296,0.01505190048585936,0.014454833011049661,0.010385923351891035,0.007906694130139558,0.012344310635459044,0.012117648011487292
2023-08-30,-0.0004137302252446018,-0.0032671945495892363,-0.0005568459443053841,0.0025018747942815445,0.0037721131366874605,-0.0014132979152755576,0.0031339914228836196,0.005576767506377145,0.0029511137597209025,0.00411887070880157,-0.0010381967973179806,0.0013294132740198084,0.0008483935961427491,0.0036279503462481877
2023-08-31,0.0014483477664601896,-0.012355129314045032,-0.00389915951476405,-0.0016637258183913595,-0.0017464809755394217,0.0016983741135812025,-0.0002715449174798268,0.0029985105082579455,0.00021547073063010735,-0.0014634309082703911,0.004469492739885839,-0.0057094414153630035,0.0007414977332447226,-0.007350283665644053
2023-09-01,-0.005179045290557238,0.011743946815442774,-0.0005593371392008661,0.0004999240959600026,0.01187629702392723,-0.007118370884150571,0.0004076935750445543,-0.0010582072300312495,0.0022962016489114223,0.0018653101064862732,-0.015578594409541346,0.0020032292458187495,0.007410612844291897,0.0016994006937358641
2023-09-05,-0.005414748432723604,-0.00807478587194188,-0.008672291231021645,-0.008161685723844458,-0.02106369510848216,-0.007140918537014707,-0.00502518058678636,0.00127107873607879,-0.005655972487956906,-0.0043219841698554085,-0.01402230043028474,-0.007064097043730677,-0.010613698632027546,-0.011633442241977043
2023-09-06,-0.0009418781335372994,-0.005596548062328899,-0.0021164859756487298,-0.004534245193468567,-0.00374681888037276,-0.000958816055654288,-0.0027982662509624667,-0.008807822999912784,-0.006623637105522939,-0.006722442933942974,0.002459590962891278,-0.003355530564202458,-0.002549157147866299,-0.0020843499095299922
2023-09-07,0.0031436773946120766,-0.011767770010832068,-0.0032523433964474213,0.0010684498647577367,-0.009670657484956435,0.004415482045664998,-0.0030114860260199716,-0.00715169342309685,-0.003841469651830298,-0.0030702312651044172,0.002773458233015891,0.0035016394490967606,-0.0038335079359557156,0.0062662160601516526
2023-09-08,0.0005223927125022065,0.0020708744751622987,-0.0014187952857134256,0.0003370270596214642,-0.0022243639418573213,0.0007642654366786239,0.0014415928409403644,0.0013977122184984925,-7.265843578763143e-05,0.0015061261901749834,0.0038293907126005777,0.002952702718703959,0.004168948628269886,-0.003907064261309046
2023-09-11,-0.0011488053379098417,0.012399886414546923,0.01037093280757806,0.001853109993606994,0.002392458619748572,-0.001909574972184247,0.005758177757169358,0.011782632588577258,0.0033468861477630174,0.006576504200693556,-0.007205800929667827,0.0037467168332541156,0.0006386265710418559,0.0001225911213273978
2023-09-12,0.00031379156399791164,-0.0030619247064884725,-0.004077599322238834,-0.005156651253074851,-0.0009763931845406804,-0.00028724824840031804,-0.009337611175676663,-0.011088278571480314,-0.006164151738905832,-0.0054855711234009785,0.005763660056181008,-0.00413274704284039,0.0013828805724533932,-0.0004903043783465177
2023-09-13,0.0014628397048452868,-0.0012797465841702937,-0.00310610607957007,-0.0023100098564432514,-0.006569436601718159,0.0022011089383886517,0.0006882812955524287,0.0038090280236049434,0.0017511910995908764,0.0011661802196258897,-0.0002120605002974285,0.0021420557701130605,-0.0026556461059229486,-0.010913464972713394
2023-09-14,-0.0013563796262328065,0.006663230456678271,0.013170794018017462,0.0005082241752882855,0.014100535639783196,-0.0018143103014867101,0.008181344775154198,0.0081771995126656,0.006483087796594678,0.008622192924120586,-0.007218038525952375,0.007480420119799325,0.010651743675488934,0.018100638257689372
2023-09-15,-0.002298849151303739,-0.0038188186308868444,-0.0022363330418500027,0.006603816566220333,-0.010455470067615269,-0.0015306346343122446,-0.018071534387652743,-0.01712296804258029,-0.015198748213655522,-0.01204824785433245,-0.006094174102835748,-0.007690106325992985,-0.008326388044217592,-0.003775334730861446
2023-09-18,0.0014663231090270568,-0.0012775749988980234,-0.003502351792119218,0.005887647601878543,-0.006644588064985024,0.0019164741765886895,0.002083477672386369,0.0010424393130166187,0.0027929872960055224,0.0005864319287232078,0.005701165118001894,0.0013358784148089775,-0.001487985933355418,-0.008922840185579428
2023-09-19,-0.0029277326065009213,-0.005885494938778324,0.0008435470126615385,-0.0009476457412548323,-0.0038927202932302896,-0.003347373347566296,-0.0012473141025168832,-0.0021311406433205393,-0.0012460020637413693,-0.0020738999123250945,-0.0073804066517708655,0.0009342419529327906,-0.001170792923242181,-0.004563525514998057
2023-09-20,-0.0005247409125039848,-0.004118400453885673,-0.00238803544903865,0.0007253927124595272,-0.010017509258206214,0.00038396236920590354,-0.01013137784525231,-0.014410661476916165,-0.009612449583124905,-0.009193264252657651,0.003124750329035253,0.0005333542626051457,-0.006926542559370086,0.00086738818431642
2023-09-21,-0.006820238556441205,-0.017317180303260016,-0.016615158689185727,-0.007248413758109917,-0.015512169123179098,-0.010071070694984696,-0.01780565571815418,-0.018324527842274674,-0.018967212416464374,-0.016528360624534222,-0.02567391780991246,-0.012258471382383562,-0.013091646901100762,-0.03404302933056058
2023-09-22,0.00422611164186959,0.011836020714275586,0.0008593681783524154,0.0032013033173832195,-0.002258963271290937,0.0061041842488369635,0.002141285802673698,0.00013983952764395902,0.0013593188821490187,-0.002248501529477198,0.008048722010047138,-0.0005395774719967328,-0.004023074623937806,-0.007561167953746617
2023-09-25,-0.007890968993784275,-0.004419149898054475,-0.004435077326194081,-0.005150588926742139,0.004471604986214572,-0.009726520343305012,0.0033471084918177407,0.004749807574275122,0.003318664888380507,0.004205209469902105,-0.024608942502318487,0.0012145152926734681,0.0036026679725460475,-0.0009039036276968782
2023-09-26,-0.0012723241399266172,-0.014099217827374333,-0.012932915548395707,-0.007990985893820302,-0.012857226465364247,-0.002820076881306255,-0.010898752206915496,-0.015016324885042898,-0.013205768230497128,-0.014691397758292979,-0.0034760426375874953,-0.01196585576985354,-0.013698583659449648,-0.018224356250795437
2023-09-27,-0.0035039780218416583,0.001588886733338235,-0.0018924862086043825,-0.012366647894697436,0.009348468717304659,-0.00468118655760319,0.0019430958827373335,0.002343208175782374,0.0023707003608963717,0.0003990549276426947,-0.00517608705390582,-0.0032918650191984256,0.002666620558823496,-0.0067140435920800545
2023-09-28,0.002983622147055165,0.002644196395685805,0.008167987701680257,-0.004997187509914736,0.009034349212599047,0.0017640179869007344,0.008117154380600011,0.008365405188261121,0.007170932644992689,0.00579762071727008,0.003053598187034323,0.0015138506132039709,0.006205747315620513,0.009595611872850185
2023-09-29,-0.0009562360132945313,0.0007911993309108745,-0.002893469707249463,-0.01027534966921384,-0.004729872634033683,-0.002152141084785675,-0.004560207391228754,0.0007261852169822003,-0.0017422339910933005,-0.0024270169385127716,0.00011305228721392169,-0.0054961318562968264,-0.000881042010961619,0.0029162697283870997
2023-10-02,-0.006962753383564002,-0.0050066437134320685,-0.014654612673720147,-0.010498705650611395,-0.01510715490417891,-0.009161699547201585,0.0004293384471518724,0.00834571899708414,0.0024281927043257046,-0.00039756131870138933,-0.01674036919803734,-0.006493154315126204,-0.009148949985267052,-0.01837187837149823
2023-10-03,-0.007838815950508726,-0.01324155461781873,-0.012516692976735966,-0.0028882419805683623,-0.016832320021346714,-0.011520207063136167,-0.015812998987968063,-0.01754964463254871,-0.012565195733882373,-0.013386169542979443,-0.02151182534339746,-0.0062580920974305565,-0.011013439056740904,-0.01952332631056508
2023-10-04,0.007034806622312484,-0.002952012073264232,0.0017894246385103951,-0.00011825651470720455,0.0004675068919341996,0.008741067449878903,0.008142801148985246,0.01360856512223041,0.007819360256795527,0.007282061879444246,0.014108311716301003,0.006297502447732306,0.0,0.012221963590948848
2023-10-05,0.0006450329153699919,0.0037683504440191307,0.008782346416868814,-0.0018327868021307259,0.0007592403185832097,-0.0011953998918031727,-0.0015866460885385347,-0.0029464543734812887,0.0004560882711914793,-0.0003767868665581764,-0.004985213149596657,-0.001947040887303908,-0.0009000551158890868,0.005562157473403051
2023-10-06,-0.003866433229853694,0.014481094834229546,0.011066812389437075,0.005153083621109555,0.009629306811119509,-0.002991476928679515,0.014879076535105673,0.016755222684355475,0.014141416792382122,0.01187277664751174,-0.012117049143553493,0.0065486743175704465,0.006755256251460118,0.002698421518123606
2023-10-09,0.010350265419896587,-0.004758056498428198,-0.0014593422585771343,0.01838544744893622,0.0057805066403930905,0.012402638625330864,0.005907071586681578,0.005100062011122564,0.007721475434422587,0.006402197793960784,0.023469951416420498,0.008167210790269719,0.008051841863837561,0.010898824419494302
2023-10-10,-0.0009601492560442626,0.01434252031738259,0.013738772085299722,-0.0016780958953311886,0.01132185281084963,0.0003950688349745324,0.006226032032483619,0.0055380487625391606,0.003942981722489636,0.005204766400337402,-0.0013831330737467118,0.0041188853363103295,0.006656423604693096,0.0047918616839641714
2023-10-11,0.004592980990758111,0.006284523118722296,0.004181007261940373,0.007303045938392039,-0.0017048739527055767,0.006122505755752572,0.003375054415585721,0.007135425797123673,0.007113767965801543,0.004096402310989289,0.02088652379247713,0.0017778525505065534,0.003636757395850454,0.01735324664374871
2023-10-12,-0.008612705549549404,-0.011189276989082786,-0.008327439148483773,-0.0030496507265770356,-0.022599429221484613,-0.010404119732985495,-0.0066572603492254245,-0.0034749909648564836,-0.003016799338800169,-0.006096457270250877,-0.02712796539536033,-0.007097809405885336,-0.011859027520201071,-0.014583286706731924
2023-10-13,0.004290068308050676,-0.0036842745347325234,-0.00926595212239456,0.03214825984540237,-0.008328206154557316,0.005554271579857106,-0.006631483244978864,-0.012570018761071888,-0.005460936683983175,-0.004980802278352403,0.01789237012302891,0.0027494670206553717,-0.005000480293090193,-0.0025105737215823654
2023-10-16,-0.005553138686460457,0.007395797216815048,0.007306675303491383,-0.004864928190345896,0.016150824193163382,-0.006904574779566741,0.011789084636089964,0.011306401075483974,0.011056478872599973,0.010521348294551203,-0.0160938563943005,0.009185448462667223,0.011614809573737617,0.011921903176115745
2023-10-17,-0.007195110175634567,-0.0026221180870504845,0.0005803742657004562,0.001854273768354009,0.01115453974189573,-0.007945975623446788,-0.0010527510343388835,-0.0032754712901689187,-0.0016145567143563966,-4.589630894502594e-05,-0.011020905503512313,-0.0001358160610459569,0.003532817551744838,-0.0014398344468862234
2023-10-18,-0.004651017522525169,-0.015247082938694367,-0.017398880360266267,0.014470816805260078,-0.020577140601542143,-0.00800961986766835,-0.012647530882658575,-0.013117910121107745,-0.012791427580760906,-0.01332516428411179,-0.008797725885966945,-0.007472632544344049,-0.013311335846307504,-0.021237559951787555
2023-10-19,-0.0038038753120885893,-0.005872721321021013,-0.008853388066779488,0.012274016037125302,-0.01593222598830213,-0.00807403182352473,-0.006618630290921024,-0.00935678891749081,-0.010127494235903312,-0.008786451822654362,-0.02047345411831958,-0.01067781009704627,-0.009142648369439788,-0.023707587013658715
2023-10-20,0.003600029435361529,-0.012083816715706241,-0.008932533093445216,0.0027308974274993236,-0.012928435812299077,0.003968198135852141,-0.010817314270288092,-0.014918015771945514,-0.010982829601744903,-0.012287979391974457,0.005678281968614085,-0.007748708070244192,-0.009451982834412176,-0.006722197201106006
2023-10-23,0.003912900117163165,-0.0008153894570432918,0.0007511078526027948,-0.0033770637265356784,-0.008471624067640682,0.007803533742993363,0.0030418718057665384,0.0030176645119872614,-0.0005325306466195112,-0.0017330797828243316,0.012013932335160904,-0.00557791851022893,-0.010337379725563811,-0.009806646635752592
2023-10-24,0.003572951570079308,0.012785491030529395,0.0057039465220019014,-0.0001093308866343401,0.008725632770219427,0.005631957409007571,0.009819516985130283,0.009728039099059727,0.007305539615770629,0.007539241419762366,0.013176196023687803,0.007572517888212005,0.008838429652982871,0.01283288279332817
2023-10-25,-0.007444003511954844,-0.013161437911301865,-0.007164233257015651,0.004208823642007475,-0.01651959415662052,-0.009100214527878014,-0.015158252679682516,-0.024475766274420052,-0.01579008575345997,-0.014352193125238721,-0.022261230758769956,-0.0022268420585646043,-0.01069516386705982,-0.02148451347578806
2023-10-26,0.006739240419437742,-0.004899329839477939,-0.007215803847882674,0.0015784524505007003,0.002565528371024417,0.00726592025195516,-0.016262344529978323,-0.0190674332297337,-0.016504063684393167,-0.011974615629201768,0.015338667807727857,-0.003766245271603741,-0.0033352976248314237,0.019141335458079167
2023-10-27,-0.00032396818548552364,-0.0008205192109299597,-0.0030284798578387173,0.011629799758343662,-0.011758290077635514,-0.002003852470266354,-0.0008856379826738259,0.004801414097560963,-0.0035903515051669554,-0.004532738690495197,-0.004248885603013286,-0.012041353842083935,-0.008192831253849953,-0.01601962186867234
2023-10-30,-0.0023761110836034716,0.010402525891917369,0.012758075275298708,-0.00564054701797434,0.0055482929631380795,-0.003011684601634035,0.010858538193178058,0.011265385152746221,0.012533185677553238,0.011955797315381655,-0.004503920357942559,0.009637074938279255,0.006980728514185408,0.006315500084971726
2023-10-31,-0.0006494158776103598,-0.005689613375353342,0.0035993706381265422,-0.005456562573315948,0.008644676079554658,-0.0014098540513066693,0.00423776701794365,0.004782153587760574,0.004487127080015307,0.006280319826460712,-0.004881567052018587,0.007158844155617183,0.01039845657323668,0.01701528165142041
2023-11-01,0.01105026242292495,0.00926433863709697,0.009414273896842351,-0.003150642851826202,0.005713596575246838,0.014311142928085108,0.015499114717159257,0.01735682098427782,0.01032039309361088,0.010664617842702562,0.021681837295137285,0.006271826986537166,0.008805171136300416,0.0061713326045576
2023-11-02,0.006018555289817096,0.017548489742807538,0.02042913994001494,0.0033240729584831374,0.02665280695726735,0.011873708678788564,0.018415167287674006,0.018153400735565484,0.020277495875933305,0.019164566757832624,0.022796929160284307,0.013573441028534194,0.01904334005350905,0.03284693204183009
2023-11-03,0.0060887459541068,0.02042996142152287,0.010590720675868193,0.003638921283475316,0.02719724567970183,0.004930762671711664,0.011397894968241618,0.011748737605327575,0.008592476539009075,0.009123306394514419,0.0067785851430650634,0.007379014483601454,0.017130141459901438,0.023884839125538626
2023-11-06,-0.004990366496769871,0.008060188078157005,-0.005024409068773217,-0.007792560392528847,-0.012493513156963343,-0.005298782745205233,0.0052173184952553076,0.004079350487871114,0.0034816127074621672,0.002300344804824661,-0.009699731216009533,0.0016279019427458685,-0.005249341727290524,-0.014434588353606337
2023-11-07,0.005335532496005824,-0.001805339891903679,-0.006059822141368909,-0.0041451308444239165,-0.003540340994438562,0.007990387493611806,0.0014534698666381907,0.00945274404773655,0.004429206025610588,0.0028462635853372387,0.014749588655718737,-0.0006771810725134664,-0.0016493501619478934,-0.008238394342650945
2023-11-08,0.0033967645632138055,-0.0067186437706556745,-0.0013063415300708092,-0.00996764391222027,-0.01065793387616365,0.005088816662744522,0.004215096970502152,0.000643820722841193,0.0030868183963166373,0.0007323393832787684,0.017034035618832544,0.0010843104345741317,-0.009249969249011003,0.003296050943436768
2023-11-09,-0.008357154649390797,-0.009365104572453542,-0.00014553521534921288,0.003982968433291267,-0.015482399711748585,-0.010126270085250688,-0.0057804299220235444,-0.007695686940137003,-0.006447689193857742,-0.007798756576629651,-0.02300126078016418,-0.007851763746743234,-0.010114387701110283,-0.015770567392859314
2023-11-10,0.0023468326873070655,0.00709022916693125,0.00450658208594934,-0.010909752197912126,0.011181599739579884,0.005016530552756082,0.017511175819439506,0.022482403692951847,0.01622434990127375,0.015604787846028811,0.005599844864565107,0.008595947051082575,0.014597128528812675,0.009347083520193644
2023-11-13,-0.00010642852477971143,-0.0002605623638765042,0.002604803537947342,0.005570720464602941,0.0003547693213206138,9.799224772444326e-05,0.0029929508006867334,-0.0031184186224417765,-0.0016691557685905023,-0.0009531810096826687,-0.002272702008961458,0.00027038500558096423,-0.003873676769525658,-0.008334641014944077
2023-11-14,0.012559902655916222,0.02660405698431423,0.02554871679276327,0.008919177105678688,0.05491523992335301,0.01565854806467515,0.016412267376038736,0.021526341897856183,0.01773638813247591,0.0194007709739088,0.022667472591967996,0.011360654152681615,0.02677494047906226,0.055496388729904034
2023-11-15,-0.006202142616275497,0.008384158004015152,-0.0015483620090197547,-0.002635601473798599,0.0017369843655536954,-0.005203305742056741,-0.005538047274232127,0.000752669102715986,-0.0009284857523664813,0.002116945220050459,-0.014034487403861373,-0.0008021465689722618,0.007465709509955287,0.002906997378217424
2023-11-16,0.005500687185233,-0.009574203873531473,-0.0007049567939235724,0.011286077178189302,-0.01616596425275918,0.008233233278866159,0.004025688333286759,0.0008557443254977315,-0.0005719672555196675,0.001223232488369863,0.0124267514038634,0.0,-0.006873384764205626,-0.0021424548571389312
2023-11-17,0.0019984762382423416,0.001271933266651759,0.013542330320904794,-0.00010890234740634774,0.013702420572802243,0.00288233550316197,0.0022722816233065046,0.00023329481772993432,0.0005722945892852049,0.0012438226896787086,0.0046865144886012455,0.0004012884798598737,0.006920955151900499,-0.0007577398054120499
2023-11-20,0.0015748069071985782,0.012449194846241518,0.003757689298163003,-0.0016333808174913145,0.00583315278567742,0.004023311450670253,0.010068036771812228,0.012174843881933128,0.00814988839964248,0.0076975551059770275,0.006108294925651903,0.0034785376500545695,0.00461836574779162,0.007330516030213952
2023-11-21,0.001047867590336038,-0.006273590477787416,-0.0038825156618663703,0.01079790063288577,-0.012881138635414069,0.0002860003677265244,-0.0033006734316526343,-0.005809593804538826,-0.0018437828268391687,-0.002179493691767731,-0.0004413633197506428,0.0030662105112113647,-0.0075904979198357925,-0.007026167429053709
2023-11-22,0.0009428516604439441,-0.0020202519733331092,0.0023664293508649514,-0.004262252597287075,0.006270626211996255,0.004006125171291952,0.0015894583791242756,0.004092890088022605,0.00291285295950372,0.003860973208709595,0.0035338745873247923,0.006911235590811415,0.004740072730030187,0.004927743947839902
2023-11-24,-0.004603090542094401,0.0005061113306010778,0.0076377873104449545,0.005201596914642392,0.006736360136061048,-0.005130145378101192,0.000528978670128355,-0.0014098206055742635,0.0,0.0006153298008175767,-0.011775165712577418,0.0026397603836894046,0.004181456099559,0.0028922254429388783
2023-11-27,0.00567535162754651,-0.004046531642741824,-0.0034452801983320125,0.006737817869841178,-0.003345686484293453,0.008117119240224291,-0.0028418472831661656,-0.0008730685110425185,-0.002975193788282593,-0.0018010380546071847,0.016703881010077026,-0.0027645296943513697,-0.003309992914800608,0.003635900821339577
2023-11-28,0.004389007477691997,0.00837969239886105,0.00027659384303957424,0.013331852960406732,-0.0038605609711221955,0.003978503452729543,-0.003380152159030758,0.002621175593270131,-0.0007105676481247158,0.0009900036991439265,0.001971760763917141,-0.0010562542830016008,-0.0013926825385520702,0.006620746806633715
2023-11-29,0.004890417101658384,-0.005791710742965139,0.0020738802003024137,0.0014794398574642376,0.005279541282628086,0.008113669689024938,-0.0008644158054650353,-0.0009741333002768471,-0.0004976617927939797,-0.0007031552478528047,0.012570783174816302,-0.0010571602520398349,0.008260073360918163,0.0069496466358334175
2023-11-30,-0.003313497206388405,0.002026392393707166,-0.0008278352489889951,-0.004167950375202456,0.0037995213587693755,-0.005241045402879285,-0.0008653712145716419,-0.002513947173066189,0.0034854786974836127,0.003937218364668427,-0.011551250571346316,0.010053967374691108,0.007022010615711505,0.007271347950626561
2023-12-01,0.008793196020168592,0.004297077920732972,0.01049413796416232,0.017271494075951965,0.02922185603735472,0.01204023318864511,0.0026648350621125694,0.0028547153238807077,0.005954384348424657,0.005916002420679467,0.018834036312400215,0.006942016205875534,0.010882300154812174,0.024593276219229132
2023-12-04,-0.003821096969751636,-0.01132638628508642,-0.007788866038331066,-0.02161342646325959,0.010707792595678667,-0.00457212470035584,-0.011095705300951053,-0.009283617680817091,-0.005073295430672808,-0.005249414753063175,-0.00397888782426592,-0.0005204684195019293,-0.002090307268696967,0.0072843751489275466
2023-12-05,0.006634624462730443,-0.006109922065351658,-0.0035807482571313942,-0.0037794459254785195,-0.013376758737278838,0.007967703398321202,-0.0001342896178727626,0.002511216160902663,-0.0004962028535053786,-0.00019719463843470564,0.021485595943483204,-0.0033837161296110807,-0.0040848421135266655,-0.006639033952567597
2023-12-06,0.002574776885374108,-0.0012807299363066793,0.003040734253034305,0.0036868953454944897,-0.0017897503300849937,0.003719822033971587,-0.009474451635572811,-0.00578400957682379,-0.002905200663874341,-0.004029633836950541,0.013317904181598283,-0.001044285607268769,-0.002102934640835885,-0.0029835252617121943
2023-12-07,0.0003082383621479945,0.0048729937582598915,0.0048228194567780935,0.0016503277504122948,0.007226119999018676,9.297081403647489e-05,0.014449466107896658,0.013972108766903135,0.007604478362557732,0.007630495522356506,-0.0057371265302902374,0.000784006885326427,0.009062859944370727,0.0028726696291401232
2023-12-08,-0.0050319167587074,-0.00433896413636059,0.0030171958436797652,-0.01334039111485108,0.00760542532957742,-0.005373718986018905,0.00842554238523352,0.004456707006535776,0.005148884946851728,0.004299040389817765,-0.008182728994732935,-0.0003917484580961972,0.0069974280818474455,-0.0016708477640439146
2023-12-11,0.00010317617145028102,0.005896056741616862,0.002460980513866229,-0.011042895165362276,0.0020877482633474553,-0.00027920213305343555,0.010543883150991862,0.008542439871929819,0.00863102978025121,0.003889599493412943,-0.0021153813730930837,0.010192266550899776,0.010786211292795667,0.0027498998163579813
2023-12-12,0.0029926664988531027,0.0002546524980062692,0.0017728653846746933,-0.0005446421195114404,-0.0010149696891805782,0.0056835408460265135,0.008924594131545449,0.007964143559030079,0.007791741664231466,0.004567143826289977,0.002967794002401325,0.0042683559275067395,-0.0033859980986781224,-0.0005962575479540044
2023-12-13,0.012553131274503748,0.009936330119307613,0.014567872323039799,0.022562533466176538,0.033850289175311854,0.01676841693557507,0.0064390079478113815,0.01271720006013366,0.01152830648103298,0.013790064360344578,0.023461975352824682,0.01275105456353387,0.015545937240494245,0.03829654268845695
2023-12-14,0.008070650947843427,0.014631659770992123,0.007380529139833669,0.005862552982469849,0.027828044889545822,0.010634822117285614,-0.00601000206046276,-0.0008669483487241392,-0.000682645825998196,0.003209432691612335,0.026013085995057583,-0.010046899602339177,0.023114662104690487,0.028840481172673016
2023-12-15,-0.0023251384773486095,-0.005967226500760536,-0.0097241666858352,-0.009166511771857233,-0.008404423320683141,-0.0014476249389329121,0.004550999229015362,0.004833958584033127,-0.00088767075258811,-0.001646461952551359,0.0011106652104686532,-0.006038005836486171,-0.005846264484272279,-0.014071890601209502
2023-12-18,-0.0020263577461921978,-0.0005000832105670483,0.00242125535883031,0.004545487184575592,0.00035542817316458475,-0.004167974578957456,0.011067179955849493,0.006298716781027114,0.006972111233316536,0.005625221721232032,-0.00796769961163879,0.005945469117963009,-0.0016944298117003154,-0.0022655976348722184
2023-12-19,0.0012184192908966107,0.008508538886979666,0.00845420585999146,0.00681394057869511,0.019380037717398935,0.0012737594121305928,0.00582521888234,0.0051096565591699505,0.004547868876100258,0.0060806788522707045,0.005388429800352146,0.0019273949966462922,0.009983893246575892,0.007606624171923038
2023-12-20,0.0036506399059450523,-0.018001757538567698,-0.010091832046483007,-0.005445982936102989,-0.019560841699976073,0.002635371177185153,-0.016527474167387646,-0.01485966976646147,-0.01302022230744293,-0.013857197336850313,0.0067752837171422,-0.013668810645364848,-0.017352457918553887,-0.012169056140956758
2023-12-21,-0.00010088747148429,0.018795143802778913,0.01619706184865377,0.007070635455129759,0.017016522127436984,-0.00036264492419146865,0.013296130091353886,0.011635226740409177,0.008858931926509106,0.00948181162301398,-0.006327757374708587,0.0074517934813560505,0.01174562337076357,0.00886843670460502
2023-12-22,-0.0013133609548757752,-0.004801665691152035,0.0009377453306780303,0.004434417088942322,0.009317611129269876,-0.0017227646710545885,0.000896005244403586,0.0014960788921898338,-0.0014296093107538654,0.002009796586159185,-0.004549085134318953,0.004671909367511828,0.005004053728263402,0.003891315616405322
2023-12-26,0.002023232066437064,0.007872095826432224,0.004549625413915681,0.007620733251079592,0.01300383074805378,0.0020891402513141255,0.005563907844711169,0.00612169156937048,0.004499063814686233,0.004222402008114967,0.002843684946104874,0.0024541271921494356,0.009958114497036652,0.007411012838101749
2023-12-27,0.006361863470310869,0.005794867368453582,0.005328427565784777,0.004537842226414179,0.0035277169807479414,0.009335681465633794,0.002480214965813632,0.002035729458174762,0.0019000773130513071,0.001808233403949533,0.01771944574586204,0.0018039095885913348,0.0006901311249136732,0.004866246475883518
2023-12-28,-0.002207600251941999,0.007765508555395373,-0.0026502026483598007,-0.005815437657636813,-0.003808233422856744,-0.002604438025863187,-0.0005709791977456247,-0.0004859710981729437,-0.00029147994891309814,0.0003776462452238505,-0.007262900902409886,0.0016720718484701802,0.0005913153056871234,0.007095466936479777
2023-12-29,-0.0019104951657713531,-0.0004970465062817953,0.0010630079396189984,-0.001566841018672216,-0.016320334792173985,-0.0036910077384202378,-0.004125820288806481,-0.004327741973517707,-0.0024406242478371976,-0.00289492035951755,-0.009019650424599068,0.001926030406909529,-0.003840480985948469,-0.011854037800719586
2024-01-02,-0.004735584913927671,-0.01168865155412524,-0.011148028151388711,-0.002353909884146743,-0.005928871197817598,-0.006777663824312441,-0.018293066219785326,-0.01692228360089776,-0.007272002492918039,-0.00559638348657121,-0.005764700593341554,0.0038446558896716443,0.0013839697479063329,0.008601141777146992
2024-01-03,0.000506424267627148,-0.005536039349043342,-0.00751595331811461,-0.008336809604204354,-0.02666410309517475,-0.002274612243535201,-0.008505265318142996,-0.01058159477154308,-0.006435271581196389,-0.008166680634763557,0.004170561569145637,-0.002297776334372559,-0.009970451499395239,-0.02390039976888747
2024-01-04,-0.004047565050243285,-0.0032895068181644227,0.0022989751335433795,0.0010046128932528209,-0.001956701984818676,-0.005562691382371643,-0.002554093425180426,-0.005146324984187989,-0.0035143364915254383,-0.003221075305737564,-0.015194618448502228,-0.0019196804560041025,-0.005284706852402898,-0.0018391725984346907
2024-01-05,-0.0023369677189115645,0.0012692684526256492,0.0006745065346380752,0.00015845540955172766,-0.0029409285860685364,-0.0035762387991802314,0.002100977644445834,0.0011860425186527301,0.0008991401094424756,0.0013696013623756276,-0.009565838058532061,-0.0017945849738680852,0.005613487038949039,-0.002533933322588111
2024-01-08,0.0037679871099214335,0.00278907508776971,0.010651225197285008,-0.007816271130823282,0.01800774911694436,0.0076384604842612,0.023650417250902223,0.02066789794547197,0.014784144811439193,0.0142760527784358,0.009865885603858926,0.007705895559402931,0.01016757993313977,0.014317145879822135
2024-01-09,-0.00020284845420392994,-0.014159130986881374,-0.008938142250889514,0.0003193567900841021,-0.008946164515045596,0.001735196923708937,0.003392118573324998,0.001975479039920014,-0.0007490205422980845,-0.0015170616776786217,-0.0063757402042304845,-0.001911792769916043,-0.007795603397259376,-0.006716048258183727
2024-01-10,-0.0019281731714202444,-0.0023083072660888826,0.00646118131714446,-0.00228804710551489,0.0005642127045712986,-0.0012763921969064507,0.00975877353993937,0.006777597053035711,0.005995590907159398,0.005655398196529937,-0.004657495065712558,0.0025539058547519033,-0.002187968900073667,0.0011460948201291732
2024-01-11,0.005693330560512466,0.004113048413777021,-0.0001337507212075817,0.0019733072916665595,-0.007843012143541772,0.006025089585721899,0.0057482496387752935,0.002080810144093226,0.0024379793737290267,-0.00044060704158532804,0.005614830238251933,-0.0010189600139554056,-0.005083242677358379,-0.00927208633151666
2024-01-12,0.001819684626918061,0.0035842655498323772,0.004146716262930283,0.009794068475553752,-0.0016533806827823128,0.002178051362852651,0.002009635700040091,0.0005131536806877168,0.0024321556985200665,0.0006925839857079286,-0.0019645383396073024,0.004845047509590916,-0.002704868487568568,0.006008135869624898
2024-01-16,-0.0074671967304326126,-0.024234732343263454,-0.016784469637402655,-0.009488181898979597,-0.012368521782672892,-0.010141175276097147,0.0025074452119759894,-9.779051580005582e-05,-0.004313400165873227,-0.0036711752397221575,-0.017613029423198867,-0.002918383723260032,-0.0053240717025077045,-0.007350317644932769
2024-01-17,-0.0027448543128878455,-0.01490200604897951,-0.009483762750588376,-0.01101595063528893,-0.007126466543238563,-0.00210396816664149,-0.005689764017081211,-0.005640685679002111,-0.003993379074841763,-0.005558695057710117,-0.001582118980588132,-0.0021632349222838743,-0.008584073053519825,-0.018280792126813106
2024-01-18,-0.0009176688497884999,0.008227259625814831,0.008890740906398964,0.008232882099906247,0.005910925660572497,-0.0019250985443008961,0.013079413048660227,0.014194088561002127,0.01019356090251855,0.008892810925040795,-0.009295205182783262,0.004973992089093882,0.0019353569984157382,-0.0054213025510019275
2024-01-19,0.00020419912309677102,0.01052908662959795,0.0023047846813695205,0.00298872590696031,0.009601215458670875,0.0010101255982382096,0.02153808543399993,0.019830986582090482,0.014530878274080061,0.012466281579720295,0.003198626909789226,0.007360018721264794,0.01352198874423971,0.01196835106658467
2024-01-22,0.0018362215078278066,-0.008856562091614117,0.003111107278947367,-0.003777957126316789,0.02135843456532327,0.002752575668356627,0.0026733742510345326,0.001305889005749572,0.0035142436643169628,0.002114191219384498,0.005951828666663328,0.0017638865079074861,0.0038117767459127094,0.005971718465752618
2024-01-23,-0.0024438647905425936,0.008672781257493156,-0.0028318682069433665,0.0038991332271092194,-0.002900387383019787,-0.003659715482071779,0.0008484668070001256,0.004149649023367674,-0.002246478849961542,0.002916543735052679,-0.007924266197985363,0.0042754261730879595,0.0037971405007504178,-0.00686761121759405
2024-01-24,-0.0022457402916052915,0.01120386581091748,0.007572870660482955,-0.008246890539639895,-0.008215376177625022,-0.0019285562773566634,0.009869039443005212,0.005549243179457042,0.0017882470354626534,0.0010931331410748424,-0.005857041283784392,-0.004382615476239415,-0.0030859006933868782,-0.014299045035839453
2024-01-25,0.004501504354819552,0.0012883406979937728,0.002818454717508967,0.003969986681303217,0.008283427651824882,0.0066249137464478025,0.006774924822797512,0.0012210336777822572,0.0029087104541303255,0.005438777162472874,0.006534687365531644,0.0051566654481560725,0.013480962337887759,0.01284167191800023
2024-01-26,-0.0011203115935882746,0.0007718028617444972,0.0044163941389958605,-0.0006946931881827156,5.127760431022921e-05,-0.002833652199766834,-0.00458528115301049,-0.005957575343437549,-0.002373204704285037,-0.0012702055313399407,-0.0019158115071734594,0.0007509853207390282,-0.009951547875882816,-0.002817281947557926
2024-01-29,0.003976949735878588,0.0005143796777533627,0.00586263381703267,0.0070584854445867595,0.01750172483096657,0.004124921935470871,0.011426946293129125,0.010240345679077167,0.009117944531298994,0.00791917880017956,0.011516212381622593,0.0028754923898759444,0.003483178145896826,0.006592757822579065
2024-01-30,0.0019295105976024907,-0.007967080917809843,-0.0013246408642988428,0.0013805262268788976,-0.008525145168819748,0.0031952912900841124,-0.002188757617820558,-0.0066564704323772705,0.0,-0.0007733642226800397,0.009065885898128512,0.0033662262880034266,0.005355548466059901,-0.009356806898340952
2024-01-31,0.0045615349073737654,-0.005440365310540707,-0.005040399735620871,-0.0007423479101065222,-0.02442985326657776,0.0025479056115378373,-0.01802115325421838,-0.019586194198271678,-0.014600744904422203,-0.016317261592246002,0.009820544405847897,-0.009443463495879878,-0.010555342885747776,-0.009562979270353877
2024-02-01,0.005698281200224198,0.009637918713145455,0.009865332968093776,0.01040067256889099,0.013272749927073502,0.00773355077366733,0.017084062349986606,0.011775541097461817,0.011960075191148611,0.013088244590814924,0.019616024010870925,0.011415069033766212,0.008673860302419456,0.018118891284247596
2024-02-02,-0.009157747706826092,-0.00283790211436985,-0.007920783422703859,-0.009453300862028224,-0.005270165993143339,-0.009129359849884167,0.02617547798319575,0.016900591110160068,0.0131319593785435,0.010527295315658103,-0.02208878801671499,-0.0034727863705460438,-0.004348881160211593,-0.012410879531899899
2024-02-05,-0.008226708550413742,0.0012936739810482933,-0.005322645373588175,-0.005513988032274764,-0.012705185791106244,-0.009578645097855554,0.0024871152351395587,-0.0013053398832698626,-0.0005833677379809554,-0.003641195932157837,-0.020193615572021928,-0.005973657484891759,-0.008736395938947594,-0.020983771420736153
2024-02-06,0.005222808763093223,0.02273903709600633,0.006153846494616699,0.005224693124019186,0.009013175949400098,0.005618659516406277,-0.004385159528800919,-0.002007525097131535,0.0017509220167597483,0.0029032539728739426,0.009773978864242805,0.0020031192748595217,0.004506813805698284,0.013441516623490912
2024-02-07,-0.002037650413693415,0.0012632768517697457,-0.0005319829866711201,-0.0002651978305409086,-0.0023234818748744113,-0.0029310568597894493,0.016168457512873102,0.010290357030616759,0.011716805529848884,0.008340496313372414,-0.004839952321905261,0.004373404465849662,0.001794669706688845,-0.0014340210702067369
2024-02-08,-0.003062418216609464,-0.005551506648364235,-0.0017292867743812224,-0.0009018470501077624,0.015164011138508515,-0.005144292037968401,0.004334038551971897,0.0018521123710295573,0.002367174750029344,0.0004416242430944628,-0.005814637479306106,-0.001492980209226502,0.0003979578158270769,0.008136917466109672
2024-02-09,-0.00030726799023750306,0.004313771583141834,0.00346489574201847,-0.003876152075832917,0.016263019030906767,-0.001292547292833679,0.013343923229845345,0.009842997261983122,0.006255614326293735,0.005779399036627941,-0.002020375931100493,0.0011213105353955477,0.0036808533459771198,0.0015431138035206793
2024-02-12,0.00020496527086577565,0.007831910119299623,0.0017263009346453195,-0.0026119694947860372,0.01815996662984043,9.242752480731475e-05,-0.0058835188950047135,-0.003912692580270494,-6.346733767514934e-05,-0.0004389554866645051,0.001172276644721526,-0.000746571400469187,0.011002223519110066,0.00023698271102046142
2024-02-13,-0.009216590649363199,-0.018801494797511586,-0.015378560451019263,-0.013788690196348319,-0.04114103416329984,-0.011001223905918844,-0.011893408336319578,-0.015596946125834288,-0.012434040606004726,-0.013772926717276479,-0.01713500586124428,-0.007472774256695458,-0.01882366684077763,-0.020616196295898725
2024-02-14,0.00444441991087019,0.014307552275421687,0.011175489030054608,-0.0005961123453055439,0.023226021612177128,0.004673695844448433,0.020022783797415622,0.010897255663146366,0.010149618730273868,0.009087666286839324,0.005089460536704005,0.0050191588926027375,0.00919284908602891,0.007863371417571763
2024-02-15,0.00236655538589714,0.004785740112971393,0.011318303772360094,0.0067238125229136525,0.026665860504501593,0.0036282673918632824,0.0019013389842259532,0.002977739167011162,0.005786869046364496,0.0068997297830211135,0.005171326744807692,0.006992304472421607,0.010791803371444697,0.023286706245309707
2024-02-16,-0.0031823381773155024,0.004763349095578517,0.0015799632537281116,0.0036625695484677756,-0.013598169386359382,-0.003615150658612065,-0.009879730792444086,-0.009067699941022078,-0.0075870869282873565,-0.004980098518564291,-0.005787586196435379,-0.0023560369622421806,-0.004897530770422542,-0.010322503675234462
2024-02-20,0.0009268625123861618,0.0014970210064491063,0.004075087832861923,0.006064210073093879,-0.013785395483249863,0.003349466754402286,-0.01257207561187812,-0.007548238846027289,-0.0074541628197198895,-0.005505381676903065,0.000862021287348691,-0.0004969352046393372,-0.0017718012143734807,-0.0017779297409907802
2024-02-21,-0.002983562458921174,0.001743913831884214,0.0007856969128365865,5.331256612173263e-05,-0.00472654879171186,-0.002503733582715051,-0.009020700959380346,-0.004001711824493603,0.0016045216403208773,0.0009058194580879864,-0.007108544817123863,0.0031085978690328364,0.0020708369265407534,0.005580622357760134
2024-02-22,0.0008254345092424398,0.010196370506094565,0.011250720613404264,0.00042672195902415666,0.00757794277794277,0.0015802796958137577,0.039292369546800376,0.029275707831082354,0.025762662553221904,0.020695489702332592,0.004881526389038493,0.010288766514580772,0.005018714037965832,0.0018892199531401754
2024-02-23,0.003711951081649234,-0.0004923732628845379,0.0012936237916254534,0.005651511902278639,0.002256339859098455,0.0029700755635684306,-0.0018293247115174216,-0.002944771849192618,0.0012495691603908732,0.0006896579920787627,0.013386541068280522,0.003558387977907973,0.0023499633595931435,-0.00047153821113854466
2024-02-26,-0.002157518480829901,-0.0044335423236611105,-0.0014212653946797937,-0.0022266895335479875,0.00630360712987188,-0.003146228168753318,0.0026657359584947304,-0.0005264568835706696,-0.0009357633982775004,-0.0036623934615982456,-0.0029830140503191993,-0.004646008405501334,-0.00371222345326927,-0.010965759492052474
2024-02-27,-0.0013384454118487987,0.0019794372501082957,0.002716972466205725,-0.0010626830578386315,0.01416848602187315,-0.0013925475250750052,0.0006091533956811279,0.002405124262864433,-6.258586028218271e-05,0.00185756167148865,-0.007052119146141678,0.0003684252539721822,0.0037260554035263294,0.0011923778804734386
2024-02-28,0.001958956796791256,-0.013086549678572368,-0.005806231976032028,0.00180849115899262,-0.008235348453258351,-9.293448465075294e-05,-0.002103356639286069,-0.005324389429585796,-0.0021861505910046874,-0.0013215789091137742,0.0063489982870876815,0.0007366765646923401,-0.002149148706225179,0.010121690085133528
2024-02-29,0.0016465445703395254,0.0005003803151952813,0.002595534739035843,0.005150266749304189,0.006969277467947732,0.000929667318711358,0.010761749482155913,0.008569200332075866,0.0033175782129191145,0.003595030149642131,0.007057397336568405,-0.0013496930842906707,0.00665697915828023,0.008487308819791872
2024-03-01,0.0048007919086521245,0.012252985371246083,0.009708727459586175,0.018910791174389097,0.010602139111090425,0.0060876632630444405,0.023434319944488635,0.015056894595890435,0.013101979341842318,0.009388330123801136,0.006231277210126729,0.004914714418260191,0.010308180366707331,0.011922792332132115
2024-03-04,-0.00246067266007044,-0.002223243352669213,-0.002564029085459496,0.016174996770490724,-0.0009227642022616722,-0.0018531666501900856,0.006703128835824579,-0.0035681023449185556,-0.000738894867438944,-0.001072521414107519,-0.004022736541779981,0.0012226695329824455,0.004812831266363338,0.009356603636187177
2024-03-05,0.005447546487457489,-0.008913087368186745,-0.0017994767248097343,0.006020141664404566,-0.009576986089812944,0.005477120582463968,-0.01816440845835654,-0.017949531821451425,-0.010846711760217898,-0.009994130268758838,0.01424194028329473,-0.006350059338923297,-0.005268749001660966,-0.012130882864469061
2024-03-06,0.0015333184824204427,0.01448917824275786,0.011846511088954736,0.008215401882095241,0.0074606876104461595,0.002677427666664345,0.009820095307104815,0.00628365859379354,0.007289753962159473,0.0050672532385653835,0.005867893806979385,0.00700488676518729,0.00895609391360086,0.004981348668310126
2024-03-07,0.002143716114304306,0.006156180746060835,0.011835080058883563,0.005683843351386164,0.008331385022968485,0.0024863004959165824,0.01649373393054354,0.015178071435796081,0.011690319568729235,0.009926389913529787,-0.0009374872873626483,0.0036612946567990967,0.006681261016744822,-0.0002303146386705146
2024-03-08,0.0009165159478858875,-0.0009791590667029837,-0.003269893273723845,0.008452547868211147,-0.0006281804808804248,0.001377688755134665,-0.01871036183281538,-0.014434723430396312,-0.011922160583723973,-0.0060022091803608735,-0.0017726169344418619,-0.0013376449806860036,-0.0036975886816134063,0.011530111538863075
2024-03-11,-0.0011193015422908958,0.0022048239376719625,-0.005678539508052083,0.00183502012710135,-0.007929311537567485,0.0001833462784572859,-0.013196017668085203,-0.003712819236833309,-0.002784420016483047,-0.0008598013296785556,-0.0005223869337124265,0.0035310928234251193,0.004662807479842268,-0.004787751725596867
2024-03-12,-0.002547018206997209,0.010999768630775897,0.007994937030153082,-0.01094062729637224,-0.0013644580639823323,-0.003209441298565263,0.02101389897485295,0.014335009682558963,0.014581784337034387,0.010757410938595058,-0.00836124290733753,0.004125378146827119,0.0022734670045954086,-0.002175929094863749
2024-03-13,-0.001838257163611301,-0.0031431652415758737,0.0001261122895488409,0.00700740378557585,0.003904182542318946,-0.0010122418802603894,-0.005506169888966017,-0.007686070803896272,-0.0014676722036212064,-0.0015675294192366573,-0.004848130386172267,-0.001329240020632727,-0.000850453715565469,-0.005050611764853441
2024-03-14,-0.006344097702407847,-0.005093332742982959,-0.007301189245249584,-0.004175139558116325,-0.017889198083964275,-0.007367996948313138,-0.005321674810323973,-0.0025214765977144005,-0.0015925785247110635,-0.001976821879233537,-0.015357180974065243,-0.003508876019137963,-0.011161474983517383,-0.01499757038583982
2024-03-15,-0.00010307142567056449,-0.006094551515643976,0.0003804415662644889,-0.00319440663913817,0.0018807113600414205,0.00027826176231093847,-0.013510753001833797,-0.011886735845149876,-0.009385912318234269,-0.006866523913234834,-0.0003225564609297127,-0.002063950976178619,-0.0007653919271244369,-0.0022254103964912675
2024-03-18,-0.0010297065674748085,0.001716966008925347,-0.0002536361954487143,0.0016022835845583838,-0.005730835010535618,-0.0016696537324502048,0.007231370097463552,0.009537470492308131,0.005635474485130798,0.005943093396157062,-0.0030126428536383365,0.0023116021109492735,0.0032547680690073744,0.00046955759169753364
2024-03-19,0.0024742891286533286,-0.004897208827263189,0.0017752740112817467,-0.0011498061737871268,0.00422352240007684,0.0028805285127264657,0.004296808473106317,0.0024914478927746675,0.0058501448384962185,0.005557027624846889,0.0028059590627782516,0.006069372290536279,0.004293867261086826,-0.00035207687386507036
2024-03-20,0.0020567043582246924,0.011318813986175513,0.01063140586341449,0.011911859798154678,0.019792333120895345,0.0018529013251518123,0.01175191588552793,0.011856817027155131,0.009795333264998485,0.009249464247699013,-0.0003229107188463809,0.002654535731015928,0.012256720027274515,0.00657293650982349
2024-03-21,0.0007182879335567716,0.0012167530567532836,-0.0005009663715955792,-0.0010386361790747367,0.011489520272024434,0.0014794859562310414,0.0104040877299576,0.0047321419063495185,0.005317084978770481,0.003304731506973635,0.002152981470256332,0.0019336632525110975,0.007179817889835016,0.007229327074711911
2024-03-22,0.0031792912945014518,-0.007047360132297564,-0.0021299667673735367,-0.00802096899240623,-0.013802119190576723,0.0034164808619521203,-5.2987471553245236e-05,0.001143831632306247,-0.005198268236976444,-0.001895993153274711,0.00956074845605226,-0.0025330885888170673,-0.0046899136682333475,-0.012586402217221404
2024-03-25,-0.0018402033265194628,0.000734123280161203,-0.002134721109955162,0.0031944066391380588,0.0022919299770669532,-0.0034048482630236743,-0.0011666102563303582,-0.003629135295151853,-0.0038886049999166117,-0.00276271348794066,-0.005001160286342787,-0.003144210325877528,-0.0012251444973239156,-0.006148630670227528
2024-03-26,0.0010242672952476273,-0.0007335847385266936,0.0011326683512065117,0.003233961285236564,-0.0018001675551104768,-0.00027684779157621797,-0.0033976491205344184,-0.003237624753867352,-0.0038429908064296914,-0.0018470320741533763,0.0027805432737202374,-0.00012143424675781223,-0.00037744161815156385,-0.004045351727551716
2024-03-27,0.0032742164583710043,0.001713085530971492,0.006032988048588095,0.007240660177973313,0.021786768511059318,0.006926928399097809,-5.3150249214262146e-05,0.0034059462836442123,0.005205038837465148,0.008403804513425595,0.009917791161824452,0.011647696691535758,0.01746277277777808,0.02580357783779963
2024-03-28,-0.0012238559250739023,0.003664830272824382,-0.00224868715394666,0.012900024807739996,0.0031483918243704334,-0.0009172729213792197,-0.0019710517759791157,-0.0018432832229980933,0.0011572523522722644,-0.00019109890074997526,-0.0008445553492347768,0.0023987395720777016,0.004824123437395578,0.007103656746367815
2024-04-01,-0.0072710038171729385,0.0017040092227333936,-0.004257473150811042,0.010208079384865787,-0.009415011195104128,-0.009574971642346553,0.0010675667110982001,0.0021170087493473932,-0.002920630039925598,-0.0017396319666391769,-0.018641274982657996,-0.003589499084618142,-0.0039700256676549195,-0.016766964044440558
2024-04-02,-0.0007219942890824838,0.003158912098345956,-0.007042321703915944,0.014772360490971526,-0.018385367609770054,-0.0014889553443958592,-0.006558255993324158,-0.008630280430143022,-0.006224530247702975,-0.006358195089366858,-0.0055104388680968786,-0.005163255327799932,-0.010103802204413093,-0.012583785886078447
2024-04-03,0.0006191525728100888,0.0007268490257037463,0.005572533522222756,0.008772374739768773,0.006552939837812133,0.000652139768530624,0.008533776923459246,0.0022444298522195094,0.00030715631105171504,0.001098354063610918,-0.0002173429488036005,-0.0022931705228034227,-0.0004681857362173192,0.001072055213225731
2024-04-04,0.0023727198495167023,-0.0036311188196882505,-0.008564277225674655,-0.005734705223284009,-0.010008297577475123,0.0011175159315659489,-0.019105087783855,-0.015290738227725864,-0.01411901117803327,-0.012206031586161403,0.007172330211889122,-0.008710526484307257,-0.010492815290572777,-0.006424847901438491
2024-04-05,-0.004939975008975694,0.0021866111366626306,0.00317587951113385,0.017114197447370305,0.0033370833250199183,-0.004371986428763908,0.017686662521486873,0.011783877788393182,0.012079617088375239,0.010446796782341838,-0.01391892591188093,0.004881692875559285,0.004071136617516569,0.005149143013742252
2024-04-08,-0.0009310688964383473,0.0065454234235271525,0.004938536403111371,0.00622848536623688,0.005478168170928832,-9.341776834215221e-05,-0.00261224457330389,0.00029535391877222317,-0.0006151962985737613,0.0005593142415660779,-0.00010935281632962202,-0.0006074511059908083,-0.0008486451820636232,0.010721914225281903
2024-04-09,0.0034166714189620695,0.006743709688212807,-0.0001261191904587955,0.005497054993034878,0.003940134719776722,0.005139085359314288,-0.006306973724237941,0.003699386242015379,0.0001231918144559696,0.0011567925127138334,0.009301868030972438,0.00024308972804765183,0.004058225325238585,0.013319256948414182
2024-04-10,-0.011968730008821149,-0.013636310291880505,-0.013232396042091366,-0.009463856185613961,-0.026407463709219425,-0.014223044684795738,-0.003980566908301286,-0.0087285506243574,-0.009725578190956652,-0.010012985450947975,-0.02179334042765202,-0.00971921033467682,-0.020208659947177354,-0.04140972186608938
2024-04-11,0.00020868988492517282,0.006063607461704201,0.0026819257804582275,0.019433247203493043,0.0067685786288391725,-0.002074853513884034,0.011178967302093445,0.015968302951052893,0.00888853556136504,0.0075469239004943844,-0.004544298256925816,-0.0020857443603775616,0.00019171666729933534,0.0033974067897570848
2024-04-12,0.0018796359177619681,-0.022902640681847553,-0.016176314744722253,-0.013239324939518515,-0.017796396937501235,0.0022680599984246097,-0.017838066483512938,-0.015941811586710042,-0.013307878282008856,-0.013803209202728373,0.005344352139544206,-0.010818829407844732,-0.017360338424202815,-0.01185136776632767
2024-04-15,-0.006044233202262661,-0.006414966940017863,-0.002977678557552599,0.01871915519396472,-0.01464591659929837,-0.011031504403578585,-0.016965679797270816,-0.01645123939102011,-0.012363370608651447,-0.012527984189282027,-0.015505363497514302,-0.005965373673174956,-0.005075649629774248,-0.01701138845658845
2024-04-16,-0.002831016248728613,-0.01316109518396713,-0.00986884433481805,0.0012220152803359419,-0.0036776636624226144,-0.0033370506909046194,0.004978340389284908,9.30053059597924e-05,0.0009484378386661607,-0.0018239117772687052,-0.006637506871402965,-0.0007503318262489511,-0.006867358928047906,-0.014068796462432198
2024-04-17,0.004626305528575125,-0.0007552180009002818,0.0006557731598124672,-0.007368252752093185,-0.010560734807039118,0.005452447448863085,-0.013540387495139972,-0.012201333319863839,-0.007011277469571975,-0.005918175894986888,0.011098418699988066,0.0,-0.004050429173894421,-0.0073242143305931595
2024-04-18,-0.002825632531116784,0.004029557173993892,-0.0027523337928694325,0.0034154561341945833,-0.0008289314327623032,-0.0019977683380096867,-0.0061375831511353285,-0.005706311024486377,-0.002162444034011779,-0.0020577684122999873,-0.005039986612535574,0.0010009959543986202,0.00029768908082505874,0.00012743611575571911
2024-04-19,0.001049576673643804,-0.004013385009636328,0.00039418246306910376,0.003131535140574959,0.0015556879104359211,0.0010487813063502216,-0.025488373813776666,-0.020689254716611538,-0.014725668503431266,-0.008728209748580795,0.003602019610974727,0.006249919144195593,0.0038670520056056645,0.00483315681475327
2024-04-22,0.0006287378329357107,0.010828821029235769,0.011692154629171947,-0.02470249054532203,0.01118363579689663,0.0024758240498266026,0.00996631246886337,0.010056687209094584,0.00854024386453478,0.009209006502668204,-0.0016823514953249186,0.004596373189308167,0.007408095261850267,0.008860876474790835
2024-04-23,0.0020957217497603597,0.008221107718358933,0.010907619133107227,-0.002458663172418052,0.016743447266792444,0.001709712918920081,0.021448012572526487,0.014922888857358041,0.011483315347658785,0.01186670029957293,0.0003368680338755592,0.0037095898740271416,0.007941930546744969,0.00915918955671069
2024-04-24,-0.002613935077332985,0.003459487021434171,-0.0019268865649748612,-0.0018600907225296837,-0.004482147638322331,-0.003887756789112684,-0.004579333909229044,0.003387670092872108,-0.0006977068562831201,-0.0004747143485898109,-0.007076171030719114,0.002217508339380947,0.0031130173221385338,0.0018651780887581904
2024-04-25,-0.002830545893229952,0.002216126054818357,-0.004633242808623539,0.005963468053189924,-0.006070473369724549,-0.0029515346476364224,-0.00460031348850698,-0.004829934470441999,-0.0030463947085745957,-0.0037989603785231196,-0.007013548569254624,-0.0015979524765009634,-0.006012446180827413,-0.005708610171553108
2024-04-26,0.0022076880289307876,0.011547731532580263,0.00801666423147096,0.003241927353549112,0.009568528052099179,0.00381949617372479,0.012681145455947007,0.01543189595658978,0.012541451928869352,0.009474017134525559,0.005240341725431863,-0.003570458285333755,-0.0032195745108871687,0.0004993051856276853
2024-04-29,0.0030419589669261615,0.00971591212080547,0.0038482294576500653,-0.002031218037689575,0.008066190677775698,0.004185387515782457,0.00033379433684466164,0.004060123596709486,-0.0005029758834390607,0.003541427118913587,0.008386292284083607,0.004324776227339067,0.006264110226678277,0.010229400449711878
2024-04-30,-0.004078578483702633,-0.013952317748067045,-0.012650189663987121,-0.019937078844561418,-0.020304295815340212,-0.0054942767883797705,-0.014632071091157939,-0.018856090085791033,-0.012644106819552525,-0.015841227166982663,-0.00854108240034146,-0.010211828867010886,-0.018091648792789794,-0.016917738369402247
2024-05-01,0.003528970161120304,0.0009758576275908926,-0.002200196684898459,0.00906215232545482,0.002092936936505474,0.00415999869394823,-0.010276024574986997,-0.007230597553452789,-0.004905742723963158,-0.0032472127882119395,0.007370739526501469,-0.0013673757923615693,-0.007825544964858655,0.00037677322366191923
2024-05-02,0.004513256176354563,0.025834623832988735,0.013489169912516363,-0.0030870874411647042,0.01838933509212559,0.006189919569857594,0.010953269702222324,0.012763382239872278,0.007555068234880613,0.009353450838071709,0.00429111912013691,0.0037343576142789825,0.0062899333445956,0.014063344385650378
2024-05-03,0.005120178720170454,0.009028365035371744,0.009981881175174623,-0.0007976266365629092,0.00990400339274422,0.007003223995447838,0.01630824251735663,0.02009852903905074,0.011564982383833744,0.012395395370112805,0.010119001566587515,0.005828220858895783,0.0064488964274822536,0.0066865837990124355
2024-05-06,0.0007276911590683444,0.0009417561636411165,0.006842533304507237,0.010518361024399514,0.01292725979593623,0.0028197039645121436,0.02032190962488456,0.010953308961912267,0.01350589764225596,0.01032679554268845,0.0038959422096334073,0.006041173134224476,0.008182316559065095,0.0008607942803156021
2024-05-07,0.002077789839869615,-0.005645693502226434,0.002642669511907947,-0.004600326433150892,0.0022491937891178093,0.00046872077113047084,-0.0005985524115226237,0.0001591161895460047,0.0032229882715091307,0.0011034840926713585,0.0060982111537863926,0.006372614372307739,-0.0010755787939709105,0.009463051633656905
2024-05-08,-0.002073481580907699,0.00023667193597831648,-0.00112940938819861,-0.002941061869504713,-0.005805744330890983,-0.0025291694115457952,0.0014158229769365427,-0.000590628383004721,0.0,9.660296931102152e-05,-0.0060612483813017315,0.00024359291467868083,0.0018597682032144291,-0.00840028929358061
2024-05-09,0.0018699678997149416,0.0030747708258638262,0.007665240261756745,0.015778607960932778,0.010207125212912116,0.0015964399201151558,0.0020660551150286643,0.0021815630061603475,0.003274595166103067,0.005761925648107624,0.004878587418991165,0.005843748193576026,0.006839257030486934,0.020503346945407674
2024-05-10,-0.0020737401876150807,0.002122067520657689,0.001870348711584091,0.008112513438038427,-0.007529322900256097,-0.0031880261357406514,0.0017908304924754148,0.0023581336210352077,0.0033867527360267324,0.0012882288741851156,-0.005627501167871252,0.0035100519426871646,0.001940788659906767,-0.002766982586238309
2024-05-13,0.0005196197933292623,0.0075294879874372445,0.0,-0.011202103844459854,0.002104675197008632,0.00037613177049977686,-0.005091649351596117,0.0023074500207374005,-0.0006134946421882947,0.00013400657950035644,0.00255211214003892,0.0,0.0026150557547270914,0.0032572795361383022
2024-05-14,0.0027001558479213816,0.005371187974488656,0.007468458596620486,0.008462045119477013,0.010354632906782735,0.0029149875434508754,0.006478638060261943,0.0064321838955463395,0.0044212331063284704,0.004588283100936064,0.005644758003133354,0.0009648014695855522,0.004153878877646289,0.007695939485187431
2024-05-15,0.006628527103709647,0.01068535849404828,0.01062511455428572,0.012838750510223873,0.012472079746322251,0.008906758638178802,0.023313682970902194,0.01563040146539252,0.016202037313072015,0.012383186875545515,0.013647316375999363,0.006747671857578963,0.010293231137534775,0.01384249088256384
2024-05-16,-0.0011317003039763573,0.00206841842417238,-0.005379061393762874,-0.0038933433506626036,-0.007209637817314318,-0.0015795984719945144,-0.008510251300066551,-0.0020315346498764875,-0.0038505639964712124,-0.0020577575341174104,-0.0009768012864145303,0.003949829571345376,-0.004380026869188258,-0.0007062912401738508
2024-05-17,-0.003193306918655603,0.004357842373245546,0.003441477383036462,0.0164977725898805,0.0007213562821695163,-0.0023268385623328447,-0.0009063134701150499,-0.0004866911629540782,-0.00018115314006317274,0.0014375435634979006,-0.006738686680847983,0.002265294197207446,0.001051945348989447,-0.00011760207600053363
2024-05-20,-0.0009299708531649298,-0.003653839143478055,0.0007349736522896944,0.004023937591649318,0.0022106798902152835,-0.00046681221984634647,0.008537756762589055,0.006972808324242408,0.003382985950314721,0.001152054091964505,-0.0029542647508574715,-0.001546345976469743,-0.002579501990848776,-0.005890122197823033
2024-05-21,0.0018619296252702089,-0.006188280890647269,-0.0015911720401190488,-0.001469548604570936,-0.0009590450281014018,0.0016801059258004791,0.0005291644875122792,0.0019562918516129457,0.0009029693003583805,0.0024527034785439827,0.005157866996635452,-0.0005958722832327679,9.59040127934685e-05,-0.0003554321468279831
2024-05-22,-0.0012390364442522728,-0.0032287218909142767,-0.00943964669881825,-0.01837396956557802,-0.008447773025985206,-0.0014906799749651034,-0.0018508907000550634,-0.00019739533032991918,-0.003067663665175968,-0.002879396361313069,0.0012009814389721818,-0.0005959450310398795,-0.002011403395600797,-0.009009096232275082
2024-05-23,-0.0027910340520858057,-0.007404239412238112,-0.005074326496014914,-0.019944570339717638,-0.016410084445803608,-0.004385858727537939,-0.00031775452372018176,-0.0044984250327447795,-0.0024134622370233227,-0.007304162035511652,-0.006433933798044689,-0.011450418724812339,-0.013627683433510618,-0.021530943547306558
2024-05-24,0.0011406610073101398,0.002797325102977144,0.008209905333220302,0.0009271136061119734,0.0110734537017676,0.002718065941279102,0.010069323639028127,0.009456488822366937,0.007136872296257035,0.00661651357559756,0.0029634353402869795,0.0016892284779461697,0.006226932739940461,0.0007332701167617195
2024-05-28,-0.004659684931384911,-0.001394807685153876,-0.0003701619254140587,0.010513172896031486,-0.0013630753928052242,-0.005982529683438709,0.004302459800774372,0.0037776189063047916,0.002462009788654962,0.0006986330659797257,-0.014335639378516007,-0.009515803161098568,-0.007542066323993457,-0.006596326215871251
2024-05-29,-0.003848743304186275,-0.014897543935381008,-0.01579860639239883,-0.009303812074716977,-0.014768868668745383,-0.005360294064987947,-0.007262004266732958,-0.007048467325726837,-0.00796728098293098,-0.007002393996021206,-0.012101548850458443,-0.0085127139707738,-0.01091195632083386,-0.009714836332510135
2024-05-30,0.004699068580562127,-0.0028354725665677982,0.00840245139414475,0.0018967600627461945,0.009498879103641888,0.006145365086970944,-0.01757709542593766,-0.010713288327868331,-0.005495018861754408,-0.006633697151315676,0.009664887874608619,0.001717102349087174,0.009456326013796534,0.01465295973020786
2024-05-31,0.0032219250785303633,-0.009715642655373946,0.009575926209432817,-0.00586417430627717,0.008429351200896162,0.00441659321668153,-0.000428509368511909,-0.0018602438139676547,0.006375468680005714,0.009108093164282405,0.006789582634518121,0.01383631968136001,0.015905534228790597,0.018724644634745102
2024-06-03,0.006048901009501062,0.010528844803093795,0.0028331593244717013,0.008917780500373507,-0.005637416462383804,0.006902594975469523,-0.0017147722700301404,0.005369235875157585,0.0009051189189617226,0.0008152404198553675,0.016174890880854997,-0.002656943686552782,-0.006339416963355271,-0.0022825035991708154
2024-06-04,0.003615712025293538,-0.013971251593073886,-0.00122841677822072,-0.008977059834655465,-0.012902622794789043,0.003917200473388949,-0.0026841217316910804,0.002736466721555919,0.0024110916987702957,0.0011181274648683903,0.01168112329278026,0.004843763049961591,-0.00367331016615724,0.007706233467002166
2024-06-05,0.0030880163580857545,0.01609055905301804,0.007010180298432589,0.011845603201319,0.015299283138859199,0.003344244838657584,0.022822520600660923,0.020159964499766092,0.012688657964318395,0.011885059841088896,0.007337869203194458,0.0024103022617671943,0.006403461203852823,-0.0011950153519638684
2024-06-06,0.0003078509869249846,0.004963225091785262,0.0034198238159830474,0.007391356612921562,-0.007168721169323322,-0.0006479844780158395,-0.004631078766289987,-0.00034516167292797384,-0.0004156798746292045,-1.8874713054506387e-05,-0.0014997853124509852,0.0007210860589426105,-0.0026029546721966224,0.0019143121956044507
2024-06-07,-0.00882234565736828,-0.011288824928600283,-0.010832603145865205,-0.03568330143379639,-0.011739198692927277,-0.00898751855840041,0.0007932002858248577,-0.0008847988439090182,-0.0010691900007802069,-0.0012156248058271535,-0.01834585685683532,-0.0018019856389736022,-0.002126492779353395,-0.009432961498717418
2024-06-10,-0.0008279881143090639,0.00594677770251506,-0.000738217876648295,0.009168181127878317,0.003429371805923953,-0.002056625041282567,0.011093949992860841,0.00403916043532182,0.004043877124239037,0.0030898885966279543,-0.006666326904839703,0.0022866419661031756,0.0042619708777915655,0.0033750845504088023
2024-06-11,0.0034179396873053047,-0.0033333279454451636,-0.011363518205258938,0.0028566106093961263,-0.0034171866854032507,0.004309497093077264,-0.0025732354603020813,0.006862664123689077,0.004599911366412357,0.002408338672260202,0.010342197464316527,-0.0008314029744950213,-0.00493748119502635,-0.0036039267031695577
2024-06-12,0.00474881654045145,0.010033428544090173,0.011785630396510038,0.0026617200115086614,0.015350677099516874,0.006156605273268223,0.011274248398366105,0.01309768624723473,0.006735159502415433,0.008212758218069771,0.007513793950892689,-0.0010855020112121583,0.001267329906288639,0.00892197350368118
2024-06-13,0.005034517760994062,-0.002365329109245806,-0.014278573222936353,-0.008150148984962247,-0.008737240426358595,0.004728526726989868,0.009074449759440384,0.0054203241211685516,0.0026996440879996086,0.002013625870837421,0.014699441341986752,-0.00012090081371385342,-0.0037971774423338767,0.004063239410822872
2024-06-14,0.0010224571435217822,0.0011855159152813766,-0.011054596103100778,0.012959545903254766,-0.015896017362562742,0.0008304870847142265,0.0004109633304385518,0.005181183329170613,0.001580315357955886,0.0006083856691376788,0.008415062324055311,0.0007246370612075115,-0.0068412624853176895,-0.00023796515293450504
2024-06-17,-0.0035741870498799955,0.006393562484846349,0.003982987492568313,-0.005191652247571676,0.008403439151570824,-0.004702444602435296,0.013663403385055117,0.012249915788314913,0.007947139737335851,0.007958943634686966,-0.00992907764055273,0.007843457987425584,0.006199714222516972,-0.003928699028833416
2024-06-18,0.0035870076863002698,0.009176496322711447,0.003967186239396181,0.004007271832187298,0.0017466576798390587,0.004631983772648951,0.007398483278670875,0.0003092102435444666,0.00405797226999649,0.0025406055795478277,0.009175158085883428,0.0019157501600151061,0.004205273397512643,0.003944194582258254
2024-06-20,-0.001736283879341327,-0.0016320794436944785,0.0006374440175112017,0.012484347826456466,-0.004234320287584525,-0.00331957486747958,-0.008500930260273765,-0.007708005808758522,-0.004445827714671835,-0.0027165587345688857,-0.006660427349300724,0.0054971327630561895,0.0026296132123755367,-0.0028571544797160175
2024-06-21,0.00010230206637529271,-0.00350311025420047,-0.007006484498968013,-0.015493238109986152,0.0022512864744876904,0.0002774433254324471,-0.008574051971107277,-0.0026792542326475877,-0.0021459500620422123,-0.0013404933262958219,0.0,-0.00011872345620911329,0.0016513630211034691,0.0025071362388797702
2024-06-24,0.0008182484844314608,0.0,0.007953817151661102,0.003957566385821121,0.004342321338939525,0.0010175498039195485,-0.011769493352468796,-0.011384728474422068,-0.0036037864999410862,-0.0032507395346381696,0.004044266024325838,0.005943053132668963,0.006012292107369088,0.0077409040258715756
2024-06-25,-0.0001020394492431409,-0.0023435231966775216,0.0024182977905071734,-0.004962237629221655,-0.00327999375076915,-0.00036952293179814966,0.009217086308002553,0.011435609470292984,0.0045502172780049754,0.0038507542067618417,0.0016963932721216768,-0.004844594227562338,-0.005976360482409904,-0.012290387136163927
2024-06-26,-0.004497609623125065,-0.0021142285668882543,-0.007364150925268431,-0.009228168111804491,-0.002642659817785664,-0.005453653233314926,-0.0028731919275957196,0.0020651907860222973,-0.0021485668297290816,0.001248156549381596,-0.014285895234833146,-0.004155673291791229,-0.00455781912022879,-0.0031108300901638852
2024-06-27,0.0016428834568542605,0.0007061733292659245,0.0007674496443130785,0.011336925587312363,0.01014860527325534,0.0019518775518585496,0.0037048168370958923,0.0025813038492497054,-0.0005819808054124964,0.0015764618350546655,0.003971903091275708,0.0021462480267555595,-0.0004872519163294786,0.00972160927993082
2024-06-28,-0.004920650964303941,0.001882081820160586,0.0011501876802628708,9.297647872519299e-05,0.004107700833555938,-0.006400166542600005,-0.0009740844815718797,-0.005190935437044186,-0.005706279935084768,-0.003934951287109856,-0.01860573429712309,-0.001070966241008664,0.008382168657008249,0.007978696530568152
2024-07-01,-0.005363173261945575,0.0023478311909372884,0.0017873907668131128,0.002604589701363791,-0.008379009773513135,-0.005939386995986395,0.0016935224677752103,0.005865141522188422,-0.0019325467266846363,0.0020579089257337646,-0.017258776221885652,-0.0023820910853801225,-0.0030929932985789277,-0.00943179918480963
2024-07-02,0.00332445025833783,0.003045311959493313,0.0024213795621339518,-4.643394389247657e-05,0.0034296063017513756,0.006408238799538335,0.006096267998450644,0.010499714512656189,0.006043584350666542,0.006730006783740583,0.007785759548849525,0.0031040093109002687,0.0027147174340120817,0.004700429940119433
2024-07-03,0.005384693418337472,0.014712634073494435,0.011441704169697031,0.011273000380832565,-0.00024763807270844485,0.0073976977903920105,0.008452671050376503,0.008336948617914341,0.004374211903804381,0.004462292095426923,0.013133042861670718,-0.0017850818759802545,-0.0017404285706774658,-0.0009595659053011074
2024-07-05,0.005046888268587679,0.004142725938482528,0.006661448858990671,0.013486798057397165,-0.004756508618834698,0.005205385490824943,0.0027264440377743338,0.010426916254840934,0.006968312638844232,0.005766711601198793,0.008278686068296182,0.002980832250917498,-0.0030997392473414154,0.0027617600417999544
2024-07-08,0.0003074982578468166,0.00022918666558302547,-0.004994316374500207,-0.012402074526820739,0.007019500691803682,-9.234437476024482e-05,0.004683074875957205,0.0023782064206601117,-0.0010381707728986944,0.0011537588069578941,0.002160751419053364,0.0007131650397345091,0.008842003361804185,0.0032331241300240787
2024-07-09,-0.0009219586038060612,0.004124689241382873,-0.004015507816037656,0.0016957473442755777,-0.004350535944245948,-0.0018495935396608543,0.0022053783810198624,0.0008646614210334747,0.00034638661256636283,0.0009725098044246483,-0.004419824654115834,-0.00201939687035102,0.002985628428653575,-0.00023866428179242227
2024-07-10,0.001025371864797231,0.005705096548664024,0.014111042460450696,0.0036603361122538036,0.009781789829763188,0.00240916576034933,0.008151439876259436,0.010426508574559845,0.007905748637523802,0.009895281643110376,0.0031399757512331483,0.00785611803086006,0.010178568370944552,0.0074020296908701155
2024-07-11,0.005122197091017799,0.005899903350684799,0.0028575616511747892,0.017733403441032136,0.03594416351585239,0.005360714829552471,-0.01413743385123789,-0.02193011552582702,-0.009217851479714101,-0.008622565598673693,0.009715387907574868,0.004133679755939701,0.00617860733505049,0.028679862361947528
2024-07-12,0.002751582467735103,0.004060307269222907,0.0106541749717608,-0.0006270969301161999,0.01167656972138853,0.003677497514383843,0.0029686847931873483,0.005874776293551154,0.007339071432471256,0.0063076263231880425,0.004276314682193805,0.007527802426851471,0.008975116729095456,0.007603698741941445
2024-07-15,-0.0034557880565819765,-0.010559344522861558,-0.00882577585341926,0.0032271131671974818,0.019001560094360714,-0.005495996567551509,0.004966577791583271,0.0026877755011955884,0.003785891364499472,0.002750064461609192,-0.011496929444930859,0.0014007792828392152,0.0030898536540369115,0.006745906026042858
2024-07-16,0.004079820445655358,0.005676596577357751,0.004823188657798738,0.019925798233449088,0.03411765761723129,0.005802687948979202,0.005291503127755615,0.0003829919502700285,0.006286465525270346,0.005930114860369873,0.014107433144954662,0.009792656595004612,0.01885551590904755,0.012265675908898377
2024-07-17,0.000710821287841279,-0.016256530373732758,-0.0052923384068266355,-0.004643206403117217,-0.010463212648195053,0.0004578485303465829,-0.03754096940046825,-0.02935489196113661,-0.016242524385665424,-0.014021126594645938,0.00021231930641540941,0.0019625120663366857,-0.0010993991802160652,0.00684394183416015
2024-07-18,-0.00274041143793724,-0.009410143395847337,-0.009898712441512636,-0.006381186355259194,-0.019347537276492743,-0.00430217162557589,-0.007584274725692897,-0.004732570951759052,-0.0066389655211765985,-0.007684978589016733,-0.0076441597621824675,-0.0055307092773208,-0.005503045945281504,-0.008803201911518843
2024-07-19,-0.0020358409387386533,-0.009731125305875832,-0.006123288374649261,-0.017937829186174925,-0.0050930602305439,-0.0036770071689611328,-0.005978669058026687,-0.008863542553789516,-0.007496929575123046,-0.006640528727991368,-0.005884414284963335,-0.007646859085669422,-0.011620233152442871,-0.0017987102888153972
2024-07-22,-0.0004078646975502753,0.008422902431194146,0.010562118357560824,0.00031573231212611574,0.015910408389321784,-0.0005536057811713624,0.01663186486371271,0.01489775773789237,0.013526151583566737,0.010309968244979206,-0.002905539081252906,0.004553547401376035,0.004012066641850609,0.010361406419605146
2024-07-23,-0.00010230126700117026,-0.008816744977611202,-0.0055992329313093725,0.003516676143213937,0.010622413006881493,-0.0007385243410842346,0.0015948342928271408,-0.0035246653044882503,-0.0034663079917076622,-0.00156861958772736,-0.001403298211378301,-0.004881486152928716,-0.0102229870660977,-0.0007801543846795989
2024-07-24,-0.0030610496630379957,-0.014513007171438663,-0.012637574758488257,-0.0035043524704835294,-0.021470501052603286,-0.0060976934241177005,-0.036160173043142896,-0.035870314380553325,-0.023305840117751497,-0.02266253442422783,-0.010808338014283603,-0.003620669396779408,-0.004976507978172506,-0.014725592669014631
2024-07-25,0.0027637485026716924,-0.00403805260594825,-0.006336249554812712,-0.01564473026582147,0.012485639331589082,0.003997037938344494,-0.01087129642323803,-0.011027755126976402,-0.0075384057617512434,-0.005210424496925881,0.008195007034768276,0.0016409935392800445,-0.0019818153501046654,-0.003283533984422937
2024-07-26,0.003572442714120383,0.010255157984081054,0.012753411016781957,0.010534525866662925,0.016547966472674203,0.005555022684291311,0.01336126713926955,0.01025608346178708,0.012918802601243673,0.0111997866618887,0.0078030434671332305,0.010883618892870928,0.013804989962371783,0.01749412741636247
2024-07-29,0.0016275635421418855,-0.0033049055084743983,-0.004407652472427914,-0.0014050562105476505,-0.01110512319085355,0.002117712698940455,-0.003721688644718224,0.0020086385578939048,-0.00011819248942790406,0.0005876872126906463,0.0053768542916328155,0.0012735499665368355,-0.0022383028484236345,0.005135633854671751
2024-07-30,0.0010152926472983825,-0.00450035128845494,0.0022768252269311784,0.009985461488319247,0.003788380401271052,0.0008268990970901058,-0.012967399432042948,-0.01373141948148382,-0.004074721925276248,-0.005066212177168294,0.0038505209082531078,0.0032373010180264394,0.001589155146643595,0.0077751844749036625
2024-07-31,0.005376276853247264,0.021889270881473077,0.014134399345786974,0.018110725786084414,0.005795922788382146,0.005783663836218089,0.03249340387997579,0.029593824628907806,0.01855930905016545,0.016254498103003945,0.010229346936087236,0.003111639066923688,0.004106173192554019,-0.0035269344177827344
2024-08-01,0.004190007368522153,-0.01746216357667385,-0.02650578036028206,-0.003442943141866439,-0.032520301983935074,0.003315963746655992,-0.027334115978979168,-0.0242215475175801,-0.011177118146391218,-0.0141609832922176,0.008624743766384002,0.0005743817076202529,-0.01784551289916958,0.01006511953148892
2024-08-02,0.011187178131013997,-0.014218121599242961,-0.015722766423914125,-0.0019046282784819235,-0.03536811777603088,0.009768918749069933,-0.03418579455306803,-0.023734829411553138,-0.013776178496240798,-0.01861848648683473,0.03116148585190337,-0.0022963887059542776,-0.03454148769676346,-0.0005473512956865045
2024-08-05,-0.0007971965987911833,-0.028365355540089787,-0.021818316307256613,-0.012691935106198704,-0.032165333684436304,-0.002531585691177951,-0.021962191265404996,-0.029816323208261886,-0.029130738538996614,-0.029123637608569286,0.005291116886399605,-0.02232703741565989,-0.026465466626087175,-0.028596458378880696
2024-08-06,-0.00598505236624558,0.005690314165687216,0.001725838610540098,-0.008000713832612472,0.010880219489198373,-0.0065265816926145526,0.016699057098211956,0.009555153189077847,0.010759962744147034,0.009219607809513253,-0.022368409724295102,0.006474291822208045,0.005940493780902223,0.01973827452976451
2024-08-07,-0.0030107500005344123,0.006150093763289677,0.004771417864374072,-0.0006796279952806517,-0.011839486917676334,-0.004561995486117798,-0.013285411808775294,-0.010829617986111262,-0.008212280034469388,-0.006684044376339737,-0.007040088920238996,-0.0002338541006362549,-0.007706905337561132,-0.006857764083737616
2024-08-08,-0.0015095911197611223,0.02273841894145079,0.016752511760545374,0.015688013635013043,0.02430932487179338,0.0004584496087092216,0.03846145025671133,0.03059086282289969,0.02576069081891541,0.023117361125918112,-0.006151615335037941,0.013102484378529677,0.021988984980574777,0.009800540212377529
2024-08-09,0.003528145169582997,0.005498409666508719,0.003892009252151496,0.0024552612171107047,-0.0020782210976110216,0.005130432170993515,0.010175656007940015,0.005222306599500737,0.006099016078767283,0.004409457125771121,0.009861383026458004,0.002540447361617959,0.00039483951151031427,0.004632273460110969
2024-08-12,0.0017077068284898633,0.003328572803913854,-0.000904509572218104,0.017144665770273848,-0.009009198170637722,0.002096297486812393,0.0028160875856042544,0.002153656430180284,0.001664032349647293,0.0005256396444828226,0.0036361798825901293,-0.0013823355541129345,-0.006807524218651717,-0.0073553944861336484
2024-08-13,0.004011269118354699,0.01113735509817837,0.017203345484366528,-0.001532358906807807,0.016471248348607137,0.007004013049942026,0.021547906241080828,0.02481268079649035,0.01489267422210494,0.016445728510096513,0.0069350265256558075,0.008304586362305022,0.014204965621848142,0.008736907089188062
2024-08-14,0.0017979044143341394,-0.005390168863569578,0.003687746133412384,-0.008155751250824572,-0.006202660791819192,0.004425854046265387,0.007982628424270333,0.0003243224144786616,0.0024553354087175627,0.003154549042534871,0.006270424914628592,0.006405994211814425,0.0007835678345755603,0.0026313936928139547
2024-08-15,-0.004187472512104495,0.011074467525543641,0.012162722727939945,0.0031388449312386157,0.025933571060438254,-0.0030574232778078914,0.02291903858678057,0.0252631557902272,0.017845679128897673,0.017140279968171024,-0.00807016652849124,0.007047005056403544,0.016539548428249562,-0.0007654005467172542
2024-08-16,0.002402856653013874,0.01165226377240125,0.005507500552522249,0.02238773852658915,0.0026411508869776945,0.0029766700692437364,-0.0008715758567517939,0.0012857135707067258,0.0005730108585779714,0.0022421066199815876,0.003501386206351542,0.0032730410486383477,0.0048135185914812695,-0.0005471720600289665
2024-08-19,0.0010988739406316839,0.00967526703691024,0.012199618219398412,-0.0016380226467286318,0.012229555807511616,0.0023381301793157228,0.011187079895921936,0.01313612953011023,0.007329714691704625,0.009561204672337897,0.004618267438621038,0.006299879358359739,0.009772991191429048,0.008321586669020942
2024-08-20,0.0029928367125227062,-0.0077572442918322215,-0.0030745124975370963,0.0036699887797402297,-0.011663627769091689,0.002602302385828814,-0.0018268535815383347,-0.002098665403097444,-0.0002274062590696957,-0.001625949089025247,0.00796833823394305,0.0007825219171258002,-0.00559834694515815,-0.0011945153305221723
2024-08-21,0.0018900844690330487,0.003908898874114053,0.009252384338922282,-0.0013336178629832496,0.013023674909976801,0.002237275684386475,0.004880578179987216,0.004664041579490519,0.007221215723099528,0.00343645955089511,0.0006079811927579559,0.004915164693542584,0.00667944639229634,0.005327199351399692
2024-08-22,-0.004070849026190704,-0.012368398547347725,-0.005867375278989728,-0.011975011209935604,-0.008818368318518233,-0.004107386050824391,-0.00839862907804001,-0.01585475930703595,-0.00773392384666205,-0.007848402853028458,-0.009925887088935714,-0.0024454745027322478,-0.004644483078992567,0.002919757413898605
2024-08-23,0.004585978729017448,0.016697629534686342,0.018320384785806,0.011553425520716143,0.03193481109665286,0.005738251133065253,0.009592273707443644,0.010845413919032376,0.009159727908216952,0.010625385922989672,0.0065472108011785934,0.005683019825877045,0.017712626138021603,0.02199704365101729
2024-08-26,-0.0008932349284289653,-0.008439651056882935,-0.00446736374255674,0.0031893380775307456,0.00031770302833256103,-0.0012481129229281462,-0.009096885962747603,-0.009708327444203135,-0.0014658908136426785,-0.0023838078459922363,-0.0025409958323237003,0.0007757598678679312,-0.0012164563544468932,-0.00042210437268863643
2024-08-27,0.0002979297907819145,0.0013800893608550968,0.0046088920441818,0.002706671669018279,-0.0077569898109135504,-0.0008031393148554278,0.0033152408670922284,0.0029874234849411874,0.003613380184155135,0.0013729592647899747,-0.001732225023477807,0.0019928912715965197,-0.001967443945489644,0.001477902280673682
2024-08-28,-0.000893685875394401,-0.006202531064946282,-0.00350119907374713,-0.007026862307456638,-0.006765984272490644,-0.0020549057018881545,-0.009251875535889909,-0.011347554888040956,-0.007650645395142819,-0.005805185814678704,-0.0012247349421203868,-0.001215571704030638,-0.0025345037717688923,-0.0038997425708333644
2024-08-29,-0.001291934747605361,0.00046229375056938693,0.0037557055445625043,0.005177980359189593,0.007134340127009864,-0.0017006943872194258,-0.001898307741893257,-0.001463863219761108,0.00011338727861787135,8.941711011511977e-05,-0.003270555480440196,0.0033189136362239413,0.003858447923256625,-0.0030685638050051978
2024-08-30,-0.002388189424489595,0.0020794528705483373,0.0015690802893384426,-0.0071260085162319076,0.0058042278039509565,-0.0027799350007400303,0.014599197283585275,0.011919457877311634,0.00770866672913284,0.00954607361380333,-0.010663357521087602,0.0069467500603039856,0.012749589824975649,0.009658290341246545
2024-09-03,0.004222415991174566,-0.019829410917598156,-0.015786926838834647,-0.0043235765879541255,-0.030579961339028294,0.0030235026002509713,-0.02943698329879485,-0.03036095051398424,-0.021543410640479044,-0.02057880743185614,0.016355431349007077,-0.005584780034850967,-0.01666195784980984,-0.0005254296438716999
2024-09-04,0.004384278320247903,-0.00023513106043737686,-0.004408025445699293,0.000607926500195255,-0.0016871963910778387,0.006208372932218431,-0.0013051376696140427,-0.0025984378789514206,-0.001322095713644944,-0.0020469437874175433,0.012890092065950709,0.0006607994242731063,-0.0035772643637808077,0.002839694775451651
2024-09-05,0.0025794931831499834,0.0014117758928624546,0.00024596900530360344,0.008332306942507639,-0.00497687019745896,0.0049179982065681305,-0.005906561557609824,0.0009335443493485585,-0.005813990995517826,-0.00243218058308603,0.005655838392740309,-0.00726321397478269,-0.008219082049403914,-0.003251234742273623
2024-09-06,0.0012864282586511067,-0.018327118860829383,-0.018812101780515733,-0.007402630408956501,-0.01901579501496853,-0.00044469587690076917,-0.02182153103227802,-0.026787278368773593,-0.011869561894544356,-0.016830317648955262,-0.0001003641465868732,-0.009865786558690415,-0.012573838299759998,-0.0009469633812820843
2024-09-09,0.0014822097298921033,0.008377296633396591,0.010024930795655473,0.004205876079289794,0.002789752187289718,0.002225423146500649,0.01704025545026777,0.01285965261226707,0.011133179144905414,0.011196254802991135,0.004318819943117447,0.008956664756574195,0.009936275466478905,0.011163744044766277
2024-09-10,0.0030590060785191664,-0.0037978303447468997,-0.00496271452812469,0.004404097525005923,-0.0008152100132532425,0.002753622880485196,0.002008508671643483,0.009241720487981775,0.00249185040887534,0.004355801507269996,0.007001002883516572,0.002330199700830926,-0.004489391571611656,0.014477724259782443
2024-09-11,-0.00029513263371450105,0.007386271082970852,0.005985060530852682,-0.001590555949419148,0.0029281375634775397,0.0004429060364103954,0.015982710804813394,0.02171556339416414,0.010405115674581467,0.010258963429025103,-0.0007947177958823604,-0.0009962482087226832,0.0020150160626617453,-0.0019508088858913863
2024-09-12,-0.0008856592881015812,0.00827813240345976,0.008180459638662096,0.017567284525531468,0.012875866430985816,-0.0007082482955812486,0.013239139688876023,0.009816092946395294,0.007265924353598852,0.008423235345493163,-0.004671463474859916,0.0058729267020365405,0.006128451460523543,0.0042176545501613205
2024-09-13,0.0020685311039889687,0.004691537696139614,0.0023359435308258902,0.009943683944142245,0.024668161010018563,0.003101093015981604,0.008198307832604668,0.004479802960351886,0.0043168612207094,0.005222783247845975,0.0026962980791598312,0.0062797108129473145,0.011706443475439698,0.010448750073679847
2024-09-16,0.002358811500037028,0.0032688248798793396,0.008095073047171164,-8.374817448153493e-05,0.0035971849056168903,0.004416686890325927,0.0027446353634781318,-0.00441778490421163,0.0019228290860844321,0.0014767045220198671,0.0091623224432138,0.00525511757115793,0.011476959311376378,0.0033455877198429462
2024-09-17,-0.0009806453886480604,0.0011635341699876012,-0.00559671479355639,-0.0055309113549146804,0.008271480615022808,8.784085934609998e-05,-0.000608363211802021,0.000528209316332573,-0.00011298872124798631,0.0004087336229028349,-0.004835755950095222,-0.00577204028725864,0.0016742106047171745,-0.006971873376253712
2024-09-18,-0.0031410012866568415,-0.003486824272893707,-0.0031812641610059478,-0.007710465405288858,0.00018250966135635593,-0.004132944710957931,-0.003144375281591394,-0.004329668017971522,-0.0043467788995816825,-0.002965714357998861,-0.012395763215625077,-0.004929461966304061,-0.0012999626025950173,-0.00122096511944636
2024-09-19,9.843792523733796e-05,0.021226932476916982,0.019761916603896923,0.01554075728197235,0.02059694781289867,0.0008829233962901473,0.01943444197265709,0.02528431791696084,0.014798366204029634,0.017064490125891618,-0.0033136659667659663,0.004843568441466051,0.01217923270097998,0.00020370101856381773
2024-09-20,-0.0008859345407197239,-0.002055704042832951,-0.00986997322211891,0.012710660066880486,-0.010715789089654315,0.0008823628288177066,0.005938751525617736,-0.0019032358454489362,-0.0032406576387786767,-0.0017289307898061823,-0.0038281537859463644,0.00010978176196374534,-0.004592525379967793,-0.003972325109367403
2024-09-23,-0.0003943035174465148,0.007782102234270782,0.003768489202698344,0.0019404068737312041,-0.003655638732837696,-0.001410419598376511,0.0056059915758388534,0.0026505756710046846,0.003531614876424838,0.002498904940985147,-0.0021240192831714078,0.00405302885934522,0.00433694131452933,0.009919195352691146
2024-09-24,0.0013804053934365346,0.0340675897294318,0.005934280949934312,0.01396907347432852,0.0016759123448257807,0.0016772752860279017,0.0014798160217965872,0.00482360281558214,0.0003349908701293369,0.002861378152297034,-0.00020255922062417664,-0.0020729973671439472,0.0022050608107195835,0.0014175778148697304
2024-09-25,-0.0038393674712648984,-0.010542496657641176,-0.005417699699859169,-0.001381767735031958,-0.012197133432119589,-0.0059043159783724875,0.0019254306521063747,0.0009271233936332113,-0.0014953511137432152,-0.0022054649913506585,-0.008312201325246016,-0.004085157227649128,-0.007031374276743718,-0.006673418658803998
2024-09-26,0.00019759567711030712,0.036626044438613725,0.022031237965263628,0.005086884066794806,0.005328664133892103,0.0,0.0017244811747509914,0.007513056477421953,0.004543257082284535,0.0039645812385114,0.0023509464999800223,0.002977169303313154,0.010421532977121784,-0.009059451371771665
2024-09-27,0.002865297602374195,-0.0019271674862209043,-0.006040620500987637,-0.007935830791900744,0.006762592553905211,0.00398905446562936,-0.0066894448981513754,-0.00555697565687685,-0.0022333232732405506,-0.0014502902539623719,0.005200916850891746,0.0012092853748926213,0.004512490504451794,0.0012744018657291356
2024-09-30,-0.0022660540595521583,-0.016090967070453766,-0.00345562717194714,-0.007999374253898295,0.002541596477229069,-0.0024721566502703407,0.0040604591691324465,0.002711800927088781,0.003413584602524944,0.004007306781378839,-0.004768227339646103,0.002635426147616471,-0.0003667325699108215,0.007862419855872105
2024-10-01,0.002644626126163896,0.007195827035087143,-0.007413510904227816,0.010491249392624136,-0.01358129814840392,0.004805958451101766,-0.005573007204284108,-0.013932446625201989,-0.006469432453115265,-0.008958495996637117,0.007220214788929091,-0.0017523898390227055,-0.006144478409848664,-0.006466841683208879
2024-10-02,-0.0020748069543879977,0.019701203131000655,-0.0020481151704316858,0.00020358719772617384,-0.0013770357762553642,-0.0022102471740899077,0.00292616931520695,0.0014130582088609511,0.0016840553013375281,0.0004221832658779512,-0.008427431515351413,-0.0018649140549831245,-0.0008305177191512136,-0.003512796815770436
2024-10-03,-0.0040582876051178385,-0.011889578313881266,-0.00929480782558545,-0.0006920058878576718,-0.006709691445612953,-0.006468267624190616,-0.0020769089098855442,-0.0007470641057932825,-0.00044839597991608304,-0.0018282872845175602,-0.009420562242706487,-0.0034074088876883124,-0.002678271925493747,-0.009123945655808652
2024-10-04,-0.006460748796131677,0.009239337346673482,0.005848489511166122,-0.001996030315693287,0.013973020491759636,-0.005440046765082807,0.00971261809702506,0.011898146839683044,0.004765691959766505,0.009087314968778681,-0.012300875918649257,0.004742498822370322,0.007500668206885441,-0.004813161772374452
2024-10-07,-0.003401149960319483,0.008303195967820809,-0.005572307875184812,-0.0033877625757333663,-0.007848445723810715,-0.0051111476946962275,-0.007165428697814558,-0.010711609114197884,-0.009039706334669884,-0.009040375451706217,-0.007535353689751445,-0.010867100454892697,-0.0027572812248918277,-0.008832018110516482
2024-10-08,0.0017065829815960942,-0.024704377595304527,-0.0015837061240898676,-0.007371925565205384,0.000689795853019648,0.0019827738880033863,0.009935737771203712,0.014934589311888402,0.01007943907675557,0.009457441677007017,0.0016872369694904688,0.008101132045147619,0.0014746256673054958,0.0020155473203333774
2024-10-09,-0.002605779783251827,-0.005412369039481946,0.00024411757552234015,-0.005446185963701722,0.002206096574704164,-0.0019788502753491644,0.008027095627693104,0.00786832528629211,0.006522345265590035,0.006926483704299491,-0.005684617163363104,0.008696512621313657,0.01021525243946897,0.001058635074576264
2024-10-10,-0.0006027286171652602,0.0019590490341185873,-0.0012198929797248015,0.007342892553628744,-0.00554896172462882,-0.0010814928289715198,-0.004612745216404757,-0.0011354852310425656,-0.0016062250848386528,-0.0017500368840644986,-0.0039175411237570845,-0.003055673415153781,-0.006468116146084335,-0.008883216960581142
2024-10-11,0.0003015869910238944,0.007169164023213215,0.0051294903411773785,0.010913408354139564,0.020336578501026104,-0.00018062932859719272,0.01151218764590034,0.0015630670322137608,0.006490591246848698,0.005988342474201325,-0.004039088947869307,0.007224906771868156,0.010086342015064087,0.011310222332783004
2024-10-14,-0.0009044063518771628,-0.0040982928747003156,0.0029162211974094188,-0.001629502157067031,0.00736700042036742,9.033098072297463e-05,0.007715972250083469,0.00839154920399432,0.009700858063677265,0.008178239537643961,0.000747133885131257,0.006629764704209062,0.007171274626543767,0.006013933349777956
2024-10-15,0.004023668387012069,-0.02122604341976908,-0.01659818978127514,0.003468359323146597,0.0008075338403183974,0.004872834662369208,-0.010193273927926128,-0.013366853269091261,-0.012282317354627814,-0.007769709751462295,0.012157237395447051,-0.004102827744355109,-0.008562276769289445,0.012060925317601168
2024-10-16,0.0013025066624459125,0.007745330206027745,0.0025872295312654447,0.005001609209081437,0.016452260917938277,0.0031427957015275343,0.008799290400102633,0.0001222112634995387,0.00536086778355771,0.00434652191224183,0.004214450510399814,0.0049869211944617575,0.0103635246976157,0.010984478329485015
2024-10-17,-0.004903243679266089,-0.0015371953034255537,0.00012297870008914913,0.00598831083503093,-0.00273444361961217,-0.007429858074526785,0.0,0.0006925922364304782,-0.0016492394500670082,8.56834873372847e-05,-0.01584291334190091,0.0016181575862814768,-0.002159396730986418,-0.007892556935419348
2024-10-18,0.0007040903069714943,0.0098964936631174,0.006757598399354192,0.010618185005034864,-0.0020785174163374665,-0.0011725977810248533,0.0032592575432699444,0.0065547308902624835,0.004460123181668996,0.003846655742334004,0.000746337396463348,0.00021556333519190396,-0.0005410711104656407,0.00743876958411005
2024-10-21,-0.006933343239356238,-0.006968581119068951,-0.011837874326328324,-0.00019900127714245208,-0.015732334474193976,-0.010203136673146096,-0.0029618130381052765,0.0019213229732646386,-0.0024667303602641244,-0.001642173469649788,-0.017471042648224633,-0.0045225634525905,-0.011548168692838923,-0.019587890802406194
2024-10-22,0.00020236001544060578,-0.002192941549845062,-0.005681142165319564,0.01078732362833379,-0.003782152282760798,-9.108668438617684e-05,-0.0031143171743056586,0.0010899417305403336,-0.0032423863062669422,-0.0005312863972004589,0.0009759366233696998,-0.0038940458091623054,-0.0027381544819963244,0.0014645011529605956
2024-10-23,-0.002529153181817567,-0.0059341568640254305,-0.010060931949267493,-0.012050555849465017,-0.009129312672936263,-0.003375612651241089,-0.002307070623434715,-0.015323909129218882,-0.008435245780387901,-0.009137366756745813,-0.0027080944382832373,-0.002063135310411024,9.142317711874348e-05,0.007311541837329294
2024-10-24,0.0019269872277736244,-0.0015475547742832552,0.005646303548104692,0.007693259346016168,0.0021891799053075367,0.0030206796149225834,-0.002938644681400149,0.008108835304873718,-0.0007228015813453004,0.0021628025973028375,0.006408261521449354,-0.003590833750682143,-0.0021047917339510613,0.0021775752243640145
2024-10-25,-0.0020244196443879314,-0.0008857760913318913,-0.003368842294832808,0.0020569789010425055,-0.0037775003624866965,-0.0023728597704153476,-0.005942891207028511,0.006093568870432442,0.00022251486001212406,-0.0003452972949489208,-0.005612203287891471,-0.006224895577068623,-0.00522745615421405,-0.009415543391669945
2024-10-28,-0.0016227383914778626,0.004432629919698838,0.008012015425704178,3.945407605776552e-05,0.01630964252715761,-0.0008232327560930841,0.003791189693217012,0.00016151928094454426,0.0018356629320916973,0.003091322288178766,-0.0027131185475274266,0.001648386947317615,0.008020742047373908,0.0031335301108275093
2024-10-29,0.001117254655882638,-0.0030890509677989897,-0.003601542718565054,0.010894858433216914,-0.0032365186041488636,0.0011903445151979497,-0.0010169075508311698,0.009608347917760218,0.0025543102207739032,0.0016183796278272933,0.0015237012152642393,-0.0009872669813918433,-0.006676482447947829,-0.007184580576192756
2024-10-30,-0.0010145299999917423,-0.009738869635989356,-0.006481484110780089,0.005505891218995584,-0.001352986599650663,-0.001280240852121084,-0.005864959943098547,-0.007557534082447526,-0.00515087024343408,-0.0030253162524023214,0.0029338157346887606,-0.0046124587938189965,-0.0034067004212591234,0.004405022717291152
2024-10-31,-0.0002032444161760294,-0.006481872313184978,-0.006147204211795931,-0.015495166963743978,-0.016618419273206064,-0.0020146654521333573,-0.01311553965903045,-0.02524277120889895,-0.01781542045981943,-0.019602980971893724,0.0016251199216001933,-0.007171178402667566,-0.005728028836808119,-0.016915639922083114
2024-11-01,-0.003975117230588077,0.0008999245615799456,0.002019665652075009,-0.0041023758773532926,0.0056024226090576335,-0.005478544341011582,-0.003507760547085126,0.007398982300231616,0.0037977431510001214,0.004220588343223586,-0.01409823491827722,-0.00022215296089145298,0.0025087694504275504,-0.011046142078456667
2024-11-04,0.004195577299325182,0.005619179692934573,0.000756053062706874,0.0014259144001700363,0.005068897980062825,0.007406731230549024,-0.0018839453416210628,-0.0029131535792505936,-0.0011292727709437678,-0.002154001450108689,0.015521610219537463,-0.00033360834972051556,-0.0017610096563218658,0.010954725389720421
2024-11-05,0.0023437204661895805,0.013634246207430811,0.009944480890436092,0.002254447895034817,0.018810558400323085,0.004778993741098692,0.016987973335504503,0.012756962801696137,0.01017582250610194,0.012091813566522003,0.005311913470495977,0.008783885399790137,0.012442003397251655,0.013279416436224212
2024-11-06,-0.00782827299171951,-0.012348382682571435,-0.014458445685142873,-0.030386729020158154,0.05793150978202477,-0.010427227818883833,0.023102342695620948,0.02716316845281108,0.019978679751191386,0.02486548513056608,-0.027388651515696583,0.01895718836903426,0.0303557432238728,-0.021283091147408006
2024-11-07,0.007582777945289498,0.022103101504421296,0.015176433421864699,0.016076503855530166,-0.00354108442099077,0.011831190217327148,0.004726267155682695,0.01574417408852491,0.009437010549320668,0.007732061978746874,0.012527715995283017,0.0019470229045810417,0.0005341586475193782,0.011997870846202296
2024-11-08,0.0017288095352490096,-0.024683218738199453,-0.013828351297962005,-0.006769426092267161,0.007361108919639703,0.003470998053323626,0.01605999705261718,0.001168415331983752,0.0023915793195612434,0.0043319212565438026,0.012701141778483915,0.009068309402896046,0.00231300471035345,0.01492525835085945
2024-11-11,-0.0022336350630599577,-0.007614693299311415,0.0002526495568713205,-0.02347155656813127,0.015034479481931262,-0.0019115403077295534,-0.0011222834741276833,-0.0005834360231046221,-0.0009217343685076207,0.000952677373292854,-0.00486524705936231,-0.0013907775551575963,0.0074552905790201685,-0.0050061909042790065
2024-11-12,-0.005799522538987856,-0.01895731521849331,-0.01856525749924287,-0.008631355179477884,-0.0175423593844225,-0.009029574331910872,-0.005103057330356653,-0.0018099412465779618,-0.0009769931586895986,-0.0031062323344024367,-0.014993260886755344,-0.00214272166875884,-0.009954990614948422,-0.013836548809467053
2024-11-13,-0.00020469946438361752,-0.006441396911697539,-0.005919471317446967,-0.010081225320474285,-0.009896414772324946,-0.0037735032779040445,-0.002541032617451644,-0.0012867453699501041,-0.002444618601729065,0.0004856642941051259,-0.009486365232908911,0.0,0.0024916039329669903,0.005527223796294445
2024-11-14,-0.000409316563485862,-0.005556701554236154,0.002071170359765784,-0.0026091417886487944,-0.0134831266089801,-0.00027712816538350005,-0.010331665448800598,-0.006949694563313513,-0.0058273914696616025,-0.006429998524105307,0.00579095237453453,-0.010843891711860731,-0.005858449306751057,-0.008985080667256007
2024-11-15,0.00010232947947708126,0.0,-0.0036171616995204214,-0.0017720694429753658,-0.014917608824734252,0.00046200831115483787,-0.006530665296018645,-0.023825985434052344,-0.016378980133146204,-0.012808744458971177,-0.002657435223262228,-0.010637239123822195,-0.009196418312391597,0.0005334132088992138
2024-11-18,0.0009216191505279081,0.011408503203673037,0.005445597822647086,0.019020246289590537,0.001969509736544417,0.0018474067584544063,0.0047983260940926975,0.006947628266756656,0.002339049781443725,0.004097516468173135,0.0017764045220243219,0.0037302579919575862,0.006037684641207575,0.007249281503162175
2024-11-19,0.0014320606193876095,-0.0006905672938615215,-0.0012896834452468253,0.008959325127211537,0.007425926061693122,0.002120641687585856,0.007544929192956129,0.00687979941606387,0.002333418951521171,0.003655262390628966,0.0050972911199440585,-0.0013116637426264788,-0.005463965148424732,0.004868776489972637
2024-11-20,-0.0010215324512558022,-0.0011517408443272314,-0.002711391405302077,0.005632045702723465,0.001300698818178736,-0.0023922855571636426,0.0029385840989712975,-0.0005759337729986935,0.0027163716747931055,0.0003389332950363144,-0.00319718309605177,0.0065665892426503,0.0028820478403364103,-0.0012639392291140528
2024-11-21,-0.0005113300275072508,-0.0020757081818434386,0.00025903515462055715,0.008339500390982302,0.015199343032305856,-0.0011987845851392231,0.010396462741316892,0.0035970703476186916,0.00657865162563076,0.005368247246335223,-0.0007746114844926488,0.010764473700579869,0.013560963986870123,0.0073823096272376265
2024-11-22,0.0007162282675299281,0.00023109345875393927,0.003882941376010418,0.012892210445830665,0.01846974269447932,0.0009232487649561971,0.005144780457775555,0.0016041139470344135,0.003679603631671746,0.0030994993753996614,0.0005537099061572182,0.0053786596817095855,0.011252686316289617,0.0075375879513450705
2024-11-25,0.008997236228822425,0.0006933047375117241,0.005157229946469055,-0.029458856541118794,0.015202800991442889,0.012453872587413928,-0.002093975739638876,0.0015816359271114688,0.005471997926719041,0.0033918958708469837,0.025887829447868604,0.004493929790417628,0.010952497674998618,0.013923594747758061
2024-11-26,-0.001520165094436643,-0.004156116554197231,-0.005772115562544089,0.0019383092584315254,-0.0073431896464731805,-0.0025510921681470844,0.008393261985296885,0.005369362017912271,0.004353706934176804,0.0052215902593417685,-0.003882070629328216,0.007349914549563463,-0.007453744678782237,0.003996834789938397
2024-11-27,0.0027400841952094357,0.0013909688042630375,0.005418584554609085,0.002222714763140843,0.0013714116536793775,0.003653898705055836,-0.004670357439407691,-0.007873596792662085,-0.0016255628759513918,-0.0030300883971953185,0.006928571668868511,-0.0013747661385239418,-0.003580134893131137,0.006430453695484006
2024-11-29,0.003946791957163631,0.00162083560593973,0.013345448949134253,0.008624546377060671,0.0038181695050807374,0.006189274636987596,0.005900264874599381,0.008786842613974555,0.005644409527232996,0.006212050385417278,0.010321257401215034,0.0011648906054202435,0.004031311287942874,-0.004462415163402622
2024-12-02,0.00012126951011204312,0.003929773812997528,0.002785728276249566,-0.008754403389975018,-0.0004960244475801234,0.00157017164256823,-0.007990211289972793,0.010887913357756629,0.0037239803986222064,0.0017925343116806935,0.0024028822055137677,-0.004124839255513213,-0.0034913860055232337,-0.0145680234309854
2024-12-03,-0.0019210132123556045,0.0020722706337450436,0.005682564270227175,0.002012776164397767,-0.007114797741763046,-0.0035344292339432037,0.0022347115773755366,0.003066228210614197,0.0002151085647419393,0.00046384223378992395,-0.008629101681666529,-0.0036110126940158693,-0.0058683889762182195,-0.005065831846923885
2024-12-04,0.0032420622594981907,0.002527517086318376,0.0007533804037727077,0.003033679807253664,0.003582955155891243,0.004820456244786886,0.006457095334776675,0.012363021513211336,0.004461917121094894,0.006209406835690379,0.010745909488358185,0.002664761745976074,-0.004845817010396103,-0.0027014588165999998
2024-12-05,0.0002017442667123781,0.006646779414790416,0.004893286118650364,-0.007397709454119217,-0.011665092865859927,-0.0002717505113142282,-0.0003231287847326181,-0.0027712914218025464,-0.004228072929254201,-0.0016457396510601852,0.00201990499671334,-0.0021260104381114475,-0.004692329673089968,-0.002396385621788344
2024-12-06,0.0028269544271646296,-0.0015937135963555171,-0.00012465472317968462,0.0003705687954560499,0.003570068526673298,0.0022634791717801583,0.004432350875501312,0.00894954897577982,0.0021498271739455177,0.0018959001428933142,0.0014855464655434414,-0.003622168435549189,-0.0005336142765567375,-0.0014621215460361991
2024-12-09,-0.0029197564319812797,0.020524495559657296,-0.0006244689829121297,0.009919751769426055,-0.005022255260912378,-0.0025292830304570746,-0.020960672195373675,-0.007787379015687157,-0.004773137403222494,-0.005149775023360559,-0.009217343016114987,-0.008767220757923244,-0.005785119881936307,0.0028240201543989762
2024-12-10,-0.0012114058926272486,-0.016089423782156387,-0.008996711609895902,0.01316431251835759,-0.004332776025550045,-0.001539598659325292,-0.00943706111661402,-0.0034075515076488205,-0.0022632957650486896,-0.003108991042220177,-0.004704570750726278,-0.0033436566633661124,-0.009399270819824168,-0.0144973499115445
2024-12-11,-0.0023251341488045307,0.00408815430195375,0.0063043956875967755,0.009533812345188464,0.00452062730712588,-0.0027210281120597646,0.011233396573293364,0.017902605133796268,0.005238887082228416,0.007730532876877971,-0.009454579774663907,-0.002164689414606902,-0.0031627706625256824,-0.0023283441232312407
2024-12-12,-0.004053132082352917,-0.004976228979336916,-0.00877081821719461,-0.014663722649505995,-0.012995879849353464,-0.005639043892003093,-0.00731199498441748,-0.006453842878155869,-0.007414413574631795,-0.00515253763170509,-0.0121473768113034,-0.002819699614528881,-0.0018132166737104827,-0.001591066612124381
2024-12-13,-0.0037642792587422313,0.000909244243374685,-0.0027809016094835215,-0.012091578404740733,-0.006860365708700522,-0.005579213016422058,0.011804151100624605,0.0076543115716805055,-0.004222183768818111,-0.000198618165903941,-0.01021066709113061,-0.0030455401588949105,-0.0029062004755928683,-0.0028686399671670193
2024-12-16,0.0009190907595926223,-0.005450781705892638,-0.0032958913366615272,0.002415209844427002,0.005877983190655023,0.0012875226571862353,0.008213036348057479,0.014400493146105031,-0.00027179607095240144,0.00426995333865432,0.0029949386792835764,-0.004036702926656699,-0.006466793251155845,-0.003516376195454418
2024-12-17,0.0,-0.002391921908204475,-0.001585512542126466,-0.0038386247250202787,-0.011448101062427107,9.20564779987032e-05,-0.012038856254517505,-0.0044036897151986665,-0.0036649286227432576,-0.004119991479773488,0.002433157126143781,-0.004423826494456828,-0.00638778019728492,-0.004811653831865548
2024-12-18,-0.007615784796369152,-0.02327735540151543,-0.024531866842584793,-0.01918507783771317,-0.04427247899542841,-0.012397996681624446,-0.03460099671436856,-0.03607698105451862,-0.026109730670013653,-0.02980356423151731,-0.012504160501212946,-0.021222456833547287,-0.027499125954495773,-0.04125923979416957
2024-12-19,-0.002578792223074111,0.0033365188587253236,-0.0031767784391741882,0.0014210967336203417,-0.004437471579968211,-0.005413698871349126,-0.0007792564562694171,-0.004453247696400653,-0.0011803100320439963,-0.0003070465374180875,-0.015141512435924764,0.00045175418581799853,-0.00640039515358759,-0.015465808518334678
2024-12-20,0.0026888879787931863,0.004037894343692505,-0.002788473089012311,0.010434056495473909,0.009369556921279276,0.003941579670603268,0.019104226871327956,0.008732523394174185,0.00967869609021399,0.012011119986430563,0.0056940526256819,0.009594649165398206,0.015286896932499294,0.016847045950070694
2024-12-23,-0.0030937822554938377,0.005677773135643438,0.006524702223548617,-0.004708795377563968,-0.002298076287977735,-0.0028978119744708097,0.003921316448384227,0.009742619620680681,0.00757946996654435,0.00598810318553733,-0.009172169867471824,-0.00033553139686859357,0.004072015244612759,0.003910784832632075
2024-12-24,0.0011375150752872543,0.0030582435344777004,0.003571838556507778,0.001992014086009908,0.008942650197697688,0.0030936908359833204,0.0128615667873897,0.013559995742876918,0.007467340441182024,0.011115203224585368,0.00422854379783888,0.007381899896942379,0.007639252721218126,0.00664262487042433
2024-12-26,0.0007234750741582641,-0.003517792407514264,0.004745642332551814,0.006751179863859091,0.010251097189859504,0.0009345469803081485,0.0014107630986777142,-0.0006794527388755967,0.0006038765835620907,6.648854481872135e-05,-0.0005691735214307103,0.0004441304967643944,0.003088777517894714,0.002684186763479701
2024-12-27,-0.0020651607997748123,-0.004471729938307245,-0.0014431499192960606,-0.0068705038771271765,-0.01457815642469229,-0.004201648770164712,-0.012116558167498237,-0.013293052411833761,-0.00949251836811138,-0.01052648096742248,-0.008198418495464987,-0.004883093515837711,-0.006065083460609855,-0.010039025021087111
2024-12-30,0.003932134232561557,-0.008037791303555086,-0.006569425361960146,-0.0031896811646235923,-0.007689190090231501,0.004313008884496261,-0.011694821396395771,-0.013299869598277447,-0.010746628731305274,-0.011411585176906436,0.008036636549705989,-0.010594283819280181,-0.011547085633025533,-0.00495772650406856
2024-12-31,-0.0012367974552749406,-0.003336612449717058,0.0,0.006233636577161361,0.0012688885134837236,-0.002520617575220707,-0.004665867547702596,-0.008494838662821413,-0.002799904593404734,-0.0036380299989984266,-0.005352980807876051,0.0007889670870679932,0.0030391299392316107,0.008719294810014988
2025-01-02,0.00010313165642417133,-0.001434670111327363,-0.0034387168946528046,0.013587714119632333,0.0008146302173464015,9.346526345987982e-05,0.005122647941472769,-0.0019560156577475007,-0.002639301843931796,-0.002457123996579935,0.002748387099172911,-0.0014640569365628187,-0.001420280419581088,-0.008868467001257763
2025-01-03,-0.0010319592769343355,0.009339129911433819,0.004379544469847563,-0.007864039973028869,0.01487737417299173,-0.002339761818274444,0.015770784705955387,0.016365297805179813,0.00951523605067961,0.012503404560544995,-0.003197678649379143,0.0049627787196711015,0.00986166192628768,0.013138542823818433
2025-01-06,-0.0010329420017812785,0.0035586873627559967,0.009513752275021936,-0.0012320959587239777,0.00040105200033746513,-0.002532753123699605,0.0030293888868913044,0.011492917224601662,0.003904143289755968,0.0057605105090932085,-0.004467768955655038,-0.005499390595764542,0.0053519773949852745,-0.012856353925734365
2025-01-07,-0.003515367367983191,-0.007092228869371886,-0.0007854899950890948,0.005633435188264313,-0.00801720333342193,-0.004608418280627635,-0.014487808808805736,-0.017844382007456527,-0.00755572609081101,-0.011303942339435435,-0.011277559146326,-0.0018057050454626244,-0.0029886793585882643,-0.009513026997083784
2025-01-08,0.0011412729528856858,-0.004761956410553214,-0.0015717943460408224,0.005315681488123669,-0.004534701577371014,0.0016063807767821014,0.004549053191756025,0.00017467674209914463,0.0019593705382487947,0.0014611169814298108,0.0012804875168292984,0.00621811358076263,-0.002810225968829294,0.002629775608443019
2025-01-10,-0.005597031458242752,-0.01698555389421974,-0.015219160161100365,0.009558310004399662,-0.022010695190155638,-0.005754074214079807,-0.013728646363975971,-0.015680988453538935,-0.014749394874677968,-0.015267531702177872,-0.0066256185362192355,-0.014831372905807383,-0.013433713362053123,-0.024404161458573936
2025-01-13,-0.0009381451376692107,-0.006814326332640452,-0.0027977605510094428,-0.009951255605703757,0.0019369848921466648,-0.0028466636819273194,-0.00028996671874526037,-0.0032138379431098096,0.0017011686300294482,0.001550370850589733,-0.00035098264692401404,0.00558845457829249,0.0072367355339004735,0.012273504922925671
2025-01-14,0.00031303674336102816,0.011271801731147724,0.003607258787894141,0.005249423200524461,0.011369215649075448,0.0011420863420679161,0.010394507933181085,-0.0009494781883642167,-5.658012389297973e-05,0.001376057202634895,-0.0016387474936788715,0.005330635191411304,0.009831829882556375,0.009122530804435813
2025-01-15,0.008656542872739426,0.01308458223674247,0.012779531207390171,0.007488993695735191,0.019661395269592763,0.011974787301961776,0.019091869830893504,0.023006233931550213,0.015907972739450216,0.018189922211973686,0.01723518782637079,0.0060920493225153916,0.014135972215347792,0.005721437957789899
2025-01-16,0.002171604638850466,-0.0011959694523872022,0.005126210715800994,0.006910965874952435,0.0020086816487869807,0.0019721559741381345,0.006667242222547554,-0.007005906067711343,0.00011148080741074651,-0.0019231018964384061,0.003227346052655289,0.005943020272975996,0.0038770211396645937,0.02070769330683686
2025-01-17,0.0,0.007902210486126382,0.00405381034868979,-0.005307269747253374,0.00432087206492926,0.0008435134335249561,0.013759298399635522,0.01687846693660333,0.006797760839028388,0.010039901270404217,0.0017235233517829407,0.0015605207892481765,0.008735581081631416,-0.0006688927643773157
2025-01-21,0.003301695620513856,0.010691469058604852,0.020187530240573848,0.01548521901629396,0.019205160154907475,0.005806404446207836,0.015735079855574652,0.005864924993096654,0.008024880477497387,0.009153584329701925,0.008945783990655265,0.009460101113452968,0.011303579573410438,0.018739639629321347
2025-01-22,-0.0023653101993675874,0.0007051939440281263,-0.00229779350540793,0.005135652699768123,-0.0065277698080009605,-0.0031654897411950156,0.005480721913468045,0.012785913830497986,0.008674620440759506,0.005621537753287331,-0.005228948878385209,-0.000661482487958498,-0.002884280949377205,-0.017409560386115075
2025-01-23,-0.0016494825817832126,0.002349051486514986,0.008189296332493878,-0.0014148699521492336,0.0045556650262355,-0.0014013005229450703,0.008108877848343132,0.002126005968596578,0.004844205510125876,0.00545785324439052,-0.007770691998726154,0.003420194276329891,0.006508600087899108,0.007354550924001391
2025-01-24,0.0016522078698861797,0.006562095511847277,0.0055845107307799235,0.006218705580030903,-0.002790689189558937,0.001964299867241559,-0.0034409327358913,-0.005651280233795131,-0.0027623394903499854,-0.0029191634446454895,0.004491531318341124,-0.00010987255041461363,-0.002694515704432132,0.0034293893254364605
2025-01-27,0.005566369744836042,-0.01816074686713809,0.0,-0.0104048052682425,-0.009576308318914761,0.0069081438757738756,-0.04076038327643605,-0.02911440079170291,-0.008419478853395113,-0.014145356222404648,0.011809133971712793,0.010556386767112125,-0.0019811796800606185,0.01333911367534557
2025-01-28,-0.00030741609496065525,0.007351188921336682,-0.0012622873936303236,0.008656417783572623,0.0011037760908623184,-0.0013906811246438,0.011078758272623057,0.014779804270462549,0.006354390100935969,0.008592211741529354,-0.000679772946637236,-0.002829192890602461,-0.009745602128526376,-0.012075769687058924
2025-01-29,-0.0006151039659690882,0.00023555074593217817,-0.000126296978671947,-0.0038404097330004827,-0.0022932682872429666,-0.0012999074859662008,0.0002311960322507467,-0.0018779996646303143,-0.003048406122212799,-0.004482864925825725,-0.0020409822009378464,-0.0013094795748681554,0.0009113150839592521,-0.013214383934904594
2025-01-30,0.0014361259540309756,0.016945031077427952,0.010995921157598731,0.01514551884715587,0.010166653699141825,0.0022311945414164036,0.016409411407054764,0.0042622269551439995,0.00933672930631757,0.0053671859760371365,0.00374949938727398,0.009615469852110925,0.010287652249118207,0.012721973651290908
2025-01-31,-0.0020490795670116135,-0.011339995279508241,-0.009376153428841016,0.0019763991077348386,-0.008970429550719139,-0.0032464527632863893,-0.003456308880048664,-0.001453036929474294,-0.008114362197622849,-0.005321911081975883,-0.006565484616625206,-0.004870221558904819,-0.00874103703228224,-0.0022040015024165083
2025-02-03,0.000947683624053397,-0.007256454032039561,-0.01173650564224693,0.005337271410283728,-0.011700786291853671,0.0015783044695143467,-0.0002738536613959841,-0.008003096788047781,-0.00490814246042337,-0.00672955270931086,0.008141955025646741,0.004567769285104717,-0.006000018337945945,-0.002098154036953237
2025-02-04,0.001852537609194016,0.01792019873737183,0.01162044313984456,0.00984841707528572,0.013849743207019038,0.001958495341868094,0.0059342521842236096,0.012275361548277353,0.0047132372918206045,0.006708265236212485,0.003062775193071632,-0.0003248882378550366,0.0030180098344212425,0.0007746717934467018
2025-02-05,0.00534154896662109,-0.0025480071009437166,0.009719797384316164,0.006209542410714253,0.010884453048228604,0.006979704474417314,0.015610026347848027,0.004537825332942003,0.004363913559300325,0.004054526223509436,0.01651003629604686,0.008338832968887377,0.008206496193987611,0.014043893055380119
2025-02-06,-0.0010219084824728553,0.004180249788073631,0.004750696798969667,-0.0026502562908058414,-0.003269400005930345,-0.0018483385882521741,0.010231947646002215,0.005219814239318055,0.0013035025749470464,0.0034756291897781733,-0.00044516181456488724,0.00010749124319198167,-0.005064613750601965,0.0025081808150793083
2025-02-07,-0.0031706553589468944,-0.0009250975253142224,-0.009456368903758783,0.0017841598670260694,-0.011589739996431425,-0.004351785277016185,-0.0054400150766327204,-0.01261325380870082,-0.007864964013616582,-0.009153513013858694,-0.006454975240068661,-0.004403065089549463,-0.005363146786284134,-0.0032634354079971173
2025-02-10,0.0003078375337099981,0.012037039983018971,0.0067831508195348444,0.016938239196991,0.004513314792840006,0.00027894433658981477,0.009827805548861646,0.012104947091493123,0.007325977580857401,0.006791224284519393,-0.003024601390066217,0.0042067119079269855,0.004112622633351659,-0.00043649643099974433
2025-02-11,-0.002256780525455193,-0.003888364270451361,0.00474101250231973,-0.0036516022155236305,-0.005814601883403325,-0.002231233701240787,-0.004932129425548548,-0.0023805783841158723,0.0009225228590181711,0.0007604384781254581,-0.006404287641719852,0.0013964469950917824,0.0043685910680622,0.004367400071977778
2025-02-12,-0.005243047686865454,0.005510894372871222,0.0037253323697621354,0.0010471549570203464,-0.009215748962558945,-0.005404457815143426,-0.002080060606259315,0.0005870733004280648,-0.003090531135435892,-0.003221485072722685,-0.01357012967055482,-0.004076062400219516,0.0006345085236645343,-0.009240236931856383
2025-02-13,0.005994332265748525,0.006394079555303023,0.012124238964047684,0.009862831092105617,0.011269162020378198,0.00777579288599739,0.009845287459635532,0.014385855749436294,0.010606342143717695,0.01055750138825129,0.016622732617783464,0.009046903153162589,0.01340350318330441,0.009984813028150796
2025-02-14,0.0036983563081085524,0.007715056108567264,0.0014667986317729031,-0.014871773334245608,-0.0007516392690612994,0.0039044469886415634,0.002590941434146954,0.004198592314988092,-0.00371368432342567,-4.917697295880874e-05,0.005299808651212601,-0.00789844837811704,0.0009828004637617571,-0.004562958257772198
2025-02-18,-0.0039918924609810835,0.006304901499399218,0.007201270715655461,0.01656090548123368,0.0054873912466006924,-0.004074132235193595,0.005168694480811142,0.0022669378765327597,0.002539151698161657,0.0029358976669520143,-0.011777799210966333,0.0022594394035591048,0.013034627974595203,0.004474639883826903
2025-02-19,0.0014387069927603857,-0.0015663496943135735,-0.01030055159361376,0.000554096378723612,-0.0034330062881278156,0.0005576341486051017,-0.0012201871716125412,0.00027828021232756406,0.003394691165891084,0.0023549188372289365,0.0012486776411966272,0.00633313591129725,0.0007930973517451534,0.0007605318241459269
2025-02-20,0.0015392631302635351,0.009188676390717632,0.004652873922931233,0.0005168326664386491,-0.009583546920333808,0.002416172226021196,-0.01758287902391864,-0.004244843532297926,-0.0027388532544477817,-0.0041602448320542385,0.0037409026694061875,-0.00021326523046993895,-0.001585076467588653,0.004776965656458243
2025-02-21,0.004303296360430142,-0.002886921425294786,-0.006215635483742488,-0.0009225433005247696,-0.02880581070117849,0.0035226840149660266,-0.02331569253519783,-0.02075442975965247,-0.01669345860641147,-0.01710420781148192,0.012085054180476673,-0.007148364390309192,-0.015346499939294267,-0.009832605645737513
2025-02-24,0.0017345286263246162,-0.015367469991744431,-0.0006133128462559867,0.005429568123388684,-0.007208472370285213,0.002586688185101993,-0.010276391880508995,-0.011804432184767899,-0.0031764094321261593,-0.004550303389776356,0.0029014643986806643,0.004943062737364334,-0.0018811770565708708,0.003928391701774281
2025-02-25,0.006212171241288811,0.0006786445655937445,0.009080926006809875,-0.013188334192659745,-0.003792281136428932,0.0076476201439863445,-0.0037213895920962248,-0.012599167838217462,-0.0010439867612074272,-0.004973182424069411,0.017246903830683058,0.005988114858229032,-0.0020639808610112276,0.012282595485039405
2025-02-26,0.0016195329473327469,0.009945697319946989,0.0013376734751053831,0.0015263333689308212,0.0012533927020679236,0.0021030833887456524,0.006225459704595648,0.002415524039345529,-0.0015948455761819469,0.0005045885696586261,0.005906939512532405,-0.007440505557037902,-0.0014389456773382658,-0.004187792349602537
2025-02-27,-0.0015158571575143442,-0.01947182031491157,-0.011294641011822648,-0.015239958822878874,-0.015254073150469116,-0.004197413355941149,-0.01714030110360698,-0.027771218594090707,-0.014321823375343046,-0.01596180843971251,-0.007068341284828805,-0.0007496782916089906,-0.009365879869365212,0.003989724095736724
2025-02-28,0.004452858047220287,-0.013695561541239631,0.002088297958774854,-0.006265820058134697,0.010640779843821058,0.004398565053904013,0.018511474368489766,0.015791582284513828,0.014697572865104203,0.015605596661077747,0.012265906048556374,0.013503497138400933,0.010545393436333317,0.008484708395783747
2025-03-03,0.002163059623335295,-0.0087941652032143,0.011032053646728546,0.013180390342641513,-0.027346716650724523,0.003159404567443014,-0.01867869010201817,-0.021882471679651294,-0.013603590698969659,-0.017520082146542326,0.004666913162667763,-0.00158623893592158,-0.014213665667210496,0.004685730748324568
2025-03-04,-0.0025212882970921946,0.008405212093382852,-0.00024252925703804884,0.008697635934455272,-0.011303825030277825,-0.0032866592788125537,-0.0205738277810813,-0.003017880586813515,-0.010273599540143619,-0.011836762907428078,-0.012315166879744543,-0.011544156514333603,-0.02181066242165175,-0.011553896099778083
2025-03-05,-0.0034376031078362512,0.029868163278443882,0.02389044908682414,0.0020813110966888537,0.009931268163006157,-0.00320560211498766,0.01276550182531877,0.013036021115280683,0.010662256383990654,0.010747839611165988,-0.007984109038958631,0.0038573032661659568,0.00904943248082013,0.011152872427127258
2025-03-06,-0.0010143895169559825,-0.006295066926305881,-0.010304456951924057,-0.005081207410422395,-0.015302091439435617,-0.0031240172781050735,-0.03866043645827877,-0.027509290310774537,-0.01635501387077898,-0.01775115672124894,-0.0033076276890533496,-0.006510795359313981,-0.006934123351222454,-0.02566548066505836
2025-03-07,-0.0012184871795143382,0.0049773495544764845,0.010411744323095773,0.0005219558189655249,0.00326391913342583,-0.0015670896734943929,-0.00024456922997329045,0.007353492214493995,0.003461741513759442,0.005604994241949157,-0.003207820720971588,0.007950042955877201,0.012568603419143232,0.005986651721231695
2025-03-10,0.004778848291368654,-0.023863056890121692,-0.023569845634705433,-0.008755937163287819,-0.025151725899980493,0.0034158543331870295,-0.040274117512758556,-0.03875645798742411,-0.02233794855242388,-0.02663561657302338,0.010431518356700087,-0.007141342083073821,-0.01507901864519079,-0.00963001065510527
2025-03-11,-0.0035419481566427713,0.008302563976231747,-0.003396375446856892,0.011727541035094546,-9.947966501355765e-05,-0.006532341335145797,0.0033654289709652563,-0.0023902921088753137,-0.012320641316282854,-0.008312890256780947,-0.007138904790514156,-0.01395596995657733,-0.017457122569710104,-0.011690161820564815
2025-03-12,-0.0029450096923081537,0.005489466008093524,0.007181111040005517,0.004346793335703092,0.0017433442524863452,-0.002963524097722936,0.015753603708635433,0.01128077671887806,0.002108353303399424,0.005306711296301225,-0.005973398716514922,-0.007729948230621897,-0.0023753303437071827,-0.0030952621628600463
2025-03-13,0.0030557461848272904,-0.004094666883090681,-0.006646628546706057,0.017756144523255468,-0.014917958011267718,0.003157892606010293,-0.015709402887130963,-0.017990579046339605,-0.0172404049453454,-0.0133307666126663,0.008791402064057374,-0.00208476700116067,-0.0010476098136725787,-0.019738246476782795
2025-03-14,-0.0020311207940690856,0.018273292898240312,0.018369817601607386,0.00039975774946587883,0.02417970162776939,-0.0004628505450133824,0.026684934882208022,0.024170500190505484,0.019148470456588962,0.020655906135268243,-0.005295212382234515,0.011434893480663844,0.017732863608104,0.020022646957600365
2025-03-17,0.0013229399815164467,0.01704790506513776,0.01122937183199113,0.0054135329342379634,0.012617605109542795,0.002038068673276161,0.011733172683187298,0.006483670098015315,0.010036273948660357,0.00771133679017999,0.00499064923957615,0.013697094421588618,0.01508193478359554,0.017078691580489025
2025-03-18,0.0010160385215092216,-0.005072721538881164,-0.00011815600765452405,0.011671955843306048,-0.0086833085686282,0.0024035919787142035,-0.01703828370960403,-0.01704728220717422,-0.010126930753423968,-0.010808378438936228,0.0009932978422666494,-0.005219176292195593,-0.0017736342158480856,-0.005233652472675376
2025-03-19,0.0029438952228761917,0.0024385143718346214,0.0029536802168865783,0.004107707999658539,0.0155505120612498,0.005902524780762919,0.019065474345036026,0.013381369317085667,0.009475931154732109,0.010890844789887,0.005181304315824642,0.004543530697319165,0.005674918097476445,0.001205428522661478
2025-03-20,0.0006074114416749765,-0.009288034318596816,-0.00836384632158138,-0.0012805854303336028,-0.006347871223975177,-0.0014670648601186054,-0.0014202595744591262,-0.003389539667178476,-0.0037664921558695497,-0.0028916986236381392,0.0006579546048466334,-0.003446084288886042,-0.004902900307428126,-0.0006567792184433152
2025-03-21,-0.001213923296488395,-0.004910601112976032,-0.0061771776937697975,-0.008049901213267985,-0.00619338478139797,-0.0013770234666884429,0.0041198678379628095,0.003296694837295,-0.0019191876112512052,0.0003297821374010912,-0.005918404879944328,-0.0012967608196616798,-0.005670770788513302,-0.011064879997902621
2025-03-24,-0.0038483837607994342,0.004486276897576635,-0.00011955422585330222,-0.004452548665506595,0.024878617115878132,-0.004321563190226474,0.02798823280406726,0.021944304665106218,0.01730752103920863,0.01790848775160092,-0.010253601384678457,0.006708476184388079,0.014491382850151835,0.0153984536970726
2025-03-25,0.000914948344407085,-0.002903126227760011,0.005499096374818713,0.004400365088198743,-0.005553973163753612,0.0010156483337397937,0.002803317710486697,0.00570664971191448,0.0015467067685024372,0.002403713718828193,-0.00011156114826427199,-0.0020421777124066676,-0.0008293487119441778,-0.011220379321449592
2025-03-26,-0.002437876163510544,-0.0060469968801496465,-0.012959209811542305,-0.0008259812019960622,-0.010158875245585008,-0.004058992588583776,-0.01914241317712473,-0.01840073330197034,-0.008464834204100047,-0.011938122033753884,-0.006572960417605023,0.0031233689719674107,-0.0030436860378342256,0.0039014509633064076
2025-03-27,-0.0005090538632520625,0.004957161842781943,0.0021681788998986207,0.013405732882559862,-0.004766784378693378,-0.0012042458357183206,-0.010579148873147592,-0.005697928416668718,-0.0016728166230207675,-0.0026558447361686444,-0.0029156762518743884,0.00354305735694993,-0.006476133212838797,-0.0025539230901359122
2025-03-28,0.005806806539717879,-0.018609860100920583,-0.008894286245757721,0.007412123023167849,-0.02033142265027954,0.006028114683740204,-0.019334097780696835,-0.026327819769713545,-0.019991927841143453,-0.020138214540216803,0.013834252880964515,-0.007810021215226892,-0.014526395411331161,-0.0013357771801791873
2025-03-31,0.0019245085777737092,-0.0015991830385393424,-0.008852713107359689,0.014363222998346137,-0.0047890608207021845,0.0019358464489900307,0.0063228561109609505,-4.261748892120387e-05,0.007546664593959029,0.006712800625198856,0.009873336079604389,0.009920197847377077,0.007748231673029737,0.009251974053009482
2025-04-01,0.003702027198755564,0.003203489042419294,0.0014682343678809051,-0.0019782303576065807,0.00010012628156030878,0.0035742887662919554,0.00697562519321715,0.008061006229358014,0.0023407079666002417,0.002824442743211364,0.008665564075719612,-0.000747405122293876,-0.0011251569529706629,0.0004417674019498996
2025-04-02,-0.001111766742893927,0.0013687445217747118,0.0023212716908809217,0.0020516615880092903,0.015788690225964297,0.0023007684175802012,0.012577406832068982,0.007298528669302806,0.00566290740674158,0.0063284086265045225,-0.0006559237670626938,0.0020301765535954974,0.00666468357177874,0.006071928757543699
2025-04-03,0.005260688068164043,-0.02118448365856962,-0.02096536919160863,-0.006038278082531101,-0.06419620482502142,-9.18431065768388e-05,-0.05390588255511053,-0.05353352744115514,-0.04440965209573022,-0.04928080108999533,0.004593776981025144,-0.011729482337597297,-0.04998134446872626,-0.034126931855204545
2025-04-04,0.0009058084605790828,-0.055620290956534535,-0.06598604592221202,-0.02339226273628292,-0.04460840265494592,-0.0011019231675137853,-0.07092663787143805,-0.06210895670015448,-0.055403560235348426,-0.05854293488376705,0.010887524274392435,-0.059128336702513495,-0.05918719509786308,-0.04339927959112455
2025-04-07,-0.012668637273969718,-0.037210469911980404,-0.024126898865896806,-0.02148580630415131,-0.009051367504616215,-0.019488981548075324,0.008555907458124512,0.002413241582797765,-0.005788403396834951,-0.001781249590409928,-0.03015611273678065,-0.011353135172307294,-0.003755805568624093,-0.026247132515243243
2025-04-08,-0.005193339074696879,-0.014077173774072027,-0.0034148272844524152,0.005443793790763651,-0.02634357148300126,-0.012657057929093107,-0.01023473788264695,-0.01800849752587219,-0.014036898822867294,-0.01566275431689801,-0.018878596031396744,-0.00916366921881806,-0.020839971942769653,-0.026832410971748044
2025-04-09,0.0022519494817572205,0.06931455567540223,0.07716543021996825,0.03699125081478161,0.08500160462145123,0.01671268952839533,0.10478864705144542,0.12003081852824549,0.08679955194010747,0.10501925332407813,0.0058858595049100515,0.05197852455756613,0.07796788675319988,0.059656557831346824
2025-04-10,-0.007864358358820933,-0.017237194187962435,-0.01972239058363634,0.0244235794430141,-0.042017960808720556,-0.016998270201521448,-0.032684288980042275,-0.042532205946777424,-0.029882269683714324,-0.043818954699414436,-0.027568534840768488,-0.01379927062740649,-0.03551936002177758,-0.022826744265178944
2025-04-11,-0.0010294763781674154,0.03137345485286169,0.02505190232100407,0.019086664805096243,0.01458366106887965,-0.00018984460474236187,0.01448814495857853,0.018422975161871857,0.01711259299064083,0.017842893761116585,0.005438559074240956,0.01534638870085292,0.012447225011246621,0.012224642369132122
2025-04-14,0.005873955550989685,0.009101886098170642,0.010763599577831906,-0.005705977012200658,0.01177027103631656,0.006176813807234671,0.008874956792725541,0.00677823608583461,0.008565387342659658,0.009701274021056916,0.007135439172198055,0.012558315536295606,0.012395872980311307,0.020686322449639638
2025-04-15,0.002048956784991507,-0.0009495643115197128,0.00902020449779295,0.005232379352138938,0.001233112357189814,0.005383351540343417,0.005561130907047351,0.0011147410206711061,-0.002487150347489364,-0.0028007924327630995,0.0035424427016801374,-0.0028536758631716452,-0.0010036093315314298,0.003046023359783545
2025-04-16,0.0031693604910512096,-0.011641655993702482,-0.0038490553175000164,0.0325408102664011,-0.009584378114320669,0.004227468263396261,-0.02111613502651577,-0.03015344203607706,-0.020858726843559494,-0.022228078391931083,0.005579759602277079,-0.01122729461662808,-0.014566994170999714,-0.0007008225926211642
2025-04-17,-0.002547782004949317,0.007692353440446276,0.010843790821423172,-0.004390692094044635,0.00816331579561913,-0.001403249075206503,0.0033384443565849242,-0.00018011073008639134,0.0026085954408638923,0.0014268350248789474,-0.008832514133114366,0.0023378145989707555,0.005709053637228623,0.01496021366041611
2025-04-21,-0.006028515651972821,-0.00023860372137496366,-0.00542514881274947,0.03093558529908469,-0.02005567654446283,-0.010772883574250547,-0.0276938015110052,-0.024746667610471285,-0.022114797431316724,-0.02380270712392807,-0.017479691811955966,-0.02043542776243734,-0.017435376744692532,-0.020842934714844885
2025-04-22,0.0018504563569436971,0.015032248706341012,0.020704053870885142,-0.014195668551963636,0.02588370336480028,0.0024620843952427585,0.030693816850005717,0.02625210346350526,0.02476872858416912,0.02601775974219156,0.005581339988725453,0.02074840238597231,0.021665039176099965,0.019404939045451597
2025-04-23,0.002462499422160036,0.011518598555584791,0.004008340968431057,-0.023978630729734163,0.014829038063671751,0.0044400842321714595,0.02329266941122521,0.022678010541175464,0.01174517506639483,0.015495362918822586,0.009713155911170723,0.0037764887177216266,0.014743143662133917,0.0018458524407480859
2025-04-24,0.005527013432476524,0.01161969748630498,0.013307341198433686,0.014556277018207942,0.02002636431511462,0.010250777905458364,0.02241311137498614,0.02813716865498317,0.019245930822209045,0.02104903098185429,0.010535894861883444,0.005975417049099763,0.015623487859159901,0.0036850874037892556
2025-04-25,0.003664584935017201,-0.0018377789100818553,0.004298143103276697,-0.010841679678267213,0.00030910243742399146,0.0053064748994127164,0.009618068023184767,0.011147936184712881,0.005454956150014567,0.007225311311978455,0.007366359590089466,-0.0011000808493154546,-0.00529126143574421,-0.0017210999136832994
2025-04-28,0.0027383225732648953,0.0018411625598042658,0.0066570891051978,0.01424210344049559,0.004224236129710679,0.0023151174721267598,0.004690877823535056,-0.00031741005865071337,0.0008943944531714099,0.0003813851666460977,0.006300055272364435,0.003744137212553289,0.005516242947930072,0.006206182066279542
2025-04-29,0.002427462343227882,0.002756893903745228,0.0020074665964933125,-0.009738925467677184,0.005899252573121183,0.002309472939631574,0.007460474648861348,0.006604433415682953,0.0060160898634227244,0.006299388836584985,0.008384460924837134,0.007789369260143841,0.0030368918967431657,0.005368453064495293
2025-04-30,-0.0009082652866472252,0.002519987386568001,-0.0011784913456522883,-0.007482221012837353,-0.006272578048499788,-0.004700798259668515,0.0015288360055776273,-0.00012614522465759226,0.002842075513984854,0.0003968300492129817,-0.008093215658748432,0.007402595050674421,0.0016602587510587963,0.0035219443947922535
2025-05-01,-0.0027254174949311594,-0.00022857101832562954,-0.0031857851186753994,-0.02077228754256477,0.006209586947863555,-0.0035148098438801956,0.009015919888198942,0.013060712497939608,0.00023624437073954674,0.007086979683865069,-0.00507050282598609,-0.006807805295525271,0.001072531385552855,0.0032830830847336845
2025-05-02,-0.0048765118266574925,0.028571446523786292,0.01917608574977936,0.0017481999132260562,0.022491881915589484,-0.0024259498317700245,0.022976420065705216,0.014843903108999967,0.01694124499443328,0.014844134866078829,-0.010824145854918643,0.010009697007629548,0.0173371284224193,0.01229974223676078
2025-05-05,-0.0017355140060044683,0.007555523867428526,0.0017421195103679565,0.029867754776654154,-0.007681446420116367,-0.00140304764721344,-0.0015712553147911867,-0.005932556033219738,-0.0033666959373488403,-0.005734433377700299,-0.00558535447441999,-0.0008616948742636854,-0.003829569608972183,-0.002229540732272106
2025-05-06,0.0024543826907106325,-0.0039699522211248395,-0.0012753263213187704,0.02802400275899264,-0.010907879459399306,0.001966951523695526,-0.009118698753070476,-0.009301682951692758,-0.009726299371542346,-0.008358216758522774,0.0033242839548517367,-0.004312693042798688,-0.005478062839462838,-0.007708490855426242
2025-05-07,0.0015303857108113217,-0.011514617322066711,-0.0033666952505255754,-0.014993060801348546,0.003303329374795938,0.0020567489620799684,0.007520891164531918,0.003925869653398806,0.005528376600001161,0.004205416334334133,0.004226915624662153,0.005089295845498221,0.004251907611376948,0.0011257153978116996
2025-05-08,-0.005195117191650334,-0.0006721074527391568,-0.003494292123232934,-0.0196942722998793,0.01904562550622324,-0.005037926779939195,0.009087583329977722,0.010324912017485754,0.00292469655776606,0.006967762571935099,-0.011149105973244033,-0.004524929700235214,0.010392738035775562,-0.003936113551588516
2025-05-09,0.0010240180331533288,0.006725066661736889,0.004909313151237438,0.007254674259445482,-0.001839004602929184,-0.0003749330557141217,-0.001975639976317556,-0.0006554240949111501,-0.0032077664120181426,-0.0012742213508586397,0.0014956700168815562,-0.002922111710934927,0.0006666119794773717,0.006661498973704827
2025-05-12,-0.0033756397332490584,0.021598753548448535,0.005118106560147551,-0.028190568373488878,0.03515751338027062,-0.00018764952147498626,0.0278070783316704,0.040740326688877504,0.03171079229970686,0.033047323364331804,-0.009304917580522765,0.007706512929043674,0.028457196420564213,0.004934924005078445
2025-05-13,-0.001026435368936096,0.0017436465520332955,0.0012728718877019762,0.004258992599597278,0.0036562479849582274,0.0008443559299098347,0.018902585218172785,0.015240810143960948,0.0017580007989002056,0.006604074556344264,-0.004058361844251235,-0.0073242875999299795,0.002313557302317415,-0.012723171980172587
2025-05-14,-0.0028768084458370424,0.007615250255524897,-0.00485427435181085,-0.021037827999516923,-0.00886749020667943,-0.005061861566629244,0.004528157401431976,0.005992969103806534,0.000396214898082059,0.001277977174232836,-0.006636472217083189,-0.007378497300174258,-0.008494163777720276,-0.009835046705932382
2025-05-15,0.005667335340805213,-0.00043180053189817436,0.010917568174200865,0.015963953531585195,0.006528702350595994,0.007160446748496918,0.001925546652606247,0.0010988616844107568,0.006846981071241709,0.004884496319431886,0.00879046437746167,0.0174900917069456,0.013316026516411839,0.01826711890274124
2025-05-16,0.0006146252919041473,-0.0006481502690587337,0.002297771019163619,-0.012087047232674286,0.008264024496364764,0.0018708052126332753,0.007556561719016752,0.004352665849682191,0.006800418732900937,0.006333938442399267,0.002672196267984095,0.009561672533114463,0.0067082790847876606,0.012445272322768375
2025-05-19,-0.0003070423497496533,0.0021616757571256695,0.009514050013838649,0.012880671121226372,-0.004193512454559567,9.347027850781231e-05,0.0022976907003506852,0.0009586849522016383,0.002958658151066995,0.0010938196429841618,-0.0028969735433991284,0.004469636624250484,-0.0007302717623057786,0.00022147075190259713
2025-05-20,-0.001741365329262945,-0.0010785064972138603,0.004768840090230819,0.0186222454642182,0.0005263780117663597,-0.0024273084159875946,-0.003763027131173158,-0.003333423507451694,-0.003951655647745245,-0.003362153676216839,-0.007204821137689499,-0.001589242728351814,-0.0018271209147907586,-0.0058680741255038305
2025-05-21,-0.006566837340713505,-0.0025912271903404394,-0.005876311440968562,0.007378683875855163,-0.02807531223895976,-0.011137293218171362,-0.01823463606775433,-0.013896656359909554,-0.015869505248286786,-0.016850775346555102,-0.01709014238630613,-0.0131580032737868,-0.0207741054213062,-0.026617817868349936
2025-05-22,0.002891879718527557,-0.0032474276107015143,-0.0005683926769415315,-0.008861493387459118,-4.9222759691103235e-05,0.005110726727786563,0.0005748044568489874,0.0018713560869185741,-0.0017033115749807148,0.00039481427694298965,0.005239907072778216,-0.004731160325825767,-0.0048597806662559195,-0.004576570617468079
2025-05-23,0.001441893433054453,0.004126929238981836,0.001364954754717207,0.021906288045034472,-0.003149574788002707,0.0007531942699019467,-0.0023424066598449755,-0.009260764014375034,-0.01029472798631792,-0.006826062828607871,0.0016585956060541918,-0.0015124908361565659,-0.004507960408603462,0.0010344672797060195
2025-05-27,0.004525058422980788,-0.0023795220432832886,0.014538698836783714,-0.016949152542372836,0.025375197999859767,0.00903280974690146,0.021485956391209537,0.023525207491317257,0.02051610381478719,0.020790793819524644,0.013956227030760937,0.010062714276582119,0.01660381690334467,0.01745327516310069
2025-05-28,-0.0018429362492737855,-0.004553350192862848,-0.011531614115025013,-0.0022660178699712707,-0.010543995778114268,-0.002424440933554317,-0.0019951275479197506,-0.004431983123973304,-0.0067012473562463315,-0.005785347040202837,-0.004315852016138821,-0.007498538115667364,-0.008073488891214065,-0.0010157617834056776
2025-05-29,0.0036922695489882695,0.003703052659716599,0.004417376529661787,0.0059247154716217665,0.002968156635258623,0.004486740067992434,0.0008691721585201151,0.001965786744203335,0.002834565650444709,0.003947231240857718,0.009254874995979101,0.0034537272868535585,0.001216103878903363,0.009037601691891162
2025-05-30,0.0024524578970455124,-0.012152890816671924,0.0014658623523207126,-0.006576942326457891,-0.005093997362096037,0.0028848906998308887,0.005296884541876823,-0.0015771961712724991,0.0009610928025729493,-0.0011184011499958402,0.0015089450922951553,0.005808308996519962,-0.00028029848459565354,0.0
2025-06-02,-0.002628347535348907,0.007249565730894192,0.010697135547727,0.026581051258171673,0.003120778484812181,-0.002831113504927152,0.008465169669174433,0.007898201691907358,0.004461786925785471,0.005632921295571913,-0.009306682407282496,0.0017111068399715545,0.000654359545137817,0.0013434937719052353
2025-06-03,-0.0007177567318989997,0.0023991578151809634,-0.0075758598779374076,-0.008855551213511115,0.01613914287764917,0.0004669568764654741,0.003426098213452633,0.007817063762803667,0.00624128766376586,0.005702661694633404,-0.0017613254622648178,0.00010672518902854478,0.012142678946041485,-0.002012492089211393
2025-06-04,0.005951724610825826,0.012402081522243424,0.004490481066844243,0.006441974072654677,-0.002822469675018091,0.007281455045577534,-0.002475492681602076,0.0027878859294374614,0.003743834817887981,-0.00026851240390246556,0.01623340466933554,-0.004269796716849572,-0.0023070798671493975,0.002800684723393676
2025-06-05,-0.0025501617075016636,0.005157950742135986,-0.0006707583795008132,-0.00504987891618125,0.0004317409797398586,-0.0030583122541469887,-0.009883586593157134,-0.007526905817360152,-0.0026165470756753795,-0.004832859623354335,0.0006943330202480169,-0.0018224138232771914,-0.0009250528309318051,-0.0007819443628614975
2025-06-06,-0.005113606804096005,0.0032070717969292506,0.003578761800124619,-0.013416073696802311,0.01616065072600681,-0.0060426685208673225,0.005747384577690529,0.009775312763678379,0.006921232433797941,0.010269135339138424,-0.012723927554216252,0.006873579536204266,0.011758222248256178,0.004807719408567834
2025-06-09,0.0012337204859111939,0.00852524223470863,-0.00011136482014850735,0.004718534884218695,0.006890199807039421,0.002992911117815966,-0.005542650148039119,0.001471920486632916,-0.003658500687305888,0.0009011253788435702,0.0010543304921946106,-0.006613470674085908,0.004758530258953009,0.001335271606889732
2025-06-10,0.0022585042638139097,0.005705881928228518,0.0013372423607749262,0.000293510988597534,0.005389879937951703,0.0024244607667411877,-0.0003889430787858972,0.00661390704457232,0.007844493566943278,0.005669718390465928,0.005150071488839503,0.0013960566345745384,0.01247713425124597,0.008556397021944218
2025-06-11,0.0033804882022319127,0.00420252631839535,-0.001669588685106027,0.005412290790508978,-0.004102196652470913,0.0031628434624808577,0.00436549822754384,-0.003369470735531177,-0.0032015908932677695,-0.002852077644658002,0.0030272938428030916,-0.0020374433457714947,-0.005397119634461434,-0.0053989300542732765
2025-06-12,0.003675358633673742,0.0016739591661116826,0.007692432977689956,0.0124202002480438,-0.003978990225302237,0.0055639168619205925,-0.0003443289531677163,0.0023477026234117737,0.0034335505843652303,0.003974378714497684,0.011957264348721797,0.007951000859890422,0.0018088022000224413,0.004874420052791262
2025-06-13,-0.003560025676809353,-0.015876241332453467,-0.012833238325263618,0.013100564311248064,-0.018281817642176734,-0.005994188439171877,-0.008738997780911917,-0.01255457146229777,-0.016060648607901018,-0.011180059785133145,-0.009636244179547337,-0.008527759510386757,-0.011645787163161114,-0.009701286002888998
2025-06-16,-0.0020417651680840754,0.012259301843742687,0.0037510101485802583,-0.01425909653729851,0.011789905776670384,-0.0017628945017752473,0.008403353476851727,0.013909854856728021,0.009095432160745709,0.009514239842613348,-0.010077551248538597,0.0004855100044816041,0.01228573664139998,0.0007792478988279949
2025-06-17,0.0030688731640664546,-0.013127197617905262,-0.012267205371030654,0.0005131941200071655,-0.010532783557639758,0.003438802398300078,-0.007595338478640357,-0.009751236371642769,-0.009581586138084353,-0.008545274096177669,0.012169527308013794,-0.006686077085700459,-0.00962940803834067,-0.003559387922365209
2025-06-18,0.0007135612736854924,-0.00021462208946954053,0.0017249260985765513,-0.005385627565021256,0.005274400097700527,0.0007410067301030221,0.0013480728332215808,-0.00017024051840386356,-0.006805777000382873,-0.00015060952316237053,0.0017339475696152018,-0.0036913468226891233,0.0033021507533443906,0.0034605216797181093
2025-06-20,0.0009173362973629029,-0.00579387032256895,-0.00895417043033131,-0.00041901914110908933,-0.0020986318740985332,0.000832839916175443,0.0001302679609287427,-0.004082986130173438,-0.00532332539436009,-0.002348474253184407,-0.0018465512420270391,0.0003269287211820071,0.0026512575270123406,-0.0006675317812077086
2025-06-23,0.0020361181504420234,0.008201990200527032,0.007529257137425471,0.0030631724583116693,0.012236469908093905,0.002496957107912534,0.01706461503558221,0.010282294601469122,0.011159224581883231,0.00987738189722287,0.00323748888378228,0.009477159260560697,0.008206555074424582,0.015028339607762176
2025-06-24,0.00406420349739367,0.025904516449636983,0.012186735057578613,-0.015719378751237634,0.012749736238461873,0.004704146403952558,0.011356374819678106,0.015292076656950204,0.011317512291283194,0.011047392828865465,0.007260544366189059,0.005179639785030332,0.013475590369513846,0.0026321753107747536
2025-06-25,-0.00010110748432290428,0.0008346138374963896,-0.005452141067529115,0.003037305817845004,-0.011656728862676546,-0.0011934229363859128,-0.007134088479978651,0.002556421065045944,-0.0013361452415605601,0.0005601809583832829,0.0012584617201238935,-0.008588276659733163,-0.005800419430853299,-0.02406472631063672
2025-06-26,0.002732587594921343,0.006672315865986267,0.01119232369830514,-0.0011070472235482631,0.016228758972377744,0.0036768135798086465,0.008205844899580539,0.009350435585667727,0.005574920851134868,0.007823912169541813,0.005027975627592385,0.0037898779783605008,0.009065502565076766,-0.0009280901041215373
2025-06-27,-0.0028259830567569644,-0.003935398909566401,0.009035379285680545,-0.018123728993798327,0.00032493579476255974,-0.0016485085196080718,0.002445871119791221,0.003423390933279924,0.006763937191474945,0.004968423150459644,-0.006367309881400107,0.0033442043582205816,0.001601244522249301,0.0024923788117725554
2025-06-30,0.0040484909647933165,0.0031192031041438195,0.0005596876347717661,0.01198454729743359,0.0014386259365790632,0.005504053160270361,0.010979759377760523,0.006477104272818668,0.0067736300902743185,0.004781078490475821,0.009841055706752755,0.009246426909260252,0.005417361680624122,0.00644136242181248
2025-07-01,-0.0009203215461401903,0.0018656862326948964,-0.0016779471368532084,0.008923010663382636,0.01028782769119263,0.001208695150834993,-0.014605504995464091,-0.008429473685146793,0.003336477148585981,-0.00032361428413474336,0.0024793964280604985,0.0042611182920602175,0.014751417581131854,0.007298514038167392
2025-07-02,-0.0012147199718139934,0.0043450538677394235,0.002913512851561606,0.005527596405484614,0.013852562328716012,-0.00018293216706566362,0.0003799461378490854,0.006965523210861191,0.002780388911832521,0.00453326557880418,-0.006353408768418056,-0.009441098971136208,0.0026113899443207522,0.00234079990021252
2025-07-03,-0.002026888623343992,0.004532344557224288,0.00022340426844968952,-0.006822911403597365,0.009274846882265653,-0.0023784078440771683,0.010426484700829741,0.009840160168300915,0.005599624034335449,0.007881400243543668,-0.0069651552618762436,0.008353095046859771,0.0053828519337575376,0.001112143239889507
2025-07-07,-0.0035542190113241334,-0.014150921949654949,-0.010835595670415699,0.000748780548875283,-0.015017119474734608,-0.005959830914581854,-0.003342113987407358,-0.007532889615530336,-0.007406575272742799,-0.007451971921066947,-0.009543386383717434,-0.0033984783070478697,-0.011917080071242037,-0.008553611136861261
2025-07-08,-0.0004078595395919926,0.006240920756092061,0.00734049480907073,-0.010443411868664265,0.006917600628001397,-0.002859698975195668,-0.008970209813335739,0.0005615974653789824,0.0011437614995934986,-0.0005477352950125081,-0.0012771050440806286,-0.0030902677656963196,0.007516143966777689,-0.0014565774496699824
2025-07-09,0.004180189230808651,-0.001653939611142019,0.007511248694673789,0.004471282664348264,0.010847488712639963,0.005735579988840778,0.00617522513299984,0.007078929497619679,0.006147702402967914,0.005996656078344209,0.010461454057788533,0.0019240830174418466,0.0012144697106828417,0.0007855507743330659
2025-07-10,-0.0003044845408435304,0.0026920541071946413,-0.0006676291272785795,0.0022257895319868215,0.005141986082473515,0.00018382912110670446,-0.001176975364523214,-0.0014382709964962936,-5.4137626341654865e-05,0.002820258275139098,0.000690288891202373,-0.0029874447483470012,0.005285069353942795,0.006278584811852506
2025-07-11,-0.004164216564328083,-0.0033043831976006244,-0.009575773155977685,0.009601575193336043,-0.013790091508505298,-0.0060693401162633664,-0.005723723329852604,-0.002250445600816109,-0.0057859597209245495,-0.0035154084840562927,-0.013794610271797403,-0.007597634880317838,-0.008187530963990497,0.00011143380606748465
2025-07-14,-0.00010189651767233965,0.0014505058596874232,0.0,-0.0036553174266280575,0.006720873993174559,-0.0002776707141617374,0.012529110710757685,0.003626850289564887,0.00021748743038263463,0.0019081841138897104,-0.002098291941271535,0.005391403173965692,-0.0008689955720965203,0.006461646011771904
2025-07-15,-0.002957962797929481,0.007241783271526581,-0.010455282294041246,-0.004155705135267751,-0.019579707170616634,-0.0036094710908647354,-0.008277199621874343,0.000916943103989043,-0.006960262228118186,-0.004273212189356279,-0.007008394666454754,-0.011368532504202666,-0.01295874092360183,-0.014722062030826155
2025-07-16,0.0014323049962350343,0.0047248057896767115,0.004089967817410889,0.004988096125243757,0.01005384771960438,0.0015790398265242978,0.0039201524089858,0.0010237308816081203,0.004161753467917029,0.0033431741923299896,0.0014115717854634724,0.0067261389636210644,-0.0012336931593626144,0.009437101113425772
2025-07-17,0.00040865623937347273,0.005724757113322765,0.0026024210577815232,-0.0021735334020257513,0.013121004384177848,0.002411199051946422,0.004660752370300836,0.008092772057805675,0.005998406909406784,0.006119736739210957,-0.0002350236806425432,0.002478299747303403,0.005646235953626011,-0.0011130095906339843
2025-07-18,0.0018379999420021775,-0.0022362269075295593,-0.0028214032340347917,0.002600924347578637,-0.007100744493413247,0.0018502561248132654,-0.0008358296148420763,-0.0009610921430170949,-0.0024392620493358663,-0.0007324327901533367,0.0015274528871203064,-0.0008600021000438884,-0.00017542010248872142,0.0021170657165419104
2025-07-21,0.0027519418440533627,0.006520053944420345,0.005319163661195558,0.015370115792427752,-0.004048100114008579,0.0038785307480670994,0.002007823414900356,0.005184771900194951,0.002119129424335453,0.001896143492131186,0.008916112810094523,0.00021526892572643064,0.0005264891248433212,0.004113723705479355
2025-07-22,0.0019313084894432286,0.0006072659333495878,0.005516109163515193,0.009484882235462067,0.008309647747022808,0.002391753693100629,-0.008307277067451713,-0.0051757479054647115,0.0022232287733143785,0.0001429991465198288,0.0060463041514302596,0.008927696539973828,0.007278778293107191,0.017163207547501003
2025-07-23,-0.0022318231009340606,0.010115271160697326,0.024854474700334084,-0.01240118112003663,0.015272953813988188,-0.0015601300076726332,0.01178649118526276,0.004561137612693944,0.007682701358704858,0.008507674286080569,-0.005547745759911571,0.0018122545870835616,0.014365281505969607,0.0019594767136901226
2025-07-24,-0.0006101575221459932,-0.005407613049843163,-0.00742836819839876,-0.006118276977772341,-0.013807940684713804,-0.001470647764552524,-0.0031619279730504823,0.002128533024350787,-0.0005369068903215979,0.00033102965109055305,-0.0017434806944999215,0.00031927474758508545,-0.008325426257792423,-0.0034767303425766727
2025-07-25,0.0016278118405324005,-0.0030205896176522806,-0.0012107660392197683,-0.0092499926477293,0.0037128350118769138,0.003221793809147666,0.007053397995360866,0.0024070978124457465,0.003975344621716781,0.004224338152491125,0.00628727059446077,0.0026596088785264538,0.0006059020283144534,0.00010904038071157807
2025-07-28,-0.0013205581618087603,-0.006665163592828316,-0.016088138489926407,-0.00647361832754334,-0.001158803328915936,-0.0020187156443240983,-0.0022793843789756796,0.003124983080543098,-0.0005886409926224578,-0.0002511658677887274,-0.00647920067824892,-0.008806367905221157,-0.00432492419206032,-0.016025287698717805
2025-07-29,0.005390673148250924,0.0004066549694707877,-0.002015897595371352,0.002750389076383808,-0.006380502859542281,0.006619558163550421,-0.0002077133795375108,-0.0015488262955902776,-0.004015375366261731,-0.0026375650574512743,0.0168859006870119,0.0038535214089268077,-0.0026930626171854932,0.016064583899646268
2025-07-30,-0.002832572600277805,-0.007317051190187884,-0.00718208478541893,-0.017273497289540862,-0.005074289736862303,-0.003744608861071974,0.0027421436234833507,0.001339864755069975,-0.004031646408107825,-0.0012592724779846298,-0.005153406500610136,-0.004691853051492889,-0.004355372133748259,-0.014175068315378181
2025-07-31,0.0005071960445128809,-0.005733041474423217,-0.01073810239446027,0.0066454015709211944,-0.009794170787553624,0.0002751251783121855,-0.000248638806004009,-0.00529916645018691,-0.006260792588674069,-0.0037512610547767444,0.0005755160367471035,-0.007820875103771718,-0.011811088720446672,-0.014047116723120756
2025-08-01,0.008647960994578874,-0.007413566987777065,-0.0026279932991535304,0.020299689958884537,-0.020374705976271223,0.008871093368050031,-0.010402437763062267,-0.019698886999479193,-0.009721914657002784,-0.01639041762130744,0.014216448920015168,-0.0029155031072629622,-0.012394811702205022,-0.002468053373465562
2025-08-04,0.0008068518630000021,0.010373480814204639,0.013289029036977151,0.005823229257701401,0.02238036746794836,0.0017331385508425612,0.014909121496320621,0.018451662351475884,0.017111778303831038,0.015199764160073403,0.0027329501801056644,0.011154510830355235,0.010219609881775282,0.010233971680982057
2025-08-05,0.000302504301766815,0.0028748013471218137,-0.00011302816917113656,0.0008040912066364925,0.005097249574732121,0.0007283775399309356,-0.004992981898783944,-0.006789582204227762,-0.008465685372661458,-0.005070024116712868,0.0030662678624799877,-0.008568040723580972,0.003105852199643433,0.004564187816999077
2025-08-06,-0.00040305822213348996,0.004709167459106656,0.006558070035066699,-0.00212110700071233,-0.0013131033966654604,-0.00027289774540206757,0.012151208868973473,0.012583267518402108,0.008211769479717246,0.007659857740445197,-0.00577406455413676,0.005509338494440019,0.0003538574799952787,-0.007757044473756802
2025-08-07,-0.0008065209551610941,0.008355432315053646,0.008986748873166306,0.008437987494967825,-0.003264566774031641,-0.0010011624380110717,-0.0007786240191091087,0.0033842791337344025,-0.006850481124785035,-0.0008376363499652539,-0.0017079473949678237,-0.0052642669674279885,0.0014148604573154255,0.0029037197581189833
2025-08-08,-0.0019165661446360893,-0.0008084574474691575,0.006123399178791233,-0.00022357985855403495,0.0021835528036731056,-0.003188781398741458,0.0073401192236906,0.009328222932698305,0.008309740629309337,0.007797554069860935,-0.0043344614833162876,0.002700026789432819,0.010597044714994341,-0.008240627233005893
2025-08-11,0.0007075221179351221,-0.002831693856408246,-0.004205039691174028,-0.014374701087597641,-0.00022700449376533705,0.0015536838662195684,0.00016276761494959935,-0.002958912426759719,-0.0018852474862329771,-0.0019775980053369224,0.0011455751942752723,-0.0021542383960411193,-0.0008739233544955427,-0.006624642141811021
2025-08-12,0.0,0.012170428602376937,0.012223576042432738,-0.0009074665058316222,0.02969086642595742,0.000912700935821853,0.008791210578198205,0.012568803224037195,0.010415628446907021,0.010646078845516938,-0.005034926194360412,0.0020510199576417865,0.01897852739828987,0.0056515854707350766
2025-08-13,0.0036359987928311632,0.012024012326356637,0.006038025597507213,0.0030492830145867345,0.019443667648171514,0.005288217490207137,-0.006455272078328744,0.0005000006872497575,0.007851269075832779,0.003423132386020322,0.008280704041459863,0.007971490027584682,0.010471317776053812,0.009329022770301343
2025-08-14,-0.0028177625275587204,-0.012277178797396093,0.00010917975266644397,-0.006338706734070332,-0.012888243920673004,-0.003446686441005986,-0.001218219704382295,-0.0007752531091496095,-0.00047695864459174064,9.310926376882023e-05,-0.007414098759847665,-0.0034199074061042056,0.0016137815410952605,-0.007126997951448111
2025-08-15,-0.0015137896402079853,0.001202844345578935,0.005891963620249907,0.0005858183101099534,-0.004863290254269459,-0.0012738747943706885,-0.004472212118057928,-0.004397496451755467,-0.0026509439393958,-0.0023412933863844465,-0.007124912187058241,0.002895493173805219,-0.008225942672728914,0.005720019981050095
2025-08-18,-0.0011116838683762342,0.005806918801111616,-0.001084770343060093,-0.0015612675411803556,0.0036543137070432774,-0.0018227401114148112,-8.177522144270366e-05,-0.0003984575835475068,-5.3061540332244306e-05,-0.00021771255650937515,-0.002893393448830217,-0.0005346850303432626,0.0023941886143932223,-0.008475376168337045
2025-08-19,0.0019223835066546346,-0.008162396805659111,0.00010864624465711792,-0.005473279447945512,-0.007676781585625458,0.001552057084591718,-0.011150018713182108,-0.013567517023556408,-0.0029240261728471495,-0.00542510102815319,0.005803854578284584,0.006740055360182184,0.0054593603801489365,0.01720830921155536
2025-08-20,0.0006059916981286939,-0.001405086588324389,0.003583051759085576,0.010122175284489776,-0.003536614913404401,0.0004558096972864245,0.00309762570160399,-0.0059372716775808465,-0.002132823253842897,-0.0026569843521784264,0.0021925136816287605,0.005101009689399305,-0.0070416485099816795,0.002874736345221507
2025-08-21,-0.002321362398544302,-0.0022110553235249464,-0.006275058167602099,-0.0034698951143765644,0.002484505780673718,-0.0038265232515730663,-0.0054762872131863816,-0.004629865444433889,-0.003152533380697209,-0.004011906127353915,-0.004951326690303404,-0.0026432173406589765,-0.002306889922309985,-0.002976675196749934
2025-08-22,0.0055640382018973256,0.019943594302076484,0.01502462654275094,0.01070642694476942,0.039208596010394725,0.007865283014851121,0.00881866756775862,0.015427438158341023,0.015062161853322875,0.015356735941821187,0.007406510360439489,0.0022262295650086195,0.022779752124794994,0.01935190829553024
2025-08-25,-0.0015090684496507079,-0.005727857404758674,-0.013193224460011144,-0.0024148368614391735,-0.010518252920881599,-0.002631524495227522,-0.0033653232450999715,-0.002884764158413655,-0.005069369007002167,-0.0044010204560761546,-0.0028719698326775678,-0.009096622474230154,-0.0041026480604065,-0.00574961319197409
2025-08-26,0.0012090157944171231,-0.002582348228611697,-0.0010870105922209383,0.007262047243691283,0.00826306395945653,0.0007278531551937473,0.009594827948437468,0.004015340881901697,0.0034498850201836184,0.004187065214133812,-0.0005760665986609403,-0.00010683705026215407,0.0017654836855744982,-0.002618622048289221
2025-08-27,0.001006349426990072,-0.00597492627105356,-0.0023939569458666377,0.0020187288833615202,0.007085509599503048,0.00036358990140028524,-0.0016314934586696417,0.001536842612600342,0.0015338225553225282,0.002278452752666471,-0.0011527060397032995,0.004163616757709709,0.005455266333030728,0.006235599276852577
2025-08-28,0.0012062625786104508,0.0038068735064562542,0.0037085986471747656,0.007419038046796889,0.001186843839631635,0.0015450732225972263,0.006332407608833801,0.006259849188709143,0.0017956946281121322,0.0035415153417788225,0.0065781805013995776,-0.00031896923112273434,0.0023372966705434983,-0.002609227138374637
2025-08-29,-0.0013052694077482219,-0.004790404843785123,-0.005868187316209195,0.00964990177666114,-0.004445045767210942,-0.0036296889589345627,-0.01051480173845687,-0.011575461551868504,-0.0039011564124822318,-0.0059638290232071345,-0.007108483441853886,0.002446046271144864,-0.003331181460881516,0.005450052858368748
2025-09-02,-0.002652950718039837,-0.0008022958845380623,-0.009838273688782873,0.023642559312442524,-0.005400339367487295,-0.0033451042931266217,-0.005087454675601566,-0.008380068468406443,-0.0070917620680525095,-0.0074102526816088865,-0.0074415388942293825,-0.002546257392820772,-0.005096883018508858,-0.016587067153213342
2025-09-03,0.0036410185123589844,0.003813750690423001,0.0015456196930574428,0.007831992196408066,-0.0009833701748354073,0.005960653867508325,0.0007422195279023214,0.007867435783447396,0.005649940167203438,0.005419546163007771,0.010977280272288725,0.0004255556859182885,-0.002939434750113712,0.0005511850303423493
2025-09-04,0.004030969936797746,-0.0031994024588222203,0.007275024416642406,-0.004418882618094533,0.012496258175684005,0.0068367977500614074,0.009354262855565176,0.009051496036850626,0.008798482111002093,0.008357513412322604,0.007623880196766963,0.0015946814413192456,0.010697370778618653,0.007492213965162087
2025-09-05,0.0047176225321470255,0.012036151053204103,0.004486861324709546,0.01334594055214322,0.004987561723015066,0.0065187126899668435,-0.002612815620328557,0.0014428435949227492,-0.0058320578092624364,-0.0028963839692857096,0.01524711025572767,-0.002335301276147894,0.003583620468490034,0.011264338149933106
2025-09-08,0.003396646921975277,0.009117924280291456,0.010022792280436787,0.011388067271604019,0.0020186984922430096,0.0035080774138933624,0.00892342629627918,0.0048780316425294235,0.0025896477909681526,0.0024567686612921857,0.013324366188604886,0.0008512182154105652,-0.0039859895197184025,-0.0058398230492736625
2025-09-09,-0.001991360625919203,0.00549986003967784,-0.0033437224455891146,-0.002269905468609168,-0.005876035675149716,-0.0017926035425330777,0.007951947651714697,0.0028332150443273196,0.0015285673038918368,0.002311789288386157,-0.0056830818322484156,0.0018072179524120102,0.001167284190545681,-0.0022842725361786886
2025-09-10,0.0019953340555931565,0.0068373352589623515,-0.00021647807171065736,0.0035922056391106683,-0.0017733929992896913,0.002963281103540716,0.02386885290518248,0.0003271885900453242,-0.002263003596127855,0.002890900188266654,0.005715563849321592,-0.005305589022309265,0.002581534473106828,-0.0016355193078372299
2025-09-11,0.0018916087382028213,0.014551817645271248,0.010608355659176283,-0.0014913797811720864,0.018483251525865274,0.004655753746031666,-0.0016116939944190722,0.0058205100529264975,0.010550157552356332,0.008310100433307488,0.0066858700791694314,0.012481356801726351,0.015532920338386047,0.01823749769034677
2025-09-12,-0.0008945101906614461,-0.0005737775336417394,-0.003963114158665015,0.0019715725978484144,-0.010215928258459628,-0.0017822896741035432,-0.0017326540358120202,0.004417086724085584,-0.003967239000258971,-0.000334630440747552,-0.004316904956514933,-0.008112984987549754,-0.0049893254009654164,-0.004611705669842148
2025-09-15,0.0016910475772438094,0.00727137627366492,0.006667393015813428,0.01040483601055886,0.004237712432218821,0.00312457582891712,0.004338910879482238,0.008556973749616503,0.003301709841702749,0.0053239632981088025,0.002334727226503297,-0.0030805021886739503,0.0005753420628815675,-0.001616225648599312
2025-09-16,0.00039723559605464587,0.007408774038967669,-0.002777501253630743,0.0020064107533963593,-0.001646656097767707,-0.000889814780615561,-0.0024250652074631063,-0.0008449753249998304,-0.0009477471031918983,-0.0013767915798059693,0.002107135397880544,-0.004150348225788414,0.0003304126119343387,-0.0052881774924163905
2025-09-17,-0.0017868113836474464,0.004337161002295975,-0.003749348088303295,-0.007715171664187115,0.0025599978115045108,-0.0017817767642872573,-0.0011049765204589335,-0.001995857239824539,0.002620595810042703,-0.0012423635595048,-0.002545553947310597,0.004940883621722181,0.003303098631134427,-0.0013018382651029947
2025-09-18,-0.002783973501385373,-0.0024408429320786906,0.0038709569037027602,-0.0040063094596702875,0.024906830659293444,-0.0020524331869666845,0.006163073236492789,0.00901673016481519,0.0038162349796344586,0.0046724054804268,-0.01031941492019306,0.0013895055258970057,0.020493841890096176,0.0021726448550434263
2025-09-19,0.0,-0.0022586775045705387,-0.003856030376296782,0.010607227252210416,-0.00759679102043298,-0.0008046428137282735,0.008363416373962762,0.006769464954618609,0.003593431540672043,0.004952868450893266,-0.001906189483899201,0.001600981245507116,-0.007258697847663753,-0.00650406182788954
2025-09-22,-0.0011966191278532934,0.004904855344553427,0.003225882264503044,0.01730643093326134,0.005802929196418116,-0.0022375150978782843,0.0034266025903921804,0.005920073936714676,0.005552323643657431,0.004731142076964234,-0.003594750022654858,0.001065724443459093,-0.00032496344554011625,0.00021816085813752828
2025-09-23,0.0015973513557951957,0.000563075807439084,-0.0019292549026771466,0.004086375052867464,-0.0022505350808195157,0.0019734062175953415,-0.003492361032861213,-0.006642261760471446,-0.00469613156717219,-0.0054435624348510014,0.006989805289329576,0.002129015479432672,0.0034133196474492866,0.00545438795841835
2025-09-24,-0.0018937610914530056,-0.0033770643919686094,-0.005798952365312693,-0.009063049726670935,-0.009186244805461041,-0.004028171065267427,-0.006386692667885496,-0.0035106152024937387,-0.003473787100341852,-0.0031816642308674092,-0.0038063015063292127,0.00021254760394184835,0.0010528337077193584,-0.009835968034673015
2025-09-25,-0.001398120694140248,-0.005835856647215976,-0.007129119340772538,0.004165188877066628,-0.009561324950274175,-0.0017977202685992566,-0.00611403936800603,-0.004311291858417277,-0.004682531840193183,-0.004613467564511753,0.0,-0.005841235520147037,-0.00202259412497674,-0.0029866933887225944
2025-09-26,0.0007000783767170393,-0.0018935874692543875,0.007724201157831789,0.00577227044053652,0.008567016821407814,0.001350558573294025,0.004219451116484585,0.004110948441042206,0.006795593161771807,0.005729127602591033,-0.0008992464656698562,0.009934846747617243,0.01037697323219633,0.009874683027796038
2025-09-29,0.0018987599715327708,0.009106404707125426,0.003886418846984707,0.016496514338703028,0.001160191315312309,0.003327111685797801,0.0038482826427668204,0.004631078168035652,0.003945929123102987,0.0028103535347194786,0.008211379625847393,0.001904018591749379,0.0017651828848015416,0.0003296230473261996
2025-09-30,-9.985259593625617e-05,0.003948190474853286,0.004086477635998342,0.008540004081594166,0.001407184786726523,-0.0009858363975436824,0.003168521442617367,0.002739134291552814,0.005895868346665667,0.003766834755358328,-0.0029007634662341353,0.004434131340651737,0.0016019122575872125,0.004063666464491966
2025-10-01,0.0025519824248152467,0.007865108634423024,0.008246764907832826,0.0015753722020723782,0.0021904105587013945,0.004015680796445986,-0.002144752404753647,0.004797022405524931,0.006889349025010816,0.0034074798459751143,0.002582643944458729,-0.0017868945547285797,0.014074343960202684,0.0015313387347213325
2025-10-02,0.0010980376213145515,0.004645093723186777,0.0015933670334791206,-0.003482825151325697,0.00630961265893859,0.0016141586322380164,-0.00035160707618675513,0.004111121841221976,0.0026552541423909837,0.001151824796685963,0.002911917210621562,-0.0014741801127472476,0.0010251646006502746,-0.005242350019328934
2025-10-03,-0.0010968332571339445,0.002959166409627345,0.008378355308743535,0.008032937892485048,0.0074174372714534975,-0.0012534491141467097,-0.006020115354979816,-0.004209781352692232,0.0005602099296524443,-1.4805406382656372e-05,-0.0018984347083778053,0.0033744710834542335,0.0037026201456393792,0.0037329219810515735
2025-10-06,-0.002196075242629214,0.004610046628328757,0.0023138898370342886,0.01884573861512795,0.0039864087875098875,-0.003227159726647666,-0.0002359274520371546,0.007510154587375251,0.001730524482576934,0.003586271966467658,-0.007943770347817458,-0.0007356551304544823,-0.001569786276901186,-0.009407248949190317
2025-10-07,0.0017005952514346223,-0.007709263681290879,-0.008709341770686718,0.005159462258136571,-0.010736961753513574,0.0018885928862411028,0.0011407760871717798,-0.005265569704058781,-0.00508103104644253,-0.0037075138893177817,0.005751828054532115,0.0016828397017067953,-0.007861028668832759,-0.003643838119520515
2025-10-08,9.997101779180007e-05,0.007954131274642506,0.0029638676263299413,0.01649095687844504,0.01048495803724836,-0.0012565709408990378,0.005579554004340848,0.011463738189771755,0.004494189280301875,0.005963055269571305,0.0007849413219351842,0.001994868001331973,0.0057047420001348215,-0.005208959995824047
2025-10-09,-0.0011985154771031459,-0.01027717948946727,-0.00823208361547123,-0.018452848086064955,-0.006444576449367689,-0.0019774894884930783,0.00046893250283308596,-0.0012102542195092658,-0.0046774315140327705,-0.002896974724933221,-0.0007843256723052416,-0.0057633382823402135,-0.00858737210812277,-0.005458981292750353
2025-10-10,0.004099326058798702,-0.036899678946029635,-0.018410273229880203,0.010097700011942212,-0.029943306278116144,0.0027917261432333085,-0.023707294781613264,-0.0347142937102668,-0.024314284388953555,-0.027027862178845674,0.016147074811481366,-0.009380410762719449,-0.02821041810250613,-0.012770342934876777
2025-10-13,0.0018919035062139322,0.02907210186183473,0.008022641738626879,0.02430104394061705,0.027839723639956793,0.0034127688144049984,0.01908228241120513,0.021221385738261933,0.009790073316145564,0.015344118135168339,-0.0005517754021768795,0.0030855865841064034,0.01488265742998407,0.0063543787316611144
2025-10-14,0.0015901119897494542,-0.008980401065833643,0.004517172409105097,0.007141189222626965,0.014279185148590612,0.0033115257305837975,-0.0024338202618832128,-0.006660944590322959,0.000777683835751386,-0.0012216462876413203,0.003201942683108916,0.004454825322769862,0.007654498719523728,0.01026035550303206
2025-10-15,-0.00039699403700654834,0.016424397291767923,0.0048178885602752075,0.017332403569977117,0.009802433194319171,0.0,0.0029119519435023555,0.007056768737883523,0.0035228082230327473,0.004439529909605389,-0.0022010987850540342,-0.0047518817137054414,0.010474952640318946,0.014508985674645647
2025-10-16,0.0035736655764950775,0.0065007295513594965,0.005221054691890936,0.02338727694573084,-0.021052272794269355,0.002854457452174497,-0.007729685791541874,-0.0037029302513930107,-0.007330639734058342,-0.006810319600221937,0.007500504682473874,-0.009761275598448527,-0.008308958592567417,-0.0035203617064786252
2025-10-17,-0.0013848487245484709,-0.00018452936256196928,0.001802015647969446,-0.01881705572696646,-0.006732957994058486,-0.001956805668582917,-0.00035591326458606076,0.006566773461732511,0.006084658135226739,0.005676392528467966,-0.0015328442662230213,0.007821721534443382,0.004468594352244892,0.00651355649110652
2025-10-20,0.0016839063088649464,0.01365812379474729,0.008253071712774451,0.03640197438905224,0.019514341005954616,0.0030302236255992376,0.005617135668941842,0.012600648883664967,0.011113462107576133,0.010400500262923273,0.0038378644650767235,0.005953605196315159,0.010883328143831639,0.010091034478483252
2025-10-21,0.0009888178464620978,-0.011107026407338405,-0.007345948350894083,-0.06426889260666147,-0.004714627885249345,0.0001777017298816297,-0.0025568155434700923,-0.00026144432462971157,0.002658297362149842,-1.494287878323064e-05,0.00491536035303719,0.0011626329951102132,0.009430257576345191,-0.002823284918982205
2025-10-22,-9.880731752909266e-05,-0.0009206798106075054,-0.0014800954975666691,0.00010605594835544352,-0.014777988453225976,0.0009772557056284548,-0.010450879289342407,-0.009633987432361102,-0.006526237115300093,-0.005198916065879078,0.0006522326454738714,-0.0005279372998495679,-0.00801867961998326,0.004246960378429199
2025-10-23,-0.0017783205537904578,0.008846341401699265,0.004658564241912577,0.004002358382396931,0.012657149828352532,-0.0012424768854855106,0.008130216909040255,0.008406510401807177,0.006363759957126014,0.005929962705964353,-0.006843466752140315,-0.002640428806224948,0.006435461470734927,-0.0006505826430203143
2025-10-24,0.0009897761887198708,0.006576524113140136,0.0015807732733732482,-0.0033528327110016187,0.012214958311050461,0.0016883861818211,0.010041054755896672,0.01067827953226419,0.003926790802947,0.008172554694480416,0.0004375612325733247,0.0007413459989746851,0.01239859503339602,0.0029296555587052797
2025-10-27,0.0006921892277140795,0.011070741825678576,0.006944424841653252,-0.027839530498784404,0.003487935343207571,0.0016856100785673789,0.009471710933467659,0.01780922137392449,0.011785029252218138,0.011797664492784632,0.0033889935373041524,0.0045502823593757125,0.008087523038477817,0.0028130693624617287
2025-10-28,0.0005928062114946009,-0.00035898929224720266,-0.0004179441763778602,-0.007166030388359279,-0.0053535734221201725,8.862932417796898e-05,0.00011626461064540017,0.007689812405443863,-0.0002509515019443187,0.002656016019079832,0.00261484199384876,-0.007373924737585247,-0.0006876041764063423,-0.019635400513863477
2025-10-29,-0.004740026723897062,0.005746100909982621,-0.0056448942103025646,-0.0037872684129753864,-0.008515476728743865,-0.005667875552622381,0.0002712525544334987,0.00450308802121091,-0.004067700299033694,0.0004803706386860007,-0.010106471191941413,-0.012628648439316326,-0.003746514072878182,-0.0257511367312675
2025-10-30,-0.0018849908458733466,-0.010355274889796817,-0.004415628154834872,0.01964188672951095,-0.008061832481970788,-0.005343606956749958,-0.017285403178522007,-0.015288556288274302,-0.008168705608313731,-0.010998097614260183,-0.0058183135741814995,0.002149527028579401,-0.005602435623727864,0.004744073366394597
2025-10-31,-0.0005964786968502,-0.002345287606119073,-0.0022175228801301072,-0.005430550723012573,0.0056361105889235485,-0.004029429440674748,0.0026029525442288204,0.004823836379978852,-0.00203354902816244,0.003280040742968948,-0.002981630618129727,-0.0006434666656955912,0.006482941436097622,0.002585831679222439
2025-11-03,-0.001227324605310831,0.006329171347602358,0.0004233797124792993,0.0017929035935666526,-0.0032084089071480193,-0.0026889325481266324,-0.00275353077302809,0.004784708564165685,-0.0014263536328457116,0.0018768302726830388,-0.0025008986176519032,-0.004614659799375809,0.0012270107500758076,-0.0014576611492372882
2025-11-04,0.0004995204478899229,-0.0183288904022485,-0.010261319237110489,-0.017517195825319742,-0.01727507918433635,0.001357126426697608,-0.017000564683879227,-0.02029790155517741,-0.007652262743992333,-0.01185354736001909,0.0022287495959170123,0.0007546077246205485,-0.01761510855980475,0.0016843109262476563
2025-11-05,-0.002696172826993748,0.008969398122010253,0.006413063315769962,0.011564369498527016,0.014427789569707583,-0.0029816175338812645,0.003771818774790381,0.006507949258017787,0.003958405266098586,0.0034653852011290454,-0.010896273849038574,0.0014005832784638184,0.014890235673666874,0.0008968414916485923
2025-11-06,0.0037047034513522092,-0.007438265130184418,-0.0022303237719497604,-0.0012005195756799036,-0.017696492236794925,0.005256077441575746,-0.01287232486924883,-0.018627361947175403,-0.010343520934179784,-0.010729363869237507,0.008992989228463033,-0.006562667413396617,-0.005914687646806582,-0.004816236618011338
2025-11-07,-0.00039900282783422725,-0.0029245497030200296,0.0037254873965177904,0.006119021470095687,0.005242333348130179,-0.001983265246263355,0.005062262406693385,-0.0031553923840142994,-0.0003104617006733923,0.000984565078659072,-0.0021167702444178094,0.007039318649777915,0.006722761709003766,0.015531832220624597
2025-11-10,-0.00039916209463874974,0.017598481487135276,0.010498295203710262,0.02734111859838051,0.01001613913507371,0.0005418689064953242,0.017890192383209547,0.02212420765024037,0.013974479041740873,0.015604278627143309,-0.0002232629699482347,0.0043014484267660524,0.009134160136781366,-0.0005541817011289751
2025-11-11,0.0029951839786264145,0.0010809182234601256,0.007346031156664878,0.003937814406542062,0.0008606304141407506,0.003972331073928803,-0.00336467212607372,-0.00266349827862411,0.0031136045254795963,0.002289267544563822,0.004578437581397976,0.009744078605059991,0.0,0.011199807103987602
2025-11-12,-0.0003982067330199346,0.00017994685163702506,0.005938101795067929,0.016110762091908537,-0.002456739696815813,-0.0009892063466127032,-0.000714993061059932,-0.0007883320159972618,0.0024933635277735178,0.0005564804700675108,0.0017785345828973398,0.00275712143854423,0.00912761850070809,-0.0074568387166806804
2025-11-13,-0.0029873515109428705,-0.011694790870589444,-0.010666967384016512,-0.008083098515826892,-0.028115181848624715,-0.004950365216072061,-0.023053423066950796,-0.020415947108225807,-0.010659333117028935,-0.016593994920437227,-0.00821127073343908,-0.004758835999241762,-0.014547354670759516,-0.012263905891495286
2025-11-14,-0.0011985989858656065,0.0005461303095382064,-0.002826246819057854,-0.018047911171504505,0.0029139779200695326,-0.002713832354552581,0.0011392505334486547,0.0007559594991779495,-0.0027191659416503366,-0.0001637328001578009,-0.005705921398028724,0.000956236165241986,-0.0006118976281422883,0.0021251783896849563
2025-11-17,0.00019978502225970196,-0.011826789244083646,-0.013017023931444438,-0.011463979297139493,-0.01987545311624539,0.0006349246494983252,-0.011013140519733233,-0.008540578033146784,-0.010597789139845104,-0.00931643825039885,0.002475413049751074,-0.005201601586710458,-0.01729689900846465,-0.00825978056047838
2025-11-18,0.0006000159077979017,-0.004971427486975988,-0.012975953509973825,0.007264932736103624,0.0030504931415917813,0.00045326026830827537,-0.005424038327913716,-0.012175613458800472,-0.006499568759405272,-0.008397553343794883,-0.00033678671548664774,-0.0005336014076536832,-0.002959392826549334,0.0040518168901420015
2025-11-19,0.0,-0.003516005555133317,-0.0030173744548349646,0.0016294519610446923,-0.0001714038123684647,9.06251767527344e-05,0.0037597230531170034,0.005969970168640204,0.0035588645312996103,0.0038631766432766224,-0.0020210494036154714,-0.005124896435946491,-0.0015623064564175282,-0.007846724625581447
2025-11-20,0.0011990781818320695,-0.013741751366743049,-0.013834751906118381,-0.0002933255655774847,-0.018506618618830628,0.0013588996645257367,-0.0202922619313175,-0.023671787217586227,-0.012464181165353083,-0.015242227316648038,0.003937962705772735,-0.0059025045769378615,-0.02464404273193821,-0.004180371755533541
2025-11-21,0.002395284230603867,-0.0001884282498838541,0.015453791179625087,-0.0015473311468576778,0.02832704042614398,0.003528486190701896,-0.0007982276036547775,0.00751273835218047,0.01383608022248728,0.009961232480063087,0.00302588574484286,0.011551291621858528,0.021817586166993808,0.01622427075879984
2025-11-24,0.001991196822231034,0.010546206509405076,0.0008634905645834579,0.01584423909859023,0.01825120255208068,0.003966817562264691,0.018794960747757994,0.025573261083649657,0.008854988763884908,0.014718418739979588,0.00569827089576691,-0.0009605026929981886,0.012402931788641824,0.0026794101879636933
2025-11-25,0.0015899004743247236,0.003540759762240775,0.011970116446403667,-0.00031569077041548876,0.021800806761798297,0.0027837718018925983,0.007882782631253527,0.006163668529668875,0.011926958801629972,0.009406020957730021,0.002555234302737519,0.01121677575277169,0.014499389481081204,0.009241739300685614
2025-11-26,0.0015872992514505135,0.007242445174991952,0.010976239267671106,0.007998338908444147,0.008852479106196354,0.0034029649619320423,0.014208999943563505,0.008835737972002766,0.006888090983200534,0.006903490619724062,0.004432627421118607,0.0027466357523069362,0.009247952903689516,0.004413053339954676
2025-11-28,-0.001386821085774037,0.0014748022996218246,0.003373054785795526,0.012424331348639184,0.005863253335985696,-0.0016957120323344288,0.010376366262616621,0.008107246699400328,0.003749927197219005,0.0054584342293309,-0.0047439206315023075,0.004319510271773241,0.01226803320510328,0.00329524790021396
2025-12-01,-0.004318558775771586,-0.0007362794296071895,-0.004937589632968309,0.004821066034977672,-0.012582920453841684,-0.005356888902550927,-0.010389692337192225,-0.0033590309023721066,-0.002069881521139072,-0.004565560353440801,-0.01244883003564834,-0.008077331140869393,-0.003216727306060041,-0.011495444200055549
2025-12-02,0.0012991881337964806,0.0003684467954085946,0.003378396671502415,-0.006440050713598433,-0.0018320462379177727,0.0006314796179920368,0.0046840386423128155,0.007826172575998713,0.0038447985847447352,0.001852367504067809,0.0004505289188412309,-0.002855219993851854,0.005929040314757161,-0.0035441452789185535
2025-12-03,0.0018964273827772882,0.0007366221847338039,0.005366229492136387,-0.0009296182229129313,0.018191428183187863,0.002253951538599752,0.003978937068762622,0.0024437252800932896,0.003477273322123775,0.003462749080359595,0.0028151087459185042,0.003181587060018254,0.009997786093202565,0.0025564283572294677
2025-12-04,-0.00239093255052214,-0.00018394841771440795,0.0027210255169431985,0.0006461951944911615,0.00877302162210003,-0.001799064014992302,0.007205826720893427,-0.0009301893300760478,0.0008036263348982775,0.0007310498015529188,-0.005389706163203445,-0.0008457378832568141,-0.0048754101841672615,-0.0024390364892077354
2025-12-05,-0.0010985125474907154,0.007546422590215318,0.0,-0.0017823532991587676,-0.0041696685565574265,-0.000991201757060689,0.004729686253156951,0.004077349973276911,0.002408634690893585,0.0018994848443159018,-0.0046285755305576215,0.0007407184838654768,0.004453811729439039,-0.001111355675080694
2025-12-08,-0.00159940265317704,-0.0021921747043800455,-0.0031311883073753544,-0.002639449868615862,0.0003987944819840994,-0.0020748250547637515,0.0023339704624925073,-0.0019184045392969251,-0.006057270035539686,-0.0030042091058060105,-0.003289048995052113,-0.007295474126677415,-0.00014772207303914708,-0.0076768771750307385
2025-12-09,-0.0009012269730703792,-0.0016477609712646224,-0.0013610826204000226,0.005137202012788666,0.0020727820805832575,-0.0012654002647471962,0.0004735727984914728,0.001233345566373334,-0.0007050949475237989,-0.0008631180942337835,0.0010240893151483021,-0.00244969640563808,0.001478353803639143,-0.0038121134077554464
2025-12-10,0.0032070537244086594,0.011186463719847994,0.011113381524934907,0.004259147967166088,0.01360440005188357,0.004615780243290901,0.009546378157237578,0.004095633783892216,0.004687221806563002,0.006632235252757246,0.003865030876168074,0.002135545160518504,0.02051819009133582,0.0036014972135309797
2025-12-11,0.0001997952293253391,-0.004715244662215068,0.0059103940150857515,0.010769830543307712,0.011734086106517605,-0.0014415117707057279,0.0005470479836322539,-0.0032344464150966257,0.008377580738941015,0.0023269460314641055,-0.0013588036873232179,0.008416687658714617,0.0022419061113843064,0.004373738378557368
2025-12-12,-0.0030962851728699725,-0.01166174951968968,-0.005257175299230865,0.005594579039939429,-0.015321844548973673,-0.006044727718303999,-0.02577521053005305,-0.019118307600878626,-0.007462222208632463,-0.010751986278262682,-0.009638338906877597,-0.00021140233941596698,-0.012988973176842111,-0.0012282330036804678
2025-12-15,0.0010019566651988665,-0.0029498197208897015,0.00611399972902249,0.0009103412637567754,-0.007563588742080518,0.001180087601316826,-0.004489714420460533,-0.005019386618356658,0.0009021775102411311,-0.001510898681416406,0.0006870366343905143,0.0014794769160664245,0.0013892954463503582,0.0031303038334156152
2025-12-16,0.0019016641411102597,-0.006320777195174987,-0.004634943070763731,0.00022745542760316262,-0.004731400826979093,0.0022665501459715465,0.00016562952213194926,0.0019819033054331303,-0.004465577678421262,-0.002732285145230273,0.005491894632679628,-0.0071943752355723145,-0.007322452082266229,-0.007355523225550775
2025-12-17,-0.00029969284398789764,-0.007172545089687232,-0.008112076030269866,0.008588228474273762,-0.010644235513375344,-0.0010854640014479333,-0.023535680615963228,-0.018537145638057972,-0.009233548678714953,-0.011003593983400228,-0.0009102720197846637,0.0007470738105479491,-0.00828673333010188,0.0037050579946453777
2025-12-18,0.002498266820588846,0.011406910630922251,0.0071162864591349795,-0.0018032036998043566,0.005945658322744185,0.0038032169651220915,0.0173226929945709,0.014490198509077512,0.007180716345984717,0.00755126270975226,0.00478370428597974,0.0008532198045339001,0.008132130658848435,-0.005257320617444106
2025-12-19,-0.0014601936276945615,0.00977443478957829,0.006749606036630329,0.0011289903434381632,0.008363092093570001,-0.0025721706580354997,0.02105091013724736,0.013035360962284415,0.005410287702848127,0.009063506223587092,-0.0037325622879346154,0.0028769061017774877,0.010804314487562028,-0.003823258862774459
2025-12-22,-0.000400695522907224,0.005398314493576528,0.0025141227090303975,0.02308160549906857,0.011124922896755374,-0.00018160391191623937,0.008517424582786592,0.004793529762324944,0.005180022300027565,0.00622989400678442,-0.0021701652040148067,0.006481046549765557,0.007321195967982863,0.005137386863714788
2025-12-23,0.0,0.0055545592369175,0.006165197058094263,0.013252341857567629,-0.005915314869049726,0.0009991794219583738,0.003670249887376853,0.004683320360612031,0.0014510069407214221,0.0045704023396588855,0.0016024064208706168,0.00021116358517647704,-0.0023256793924597563,-0.00067994994834919
2025-12-24,0.002204320215825062,0.0020253578531121974,0.0012462658907150814,-0.004134082564786756,0.0024992316976273354,0.0039012599492036504,0.004521813489186233,0.002925563588204838,0.004146735491419529,0.003517674396244841,0.006057144197070263,0.0033772552242221643,0.006774947214969185,0.006577498182964048
2025-12-26,0.00020006478066569855,0.006982753585108359,0.0016595123442106896,0.011676735474757116,-0.005104658814393259,-9.041034283086002e-05,-0.0017223623061736193,-6.402972705099597e-05,0.00019892373873586777,-0.00010140966545213459,-0.003294222260989632,0.00042081680331351734,0.0004341053457164179,0.0011265230716377417
2025-12-29,0.0011995283447105987,-0.0025547173790545497,-0.0030030232472473273,-0.0435283019531133,-0.0061251956421871645,0.0013556454666741047,-0.006038399067064271,-0.004840682759455928,-0.0026363964442862597,-0.0035636535074947684,0.0037610208718057425,-0.00042063979102135995,-0.0008679451923144788,0.0020257049172980324
2025-12-30,-0.0003993379214217718,0.004024848227240696,0.001661833704901472,0.0007275678386380324,-0.007403603385397917,-0.0011732881240060777,-0.002761538371993333,-0.002319387022803987,-0.0019950158221441194,-0.0012211244085722495,-0.0023843208599262367,-0.0012622079108224327,-0.0012306293331979523,0.0020215223682293892
2025-12-31,-0.002397062202458833,-0.0030976646847500344,-0.004251398843861942,-0.006467991163222386,-0.007539381382032584,-0.004247216445356972,-0.009810483313456797,-0.008265617813153048,-0.007396360238992372,-0.0074089416209803804,-0.00796723270000188,-0.00832005726327023,-0.008987395642703122,-0.008181987247354083
2026-01-02,-0.00030044009931839977,0.027965680334191667,0.010517590276501121,0.004970859258759619,0.010643434427245246,-0.00027229277144524833,0.009667998205177719,-0.0019371296799318705,0.002869837483594484,0.0018329931020035772,-0.0014915032376685566,-0.005416328477694576,0.019161792760603147,0.0003390584425289056
2026-01-05,0.0019028412977382114,0.011024122939343295,0.01143862349970104,0.026313174195160993,0.01587751485343225,0.0028140584804268176,0.009456728440688122,0.007942968524083938,0.009990386139429264,0.006660117292359935,0.004940734317050888,0.003737198844613765,0.008180927759675383,0.0022593305474407632
2026-01-06,-0.00020002476275549075,0.007386552577740346,0.0015283105413315123,0.010813149047262716,0.013255202804269395,0.0,0.011719909270786255,0.008786595304206557,0.008599325348718656,0.0059472480516442605,-0.0020580337069665555,0.005851155454207113,0.018435386712260193,0.0073264033285906915
2026-01-07,0.0009999361808858964,-0.007506980201585689,-0.0037640537049776768,-0.009559953917111952,-0.0023429787494256837,0.0007242502237028159,-0.00635374550045209,0.0009625073552126384,-0.004829781075592843,-0.003223412281198157,0.005843209887536505,-0.003913272257015321,-0.00943536565467995,-0.009734830938032735
2026-01-08,-0.0017978547521140253,0.00035181853286414544,0.00010216902222581759,0.005522515913727544,0.01092057547924874,-0.0028042011971116665,-0.01224321488283897,-0.005688999652936455,0.002377111094269857,-0.00010152731427326422,-0.005011897657570374,0.00361001021022056,0.004162945262342621,0.008926592953004464
2026-01-09,0.002201309843382182,0.004747677523108562,0.008882890731858328,0.007242001159325273,0.00758906022018957,0.003628453676576937,0.014447589999216026,0.00996023105487942,0.00820120511890221,0.006613382996888628,0.0066400001352395766,0.0012696338558404463,0.013490745171163443,0.0020159495235512193
2026-01-12,-0.0004992304788454804,0.014000647185167248,0.006072330849831387,0.018722729613168898,0.004880190855241606,-0.0011750191972493829,0.007626761882301603,0.0008297496946161331,0.0007839859681224581,0.00157043300066384,-0.0029570610970399702,0.0023246022707663627,-0.0037437725516102915,0.001341117524324087
2026-01-13,0.0008990946918316922,-0.007421467676817728,-0.005733892294538467,-0.0014210408732292512,-0.0005735163194924287,0.0021716828731066506,-0.00015457613252400915,-0.0014828295247444334,-0.0034274392104896023,-0.0019995067653818532,0.0017110974001106616,-0.006114298347525637,-0.00020879867558920573,0.005581041009975918
2026-01-14,0.0014968612588883712,0.004173238400327461,0.004654074567597588,0.010222226854541994,0.00704033533022308,0.0025282917694884333,-0.012282198792726073,-0.010682829260153182,-0.004520255876377832,-0.0049151644595419874,0.005807368673130142,0.0037123078770227025,0.0001392638689579062,0.008658092387523908
2026-01-15,-0.0012953717280174137,0.005887440253616427,-0.0004028816417716019,-0.006127660830587689,0.008814955675468195,-0.0012609228112354653,0.00578732566173934,0.0035994606388298767,0.004343372529308498,0.002723208385480236,-0.0002264767710853377,-0.0005282638197429135,0.005706668932823344,0.00693288302879691
2026-01-16,-0.0016963055148464523,-0.0037872619437471222,0.002720117705719227,-0.004818883830700504,0.0009415779613970443,-0.0028857479882898884,0.004548817939809435,-0.0008363469702494797,-0.00088453571849334,-0.000837905189162047,-0.005775057798101391,-0.0016917439547433633,-0.00013834794252132188,0.012240529551255097
2026-01-20,-0.003798075178849225,-0.009676825784336707,-0.015171340621498941,0.03783617488689295,-0.011965748102270468,-0.006059485951440902,-0.021441231251652426,-0.021247109479646253,-0.01859237322328755,-0.02035680001149731,-0.013097925337134164,-0.008578697584042172,-0.011419541987917836,-0.018570545623528223
2026-01-21,0.003310948557035509,0.016576509716315968,0.010304062388120538,0.014568979615140476,0.019841593097374766,0.006005399823985513,0.010124924011367664,0.013518379690002691,0.01222874320859968,0.0115411092816613,0.007616753035790236,0.007798250319303701,0.026183116982672727,0.003960401292823379
2026-01-22,0.00019987208806848678,0.007552355978729608,0.00393821906130265,0.01846258414950319,0.007468604738985141,0.0018994598874526591,0.0026233729708773357,0.00726938199084981,0.0032679086681492997,0.005223257672714476,0.004352350331489063,0.004239997667027762,0.005116775993613487,-0.009861903348965861
2026-01-23,0.0008999037905530471,0.006303253846087431,0.005532118003654274,0.013745304981574558,-0.01845886655205764,0.0006318359719010846,-0.0022650099225167697,0.003157420737031069,0.00024667996959393257,0.00036273518897367296,0.0027369360514506447,0.0014777457636481195,-0.015475524652175165,0.0019919914008368345
2026-01-26,0.001498362028438116,0.0016928516195238164,0.005001493897347942,0.014628847613605389,-0.0031342375762266617,0.0008120178928658905,0.005714546972604317,0.004400109641689687,0.0051805889957228235,0.005078142735685631,0.004776410260761699,0.0067453370218415465,-0.002068235551322517,-0.0013253541731086393
2026-01-27,-0.0006981636863908625,0.01977356535160002,0.01612414888047442,0.024531942321975864,0.0028411056467816387,-0.0010817653586611131,0.01272618046549101,0.009065284269015539,0.0020124859092149894,0.0039842543077575066,-0.006225118701869148,-0.001989020523042506,0.00939546146683612,-0.00033182128245101694
2026-01-28,-0.00039921834642475673,0.006794811659930566,-0.010578857513450779,0.038773348494905324,-0.005401838187714225,-0.0014437754946642345,-0.0004995387110773297,0.0033114338544455446,0.000636788914980313,-0.0001006645803248718,-0.0022779077558006122,-0.0017833113113222554,0.012661783905835389,-0.010288755381944847
2026-01-29,0.0,-0.005102853644219141,0.006732044141880111,0.0027094717415592218,0.00026594317707950843,0.00027109053067930766,0.003960096877351438,-0.005985274152202957,0.002300910187635674,-0.001984377154833794,0.00022818663928192429,-0.005044137108208391,0.0034468597685608504,0.013972659533877163
2026-01-30,-0.0001997276145924154,-0.022170775183136038,-0.009342220204772822,-0.10274245274560045,-0.01412463496349814,-0.0009938930916002509,-0.020029082066960413,-0.012010843010114347,-0.01133149350880125,-0.002982572514766746,-0.0055923130354166295,0.003274155203998541,-0.008688749942640905,0.0009922814549618852
2026-02-02,-0.0011522844255622555,0.0030456900877002813,0.0065516031159906785,-0.04004945911975222,0.009743827241361247,-0.0009259881542128534,0.009652556944708568,0.0068664977949211,0.006471718724636144,0.004971400525214165,-0.002857194082347192,0.004105650708301489,0.01664634144430055,-0.010352469724551838
2026-02-03,0.00010027040438753687,0.005398090409023171,0.0004930577906379074,0.06358720612372104,0.002288582812041806,0.00045427576509160517,-0.007392747375318143,-0.015363995860281365,-0.011583993710426954,-0.008455473390127866,0.002426431708761667,-0.0052421468510137625,-0.0004009447536980071,-0.002225639312944838
2026-02-04,-0.0006017171891991024,-0.013422768703556631,0.003252837447508039,-0.0007044119795716064,-0.008600373197118705,-0.0012713383121556454,-0.036654350337220976,-0.017469117873106343,0.0012414978885026962,-0.004843853725993386,-0.0025358528200554176,0.002634926381702263,-0.00294171507232599,0.014387611620205298
2026-02-05,0.004315575299348229,-0.004591843821618147,-0.014246357753057493,-0.026631707613677613,-0.018002447612989192,0.004819362124482751,-0.011819485903141969,-0.014395285110089362,-0.011804374363827974,-0.012489284060324235,0.010862097887083033,-0.0021023529631302162,-0.006571510864844976,-0.0014292851119740435
2026-02-06,0.0005994150623680472,0.026311275914818966,0.02272494655905022,0.03073229479090611,0.0359222878816392,0.0005430163492916584,0.0383403390948045,0.021137965447641127,0.022083879700439013,0.01918478647681998,0.0006858075625217896,0.011587423324057822,0.025177185145046632,0.015745410679162353
2026-02-09,0.00029972100930786283,0.0073247921364336666,0.01344893440490158,0.02540290594406658,0.007018348003263952,0.0,0.01554296452486259,0.0076601288352324826,0.0019152078940867234,0.004821815563577747,-0.0002283574088846052,-0.0013537022468048665,-0.0036212674506957976,0.004227598702012836
2026-02-10,0.0028953543810488203,0.001487359786508602,0.002404111658458552,-0.009913720520981939,-0.002697934350953113,0.0023517470866711854,-0.009206388084685213,-0.004639335369521991,-0.002009601881694967,-0.0026371459581814305,0.011540167839455107,0.00031284094273775764,-0.003436157560405384,0.013385127842854505
2026-02-11,-0.00228969405251378,0.015841587792086775,0.006715338409279292,0.011310577541873812,-0.004546025514804208,-0.0010828267039111328,0.0003527709634669751,0.002682115083918246,0.0008349953243571573,-0.00023112214366449724,-0.005309011826099996,0.001042370201798537,0.01385840804164773,-0.005538873952874779
2026-02-12,0.0044901574305089564,-0.011371024008201225,-0.007528123561252764,-0.03472828959819363,-0.02041891508176419,0.0046974054086272865,-0.019400294713052046,-0.02033890829654672,-0.01496633677328385,-0.01544885969788623,0.01328652951586684,-0.00874720842925325,-0.019816844408270695,-0.001178335818542653
2026-02-13,0.0031786459376847986,0.004272099570131305,0.000864085047637797,0.024878663914389865,0.013177139018096362,0.003326620905175215,0.005115940187760737,0.0021309462986458527,0.0050313309706457865,0.0007044991031190939,0.005491395232085194,0.010505380931871366,0.011276406277353379,0.01436993275512144
2026-02-17,9.913276817186123e-05,-0.004090306581330028,-0.00019182007811979762,-0.0311702543391007,0.00030427806096922083,0.0009858288405424354,0.0006760066930682207,-0.0010300219796973709,0.0024287373223434994,0.0016134830190519533,0.0016719289642039836,-0.0036387537096777,-0.004684518016003225,0.009514802476029649
2026-02-18,-0.0013861903295199207,0.005257085477405221,0.0011513643701248633,0.022489929267582198,0.0036115475388003304,-0.0009848579391821266,0.0073117854405999605,0.007467270408041182,0.006180785709659853,0.005037707550576753,-0.0037832365276203594,0.0019824595150961244,0.009612135979243153,-0.011728983809034754
2026-02-19,0.00019821447542067716,-0.002451363913489213,-0.002779319657191026,0.0027930496262249527,0.002310618117335572,0.0008066377059925411,-0.0007495991894099774,-0.003829877610147525,-0.002260572177926412,-0.002637433731113581,0.0010052862056313394,0.00020838499944897393,-0.006040713980039025,-0.002119274692043649
2026-02-20,0.00019825182810095932,0.021297508080049266,0.008169101556736225,0.019714504323102178,3.787140469202477e-05,-0.0008059875660312299,0.005842845509645311,0.00884888016577512,0.006698543871572982,0.007231939581382241,-0.0023433121137962365,0.0014575910064282827,0.006870146958665835,0.0075394445257186415
2026-02-23,0.0019821253210419165,-0.011068331681383325,-0.0040991442797125854,0.027015500392687075,-0.015570232581840204,0.0010754244078172714,-0.019742499624037513,-0.012154861024927022,-0.010421315794266417,-0.010211366038766267,0.00369082358022621,-0.004054590732882168,-0.014302583095826327,0.0001055171446913139
2026-02-24,-9.88719800555371e-05,0.015733992801168828,0.0018187239095353025,-0.01385890426498504,0.010902591936063022,-0.00026849795257311015,0.00956956545401444,0.010741494985549327,0.00845449429734968,0.00726847527019836,0.001782935958728027,0.006158666830523352,0.0060569023925742815,0.002529193070837321
2026-02-25,-0.0004946382074825229,0.011018840426623155,0.009554810591028806,-0.0025072627221415233,0.004746864904620507,-0.0002686394072791698,0.016816090541220463,0.014493229135896346,0.007255951289731222,0.008438306300538434,0.00011135358768687986,0.00020760671315911416,0.005557490998494563,-0.0027330467571533568
2026-02-26,0.001583579678151592,-0.00947717028156414,-0.0008518829738417555,0.008575889154321725,0.005329268702302548,0.0006269705979298212,-0.005811714038193028,-0.012064622965899163,-0.0031637922350642445,-0.005554445579207146,0.0040038050614688014,0.0040451790439495205,-0.005724084959420672,0.006851382928496852
2026-02-27,0.001976325800184364,-0.002073003830367126,-0.0017997735086788813,0.01313141674919538,-0.017218631399050777,-0.00035803452700589045,-0.007571849068324421,-0.0032006550532752698,0.00029298421363366245,-0.004801940858611298,0.0060929122808461855,0.010433857561347404,-0.002183809624800803,0.0017798996428473046
2026-03-02,-0.003996699075137222,-0.017257935959388626,-0.019738037204429904,0.012919896640826822,0.009180943373378048,-0.0033874638734086027,0.002925258608986958,0.0013172951606528205,-0.0019036526531569509,0.0005686124327104469,-0.010042036610749983,-0.001329066743098184,-0.0033157751898097443,0.002508047995317453
2026-03-03,-0.0010926291394408594,-0.050081329341935654,-0.031074553058576204,-0.04461221500318879,-0.01732316501996123,-0.00045066896892620445,-0.02636968263017636,-0.01070569407223343,-0.010661847887813547,-0.008814339520359149,-0.0020087505988061194,-0.0048117303599486405,-0.021225618668671786,-0.0053164712571760475
2026-03-04,-0.00039771248651687685,0.010783994998970536,0.012888407402179336,0.007818116439543887,0.009720820457389534,0.00090195315983288,0.01497923240842347,0.015243157069594115,0.005684917793144395,0.00705526576749449,-0.003130887941736882,0.0015431255771405361,0.0146838320085394,0.0012575725621244427
2026-03-05,-0.002884677745411457,-0.024047375379556257,-0.021897736562690007,-0.012017768242597593,-0.019101459550483924,-0.003965101101314983,-0.014678399124365082,-0.0030126350364195753,-0.008651229543377048,-0.005575491873376914,-0.004038144290366197,-0.005649146262214022,-0.01092044983746776,-0.01004810731876915
2026-03-06,-0.0011970653217096006,-0.0053791804922151965,-0.008874659310248223,0.01583250339069653,-0.022861805730686635,-0.003347429685123804,-0.022466905848724794,-0.015043283953991238,-0.014974121666789353,-0.01310712873041986,-0.0037167057781452018,-0.001652775000573481,-0.02079520407005675,-0.010890236916462959
2026-03-09,0.003196153961912307,0.01971388769738236,0.0072243035374577325,-0.0020696732193965506,0.010881208672769871,0.0059912441913319014,0.02385296553231475,0.01335559691185173,0.010319155572543703,0.00875996072290297,0.008704549855805155,-0.00010344460187738935,0.0053956180151810695,0.002244785007536887
2026-03-10,-0.0032856430038117335,0.003934964092247251,0.0023234718809561627,0.01127967872100144,-0.001025170847207768,-0.006858062379222152,0.004206361549823567,1.6508821196747903e-05,-0.002142443857491849,-0.0016071058958396778,-0.010646653255439564,-0.007450372268125949,0.002614551844926094,-0.001493143833963928
2026-03-11,-0.00449493993043848,0.002556284792043062,-0.002116482623963578,-0.003390104145245987,-0.0020128338036577986,-0.00817725167011596,0.002054097094206453,-0.00013176640363377068,-0.0037946327500394395,-0.0012551345486657706,-0.012913434170715665,-0.005212635017726175,0.004460661150064604,-0.010361031632903583
2026-03-12,-0.003712702366483356,-0.03195652614584865,-0.015655003018721247,-0.019653925633074443,-0.021514762565831735,-0.0054050060361604535,-0.01965508983125186,-0.017163300525987357,-0.01653972269798698,-0.015184966271003186,-0.0019509236136939778,-0.004506422144842759,-0.017626713112827597,-0.00690774507218439
2026-03-13,-0.0008057568028663198,-0.002633871051145986,-0.01190231947121656,-0.012936961278600778,-0.0033144089529049126,-0.0036842427394763178,-0.0018859986944821383,-0.005927094575381431,-0.005453103311520935,-0.00566013575260893,-0.0049442046803492845,0.0008421806119021102,0.0062592916624775174,0.001630266842800543
2026-03-16,0.003931047538525689,0.027816914387340796,0.018691564716567077,-0.0008896876689686861,0.009448938376197091,0.00480726936012732,0.013720021818586003,0.011217471974352744,0.009377386793852471,0.01017686501045656,0.007742059743135021,0.005995629034225347,0.010367013052194451,0.00835507648592837
2026-03-17,0.00200808371307315,0.006337738242366164,0.002752361201052933,-0.002519392047785618,0.006326504847059988,0.005612288154548617,0.00677729495290702,0.0048802389046711525,0.0016280638863623853,0.002630544991105488,0.002751893945594386,-0.0016588522365619252,0.00996839942271266,0.004411791541447663
2026-03-18,-0.004208432061367229,-0.020255235138636474,-0.017078402085986766,-0.03163716142328721,-0.016116746355407607,-0.0053979419948956275,-0.008016714781396317,-0.013939679228373136,-0.014221918766077035,-0.013953644515257158,-0.005603130460932193,-0.016826151312863913,-0.010407477784975194,-0.014784526738215953
2026-03-19,0.0011068444131769883,0.0010423032837416635,-0.001758266139261666,-0.041215062676522196,0.006544143593911311,0.004415425720050159,0.002517838957563745,-0.003160260480330801,0.0006698647952143588,-0.002464288275344284,0.006094714361787101,-0.002246217494660696,-0.0008247831549723639,-0.00402361826532871
2026-03-20,-0.008342466794391767,-0.034363056205808484,-0.030356373310371,-0.0305574415876555,-0.021847072959914393,-0.01227228634364097,-0.02163169230790174,-0.018481707498242073,-0.011945835596532617,-0.014335787930812693,-0.018973437540240945,-0.00996996441150333,-0.015547607813591768,-0.031007636061834543
2026-03-23,0.0037502556282345,0.030014394631223684,0.024040958160334247,-0.02259421410703788,0.021591869905351446,0.006583281487737569,0.01242132981742139,0.011478971108489944,0.010735323966783561,0.010499991225476402,0.006524505081258125,0.004439659187455813,0.0048916818936504125,0.007774621607209209
2026-03-24,-0.0027265007310617317,-0.013784686361133947,-0.005947397149499656,0.00022274115430986896,0.005374879569431057,-0.0020265627161656363,0.004171441087242211,-0.006836798962342794,-0.003351411181889641,-0.0033568144771775055,-0.0043987681734125594,-0.004851296968448882,0.007719014210039843,-0.00659929403548265
2026-03-25,0.0035440357918274934,0.015923523882504176,0.014590200381478402,0.030089336389747867,0.012219645103590082,0.003599883627460887,0.00667912948098448,0.006575620525403059,0.004242119668041777,0.0055726882440485515,0.009649959299887989,0.003466577235849977,0.004485571073143957,-0.0007963671091278934
2026-03-26,-0.005650307518904274,-0.03396019118935334,-0.020691055267872405,-0.0375939695290467,-0.017393395323880956,-0.007817671655944936,-0.03628927223511125,-0.023867934697473725,-0.020451273776185608,-0.017858729983344035,-0.008406108521794686,-0.004534143934737722,-0.018274327197076667,-0.0013660134452874173
2026-03-27,-0.00010150520964935517,-0.004867503234149084,-0.009085151165924676,0.035093842463368,-0.017539577182397847,-0.0024099888446712514,-0.010285105850589837,-0.019536656388718376,-0.014988149839535225,-0.01705189415742525,-0.005458225607554601,-0.011820823662961333,-0.012736131604693002,-0.00820799387076565
2026-03-30,0.0050740550982100174,-0.008152186182858956,0.002878370127149976,-0.0002894276132928697,-0.014356293457816305,0.006411397389601836,-0.021165544318685114,-0.007643371872404492,-0.004324556279828751,-0.0033433906874337227,0.013311513602371372,0.006255513512246846,-0.018429267841586938,0.0037931164437914333
2026-03-31,0.0023222912962865827,0.037260237131228946,0.03252894433593645,0.037893826237359374,0.03501526188277593,0.006278275952417367,0.03995319272395492,0.03385390473424077,0.028526908884054736,0.029067865784757174,-0.0010370848303913327,0.01145156840871242,0.026790949870399094,0.01568755502793362
2026-04-01,0.0006772795008440635,0.007747847460037205,0.015237420127938828,0.017499822514495555,0.006290284870166696,0.0010686949494107534,0.021875891912150225,0.012353199234057088,0.005004984822391201,0.00753449141030349,-0.0009843974911438735,-0.0007547668070954083,0.01807432490643812,0.0036077025060243795
2026-04-02,0.0023231783531447725,-0.011182970768697342,-0.006186032090596538,-0.019208815315471695,0.006932182553929689,0.004233433300400824,0.0024873691255034025,0.0011466275764089318,0.0020231715549405838,0.0009004595313388819,0.006144223798794313,0.007445758782422596,0.0031777114025373088,0.013592497928858638
2026-04-06,-0.001813908681791876,0.009188969794051038,0.00500001739824163,-0.004098669687746526,0.0042580801450076144,-0.0015580231004976852,0.007484228057917708,0.006017365534718655,0.004503970155440573,0.004726845083763864,-0.0016131514706368977,0.0006426934890639835,0.007092695888735401,0.0014407208619964251
2026-04-07,0.0012114441029393852,0.00350196671315417,-0.0014215252363811715,0.009727589667910319,0.0021794088861746275,0.0011014681209178256,0.006419299329534223,0.00015293726768694782,-0.003298427574627616,0.0004400005646272298,-0.00011539860950438019,-0.00224790052448276,0.000410220328521671,0.0014386481715624733
2026-04-08,0.002621787415885146,0.05461525347475815,0.03904432394471424,0.00629906958171822,0.029892073285009868,0.00385072060686964,0.041559772985550136,0.029732043596962132,0.029060377491818556,0.02546963651219092,0.0032318001111537598,0.00976290292306592,0.0364977781517577,0.018013149185537536
2026-04-09,0.0006034457587078546,-0.0026472434814341916,-0.002348623986801357,0.007778530578574028,0.005720371229872789,0.0,0.01066859485120597,0.006764706060259584,0.006230917952987358,0.005769017699185586,-0.0025311483782611832,-0.0027624082520969484,0.007781199087403934,0.007164508566396499
2026-04-10,-0.0017087318560143894,0.004645004271538911,0.002256012619135772,-0.0017811851128632927,-0.002519518797132969,-0.002648653482975827,0.003925062770966381,0.0014421643720912147,-0.003895122452048594,-0.0006617754265585418,-0.002422150635376874,-0.011826164610498346,-0.004514823994404393,0.0021556896361067945
2026-04-13,0.002013713668475914,0.008421392014905438,0.00616558995690486,-0.004049183335572026,0.014427946547187487,0.003846206906842786,0.00990736848208984,0.010342492251355084,0.008923610123928727,0.009772447246481741,0.0030061810259671695,0.008194104492655674,0.008676261240369909,0.0037642179438648338
2026-04-14,0.002612489631385051,0.019158372290253745,0.008073142010785572,0.022349346089928224,0.013770011495397583,0.0032840672988037056,0.016087171958262925,0.01815697886050316,0.010037332758909168,0.012184877209840739,0.005302571273069878,0.0017109636142165208,0.010165419055620628,0.009536064896865648
2026-04-15,-0.0016034672024335395,-0.0006427018713517363,-0.003184102281321821,-0.010402401583740839,0.0024933613386355358,-0.000363624292171405,-0.0012576289241994498,0.013999468879074328,0.005411422658956111,0.007890969227043909,-0.004357253353734936,0.002882549350176289,-0.003547913726370311,0.0007429520035850956
2026-04-16,-0.0014053545952967816,0.004019285071910295,-0.00290387788364177,-0.0008627455164704756,0.0020787083982953813,-0.004638927391449443,0.0030742529168230615,0.004816377928118731,-0.0002445818573965086,0.002457347646937613,-0.0063342086390604235,0.004790277296425449,0.011717446597258485,0.009226825250038706
2026-04-17,0.003719301268884534,0.019055225819143873,0.01271724860825385,0.013293051904224695,0.021596566741486578,0.005574352597767174,0.013440560297286686,0.013084122492198702,0.012725108699092047,0.012085686101644066,0.009156297273804181,0.004979306336597267,0.012413701338460204,0.015973115789216674
2026-04-20,-0.00010015124992523994,-0.0072281161075423705,-0.003930187355869141,-0.008611208936292747,0.005692975956482993,-9.094381237018112e-05,-0.0032792049494745346,-0.003174848913578998,-0.0015948640487177812,-0.0019997351150194964,-0.0002297721706973066,-0.0012650614317220032,-0.0006952701018855256,0.0036201592093063617
2026-04-21,-0.003705967404503463,-0.014719890618322906,-0.02194215561783397,-0.028320000717914517,-0.010239731481681669,-0.0038171234412580635,-0.007201265205149632,-0.00380336112828894,-0.005469705189527385,-0.006546892848539487,-0.005514033627023074,-0.006860907304522379,0.0007588985356725697,-0.01772646508233655
2026-04-22,0.0014074739895670874,0.018152611391724527,0.0033455257567964747,0.013245809401008168,0.00717633235582138,0.001915909913105196,0.016200881025553393,0.01673059200687632,0.008322777994154373,0.01012671209511895,0.001963677907105277,0.0,0.005561616311958284,-0.008288807062012293
2026-04-23,-0.0016062809037704628,-0.01625117507202889,-0.007158966728954441,-0.00969535708776803,-0.003472261023568457,-0.0027318203104457206,-0.0003985095741925182,-0.005632679633709281,-0.006178515468092116,-0.0038807408683984024,-0.002190298569620497,0.002338205394416981,0.005027910756027598,0.010262458529383123
2026-04-24,0.0014077570440562681,0.02229350482485959,0.005235009317145378,0.005127114447075254,0.004101336542753131,0.0007305137099575809,0.018196224609803302,0.019127488040923124,0.007333994347843431,0.007749309237231605,0.001848510743802656,-0.002438652285724263,0.0151335228885916,-0.001989729269952445
2026-04-27,-0.0015060365241621465,-0.0015688826660573696,-0.0038321126332389044,-0.007755303754327758,0.0017712765486921356,-0.0028284726177734143,-0.0005340222764510516,0.0005271940263615882,-0.0010125311229131073,0.001722787837563633,-0.004959060956110317,-0.005421005033947268,0.007392359326374276,-0.005456457169734863
2026-04-28,-0.000402333922944198,-0.010213671142709546,-0.004142854281581343,-0.0185629131043068,-0.011654809681339917,0.0004574879417993394,-0.01617091227202283,-0.010056759402575555,-0.006177845456477038,-0.004865992267119479,0.001043130367422318,0.0022442970366673975,-0.008683407606835059,0.00917912390022635
2026-04-29,-0.004426604505048282,-0.004762688311918395,-0.010202055211203653,-0.010665781709228828,-0.0066811187478843514,-0.005578870952424153,0.005430566845348039,0.006113568281962856,-0.0007285547741940901,-0.00015450932498595193,-0.007757394503563719,0.0010663041917930993,0.01764230147333734,-0.00784107762292674
2026-04-30,0.0014147275089526623,0.020737019101672693,0.02391673512236414,0.014973287523456946,0.021648200855260535,0.0011035552774734114,0.022577662075006222,0.00932627116139395,0.007241456418653147,0.009949633527564838,-0.0009334226099565468,0.008095475479971803,0.012729674920508582,0.015068544700851394
2026-05-01,0.0013162373607731315,0.0021877585712628544,-0.00215006916184568,-0.0011330099187530918,0.004712712085249704,0.0016140708451268804,0.003908689098057971,0.009599622702352262,-0.00043420330111043626,0.0027690952923506984,0.003575418713578138,-0.0006339202399111565,0.007421935541583213,-0.002802925442071391
2026-05-04,-0.003134522543182361,-0.0004678204523759222,-0.013712105225603843,-0.02001512681908002,-0.0050128503168108685,-0.0032228691381887,-0.0028061880593943656,-0.0018838683316975136,-0.00511677815345879,-0.0036633921467564834,-0.007592633274489002,-0.002326091371872785,-0.0020794043892936598,-0.006246088482834922
2026-05-05,0.0018257382033972647,0.02028093012782972,0.013306897219705682,0.008584306218673232,0.01684175531182941,0.0036952083305779038,0.02395443301659017,0.012974053527471385,0.006792735171736286,0.008022228723942426,0.005532091321237775,0.001059749910051755,0.03542508432818203,0.003142673659165318
2026-05-06,0.004252369738770634,0.0319570711453292,0.027146174936226952,0.030339261182306565,0.015005586253485914,0.004970087936119416,0.027756758384918534,0.02077436440402569,0.012240948482892922,0.013899399692774095,0.0076085411281432425,-0.0049756975755911315,0.01983777513748408,0.013888834189734522
2026-05-07,-0.0024196694515284944,-0.01333533023336575,-0.018318795715742686,0.001670691560653026,-0.015829764304363114,-0.004121338741972513,-0.017614734060874437,-0.001192941202506459,-0.0027612888294870075,-0.0030660824190705815,-0.0049953025314734,0.003085503450946714,-0.014377482273881581,-0.007209743951351544
2026-05-08,0.002324425999222335,0.0202734047130515,0.010399434645328443,0.004841540894531038,0.006766875980055875,0.004230277428102225,0.02684482623309359,0.023440839756069476,0.00463089762392821,0.00825609701116825,0.005020380852655659,-0.002651704040086189,0.04450540320391472,0.0023861260222362013
2026-05-11,-0.0026215151176482987,-0.000735975961128732,-0.002116225644059555,0.0020287362083613036,0.004081880022287265,-0.0024724928596383533,0.016103509167615826,0.0028963917525772764,0.0006653252651658281,0.002277563042387465,-0.006040924064694031,0.0007444121272597304,0.014239643413485714,0.0007244974122817549
2026-05-12,-0.0029316801063713482,-0.030490490501798084,-0.0057836827352162334,-0.003957209812161522,-0.00967289129972615,-0.003396691573067323,-0.011152526723165246,-0.008481790799397704,-0.0008548598156215004,-0.0015149526145865622,-0.0066619804758757395,0.004144574644514121,-0.015983666572377264,0.0
2026-05-13,0.00040560681177281843,0.02111820159721778,0.006689950106592457,-0.005612899814961714,0.00035389178662526,0.0005527055171323791,0.0071230943977000916,0.010562260792936318,0.0027568404794624524,0.00559483781461112,-0.002235463271854754,-0.001905022634293152,0.00894479426149708,-0.00827390772231118
2026-05-14,-0.0003040429803039535,0.0025293830973036613,-0.0035635052752059915,-0.007642296271595517,0.006297131904184017,-0.0006443846690300514,0.0060576395093265845,0.00710766178035227,0.006635932867133709,0.0078943149045545,0.0014150252930127394,0.009224940131252746,0.0016316993409073444,-0.005944288011822785
2026-05-15,-0.006285491846546809,-0.034283204438351866,-0.01681813220773487,-0.02322039069444226,-0.02408163682303366,-0.006356592690271112,-0.029227023910154082,-0.015087656778261405,-0.009040811014839556,-0.012029343756796207,-0.014837492561776133,-0.005043072120080372,-0.02378373596228256,-0.014792212117847758
2026-05-18,-0.00010199369560259797,-0.0015367565797141935,0.009241103279037821,0.00273187497307803,-0.0058717443968009375,-0.0018542137401198477,-0.01324295741286552,-0.004302314727548051,0.002233301933312948,-0.0007035093177317764,-0.0011953171466820844,0.01372752914254205,-0.009511555818043083,0.011713300138860738
2026-05-19,-0.003877171131090318,-0.010928071934439676,-0.007208311311355797,-0.016561892782745447,-0.010762031411298167,-0.005015791019493232,-0.005878051223655478,-0.006162420032059024,-0.006447917250979707,-0.0066607880874933745,-0.0064624739107823626,-0.002187488290850914,0.0012353605135577705,0.002841786378673161
2026-05-20,0.006043234602234326,0.018674064725897388,0.01667980406294567,0.014337773746013083,0.02516482544957155,0.0077482662568106875,0.02392427781202655,0.016563787343382597,0.012741000915875711,0.010248994582563453,0.010720416884808737,0.0011483543968837662,0.024678958651110916,0.012699375124601842
2026-05-21,0.0012217438608852493,0.008707640827418706,0.005500853919931492,-0.0009822799906678004,0.009361436734829587,0.0020379913936974248,0.008578408752646594,0.001906965251198045,0.002403061836707243,0.0019830877010671433,0.0036943607748356477,0.0014598727716850224,0.012206486355459623,0.001865492019033077
2026-05-22,0.0010169294149480201,-0.0022717949456511066,-0.0020155236080550143,-0.0076020599640161945,0.009310131351728756,0.0018489706054514166,0.004765702633259483,0.004240666390677106,0.007708956567637593,0.003931549076803931,0.005461861981127303,0.00874630852245506,0.013032675965180873,0.001034472380869289
2026-05-26,0.0028443386175909247,0.03825142845967555,0.011059767420210642,0.00043495402009452455,0.018904374342253227,0.0037833131101185913,0.034420218757729604,0.01775519084548005,0.0065770118604402406,0.006638641352187502,0.0049598786797468986,-0.004025565874501202,0.03854157257907964,0.004650195788298728
2026-05-27,0.0008103964615195913,-0.00014620528881936767,-0.0034243422068699347,-0.013309202332427494,-0.0004819493794151475,0.0013789340653864723,-0.002292636179446861,-0.0011365676760621835,-0.0025486571150524773,-0.0001732421647460125,0.002350181761606951,-0.004663681967315814,0.005448464065827441,-0.0030857810395388263
2026-05-28,0.0020242344076770724,0.00321687455747921,-0.0007635468162494607,0.010477609933210896,0.0057168616445948395,0.0030295196654854806,0.004212906057859955,0.008430926296197239,0.0029733964534996993,0.005516578600909927,0.0051582231236950715,0.003019562689355215,0.0017381562079825663,-0.0038175079976126014
2026-05-29,0.0006060590127345833,-0.00014575778342651446,0.0010507716516408028,0.010538571648365469,-0.005478950115628267,0.0009152273552703871,0.003686642477434665,0.0036840758744198787,-0.0018065905789494963,0.0024914048034492264,0.00023337108234877668,0.0028028727717901436,0.011074217803708208,-0.00880382346404418
2026-06-01,-0.0038359973577675177,0.021574402364661127,-0.0034351247215538283,-0.014048680044494555,-0.004992504922989083,-0.003931998080067056,0.0035463723568116556,0.00600023569930852,0.0022274602916418917,0.0027231134609038143,-0.003381617881643928,0.0036231952950751545,0.016959473961679628,-0.016823391544971367
2026-06-02,0.00030393457974953186,0.010273987968302478,0.005553316580971801,0.001677776649860796,0.009273902616242058,-9.179297689543287e-05,0.02871299259541016,0.004604508800567064,-0.0008797036257321977,0.0013579397972762752,0.0021060787433517802,-0.00020627199484679615,0.011018406495127975,0.004570048708303576
2026-06-03,-0.002127438473499055,-0.012429493215544762,-0.008569712060892298,-0.009904155768766576,-0.01368029861425546,-0.0027543232767449632,0.010643241415196902,-0.002613320951729392,-0.0006951590984906053,-0.00701718232049986,-0.003969688711890074,-0.0069122086182001885,-0.004172737140111904,-0.001163697491417981
2026-06-04,0.0016244130426488201,-0.011727658762345494,0.007971493948359276,0.008335974543818736,0.015086760356516127,0.002117475371070876,-0.011016731260166224,-0.004837372714978083,0.007883879492825319,0.0037786857621391334,0.0022271676938250273,0.004155408873071975,-0.012866651015643216,0.017900618209494734
2026-06-05,-0.004966590290013784,-0.06526772532857605,-0.025631170054900676,-0.036545333189379026,-0.03547833133928002,-0.0062471429890754715,-0.05953297499682175,-0.04800098739080161,-0.01927942373930669,-0.025809371248925683,-0.00514624663884089,-0.01055246270580612,-0.0415501564523858,0.007180060048207704
2026-06-08,0.0,0.01795939855837525,0.006062923349470006,0.002599431669397134,0.008734241020434963,-0.0010168878263797643,0.028094092446003582,0.015615708159669062,0.0032372822692976477,0.002264172608771542,-0.005172777465239142,-0.004286855627287256,0.019018344309536417,-0.013637818833237447
2026-06-09,0.0020373029094435946,0.001064685847108171,0.00019443113375050558,-0.01633647245916592,0.003202970316751541,0.0032389745384646673,-0.010949519094414106,-0.01150725833784727,0.0013561733193934167,-0.0029354505508077944,0.00590878240803594,0.003675238794885516,-0.0038861263886404984,0.02304388689107495
2026-06-10,-0.0006099404417049259,-0.017623785194817998,-0.012925161050474143,-0.04145558180468856,-0.010420314644346784,-0.00230604353890429,-0.021531980232196934,-0.019976509699805467,-0.008359749952811302,-0.015765562508027298,-0.00281959140124477,-0.003766435215360575,-0.021559381462860516,0.00010244324781982783
2026-06-11,0.005797970612953174,0.04392197542203502,0.031111600130448114,0.03134182597256352,0.02964018365155008,0.008505852263915203,0.04620888219857089,0.03377582954055702,0.016813438483406218,0.016996847886747934,0.012959502827969871,0.004410814154407028,0.03656680854837857,-0.0007166353077981968
2026-06-12,-0.0012135890386185677,0.005629651208170827,0.002768895601602317,0.0005694792310315666,0.008746333574127796,-0.0006417374288109068,0.016895963371776235,0.005884685554236491,0.004678122262867568,0.005408247901529384,-0.002442443077200429,0.004286935649232548,0.004048946653089525,0.009220355084678777
2026-06-15,0.0009112977198877381,0.032889583637671915,0.0067322487830374644,0.025896360083728753,0.008160714874947406,-0.00018345122462470886,0.029588796904336467,0.03141376689991193,0.012358883298848156,0.01763396989375332,-0.0005829111416291166,0.006161841648988142,0.023557906913072912,-0.007004403124846625
2026-06-16,0.0012139573499518885,-0.01591398724518367,0.002209797497048527,0.002723533282284807,-0.008688663959056875,0.0011927922472718677,-0.02271983028776514,-0.019005421591015037,-0.006569354294955865,-0.005961562844234103,0.005482953639441401,-0.004463283082066449,-0.018187173778712373,0.0024534515362673037
2026-06-17,-0.0036374563330050513,-0.0011655278520698031,-0.0050809969485346995,-0.02270955075927472,-0.0075321206196673485,-0.0032075108305674727,0.006808775659616906,-0.010070407460121666,-0.015200209598140169,-0.012487870885051433,0.0016243576710675,-0.013241624689486642,-0.011225263994865453,-0.024984647533747184
2026-06-18,0.0029408963212944617,0.03252630449742577,0.006070580942598491,-0.003808571701190089,0.019697776179445237,0.0027581216560836896,0.03122429811752636,0.02506543768170255,0.006714863426898532,0.010396992441959574,0.004864992834276327,-0.004226558838319905,0.01776717213915746,-0.0005230108681931744
2026-06-22,-0.002730100480112796,0.005933015447287415,0.001628178938633651,-0.0065354381359996605,0.008762124462865728,-0.002658860192865986,0.019792072623400214,-0.002510106841037363,-0.00027790800298010954,-0.003146979693962715,-0.007608139924100477,0.0004244579417878036,0.021258503596065736,0.010778598604182621
2026-06-23,0.0008111360103020271,-0.056733618416915044,-0.02027158834828502,-0.018903219228002643,-0.009591473008962903,0.0011950949586700954,-0.044783011993544286,-0.03292904314791367,-0.013065872678934443,-0.014521954010491611,0.0012777445802372167,0.0028638552816806495,-0.03457901563358878,0.013148353672840729
2026-06-24,0.004862794061194942,0.0011910351829020893,-0.0019519514935512072,-0.030213064971899906,0.00463901897335206,0.004590983684001015,-0.004093904850606789,-0.00424581964999271,0.0008450680212779282,-0.0004635170636431152,0.013689110194512022,0.003278662597441251,-0.002384461565865581,5.159407199850641e-05
2026-06-25,0.0006048980691186756,0.010557607204054298,0.008703299149776855,0.009674185334065832,0.007482561604486682,0.0008225823234861984,0.033159721109055296,0.008105611726665796,0.00028142763688099315,0.0014456352254532678,-0.0003432674663504942,0.0003162426639664595,0.04042919534641065,0.0018554819215754748
2026-06-26,0.000906721454567494,-0.011330144988809021,-0.005913723716218455,0.011286779419095394,0.0030777923083371572,0.0,-0.03996462731047212,-0.013763624451209266,0.0019226431986372194,-0.007231373616869652,0.0001144910015857814,0.011592354106823688,-0.0219952103257679,0.01522785976295582
2026-06-29,0.00030206942988786345,0.0035719281894479593,0.008874546758240287,-0.013516094115971211,-0.0028682433047944045,0.0018264427688263751,0.031497544278314527,0.024854210883145544,0.016989560805980464,0.016474862380159383,0.0010301257433611433,0.0017710782594362318,0.003898239759971389,-0.005270058302586089
2026-06-30,-0.0039247152911674466,0.01453364010823499,0.004156600462645876,-0.0005425733809176769,0.004950366191541544,-0.005742924462460164,0.020327340988885778,0.017014704222517052,0.009848586938057569,0.007786800986842035,-0.011778126014661217,0.0031197526095925188,-0.005277032828996386,-0.01752420982132763
2026-07-01,-0.001510426583755331,-0.02821225262183058,-0.008278789305833034,0.006026389031102086,-0.003761041227829387,-0.0020977886072073293,-0.0429658461794008,-0.015249920059198452,-0.0025520556773711567,-0.001352504438058455,-0.006759433580661112,0.004457809550663772,-0.021720616540310655,0.004044378185359188
2026-07-02,0.0011167574654979973,-0.011732947793391735,0.013104311274567237,0.020318398961908235,-0.005813245721554283,0.0016596008362086412,-0.03526366080154353,-0.017333877050142776,-0.0020103369635964263,-0.001314069480687241,-0.00011686748395989266,0.010320982622555652,-0.012789686317018378,0.01239410196265811
